o bishop
v 0.007758778 0.7033143 -0.0
v -5.827835E-4 0.7049736 -0.0
v 0.0071237753 0.7033143 0.003192051
v 0.0053155296 0.7033143 0.005898197
v 0.002609442 0.7033143 0.007706384
v -5.827835E-4 0.7033143 0.008341358
v -0.0037747764 0.7033143 0.007706384
v -0.006481097 0.7033143 0.005898197
v -0.00828911 0.7033143 0.003192051
v -0.008924113 0.7033143 -0.0
v 1.1630084E-7 0.0 0.16031925
v -0.061351366 0.0 0.1481157
v 1.1630084E-7 0.004644968 -0.0
v 0.11336273 0.0 0.11336285
v 0.0613516 0.0 0.1481157
v -0.14811552 0.0 0.06135154
v -0.1603192 0.0 -0.0
v 0.16031943 0.0 -0.0
v 0.14811575 0.0 0.06135154
v -0.11336273 0.0 0.11336285
v 0.011254781 0.6650319 0.011971572
v 0.015444635 0.6615214 0.011938223
v 0.016205242 0.6650362 -0.0
v 0.00410321 0.6097495 0.068409756
v 0.009458631 0.63385713 0.048449505
v 1.1630084E-7 0.63385713 0.050330903
v 1.1630084E-7 0.5395217 0.08948483
v 0.034244433 0.5395217 0.08267321
v 0.0086589465 0.54867095 0.08693232
v 0.01484429 0.5732943 0.08112757
v 0.03217614 0.5732943 0.077680066
v 0.02259202 0.60909957 0.06351078
v 0.018022327 0.674835 0.007706384
v 0.014830334 0.6677635 -0.0
v 0.019537494 0.674835 -0.0
v 0.028805507 0.63781357 0.035332836
v 0.02569888 0.62614095 0.04996473
v 0.03558957 0.63385713 0.035589337
v 0.007758778 0.7033143 -0.0
v 0.0071237753 0.7033143 -0.003192051
v -5.827835E-4 0.7049736 -0.0
v 0.0053155296 0.7033143 -0.005898197
v 0.002609442 0.7033143 -0.007706384
v -5.827835E-4 0.7033143 -0.008341358
v -0.0037747764 0.7033143 -0.007706384
v -0.006481097 0.7033143 -0.005898197
v -0.00828911 0.7033143 -0.003192051
v -0.008924113 0.7033143 -0.0
v 1.1630084E-7 0.0 -0.16031925
v -0.061351366 0.0 -0.1481157
v 0.11336273 0.0 -0.11336282
v 0.0613516 0.0 -0.1481157
v -0.14811552 0.0 -0.06135154
v 0.14811575 0.0 -0.06135154
v -0.11336273 0.0 -0.11336288
v 0.011254781 0.6650319 -0.011971572
v 0.016205242 0.6650362 -0.0
v 0.015444635 0.6615214 -0.011938223
v 0.004101349 0.60909957 -0.06718883
v 1.1630084E-7 0.63385713 -0.050330903
v 0.009458631 0.63385713 -0.048449505
v 1.1630084E-7 0.5395217 -0.08948483
v 0.0086589465 0.54867095 -0.08693232
v 0.034244433 0.5395217 -0.08267321
v 0.01484429 0.5732943 -0.08112757
v 0.02259202 0.60909957 -0.06351078
v 0.03217614 0.5732943 -0.077680066
v 0.018022327 0.674835 -0.007706384
v 0.019537494 0.674835 -0.0
v 0.014830334 0.6677635 -0.0
v 0.028805507 0.63781357 -0.035332836
v 0.03558957 0.63385713 -0.035589337
v 0.02569888 0.62614095 -0.04996473
v 0.02259202 0.60909957 0.06351078
v 0.02569888 0.62614095 0.04996473
v 0.008832467 0.54873747 0.046920266
v 0.0313418 0.6495353 0.013236577
v 0.031793974 0.6516256 -0.0
v 0.028805507 0.63781357 0.035332836
v 0.02259202 0.60909957 -0.06351078
v 0.008832467 0.54873747 -0.048249323
v 0.02569888 0.62614095 -0.04996473
v 0.0313418 0.6495353 -0.013236577
v 0.028805507 0.63781357 -0.035332836
v 0.016205242 0.6650362 -0.0
v -0.009085771 0.54873747 0.046920266
v -0.009085771 0.54873747 -0.048249323
v 0.009458631 0.63385713 0.048449505
v 0.00410321 0.6097495 0.068409756
v 0.012815073 0.6493683 0.030944513
v 0.015444635 0.6615214 0.011938223
v 0.015444635 0.6615214 -0.011938223
v 0.009458631 0.63385713 -0.048449505
v 0.004101349 0.60909957 -0.06718883
v 0.012815073 0.6493683 -0.030944513
v 0.014830334 0.6985894 -0.0
v 0.013657091 0.6985894 0.005898197
v 0.019555405 0.69151783 -0.0
v 0.018022327 0.69151783 0.007706384
v 0.019555405 0.68317634 0.008341358
v 0.013657091 0.69151783 0.014239613
v 0.014830334 0.68317634 0.015412856
v 0.010316 0.6985894 0.010898522
v 0.013657091 0.674835 0.014239613
v 0.010316 0.6677635 0.010898522
v 0.007758778 0.68317634 0.020137897
v 0.0071237753 0.674835 0.018604966
v 0.0053155296 0.6985894 0.014239613
v 0.0071237753 0.69151783 0.018604966
v 0.0053155296 0.6677635 0.014239613
v -5.827835E-4 0.6985894 0.015412856
v -5.827835E-4 0.69151783 0.020137869
v -5.827835E-4 0.674835 0.020137869
v -5.827835E-4 0.6677635 0.015412856
v -5.827835E-4 0.68317634 0.021797104
v -0.00828911 0.674835 0.018604966
v -0.006481097 0.6677635 0.014239613
v -0.00828911 0.69151783 0.018604966
v -0.008924113 0.68317634 0.020137869
v -0.006481097 0.6985894 0.014239613
v -0.011481103 0.6985894 0.010898493
v -0.015995668 0.68317634 0.015412856
v -0.014822425 0.674835 0.014239613
v -0.014822425 0.69151783 0.014239613
v -0.011481103 0.6677635 0.010898493
v -0.01918766 0.674835 0.007706384
v -0.014822425 0.6677635 0.005898197
v -0.01918766 0.69151783 0.007706384
v -0.020720506 0.68317634 0.008341329
v -0.014822425 0.6985894 0.005898197
v -0.011481103 0.6677635 0.010898493
v -0.012688538 0.6650319 0.011971572
v -0.007195882 0.6650319 0.01564162
v -0.006481097 0.6677635 0.014239613
v -0.022379886 0.68317634 -0.0
v -0.020720506 0.674835 -0.0
v -0.015995668 0.6985894 -0.0
v -0.020720506 0.69151783 -0.0
v 0.010316 0.6677635 0.010898522
v 0.011254781 0.6650319 0.011971572
v 0.016205242 0.6650362 -0.0
v 0.014830334 0.6677635 -0.0
v -0.015995668 0.6677635 -0.0
v 0.0053155296 0.6677635 0.014239613
v 0.005762125 0.6650319 0.01564162
v 0.011254781 0.6650319 0.011971572
v 0.010316 0.6677635 0.010898522
v -0.014822425 0.6677635 0.005898197
v -0.016358526 0.6650319 0.0064789453
v -5.827835E-4 0.6677635 0.015412856
v -7.167621E-4 0.6650319 0.016930379
v -0.015995668 0.6677635 -0.0
v -0.017647373 0.6650319 -0.0
v 0.13746631 0.11435946 -0.0
v 0.09707969 0.14721644 -0.0
v 0.089689925 0.14721645 0.037150733
v 0.12700249 0.11435946 0.0526061
v 0.06864552 0.14721645 0.06864558
v 0.097203426 0.11435946 0.09720337
v 0.037150793 0.14721644 0.089689754
v 0.052606244 0.11435946 0.12700231
v 1.1630084E-7 0.14721645 0.09707951
v 1.1630084E-7 0.11435946 0.13746631
v -0.037150558 0.14721644 0.089689754
v -0.05260601 0.11435946 0.12700231
v -0.06864552 0.14721644 0.06864558
v -0.097203195 0.11435946 0.097203426
v -0.089689694 0.14721644 0.037150733
v -0.12700225 0.11435946 0.0526061
v -0.09707945 0.14721644 -0.0
v -0.13746607 0.11435946 -0.0
v 0.09687685 0.15738939 -0.0
v 0.09580712 0.15904003 -0.0
v 0.08851436 0.15904003 0.03666378
v 0.089502454 0.1573894 0.03707313
v 0.06774582 0.15904003 0.06774582
v 0.06850224 0.1573894 0.06850221
v 0.036663722 0.15904003 0.08851419
v 0.0370731 0.15738939 0.089502454
v 1.1630084E-7 0.15904003 0.09580706
v 1.1630084E-7 0.1573894 0.09687674
v -0.036663722 0.15904003 0.08851419
v -0.03707287 0.15738939 0.089502454
v -0.06774559 0.15904003 0.06774582
v -0.06850201 0.15738939 0.06850224
v -0.08851413 0.15904003 0.03666378
v -0.089502215 0.15738939 0.03707313
v -0.09580712 0.15904003 -0.0
v -0.09687662 0.15738939 -0.0
v -0.089689694 0.14721644 0.037150733
v -0.089502215 0.15738939 0.03707313
v -0.09687662 0.15738939 -0.0
v -0.09707945 0.14721644 -0.0
v -0.06864552 0.14721644 0.06864558
v -0.06850201 0.15738939 0.06850224
v -0.037150558 0.14721644 0.089689754
v -0.03707287 0.15738939 0.089502454
v 1.1630084E-7 0.14721645 0.09707951
v 1.1630084E-7 0.1573894 0.09687674
v 0.037150793 0.14721644 0.089689754
v 0.0370731 0.15738939 0.089502454
v 0.06864552 0.14721645 0.06864558
v 0.06850224 0.1573894 0.06850221
v 0.089689925 0.14721645 0.037150733
v 0.089502454 0.1573894 0.03707313
v 0.09707969 0.14721644 -0.0
v 0.09687685 0.15738939 -0.0
v 0.09580712 0.15904003 -0.0
v 0.08619997 0.16115914 -0.0
v 0.07963851 0.16115914 0.032987308
v 0.08851436 0.15904003 0.03666378
v 0.06095269 0.16115914 0.06095257
v 0.06774582 0.15904003 0.06774582
v 0.032987453 0.16115914 0.07963839
v 0.036663722 0.15904003 0.08851419
v 1.1630084E-7 0.16115914 0.08619997
v 1.1630084E-7 0.15904003 0.09580706
v -0.032987222 0.16115914 0.07963839
v -0.036663722 0.15904003 0.08851419
v -0.060952455 0.16115914 0.0609526
v -0.06774559 0.15904003 0.06774582
v -0.07963828 0.16115914 0.032987308
v -0.08851413 0.15904003 0.03666378
v -0.08619974 0.16115914 -0.0
v -0.09580712 0.15904003 -0.0
v -0.15239911 0.0037834116 0.063125856
v -0.15239911 0.048210595 0.063125856
v -0.16495565 0.048210595 -0.0
v -0.16495565 0.0037834116 -0.0
v -0.11664125 0.0037834116 0.116641365
v -0.11664125 0.048210595 0.116641365
v -0.063125655 0.0037834116 0.15239923
v -0.063125655 0.048210595 0.15239923
v 1.1630084E-7 0.0037834116 0.16495577
v 1.1630084E-7 0.048210595 0.16495577
v 0.063125886 0.0037834116 0.15239923
v 0.063125886 0.048210595 0.15239923
v 0.116641484 0.0037834116 0.11664131
v 0.116641484 0.048210595 0.11664131
v 0.15239935 0.0037834116 0.06312583
v 0.15239935 0.048210595 0.06312583
v 0.16495565 0.0037834116 -0.0
v 0.16495565 0.048210595 -0.0
v -0.1498563 0.05254344 0.06207261
v -0.12948714 0.0637032 0.05363539
v -0.14015588 0.06370323 -0.0
v -0.16220327 0.05254344 -0.0
v -0.11469507 0.05254344 0.11469519
v -0.09910495 0.06370323 0.0991053
v -0.062072434 0.05254344 0.14985642
v -0.053635273 0.06370323 0.12948726
v 1.1630084E-7 0.05254344 0.16220345
v 1.1630084E-7 0.06370323 0.140156
v 0.062072664 0.05254344 0.14985642
v 0.053635504 0.06370323 0.12948726
v 0.1146953 0.05254344 0.11469519
v 0.09910518 0.06370323 0.09910524
v 0.14985654 0.05254344 0.06207258
v 0.12948714 0.06370323 0.05363539
v 0.1622035 0.05254344 -0.0
v 0.14015612 0.06370323 -0.0
v -0.12948714 0.0637032 0.05363539
v -0.13781661 0.06853519 0.0570856
v -0.14917153 0.06853519 -0.0
v -0.14015588 0.06370323 -0.0
v -0.09910495 0.06370323 0.0991053
v -0.10548009 0.06853521 0.10548038
v -0.053635273 0.06370323 0.12948726
v -0.057085454 0.06853521 0.13781673
v 1.1630084E-7 0.06370323 0.140156
v 1.1630084E-7 0.06853519 0.14917175
v 0.053635504 0.06370323 0.12948726
v 0.057085685 0.06853519 0.13781673
v 0.09910518 0.06370323 0.09910524
v 0.10548033 0.06853519 0.10548038
v 0.12948714 0.06370323 0.05363539
v 0.13781685 0.06853519 0.05708557
v 0.14015612 0.06370323 -0.0
v 0.14917175 0.06853519 -0.0
v -0.14396404 0.075715944 0.059631888
v -0.14541152 0.08835081 0.060231507
v -0.15739237 0.08835081 -0.0
v -0.15582557 0.075715944 -0.0
v -0.11018516 0.075715944 0.11018539
v -0.11129327 0.08835081 0.11129333
v -0.059631743 0.075715944 0.1439641
v -0.06023139 0.08835081 0.1454117
v 1.1630084E-7 0.075715944 0.15582557
v 1.1630084E-7 0.08835081 0.15739249
v 0.059631977 0.075715944 0.14396404
v 0.060231622 0.08835081 0.14541164
v 0.11018539 0.075715944 0.11018533
v 0.11129327 0.08835081 0.11129327
v 0.14396428 0.075715944 0.059631888
v 0.14541176 0.08835081 0.060231507
v 0.15582557 0.075715944 -0.0
v 0.15739237 0.08835081 -0.0
v -0.1408395 0.101355135 0.058337692
v -0.15244353 0.101355135 -0.0
v -0.10779378 0.101355135 0.10779402
v -0.058337547 0.101355135 0.14083962
v 1.1630084E-7 0.101355165 0.1524437
v 0.05833778 0.101355135 0.14083962
v 0.10779402 0.101355165 0.10779396
v 0.1408395 0.101355165 0.058337692
v 0.15244377 0.101355135 -0.0
v 0.15582557 0.075715944 -0.0
v 0.14396428 0.075715944 0.059631888
v 0.11018539 0.075715944 0.11018533
v 0.059631977 0.075715944 0.14396404
v 1.1630084E-7 0.075715944 0.15582557
v -0.059631743 0.075715944 0.1439641
v -0.11018516 0.075715944 0.11018539
v -0.14396404 0.075715944 0.059631888
v -0.15582557 0.075715944 -0.0
v -0.15239911 0.048210595 0.063125856
v -0.1498563 0.05254344 0.06207261
v -0.16220327 0.05254344 -0.0
v -0.16495565 0.048210595 -0.0
v -0.11664125 0.048210595 0.116641365
v -0.11469507 0.05254344 0.11469519
v -0.063125655 0.048210595 0.15239923
v -0.062072434 0.05254344 0.14985642
v 1.1630084E-7 0.048210595 0.16495577
v 1.1630084E-7 0.05254344 0.16220345
v 0.063125886 0.048210595 0.15239923
v 0.062072664 0.05254344 0.14985642
v 0.116641484 0.048210595 0.11664131
v 0.1146953 0.05254344 0.11469519
v 0.15239935 0.048210595 0.06312583
v 0.14985654 0.05254344 0.06207258
v 0.16495565 0.048210595 -0.0
v 0.1622035 0.05254344 -0.0
v 0.16031943 0.0 -0.0
v 0.16495565 0.0037834116 -0.0
v 0.15239935 0.0037834116 0.06312583
v 0.14811575 0.0 0.06135154
v 0.116641484 0.0037834116 0.11664131
v 0.11336273 0.0 0.11336285
v 0.063125886 0.0037834116 0.15239923
v 0.0613516 0.0 0.1481157
v 1.1630084E-7 0.0037834116 0.16495577
v 1.1630084E-7 0.0 0.16031925
v -0.063125655 0.0037834116 0.15239923
v -0.061351366 0.0 0.1481157
v -0.11664125 0.0037834116 0.116641365
v -0.11336273 0.0 0.11336285
v -0.15239911 0.0037834116 0.063125856
v -0.14811552 0.0 0.06135154
v -0.16495565 0.0037834116 -0.0
v -0.1603192 0.0 -0.0
v -0.06383346 0.21788399 -0.0
v -0.05897441 0.21788399 0.02442806
v -0.046823066 0.27219045 0.019394793
v -0.050681 0.27219045 -0.0
v 0.058974642 0.21788399 0.024428032
v 0.06383369 0.21788399 -0.0
v 0.05068123 0.27219045 -0.0
v 0.0468233 0.27219045 0.019394765
v 0.0451374 0.21788399 0.04513711
v 0.035837058 0.27219045 0.035836853
v 0.024427945 0.21788399 0.058974497
v 0.01939491 0.27219045 0.046823125
v 1.1630084E-7 0.21788399 0.06383355
v 1.1630084E-7 0.27219045 0.050681
v -0.024427945 0.21788399 0.058974497
v -0.019394677 0.27219045 0.046823125
v -0.04513717 0.21788399 0.04513714
v -0.035836823 0.27219045 0.035836883
v -0.046592325 0.31226465 -0.0
v -0.043045614 0.31226465 0.017830111
v -0.043912753 0.35233888 0.018189305
v -0.047530875 0.35233888 -0.0
v 0.04304585 0.31226465 0.017830081
v 0.046592325 0.31226465 -0.0
v 0.047531106 0.35233888 -0.0
v 0.04391299 0.35233888 0.018189305
v 0.03294582 0.31226465 0.0329457
v 0.033609662 0.35233888 0.03360946
v 0.017830199 0.31226465 0.043045644
v 0.018189335 0.35233888 0.043912873
v 1.1630084E-7 0.31226465 0.04659227
v 1.1630084E-7 0.35233888 0.04753096
v -0.017829966 0.31226465 0.043045674
v -0.018189335 0.35233888 0.043912873
v -0.032945585 0.31226465 0.03294573
v -0.03360943 0.35233888 0.03360946
v -0.069989964 0.17723347 0.028990863
v -0.05356805 0.17723347 0.05356811
v -0.02899089 0.17723347 0.069990106
v 1.1630084E-7 0.17723347 0.075756736
v 0.02899089 0.17723347 0.069990106
v 0.05356828 0.17723347 0.05356811
v 0.069990195 0.17723347 0.028990863
v 0.075756855 0.17723347 -0.0
v -0.075756624 0.17723347 -0.0
v -0.08619974 0.16115914 -0.0
v -0.07963828 0.16115914 0.032987308
v 0.07963851 0.16115914 0.032987308
v 0.08619997 0.16115914 -0.0
v 0.06095269 0.16115914 0.06095257
v 0.032987453 0.16115914 0.07963839
v 1.1630084E-7 0.16115914 0.08619997
v -0.032987222 0.16115914 0.07963839
v -0.060952455 0.16115914 0.0609526
v -0.05867761 0.41019925 0.058677755
v -0.031756062 0.41019925 0.07666621
v -0.027389895 0.41443288 0.06612528
v -0.050610054 0.41443288 0.050610114
v 1.1630084E-7 0.41019925 0.08298286
v 1.1630084E-7 0.41443288 0.07157348
v 0.031756293 0.41019925 0.076666154
v 0.027389895 0.41443288 0.06612528
v 0.058677845 0.41019925 0.05867773
v 0.05061029 0.41443288 0.050610084
v 0.076666325 0.41019925 0.031756178
v 0.06612552 0.41443288 0.02738998
v 0.08298286 0.41019925 -0.0
v 0.07157351 0.41443288 -0.0
v -0.08298286 0.41019925 -0.0
v -0.076666094 0.41019925 0.031756178
v -0.06612528 0.41443288 0.02739001
v -0.07157328 0.41443288 -0.0
v -0.082153864 0.38940677 0.034029305
v -0.0628777 0.38940677 0.06287793
v -0.06481109 0.3955068 0.0648112
v -0.084679924 0.3955068 0.03507558
v -0.088922575 0.38940677 -0.0
v -0.091656804 0.3955068 -0.0
v 0.082154095 0.38940677 0.034029275
v 0.088922806 0.38940677 -0.0
v 0.091656804 0.3955068 -0.0
v 0.084679924 0.3955068 0.03507558
v 0.06287793 0.38940677 0.0628779
v 0.06481132 0.3955068 0.0648112
v 0.034029275 0.38940677 0.08215398
v 0.03507552 0.3955068 0.084679924
v 1.1630084E-7 0.38940677 0.088922806
v 1.1630084E-7 0.3955068 0.09165686
v -0.034029044 0.38940677 0.08215398
v -0.03507552 0.3955068 0.084679924
v -0.03461008 0.37861276 0.034610316
v -0.018730832 0.37861276 0.045220558
v -0.020039216 0.3801911 0.048379086
v -0.037027746 0.3801911 0.037027746
v 1.1630084E-7 0.37861276 0.04894637
v 1.1630084E-7 0.3801911 0.05236515
v 0.018731065 0.37861276 0.045220558
v 0.020039216 0.3801911 0.048379086
v 0.034610316 0.37861276 0.034610316
v 0.037027977 0.3801911 0.037027746
v 0.045220673 0.37861276 0.018730978
v 0.04837917 0.3801911 0.020039273
v 0.04894649 0.37861276 -0.0
v 0.052365266 0.3801911 -0.0
v -0.048946254 0.37861276 -0.0
v -0.045220442 0.37861276 0.018730978
v -0.04837894 0.3801911 0.020039273
v -0.052365035 0.3801911 -0.0
v -0.055412583 0.3846811 0.055412784
v -0.029989218 0.3846811 0.072400294
v -0.034029044 0.38940677 0.08215398
v -0.0628777 0.38940677 0.06287793
v 1.1630084E-7 0.3846811 0.07836548
v 1.1630084E-7 0.38940677 0.088922806
v 0.029989218 0.3846811 0.072400294
v 0.034029275 0.38940677 0.08215398
v 0.055412814 0.3846811 0.055412754
v 0.06287793 0.38940677 0.0628779
v 0.07240041 0.3846811 0.029989189
v 0.082154095 0.38940677 0.034029275
v 0.07836548 0.3846811 -0.0
v 0.088922806 0.38940677 -0.0
v -0.07836525 0.3846811 -0.0
v -0.07240018 0.3846811 0.029989189
v -0.082153864 0.38940677 0.034029305
v -0.088922575 0.38940677 -0.0
v -0.084679924 0.3955068 0.03507558
v -0.06481109 0.3955068 0.0648112
v -0.06369646 0.40382475 0.06369663
v -0.0832236 0.40382475 0.034472384
v -0.0832236 0.40382475 0.034472384
v -0.06369646 0.40382475 0.06369663
v -0.091656804 0.3955068 -0.0
v -0.09008046 0.40382475 -0.0
v -0.09008046 0.40382475 -0.0
v 0.084679924 0.3955068 0.03507558
v 0.091656804 0.3955068 -0.0
v 0.0900807 0.40382475 -0.0
v 0.0832236 0.40382475 0.034472354
v 0.0832236 0.40382475 0.034472354
v 0.0900807 0.40382475 -0.0
v 0.06481132 0.3955068 0.0648112
v 0.06369669 0.40382475 0.0636966
v 0.06369669 0.40382475 0.0636966
v 0.03507552 0.3955068 0.084679924
v 0.034472384 0.40382475 0.0832236
v 0.034472384 0.40382475 0.0832236
v 1.1630084E-7 0.3955068 0.09165686
v 1.1630084E-7 0.40382475 0.09008058
v 1.1630084E-7 0.40382475 0.09008058
v -0.03507552 0.3955068 0.084679924
v -0.034472384 0.40382475 0.083223656
v -0.034472384 0.40382475 0.083223656
v -0.04646114 0.43115067 0.046461225
v -0.02514459 0.43115067 0.060704503
v -0.020080619 0.4344356 0.048479192
v -0.03710427 0.4344356 0.037104387
v 1.1630084E-7 0.43115067 0.06570608
v 1.1630084E-7 0.4344356 0.052473485
v 0.025144823 0.43115067 0.060704503
v 0.020080851 0.4344356 0.048479192
v 0.04646137 0.43115067 0.0464612
v 0.037104502 0.4344356 0.037104357
v 0.060704503 0.43115067 0.02514462
v 0.048479423 0.4344356 0.020080736
v 0.065706134 0.43115067 -0.0
v 0.05247366 0.4344356 -0.0
v -0.0657059 0.43115067 -0.0
v -0.06070427 0.43115067 0.025144648
v -0.048479192 0.4344356 0.020080736
v -0.052473426 0.4344356 -0.0
v -0.06612528 0.41443288 0.02739001
v -0.050610054 0.41443288 0.050610114
v -0.049777575 0.42443424 0.049777575
v -0.06503741 0.42443424 0.026939431
v -0.07157328 0.41443288 -0.0
v -0.07039585 0.42443424 -0.0
v 0.06612552 0.41443288 0.02738998
v 0.07157351 0.41443288 -0.0
v 0.07039608 0.42443424 -0.0
v 0.06503764 0.42443424 0.026939431
v 0.05061029 0.41443288 0.050610084
v 0.049777806 0.42443424 0.049777545
v 0.027389895 0.41443288 0.06612528
v 0.026939578 0.42443424 0.065037526
v 1.1630084E-7 0.41443288 0.07157348
v 1.1630084E-7 0.42443424 0.07039608
v -0.027389895 0.41443288 0.06612528
v -0.026939346 0.42443424 0.065037526
v -0.04646114 0.43115067 0.046461225
v -0.06070427 0.43115067 0.025144648
v -0.0657059 0.43115067 -0.0
v 0.065706134 0.43115067 -0.0
v 0.060704503 0.43115067 0.02514462
v 0.04646137 0.43115067 0.0464612
v 0.025144823 0.43115067 0.060704503
v 1.1630084E-7 0.43115067 0.06570608
v -0.02514459 0.43115067 0.060704503
v -0.052473426 0.4344356 -0.0
v -0.048479192 0.4344356 0.020080736
v -0.048479192 0.4462696 0.020080736
v -0.052473426 0.4462696 -0.0
v -0.03710427 0.4344356 0.037104387
v -0.03710427 0.4462696 0.037104387
v -0.020080619 0.4344356 0.048479192
v -0.020080619 0.4462696 0.048479192
v 1.1630084E-7 0.4344356 0.052473485
v 1.1630084E-7 0.4462696 0.052473485
v 0.020080851 0.4344356 0.048479192
v 0.020080851 0.4462696 0.048479192
v 0.037104502 0.4344356 0.037104357
v 0.037104502 0.4462696 0.037104357
v 0.048479423 0.4344356 0.020080736
v 0.048479423 0.4462696 0.020080736
v 0.05247366 0.4344356 -0.0
v 0.05247366 0.4462696 -0.0
v -0.03958264 0.44797853 0.0395827
v -0.021422032 0.44797853 0.051717266
v -0.022135887 0.45182386 0.053440757
v -0.040901724 0.45182386 0.040901784
v -0.05171724 0.44797853 0.021422004
v -0.053440586 0.45182386 0.022135887
v 1.1630084E-7 0.44797853 0.055978358
v 1.1630084E-7 0.45182386 0.05784385
v 0.021422032 0.44797853 0.051717266
v 0.022135887 0.45182386 0.053440757
v 0.039582875 0.44797853 0.03958267
v 0.05171724 0.44797853 0.021422004
v 0.053440817 0.45182386 0.022135887
v 0.04090196 0.45182386 0.040901784
v 0.055978503 0.44797853 -0.0
v 0.05784397 0.45182386 -0.0
v -0.05597827 0.44797853 -0.0
v -0.057843734 0.45182386 -0.0
v -0.051706307 0.45790946 0.021417439
v -0.03957427 0.45790946 0.03957427
v -0.03710427 0.4600934 0.037104387
v -0.048479192 0.4600934 0.020080736
v 0.0395745 0.45790946 0.03957424
v 0.051706307 0.45790946 0.021417439
v 0.048479423 0.4600934 0.020080736
v 0.037104502 0.4600934 0.037104357
v 0.021417614 0.45790946 0.051706247
v 0.020080851 0.4600934 0.048479192
v 1.1630084E-7 0.45790946 0.055966437
v 1.1630084E-7 0.4600934 0.052473485
v -0.021417381 0.45790952 0.051706247
v -0.020080619 0.4600934 0.048479192
v -0.055966172 0.45790946 -0.0
v -0.052473426 0.4600934 -0.0
v 0.055966407 0.45790946 -0.0
v 0.05247366 0.4600934 -0.0
v -0.053440586 0.45453912 0.022135887
v -0.057843734 0.45453912 -0.0
v 0.05784397 0.45453912 -0.0
v 0.053440817 0.45453912 0.022135887
v 0.04090196 0.45453912 0.040901784
v 0.022135887 0.45453912 0.053440757
v 1.1630084E-7 0.45453912 0.05784385
v -0.022135654 0.45453918 0.053440757
v -0.040901724 0.45453912 0.040901784
v 0.020080851 0.4462696 0.048479192
v 0.037104502 0.4462696 0.037104357
v 0.039582875 0.44797853 0.03958267
v 0.021422032 0.44797853 0.051717266
v -0.052473426 0.4462696 -0.0
v -0.048479192 0.4462696 0.020080736
v -0.05171724 0.44797853 0.021422004
v -0.05597827 0.44797853 -0.0
v 0.048479423 0.4462696 0.020080736
v 0.05247366 0.4462696 -0.0
v 0.055978503 0.44797853 -0.0
v 0.05171724 0.44797853 0.021422004
v 1.1630084E-7 0.4462696 0.052473485
v 1.1630084E-7 0.44797853 0.055978358
v -0.020080619 0.4462696 0.048479192
v -0.021422032 0.44797853 0.051717266
v -0.03710427 0.4462696 0.037104387
v -0.03958264 0.44797853 0.0395827
v 0.049428437 0.47943988 0.04942835
v 0.064581275 0.47943988 0.026750444
v 0.0746834 0.505749 0.030934889
v 0.05716035 0.505749 0.057160206
v 0.06990227 0.47943988 -0.0
v 0.08083688 0.505749 -0.0
v -0.06990204 0.47943988 -0.0
v -0.064581275 0.47943988 0.026750444
v -0.0746834 0.505749 0.030934919
v -0.080836646 0.505749 -0.0
v -0.049428206 0.47943988 0.04942835
v -0.057160117 0.505749 0.057160236
v -0.026750471 0.47943988 0.064581275
v -0.030934976 0.505749 0.07468346
v 1.1630084E-7 0.47943988 0.06990224
v 1.1630084E-7 0.505749 0.08083676
v 0.026750471 0.47943988 0.064581245
v 0.030934976 0.505749 0.07468343
v -0.082673036 0.5395217 0.034244373
v -0.06327522 0.5395217 0.06327533
v -0.059453804 0.5732943 0.059453744
v -0.07768001 0.5732943 0.03217614
v -0.034244433 0.5395217 0.08267321
v -0.03217614 0.5732943 0.077680066
v -0.009067395 0.54867095 0.0862519
v -0.02602429 0.60909957 0.0628281
v -0.0036461477 0.5732943 0.083355024
v 0.06327545 0.5395217 0.06327533
v 0.059453804 0.5732943 0.059453744
v 0.08267327 0.5395217 0.034244373
v 0.07768024 0.5732943 0.03217614
v 0.08948477 0.5395217 -0.0
v 0.0840805 0.5732943 -0.0
v -0.08948477 0.5395217 -0.0
v -0.08408027 0.5732943 -0.0
v -0.017647373 0.6650319 -0.0
v -0.03074471 0.6541559 -0.0
v -0.028464979 0.6541559 0.011461157
v -0.016358526 0.6650319 0.0064789453
v -0.021972833 0.6541559 0.021177452
v -0.012688538 0.6650319 0.011971572
v -0.012256364 0.6541559 0.027669685
v -0.007195882 0.6650319 0.01564162
v -7.9538143E-4 0.6541559 0.029949443
v -7.167621E-4 0.6650319 0.016930379
v 0.012815073 0.6493683 0.030944513
v 0.005762125 0.6650319 0.01564162
v 0.06282815 0.60909957 0.026024261
v 0.04649975 0.63385713 0.019260814
v 0.048086792 0.60909957 0.04808653
v 0.068004705 0.60909957 -0.0
v 0.050330933 0.63385713 -0.0
v -0.068004474 0.60909957 -0.0
v -0.06282792 0.60909957 0.026024261
v -0.04649975 0.63385713 0.019260814
v -0.0503307 0.63385713 -0.0
v -0.048086558 0.60909957 0.048086558
v -0.035589337 0.63385713 0.035589337
v -0.019260699 0.63385713 0.04649972
v 0.020080851 0.4600934 0.048479192
v 0.037104502 0.4600934 0.037104357
v 1.1630084E-7 0.4600934 0.052473485
v -0.020080619 0.4600934 0.048479192
v -0.03710427 0.4600934 0.037104387
v -0.048479192 0.4600934 0.020080736
v -0.052473426 0.4600934 -0.0
v 0.048479423 0.4600934 0.020080736
v 0.05247366 0.4600934 -0.0
v 0.031793974 0.6516256 -0.0
v 0.0313418 0.6495353 0.013236577
v 0.021070339 0.68317634 -0.0
v 0.014830334 0.6985894 -0.0
v 0.013657091 0.6985894 -0.005898197
v 0.019555405 0.69151783 -0.0
v 0.018022327 0.69151783 -0.007706384
v 0.019555405 0.68317634 -0.008341358
v 0.014830334 0.68317634 -0.015412856
v 0.013657091 0.69151783 -0.014239613
v 0.010316 0.6985894 -0.010898522
v 0.013657091 0.674835 -0.014239613
v 0.010316 0.6677635 -0.010898522
v 0.0071237753 0.674835 -0.018604966
v 0.007758778 0.68317634 -0.020137897
v 0.0071237753 0.69151783 -0.018604966
v 0.0053155296 0.6985894 -0.014239613
v 0.0053155296 0.6677635 -0.014239613
v -5.827835E-4 0.69151783 -0.020137869
v -5.827835E-4 0.6985894 -0.015412856
v -5.827835E-4 0.6677635 -0.015412856
v -5.827835E-4 0.674835 -0.020137869
v -5.827835E-4 0.68317634 -0.021797104
v -0.006481097 0.6677635 -0.014239613
v -0.00828911 0.674835 -0.018604966
v -0.008924113 0.68317634 -0.020137869
v -0.00828911 0.69151783 -0.018604966
v -0.006481097 0.6985894 -0.014239613
v -0.011481103 0.6985894 -0.010898493
v -0.014822425 0.674835 -0.014239613
v -0.015995668 0.68317634 -0.015412856
v -0.014822425 0.69151783 -0.014239613
v -0.011481103 0.6677635 -0.010898493
v -0.014822425 0.6677635 -0.005898197
v -0.01918766 0.674835 -0.007706384
v -0.020720506 0.68317634 -0.008341329
v -0.01918766 0.69151783 -0.007706384
v -0.014822425 0.6985894 -0.005898197
v -0.011481103 0.6677635 -0.010898493
v -0.006481097 0.6677635 -0.014239613
v -0.007195882 0.6650319 -0.01564162
v -0.012688538 0.6650319 -0.011971572
v -0.020720506 0.674835 -0.0
v -0.022379886 0.68317634 -0.0
v -0.020720506 0.69151783 -0.0
v -0.015995668 0.6985894 -0.0
v 0.010316 0.6677635 -0.010898522
v 0.014830334 0.6677635 -0.0
v 0.016205242 0.6650362 -0.0
v 0.011254781 0.6650319 -0.011971572
v -0.015995668 0.6677635 -0.0
v 0.0053155296 0.6677635 -0.014239613
v 0.010316 0.6677635 -0.010898522
v 0.011254781 0.6650319 -0.011971572
v 0.005762125 0.6650319 -0.01564162
v -0.014822425 0.6677635 -0.005898197
v -0.016358526 0.6650319 -0.0064789453
v -5.827835E-4 0.6677635 -0.015412856
v -7.167621E-4 0.6650319 -0.016930379
v -0.015995668 0.6677635 -0.0
v -0.017647373 0.6650319 -0.0
v 0.13746631 0.11435946 -0.0
v 0.12700249 0.11435946 -0.0526061
v 0.089689925 0.14721645 -0.037150733
v 0.09707969 0.14721644 -0.0
v 0.097203426 0.11435946 -0.09720337
v 0.06864552 0.14721645 -0.06864558
v 0.052606244 0.11435946 -0.12700231
v 0.037150793 0.14721644 -0.089689754
v 1.1630084E-7 0.11435946 -0.13746631
v 1.1630084E-7 0.14721645 -0.09707948
v -0.05260601 0.11435946 -0.12700231
v -0.037150558 0.14721644 -0.089689754
v -0.097203195 0.11435946 -0.097203396
v -0.06864552 0.14721644 -0.06864558
v -0.12700225 0.11435946 -0.0526061
v -0.089689694 0.14721644 -0.037150733
v 0.09687685 0.15738939 -0.0
v 0.089502454 0.1573894 -0.03707313
v 0.08851436 0.15904003 -0.03666378
v 0.09580712 0.15904003 -0.0
v 0.06850224 0.1573894 -0.06850221
v 0.06774582 0.15904003 -0.06774582
v 0.0370731 0.15738939 -0.089502454
v 0.036663722 0.15904003 -0.08851419
v 1.1630084E-7 0.1573894 -0.09687674
v 1.1630084E-7 0.15904003 -0.09580703
v -0.03707287 0.15738939 -0.089502454
v -0.036663722 0.15904003 -0.08851419
v -0.06850201 0.15738939 -0.06850224
v -0.06774559 0.15904003 -0.06774582
v -0.089502215 0.15738939 -0.03707313
v -0.08851413 0.15904003 -0.03666378
v -0.089689694 0.14721644 -0.037150733
v -0.089502215 0.15738939 -0.03707313
v -0.06864552 0.14721644 -0.06864558
v -0.06850201 0.15738939 -0.06850224
v -0.037150558 0.14721644 -0.089689754
v -0.03707287 0.15738939 -0.089502454
v 1.1630084E-7 0.14721645 -0.09707948
v 1.1630084E-7 0.1573894 -0.09687674
v 0.037150793 0.14721644 -0.089689754
v 0.0370731 0.15738939 -0.089502454
v 0.06864552 0.14721645 -0.06864558
v 0.06850224 0.1573894 -0.06850221
v 0.089689925 0.14721645 -0.037150733
v 0.089502454 0.1573894 -0.03707313
v 0.09707969 0.14721644 -0.0
v 0.09687685 0.15738939 -0.0
v 0.09580712 0.15904003 -0.0
v 0.08851436 0.15904003 -0.03666378
v 0.07963851 0.16115914 -0.032987308
v 0.08619997 0.16115914 -0.0
v 0.06774582 0.15904003 -0.06774582
v 0.06095269 0.16115914 -0.06095257
v 0.036663722 0.15904003 -0.08851419
v 0.032987453 0.16115914 -0.07963839
v 1.1630084E-7 0.15904003 -0.09580703
v 1.1630084E-7 0.16115914 -0.08619997
v -0.036663722 0.15904003 -0.08851419
v -0.032987222 0.16115914 -0.07963839
v -0.06774559 0.15904003 -0.06774582
v -0.060952455 0.16115914 -0.0609526
v -0.08851413 0.15904003 -0.03666378
v -0.07963828 0.16115914 -0.032987308
v -0.15239911 0.0037834116 -0.063125856
v -0.15239911 0.048210595 -0.063125856
v -0.11664125 0.0037834116 -0.116641365
v -0.11664125 0.048210595 -0.116641365
v -0.063125655 0.0037834116 -0.15239923
v -0.063125655 0.048210595 -0.15239923
v 1.1630084E-7 0.0037834116 -0.16495577
v 1.1630084E-7 0.048210595 -0.16495577
v 0.063125886 0.0037834116 -0.15239923
v 0.063125886 0.048210595 -0.15239923
v 0.116641484 0.0037834116 -0.11664131
v 0.116641484 0.048210595 -0.11664131
v 0.15239935 0.0037834116 -0.06312583
v 0.15239935 0.048210595 -0.06312583
v 0.16495565 0.0037834116 -0.0
v 0.16495565 0.048210595 -0.0
v -0.1498563 0.05254344 -0.06207261
v -0.12948714 0.0637032 -0.05363539
v -0.11469507 0.05254344 -0.11469519
v -0.09910495 0.06370323 -0.09910527
v -0.062072434 0.05254344 -0.14985645
v -0.053635273 0.06370323 -0.12948726
v 1.1630084E-7 0.05254344 -0.16220345
v 1.1630084E-7 0.06370323 -0.14015597
v 0.062072664 0.05254344 -0.14985642
v 0.053635504 0.06370323 -0.12948723
v 0.1146953 0.05254344 -0.11469516
v 0.09910518 0.06370323 -0.09910524
v 0.14985654 0.05254344 -0.06207258
v 0.12948714 0.06370323 -0.05363539
v 0.1622035 0.05254344 -0.0
v 0.14015612 0.06370323 -0.0
v -0.12948714 0.0637032 -0.05363539
v -0.13781661 0.06853519 -0.0570856
v -0.09910495 0.06370323 -0.09910527
v -0.10548009 0.06853521 -0.10548041
v -0.053635273 0.06370323 -0.12948726
v -0.057085454 0.06853521 -0.13781676
v 1.1630084E-7 0.06370323 -0.14015597
v 1.1630084E-7 0.06853519 -0.14917175
v 0.053635504 0.06370323 -0.12948723
v 0.057085685 0.06853519 -0.13781673
v 0.09910518 0.06370323 -0.09910524
v 0.10548033 0.06853519 -0.10548038
v 0.12948714 0.06370323 -0.05363539
v 0.13781685 0.06853519 -0.05708557
v 0.14015612 0.06370323 -0.0
v 0.14917175 0.06853519 -0.0
v -0.14396404 0.075715944 -0.059631888
v -0.14541152 0.08835081 -0.060231507
v -0.11018516 0.075715944 -0.11018536
v -0.11129327 0.08835081 -0.11129333
v -0.059631743 0.075715944 -0.1439641
v -0.06023139 0.08835081 -0.1454117
v 1.1630084E-7 0.075715944 -0.15582559
v 1.1630084E-7 0.08835081 -0.15739246
v 0.059631977 0.075715944 -0.14396407
v 0.060231622 0.08835081 -0.14541164
v 0.11018539 0.075715944 -0.11018533
v 0.11129327 0.08835081 -0.11129327
v 0.14396428 0.075715944 -0.059631888
v 0.14541176 0.08835081 -0.060231507
v 0.15582557 0.075715944 -0.0
v 0.15739237 0.08835081 -0.0
v -0.1408395 0.101355135 -0.058337692
v -0.10779378 0.101355135 -0.10779402
v -0.058337547 0.101355135 -0.14083962
v 1.1630084E-7 0.101355165 -0.1524437
v 0.05833778 0.101355135 -0.14083962
v 0.10779402 0.101355165 -0.10779396
v 0.1408395 0.101355165 -0.058337692
v 0.15244377 0.101355135 -0.0
v 0.14396428 0.075715944 -0.059631888
v 0.15582557 0.075715944 -0.0
v 0.11018539 0.075715944 -0.11018533
v 0.059631977 0.075715944 -0.14396407
v 1.1630084E-7 0.075715944 -0.15582559
v -0.059631743 0.075715944 -0.1439641
v -0.11018516 0.075715944 -0.11018536
v -0.14396404 0.075715944 -0.059631888
v -0.15239911 0.048210595 -0.063125856
v -0.1498563 0.05254344 -0.06207261
v -0.11664125 0.048210595 -0.116641365
v -0.11469507 0.05254344 -0.11469519
v -0.063125655 0.048210595 -0.15239923
v -0.062072434 0.05254344 -0.14985645
v 1.1630084E-7 0.048210595 -0.16495577
v 1.1630084E-7 0.05254344 -0.16220345
v 0.063125886 0.048210595 -0.15239923
v 0.062072664 0.05254344 -0.14985642
v 0.116641484 0.048210595 -0.11664131
v 0.1146953 0.05254344 -0.11469516
v 0.15239935 0.048210595 -0.06312583
v 0.14985654 0.05254344 -0.06207258
v 0.16495565 0.048210595 -0.0
v 0.1622035 0.05254344 -0.0
v 0.16031943 0.0 -0.0
v 0.14811575 0.0 -0.06135154
v 0.15239935 0.0037834116 -0.06312583
v 0.16495565 0.0037834116 -0.0
v 0.11336273 0.0 -0.11336282
v 0.116641484 0.0037834116 -0.11664131
v 0.0613516 0.0 -0.1481157
v 0.063125886 0.0037834116 -0.15239923
v 1.1630084E-7 0.0 -0.16031925
v 1.1630084E-7 0.0037834116 -0.16495577
v -0.061351366 0.0 -0.1481157
v -0.063125655 0.0037834116 -0.15239923
v -0.11336273 0.0 -0.11336288
v -0.11664125 0.0037834116 -0.116641365
v -0.14811552 0.0 -0.06135154
v -0.15239911 0.0037834116 -0.063125856
v -0.046823066 0.27219045 -0.019394793
v -0.05897441 0.21788399 -0.02442806
v 0.058974642 0.21788399 -0.024428032
v 0.0468233 0.27219045 -0.019394765
v 0.05068123 0.27219045 -0.0
v 0.06383369 0.21788399 -0.0
v 0.0451374 0.21788399 -0.04513711
v 0.035837058 0.27219045 -0.035836853
v 0.024427945 0.21788399 -0.058974497
v 0.01939491 0.27219045 -0.046823125
v 1.1630084E-7 0.21788399 -0.06383355
v 1.1630084E-7 0.27219045 -0.050681
v -0.024427945 0.21788399 -0.058974497
v -0.019394677 0.27219045 -0.046823125
v -0.04513717 0.21788399 -0.04513714
v -0.035836823 0.27219045 -0.035836883
v -0.043912753 0.35233888 -0.018189305
v -0.043045614 0.31226465 -0.017830111
v 0.04304585 0.31226465 -0.017830081
v 0.04391299 0.35233888 -0.018189305
v 0.047531106 0.35233888 -0.0
v 0.046592325 0.31226465 -0.0
v 0.03294582 0.31226465 -0.0329457
v 0.033609662 0.35233888 -0.03360946
v 0.017830199 0.31226465 -0.043045644
v 0.018189335 0.35233888 -0.043912873
v 1.1630084E-7 0.31226465 -0.04659227
v 1.1630084E-7 0.35233888 -0.04753096
v -0.017829966 0.31226465 -0.043045674
v -0.018189335 0.35233888 -0.043912873
v -0.032945585 0.31226465 -0.03294573
v -0.03360943 0.35233888 -0.03360946
v -0.069989964 0.17723347 -0.028990863
v -0.05356805 0.17723347 -0.05356811
v -0.02899089 0.17723347 -0.069990106
v 1.1630084E-7 0.17723347 -0.075756736
v 0.02899089 0.17723347 -0.069990106
v 0.05356828 0.17723347 -0.05356811
v 0.069990195 0.17723347 -0.028990863
v 0.075756855 0.17723347 -0.0
v -0.07963828 0.16115914 -0.032987308
v 0.07963851 0.16115914 -0.032987308
v 0.08619997 0.16115914 -0.0
v 0.06095269 0.16115914 -0.06095257
v 0.032987453 0.16115914 -0.07963839
v 1.1630084E-7 0.16115914 -0.08619997
v -0.032987222 0.16115914 -0.07963839
v -0.060952455 0.16115914 -0.0609526
v -0.05867761 0.41019925 -0.058677755
v -0.050610054 0.41443288 -0.050610114
v -0.027389895 0.41443288 -0.06612528
v -0.031756062 0.41019925 -0.076666184
v 1.1630084E-7 0.41443288 -0.07157348
v 1.1630084E-7 0.41019925 -0.08298286
v 0.027389895 0.41443288 -0.06612528
v 0.031756293 0.41019925 -0.076666184
v 0.05061029 0.41443288 -0.050610084
v 0.058677845 0.41019925 -0.05867773
v 0.06612552 0.41443288 -0.02738998
v 0.076666325 0.41019925 -0.031756178
v 0.07157351 0.41443288 -0.0
v 0.08298286 0.41019925 -0.0
v -0.06612528 0.41443288 -0.02739001
v -0.076666094 0.41019925 -0.031756178
v -0.082153864 0.38940677 -0.034029305
v -0.084679924 0.3955068 -0.03507558
v -0.06481109 0.3955068 -0.0648112
v -0.0628777 0.38940677 -0.06287793
v 0.082154095 0.38940677 -0.034029275
v 0.084679924 0.3955068 -0.03507558
v 0.091656804 0.3955068 -0.0
v 0.088922806 0.38940677 -0.0
v 0.06287793 0.38940677 -0.0628779
v 0.06481132 0.3955068 -0.0648112
v 0.034029275 0.38940677 -0.08215398
v 0.03507552 0.3955068 -0.084679924
v 1.1630084E-7 0.38940677 -0.088922806
v 1.1630084E-7 0.3955068 -0.09165686
v -0.034029044 0.38940677 -0.08215398
v -0.03507552 0.3955068 -0.084679924
v -0.03461008 0.37861276 -0.034610316
v -0.037027746 0.3801911 -0.037027746
v -0.020039216 0.3801911 -0.048379086
v -0.018730832 0.37861276 -0.045220558
v 1.1630084E-7 0.3801911 -0.05236515
v 1.1630084E-7 0.37861276 -0.04894637
v 0.020039216 0.3801911 -0.048379086
v 0.018731065 0.37861276 -0.045220558
v 0.037027977 0.3801911 -0.037027746
v 0.034610316 0.37861276 -0.034610316
v 0.04837917 0.3801911 -0.020039273
v 0.045220673 0.37861276 -0.018730978
v 0.052365266 0.3801911 -0.0
v 0.04894649 0.37861276 -0.0
v -0.04837894 0.3801911 -0.020039273
v -0.045220442 0.37861276 -0.018730978
v -0.055412583 0.3846811 -0.055412784
v -0.0628777 0.38940677 -0.06287793
v -0.034029044 0.38940677 -0.08215398
v -0.029989218 0.3846811 -0.072400294
v 1.1630084E-7 0.38940677 -0.088922806
v 1.1630084E-7 0.3846811 -0.07836551
v 0.034029275 0.38940677 -0.08215398
v 0.029989218 0.3846811 -0.072400294
v 0.06287793 0.38940677 -0.0628779
v 0.055412814 0.3846811 -0.055412754
v 0.082154095 0.38940677 -0.034029275
v 0.07240041 0.3846811 -0.029989189
v 0.088922806 0.38940677 -0.0
v 0.07836548 0.3846811 -0.0
v -0.082153864 0.38940677 -0.034029305
v -0.07240018 0.3846811 -0.029989189
v -0.084679924 0.3955068 -0.03507558
v -0.0832236 0.40382475 -0.034472384
v -0.06369646 0.40382475 -0.06369663
v -0.06481109 0.3955068 -0.0648112
v -0.0832236 0.40382475 -0.034472384
v -0.06369646 0.40382475 -0.06369663
v 0.084679924 0.3955068 -0.03507558
v 0.0832236 0.40382475 -0.034472354
v 0.0900807 0.40382475 -0.0
v 0.091656804 0.3955068 -0.0
v 0.0832236 0.40382475 -0.034472354
v 0.0900807 0.40382475 -0.0
v 0.06481132 0.3955068 -0.0648112
v 0.06369669 0.40382475 -0.0636966
v 0.06369669 0.40382475 -0.0636966
v 0.03507552 0.3955068 -0.084679924
v 0.034472384 0.40382475 -0.08322363
v 0.034472384 0.40382475 -0.08322363
v 1.1630084E-7 0.3955068 -0.09165686
v 1.1630084E-7 0.40382475 -0.09008061
v 1.1630084E-7 0.40382475 -0.09008061
v -0.03507552 0.3955068 -0.084679924
v -0.034472384 0.40382475 -0.083223656
v -0.034472384 0.40382475 -0.083223656
v -0.04646114 0.43115067 -0.046461225
v -0.03710427 0.4344356 -0.037104387
v -0.020080619 0.4344356 -0.048479192
v -0.02514459 0.43115067 -0.060704503
v 1.1630084E-7 0.4344356 -0.052473485
v 1.1630084E-7 0.43115067 -0.06570608
v 0.020080851 0.4344356 -0.048479192
v 0.025144823 0.43115067 -0.060704503
v 0.037104502 0.4344356 -0.037104357
v 0.04646137 0.43115067 -0.0464612
v 0.048479423 0.4344356 -0.020080736
v 0.060704503 0.43115067 -0.02514462
v 0.05247366 0.4344356 -0.0
v 0.065706134 0.43115067 -0.0
v -0.048479192 0.4344356 -0.020080736
v -0.06070427 0.43115067 -0.025144648
v -0.06612528 0.41443288 -0.02739001
v -0.06503741 0.42443424 -0.026939431
v -0.049777575 0.42443424 -0.049777575
v -0.050610054 0.41443288 -0.050610114
v 0.06612552 0.41443288 -0.02738998
v 0.06503764 0.42443424 -0.026939431
v 0.07039608 0.42443424 -0.0
v 0.07157351 0.41443288 -0.0
v 0.05061029 0.41443288 -0.050610084
v 0.049777806 0.42443424 -0.049777545
v 0.027389895 0.41443288 -0.06612528
v 0.026939578 0.42443424 -0.065037526
v 1.1630084E-7 0.41443288 -0.07157348
v 1.1630084E-7 0.42443424 -0.07039608
v -0.027389895 0.41443288 -0.06612528
v -0.026939346 0.42443424 -0.065037526
v -0.06070427 0.43115067 -0.025144648
v -0.04646114 0.43115067 -0.046461225
v 0.060704503 0.43115067 -0.02514462
v 0.065706134 0.43115067 -0.0
v 0.04646137 0.43115067 -0.0464612
v 0.025144823 0.43115067 -0.060704503
v 1.1630084E-7 0.43115067 -0.06570608
v -0.02514459 0.43115067 -0.060704503
v -0.048479192 0.4462696 -0.020080736
v -0.048479192 0.4344356 -0.020080736
v -0.03710427 0.4462696 -0.037104387
v -0.03710427 0.4344356 -0.037104387
v -0.020080619 0.4462696 -0.048479192
v -0.020080619 0.4344356 -0.048479192
v 1.1630084E-7 0.4462696 -0.052473485
v 1.1630084E-7 0.4344356 -0.052473485
v 0.020080851 0.4462696 -0.048479192
v 0.020080851 0.4344356 -0.048479192
v 0.037104502 0.4462696 -0.037104357
v 0.037104502 0.4344356 -0.037104357
v 0.048479423 0.4462696 -0.020080736
v 0.048479423 0.4344356 -0.020080736
v 0.05247366 0.4462696 -0.0
v 0.05247366 0.4344356 -0.0
v -0.03958264 0.44797853 -0.0395827
v -0.040901724 0.45182386 -0.040901784
v -0.022135887 0.45182386 -0.053440757
v -0.021422032 0.44797853 -0.051717266
v -0.05171724 0.44797853 -0.021422004
v -0.053440586 0.45182386 -0.022135887
v 1.1630084E-7 0.45182386 -0.05784385
v 1.1630084E-7 0.44797853 -0.055978358
v 0.022135887 0.45182386 -0.053440757
v 0.021422032 0.44797853 -0.051717266
v 0.039582875 0.44797853 -0.03958267
v 0.04090196 0.45182386 -0.040901784
v 0.053440817 0.45182386 -0.022135887
v 0.05171724 0.44797853 -0.021422004
v 0.05784397 0.45182386 -0.0
v 0.055978503 0.44797853 -0.0
v -0.051706307 0.45790946 -0.021417439
v -0.048479192 0.4600934 -0.020080736
v -0.03710427 0.4600934 -0.037104387
v -0.03957427 0.45790946 -0.03957427
v 0.0395745 0.45790946 -0.03957424
v 0.037104502 0.4600934 -0.037104357
v 0.048479423 0.4600934 -0.020080736
v 0.051706307 0.45790946 -0.021417439
v 0.021417614 0.45790946 -0.051706247
v 0.020080851 0.4600934 -0.048479192
v 1.1630084E-7 0.45790946 -0.055966437
v 1.1630084E-7 0.4600934 -0.052473485
v -0.021417381 0.45790952 -0.051706247
v -0.020080619 0.4600934 -0.048479192
v 0.05247366 0.4600934 -0.0
v 0.055966407 0.45790946 -0.0
v -0.053440586 0.45453912 -0.022135887
v 0.05784397 0.45453912 -0.0
v 0.053440817 0.45453912 -0.022135887
v 0.04090196 0.45453912 -0.040901784
v 0.022135887 0.45453912 -0.053440757
v 1.1630084E-7 0.45453912 -0.05784385
v -0.022135654 0.45453918 -0.053440757
v -0.040901724 0.45453912 -0.040901784
v 0.020080851 0.4462696 -0.048479192
v 0.021422032 0.44797853 -0.051717266
v 0.039582875 0.44797853 -0.03958267
v 0.037104502 0.4462696 -0.037104357
v -0.05171724 0.44797853 -0.021422004
v -0.048479192 0.4462696 -0.020080736
v 0.048479423 0.4462696 -0.020080736
v 0.05171724 0.44797853 -0.021422004
v 0.055978503 0.44797853 -0.0
v 0.05247366 0.4462696 -0.0
v 1.1630084E-7 0.4462696 -0.052473485
v 1.1630084E-7 0.44797853 -0.055978358
v -0.020080619 0.4462696 -0.048479192
v -0.021422032 0.44797853 -0.051717266
v -0.03958264 0.44797853 -0.0395827
v -0.03710427 0.4462696 -0.037104387
v 0.049428437 0.47943988 -0.04942835
v 0.05716035 0.505749 -0.057160206
v 0.0746834 0.505749 -0.030934889
v 0.064581275 0.47943988 -0.026750444
v 0.08083688 0.505749 -0.0
v 0.06990227 0.47943988 -0.0
v -0.06990204 0.47943988 -0.0
v -0.080836646 0.505749 -0.0
v -0.0746834 0.505749 -0.030934919
v -0.064581275 0.47943988 -0.026750444
v -0.057160117 0.505749 -0.057160236
v -0.049428206 0.47943988 -0.04942835
v -0.030934976 0.505749 -0.07468346
v -0.026750471 0.47943988 -0.064581275
v 1.1630084E-7 0.505749 -0.08083676
v 1.1630084E-7 0.47943988 -0.06990224
v 0.030934976 0.505749 -0.07468343
v 0.026750471 0.47943988 -0.064581245
v -0.082673036 0.5395217 -0.034244373
v -0.07768001 0.5732943 -0.03217614
v -0.059453804 0.5732943 -0.059453744
v -0.06327522 0.5395217 -0.06327533
v -0.03217614 0.5732943 -0.077680066
v -0.034244433 0.5395217 -0.08267321
v -0.009067395 0.54867095 -0.0862519
v -0.02602429 0.60909957 -0.0628281
v -0.0036461477 0.5732943 -0.083354995
v 0.059453804 0.5732943 -0.059453744
v 0.06327545 0.5395217 -0.06327533
v 0.07768024 0.5732943 -0.03217614
v 0.08267327 0.5395217 -0.034244373
v 0.0840805 0.5732943 -0.0
v 0.08948477 0.5395217 -0.0
v -0.08948477 0.5395217 -0.0
v -0.08408027 0.5732943 -0.0
v -0.017647373 0.6650319 -0.0
v -0.016358526 0.6650319 -0.0064789453
v -0.028464979 0.6541559 -0.011461157
v -0.03074471 0.6541559 -0.0
v -0.012688538 0.6650319 -0.011971572
v -0.021972833 0.6541559 -0.021177452
v -0.007195882 0.6650319 -0.01564162
v -0.012256364 0.6541559 -0.027669685
v -7.167621E-4 0.6650319 -0.016930379
v -7.9538143E-4 0.6541559 -0.029949443
v 0.005762125 0.6650319 -0.01564162
v 0.012815073 0.6493683 -0.030944513
v 0.06282815 0.60909957 -0.026024261
v 0.048086792 0.60909957 -0.04808653
v 0.04649975 0.63385713 -0.019260814
v 0.050330933 0.63385713 -0.0
v 0.068004705 0.60909957 -0.0
v -0.068004474 0.60909957 -0.0
v -0.0503307 0.63385713 -0.0
v -0.04649975 0.63385713 -0.019260814
v -0.06282792 0.60909957 -0.026024261
v -0.035589337 0.63385713 -0.035589337
v -0.048086558 0.60909957 -0.048086558
v -0.019260699 0.63385713 -0.04649972
v 0.020080851 0.4600934 -0.048479192
v 0.037104502 0.4600934 -0.037104357
v 1.1630084E-7 0.4600934 -0.052473485
v -0.020080619 0.4600934 -0.048479192
v -0.03710427 0.4600934 -0.037104387
v -0.048479192 0.4600934 -0.020080736
v -0.052473426 0.4600934 -0.0
v 0.048479423 0.4600934 -0.020080736
v 0.05247366 0.4600934 -0.0
v 0.031793974 0.6516256 -0.0
v 0.0313418 0.6495353 -0.013236577
v 0.021070339 0.68317634 -0.0
v 0.01484429 0.5732943 0.08112757
v 0.0086589465 0.54867095 0.08693232
v 0.01484429 0.5732943 -0.08112757
v 0.0086589465 0.54867095 -0.08693232
v -0.0036461477 0.5732943 0.083355024
v -0.009067395 0.54867095 0.0862519
v -0.009067395 0.54867095 -0.0862519
v -0.0036461477 0.5732943 -0.083354995
v 0.008832467 0.54873747 -0.048249323
v -0.009085771 0.54873747 -0.048249323
v -0.009085771 0.54873747 0.046920266
v 0.008832467 0.54873747 0.046920266
v -0.009067395 0.54867095 0.0862519
v 0.0086589465 0.54867095 0.08693232
v 0.0086589465 0.54867095 -0.08693232
v -0.009067395 0.54867095 -0.0862519
v -0.048946254 0.37861276 -0.0
v -0.045220442 0.37861276 -0.018730978
v 0.045220673 0.37861276 -0.018730978
v 0.04894649 0.37861276 -0.0
v 0.034610316 0.37861276 -0.034610316
v 0.018731065 0.37861276 -0.045220558
v 1.1630084E-7 0.37861276 -0.04894637
v -0.018730832 0.37861276 -0.045220558
v -0.03461008 0.37861276 -0.034610316
v -0.045220442 0.37861276 0.018730978
v 0.04894649 0.37861276 -0.0
v 0.045220673 0.37861276 0.018730978
v 0.034610316 0.37861276 0.034610316
v 0.018731065 0.37861276 0.045220558
v 1.1630084E-7 0.37861276 0.04894637
v -0.018730832 0.37861276 0.045220558
v -0.03461008 0.37861276 0.034610316
vt 0.5259917 -0.8249042
vt 0.51705587 -0.82707953
vt 0.524115 -0.822044
vt 0.52173686 -0.8201611
vt 0.5191031 -0.819154
vt 0.51638836 -0.8189553
vt 0.5137319 -0.8195951
vt 0.5112794 -0.82103515
vt 0.50923455 -0.82331896
vt 0.50792927 -0.8264071
vt 0.91735035 -0.145648
vt 0.89099777 -0.14020693
vt 0.91769683 -0.07654238
vt 0.9664179 -0.12579775
vt 0.94382113 -0.14060187
vt 0.85394526 -0.10275459
vt 0.84876025 -0.07654226
vt 0.98807824 -0.07654226
vt 0.9818086 -0.103402495
vt 0.86874676 -0.12513423
vt 0.7479495 -0.6726897
vt 0.7504238 -0.67359805
vt 0.7476438 -0.6789291
vt 0.77059954 -0.6422031
vt 0.76311195 -0.65527284
vt 0.76012504 -0.6518686
vt 0.7834856 -0.6083908
vt 0.7985009 -0.60811067
vt 0.78714097 -0.61265326
vt 0.7924013 -0.62409294
vt 0.80030024 -0.62245214
vt 0.80264866 -0.64036036
vt 0.5361491 -0.7945924
vt 0.54308087 -0.7852392
vt 0.5438789 -0.7951658
vt 0.8165401 -0.6542158
vt 0.80947185 -0.6485133
vt 0.8181405 -0.65087056
vt 0.3911775 -0.72126675
vt 0.3891551 -0.7243999
vt 0.38147643 -0.7189312
vt 0.38658434 -0.7264676
vt 0.38373244 -0.7275797
vt 0.38078886 -0.72780895
vt 0.3779051 -0.7271224
vt 0.37523884 -0.7255602
vt 0.37301058 -0.72307444
vt 0.37158126 -0.71970725
vt 0.91735035 -0.007436633
vt 0.8909975 -0.012877822
vt 0.9664179 -0.027287006
vt 0.94382143 -0.012482762
vt 0.85394526 -0.050329804
vt 0.9818086 -0.049681902
vt 0.86874664 -0.027950406
vt 0.40079373 -0.67376447
vt 0.4010769 -0.6800108
vt 0.39831376 -0.67466474
vt 0.3783764 -0.6432643
vt 0.38871863 -0.6529031
vt 0.38570765 -0.6562724
vt 0.36535156 -0.60954237
vt 0.36169857 -0.6138091
vt 0.35033154 -0.6092738
vt 0.35644537 -0.62525666
vt 0.34620708 -0.6415372
vt 0.3485427 -0.6236212
vt 0.40233007 -0.7543335
vt 0.4107108 -0.7536721
vt 0.4098852 -0.76472116
vt 0.3323217 -0.65540767
vt 0.3307182 -0.65206265
vt 0.33938774 -0.6496979
vt 0.14524047 -0.63433707
vt 0.15063524 -0.6272985
vt 0.15188602 -0.6594684
vt 0.16526589 -0.61750937
vt 0.17054029 -0.61663544
vt 0.1564647 -0.62239003
vt 0.19587167 -0.6342888
vt 0.18980078 -0.6594322
vt 0.19046435 -0.6272607
vt 0.17581621 -0.61749935
vt 0.18462603 -0.6223633
vt 0.17062877 -0.71505594
vt 0.15189005 -0.66674423
vt 0.18981026 -0.6667094
vt 0.15131646 -0.7021227
vt 0.14335464 -0.69210386
vt 0.15829617 -0.7085593
vt 0.165872 -0.7136004
vt 0.17538291 -0.7135916
vt 0.18991745 -0.7020874
vt 0.19737493 -0.69179606
vt 0.18294962 -0.7085366
vt 0.53396046 -0.8198688
vt 0.5293548 -0.81594586
vt 0.5396659 -0.8126172
vt 0.53293836 -0.80932736
vt 0.5349526 -0.80217826
vt 0.5267285 -0.807282
vt 0.52808267 -0.8008796
vt 0.5248311 -0.81362414
vt 0.52904135 -0.79375505
vt 0.5296553 -0.7852392
vt 0.5216031 -0.8001653
vt 0.5220533 -0.79316056
vt 0.5203074 -0.81247044
vt 0.5210438 -0.80634737
vt 0.5223114 -0.7852392
vt 0.51587504 -0.8123325
vt 0.51545763 -0.80628467
vt 0.5150266 -0.7929957
vt 0.51475686 -0.7852392
vt 0.5152546 -0.8001481
vt 0.50785625 -0.79348075
vt 0.50692517 -0.7852392
vt 0.50984883 -0.80705357
vt 0.5087899 -0.80072594
vt 0.51147896 -0.81313396
vt 0.5071017 -0.81502044
vt 0.5019662 -0.8021493
vt 0.5004037 -0.7946005
vt 0.5041393 -0.8088331
vt 0.4988664 -0.7852392
vt 0.49228406 -0.79614043
vt 0.490647 -0.7852392
vt 0.49810317 -0.81199145
vt 0.49459738 -0.8046899
vt 0.50294316 -0.81817615
vt 0.4988664 -0.7852392
vt 0.49835172 -0.78126764
vt 0.50671923 -0.78126764
vt 0.50692517 -0.7852392
vt 0.48585346 -0.8084407
vt 0.48299158 -0.7980819
vt 0.49910223 -0.82313395
vt 0.49143386 -0.8170545
vt 0.5296553 -0.7852392
vt 0.52989644 -0.78126764
vt 0.5440597 -0.78126764
vt 0.54308087 -0.7852392
vt 0.48260668 -0.7852392
vt 0.5223114 -0.7852392
vt 0.52251554 -0.78126764
vt 0.52989644 -0.78126764
vt 0.5296553 -0.7852392
vt 0.490647 -0.7852392
vt 0.48993185 -0.78126764
vt 0.51475686 -0.7852392
vt 0.5147847 -0.78126764
vt 0.48260668 -0.7852392
vt 0.4814276 -0.78126764
vt 0.08768192 -0.02717948
vt 0.08768192 -0.00795126
vt 0.104576975 -0.00795126
vt 0.104576975 -0.02717948
vt 0.12335527 -0.00795126
vt 0.12335503 -0.02717948
vt 0.14367627 -0.00795126
vt 0.14367627 -0.02717948
vt 0.16527255 -0.00795126
vt 0.16527288 -0.02717948
vt 0.18790744 -0.00795126
vt 0.18790744 -0.02717948
vt 0.21132334 -0.00795126
vt 0.21132366 -0.02717948
vt 0.23525657 -0.00795126
vt 0.23525633 -0.02717948
vt 0.2594716 -0.00795126
vt 0.2594716 -0.02717948
vt 0.678882 -0.37923062
vt 0.678882 -0.3798859
vt 0.6696642 -0.3798859
vt 0.6696642 -0.37923074
vt 0.6596425 -0.3798859
vt 0.6596425 -0.37923074
vt 0.6490122 -0.3798859
vt 0.6490122 -0.37923062
vt 0.6379613 -0.3798859
vt 0.6379613 -0.37923074
vt 0.6266186 -0.3798859
vt 0.6266186 -0.37923074
vt 0.6151207 -0.3798859
vt 0.6151207 -0.37923074
vt 0.603554 -0.3798859
vt 0.603554 -0.37923074
vt 0.59199136 -0.3798859
vt 0.59199136 -0.37923074
vt 0.603554 -0.37565422
vt 0.603554 -0.37923074
vt 0.59199136 -0.37923074
vt 0.59199136 -0.37565422
vt 0.61512053 -0.37565422
vt 0.6151207 -0.37923074
vt 0.6266185 -0.37565422
vt 0.6266186 -0.37923074
vt 0.6379613 -0.37565422
vt 0.6379613 -0.37923074
vt 0.6490122 -0.37565422
vt 0.6490122 -0.37923062
vt 0.6596425 -0.37565422
vt 0.6596425 -0.37923074
vt 0.6696642 -0.37565422
vt 0.6696642 -0.37923074
vt 0.678882 -0.37565422
vt 0.678882 -0.37923062
vt 0.678882 -0.3798859
vt 0.678882 -0.38296008
vt 0.6696642 -0.38296008
vt 0.6696642 -0.3798859
vt 0.6596425 -0.38296008
vt 0.6596425 -0.3798859
vt 0.6490122 -0.38296008
vt 0.6490122 -0.3798859
vt 0.6379613 -0.38296008
vt 0.6379613 -0.3798859
vt 0.6266185 -0.38296008
vt 0.6266186 -0.3798859
vt 0.61512053 -0.38296008
vt 0.6151207 -0.3798859
vt 0.603554 -0.38296008
vt 0.603554 -0.3798859
vt 0.59199136 -0.38296008
vt 0.59199136 -0.3798859
vt 0.23525657 -0.07990122
vt 0.23525633 -0.0625366
vt 0.2594716 -0.0625366
vt 0.2594716 -0.07990122
vt 0.21132334 -0.07990122
vt 0.21132366 -0.0625366
vt 0.18790744 -0.07990122
vt 0.18790744 -0.0625366
vt 0.16527255 -0.07990122
vt 0.16527288 -0.0625366
vt 0.14367627 -0.07990122
vt 0.14367627 -0.06253648
vt 0.12335527 -0.07990122
vt 0.12335503 -0.0625366
vt 0.104576975 -0.07990122
vt 0.104576975 -0.0625366
vt 0.08768192 -0.07990122
vt 0.08768192 -0.0625366
vt 0.23525657 -0.060666203
vt 0.23525633 -0.05236864
vt 0.2594716 -0.05236864
vt 0.2594716 -0.060665965
vt 0.21132366 -0.060665965
vt 0.21132348 -0.05236864
vt 0.18790744 -0.060665965
vt 0.18790744 -0.05236864
vt 0.16527288 -0.060665965
vt 0.16527288 -0.05236864
vt 0.14367647 -0.060665965
vt 0.14367627 -0.05236864
vt 0.12335527 -0.060666203
vt 0.12335503 -0.05236864
vt 0.104576975 -0.060665965
vt 0.104576975 -0.05236864
vt 0.08768192 -0.060666203
vt 0.08768192 -0.05236864
vt 0.23525633 -0.05236864
vt 0.23525633 -0.04818666
vt 0.2594716 -0.04818666
vt 0.2594716 -0.05236864
vt 0.21132348 -0.05236864
vt 0.21132366 -0.04818666
vt 0.18790744 -0.05236864
vt 0.18790744 -0.04818666
vt 0.16527288 -0.05236864
vt 0.16527288 -0.04818666
vt 0.14367627 -0.05236864
vt 0.14367627 -0.04818666
vt 0.12335503 -0.05236864
vt 0.12335503 -0.04818666
vt 0.104576975 -0.05236864
vt 0.104576975 -0.04818666
vt 0.08768192 -0.05236864
vt 0.08768192 -0.04818654
vt 0.23525633 -0.04414022
vt 0.23525633 -0.039173365
vt 0.2594716 -0.039173365
vt 0.2594716 -0.04414022
vt 0.21132366 -0.04414022
vt 0.21132366 -0.039173365
vt 0.18790744 -0.04414022
vt 0.18790744 -0.039173365
vt 0.16527288 -0.04414022
vt 0.16527288 -0.039173365
vt 0.14367627 -0.04414022
vt 0.14367627 -0.039173365
vt 0.12335503 -0.04414022
vt 0.12335503 -0.039173365
vt 0.104576975 -0.04414022
vt 0.104576975 -0.039173365
vt 0.08768192 -0.04414022
vt 0.08768192 -0.039173365
vt 0.23525633 -0.03408754
vt 0.2594716 -0.03408754
vt 0.21132366 -0.03408754
vt 0.18790744 -0.03408754
vt 0.16527288 -0.03408754
vt 0.14367627 -0.03408754
vt 0.12335503 -0.03408754
vt 0.104576975 -0.03408754
vt 0.08768192 -0.0340873
vt 0.08768192 -0.04414022
vt 0.104576975 -0.04414022
vt 0.12335503 -0.04414022
vt 0.14367627 -0.04414022
vt 0.16527288 -0.04414022
vt 0.18790744 -0.04414022
vt 0.21132366 -0.04414022
vt 0.23525633 -0.04414022
vt 0.2594716 -0.04414022
vt 0.23525633 -0.0625366
vt 0.23525657 -0.060666203
vt 0.2594716 -0.060665965
vt 0.2594716 -0.0625366
vt 0.21132366 -0.0625366
vt 0.21132366 -0.060665965
vt 0.18790744 -0.0625366
vt 0.18790744 -0.060665965
vt 0.16527288 -0.0625366
vt 0.16527288 -0.060665965
vt 0.14367627 -0.06253648
vt 0.14367647 -0.060665965
vt 0.12335503 -0.0625366
vt 0.12335527 -0.060666203
vt 0.104576975 -0.0625366
vt 0.104576975 -0.060665965
vt 0.08768192 -0.0625366
vt 0.08768192 -0.060666203
vt 0.98807824 -0.07654226
vt 0.9907525 -0.07675195
vt 0.98423696 -0.10448134
vt 0.9818086 -0.103402495
vt 0.9682574 -0.12768888
vt 0.9664179 -0.12579775
vt 0.94479936 -0.14304197
vt 0.94382113 -0.14060187
vt 0.91732275 -0.1482718
vt 0.91735035 -0.145648
vt 0.88997144 -0.14261806
vt 0.89099777 -0.14020693
vt 0.86688095 -0.1269685
vt 0.86874676 -0.12513423
vt 0.8515301 -0.103738666
vt 0.85394526 -0.10275459
vt 0.8461794 -0.07654226
vt 0.84876025 -0.07654226
vt 0.59199136 -0.4062674
vt 0.603554 -0.4062674
vt 0.603554 -0.43004775
vt 0.59199136 -0.43004775
vt 0.6696642 -0.4062674
vt 0.678882 -0.4062674
vt 0.678882 -0.430048
vt 0.6696642 -0.43004775
vt 0.6596425 -0.4062674
vt 0.6596425 -0.43004775
vt 0.6490122 -0.4062674
vt 0.6490122 -0.43004775
vt 0.6379613 -0.4062674
vt 0.6379613 -0.43004775
vt 0.6266186 -0.4062674
vt 0.6266186 -0.43004775
vt 0.6151207 -0.4062674
vt 0.6151207 -0.43004775
vt 0.59199136 -0.44804502
vt 0.603554 -0.44804502
vt 0.603554 -0.46559358
vt 0.59199136 -0.46559358
vt 0.6696642 -0.44804502
vt 0.678882 -0.44804502
vt 0.678882 -0.46559358
vt 0.6696642 -0.46559358
vt 0.6596425 -0.44804502
vt 0.6596425 -0.46559358
vt 0.6490122 -0.44804502
vt 0.6490122 -0.46559358
vt 0.6379613 -0.44804502
vt 0.6379613 -0.46559358
vt 0.6266186 -0.44804502
vt 0.6266186 -0.46559358
vt 0.6151207 -0.44804502
vt 0.6151207 -0.46559358
vt 0.603554 -0.38973045
vt 0.6151207 -0.38973045
vt 0.6266186 -0.38973045
vt 0.6379613 -0.38973045
vt 0.6490122 -0.38973045
vt 0.6596425 -0.38973045
vt 0.6696642 -0.38973045
vt 0.678882 -0.38973045
vt 0.59199136 -0.38973045
vt 0.59199136 -0.38296008
vt 0.603554 -0.38296008
vt 0.6696642 -0.38296008
vt 0.678882 -0.38296008
vt 0.6596425 -0.38296008
vt 0.6490122 -0.38296008
vt 0.6379613 -0.38296008
vt 0.6266185 -0.38296008
vt 0.61512053 -0.38296008
vt 0.37981302 -0.39320755
vt 0.3681074 -0.39320755
vt 0.3681074 -0.388103
vt 0.37981302 -0.388103
vt 0.35635912 -0.39320755
vt 0.35635912 -0.388103
vt 0.3444878 -0.39320755
vt 0.3444878 -0.388103
vt 0.3324119 -0.39320755
vt 0.33241156 -0.38810277
vt 0.31992 -0.39320755
vt 0.31992 -0.388103
vt 0.30615783 -0.39320755
vt 0.30615783 -0.388103
vt 0.40283772 -0.39320755
vt 0.39138064 -0.39320755
vt 0.39138052 -0.388103
vt 0.40283784 -0.388103
vt 0.39138052 -0.4039998
vt 0.37981302 -0.40400004
vt 0.37981302 -0.4010867
vt 0.39138052 -0.4010867
vt 0.40283784 -0.4039998
vt 0.40283784 -0.4010867
vt 0.31992 -0.4039998
vt 0.30615783 -0.4039998
vt 0.30615783 -0.4010867
vt 0.31992 -0.4010868
vt 0.33241156 -0.4039998
vt 0.3324119 -0.4010867
vt 0.3444878 -0.4039998
vt 0.3444878 -0.4010868
vt 0.35635912 -0.4039998
vt 0.35635912 -0.4010867
vt 0.3681074 -0.4039998
vt 0.3681074 -0.4010867
vt 0.37981302 -0.4245609
vt 0.3681074 -0.4245609
vt 0.3681074 -0.42256594
vt 0.37981302 -0.42256594
vt 0.35635912 -0.4245609
vt 0.35635912 -0.42256594
vt 0.3444878 -0.4245609
vt 0.3444878 -0.42256594
vt 0.3324119 -0.4245609
vt 0.33241156 -0.42256594
vt 0.31992 -0.4245609
vt 0.31992 -0.42256594
vt 0.30615783 -0.4245609
vt 0.30615783 -0.42256594
vt 0.40283772 -0.4245609
vt 0.39138052 -0.4245609
vt 0.39138052 -0.42256594
vt 0.40283784 -0.42256594
vt 0.37981302 -0.40916252
vt 0.3681074 -0.40916252
vt 0.3681074 -0.4039998
vt 0.37981302 -0.40400004
vt 0.35635912 -0.40916252
vt 0.35635912 -0.4039998
vt 0.3444878 -0.40916252
vt 0.3444878 -0.4039998
vt 0.33241156 -0.40916252
vt 0.33241156 -0.4039998
vt 0.31992 -0.40916252
vt 0.31992 -0.4039998
vt 0.30615783 -0.40916252
vt 0.30615783 -0.4039998
vt 0.40283784 -0.40916252
vt 0.39138052 -0.40916252
vt 0.39138052 -0.4039998
vt 0.40283784 -0.4039998
vt 0.39138052 -0.4010867
vt 0.37981302 -0.4010867
vt 0.37981302 -0.39732277
vt 0.39138052 -0.39732277
vt 0.39138052 -0.39732277
vt 0.37981302 -0.39732277
vt 0.40283784 -0.4010867
vt 0.40283784 -0.39732277
vt 0.40283784 -0.39732277
vt 0.31992 -0.4010868
vt 0.30615783 -0.4010867
vt 0.30615783 -0.39732277
vt 0.31992 -0.39732277
vt 0.31992 -0.39732277
vt 0.30615783 -0.39732277
vt 0.3324119 -0.4010867
vt 0.33241156 -0.39732277
vt 0.33241156 -0.39732277
vt 0.3444878 -0.4010868
vt 0.3444878 -0.39732277
vt 0.3444878 -0.39732277
vt 0.35635912 -0.4010867
vt 0.35635912 -0.39732277
vt 0.35635912 -0.39732277
vt 0.3681074 -0.4010867
vt 0.3681074 -0.39732277
vt 0.3681074 -0.39732277
vt 0.37981302 -0.37959206
vt 0.3681074 -0.37959206
vt 0.3681074 -0.37221122
vt 0.37981302 -0.37221122
vt 0.35635912 -0.37959206
vt 0.35635912 -0.37221122
vt 0.3444878 -0.37959206
vt 0.3444878 -0.37221122
vt 0.33241156 -0.37959206
vt 0.33241156 -0.37221122
vt 0.31992 -0.37959206
vt 0.31992 -0.37221122
vt 0.30615783 -0.37959206
vt 0.30615783 -0.37221098
vt 0.40283784 -0.37959206
vt 0.39138052 -0.37959206
vt 0.39138052 -0.37221122
vt 0.40283784 -0.37221122
vt 0.39138052 -0.388103
vt 0.37981302 -0.388103
vt 0.37981302 -0.3835113
vt 0.39138064 -0.3835113
vt 0.40283784 -0.388103
vt 0.40283784 -0.3835113
vt 0.31992 -0.388103
vt 0.30615783 -0.388103
vt 0.30615783 -0.3835113
vt 0.31992 -0.3835113
vt 0.33241156 -0.38810277
vt 0.33241156 -0.3835113
vt 0.3444878 -0.388103
vt 0.3444878 -0.3835113
vt 0.35635912 -0.388103
vt 0.35635912 -0.3835113
vt 0.3681074 -0.388103
vt 0.3681074 -0.3835113
vt 0.37981302 -0.37959206
vt 0.39138052 -0.37959206
vt 0.40283784 -0.37959206
vt 0.30615783 -0.37959206
vt 0.31992 -0.37959206
vt 0.33241156 -0.37959206
vt 0.3444878 -0.37959206
vt 0.35635912 -0.37959206
vt 0.3681074 -0.37959206
vt 0.40283784 -0.37221122
vt 0.39138052 -0.37221122
vt 0.39138052 -0.36547482
vt 0.40283784 -0.36547482
vt 0.37981302 -0.37221122
vt 0.37981302 -0.36547482
vt 0.3681074 -0.37221122
vt 0.3681074 -0.36547482
vt 0.35635912 -0.37221122
vt 0.35635912 -0.36547482
vt 0.3444878 -0.37221122
vt 0.3444878 -0.36547482
vt 0.33241156 -0.37221122
vt 0.33241156 -0.36547482
vt 0.31992 -0.37221122
vt 0.31992 -0.36547482
vt 0.30615783 -0.37221098
vt 0.30615783 -0.36547482
vt 0.37981302 -0.3633814
vt 0.3681074 -0.3633814
vt 0.3681074 -0.36093307
vt 0.37981302 -0.36093307
vt 0.39138064 -0.3633814
vt 0.39138052 -0.36093307
vt 0.35635912 -0.3633814
vt 0.35635912 -0.36093307
vt 0.3444878 -0.3633814
vt 0.3444878 -0.36093307
vt 0.3324119 -0.3633814
vt 0.31992 -0.3633814
vt 0.31992 -0.36093307
vt 0.33241156 -0.36093307
vt 0.30615783 -0.36338162
vt 0.30615783 -0.36093283
vt 0.40283784 -0.3633814
vt 0.40283784 -0.36093307
vt 0.39138052 -0.3571688
vt 0.37981302 -0.3571688
vt 0.37981302 -0.354823
vt 0.39138052 -0.354823
vt 0.3324119 -0.3571688
vt 0.31992 -0.3571688
vt 0.31991985 -0.354823
vt 0.3324119 -0.354823
vt 0.3444878 -0.3571688
vt 0.3444878 -0.354823
vt 0.35635912 -0.3571688
vt 0.35635912 -0.354823
vt 0.3681074 -0.3571688
vt 0.3681074 -0.354823
vt 0.40283784 -0.3571688
vt 0.40283772 -0.354823
vt 0.30615783 -0.3571688
vt 0.30615783 -0.354823
vt 0.39138052 -0.35937595
vt 0.40283784 -0.35937595
vt 0.30615783 -0.35937595
vt 0.31992 -0.35937595
vt 0.33241156 -0.35937595
vt 0.3444878 -0.35937595
vt 0.35635912 -0.35937595
vt 0.3681074 -0.35937595
vt 0.37981302 -0.35937595
vt 0.3444878 -0.36547482
vt 0.33241156 -0.36547482
vt 0.3324119 -0.3633814
vt 0.3444878 -0.3633814
vt 0.40283784 -0.36547482
vt 0.39138052 -0.36547482
vt 0.39138064 -0.3633814
vt 0.40283784 -0.3633814
vt 0.31992 -0.36547482
vt 0.30615783 -0.36547482
vt 0.30615783 -0.36338162
vt 0.31992 -0.3633814
vt 0.35635912 -0.36547482
vt 0.35635912 -0.3633814
vt 0.3681074 -0.36547482
vt 0.3681074 -0.3633814
vt 0.37981302 -0.36547482
vt 0.37981302 -0.3633814
vt 0.8086064 -0.5802133
vt 0.82067704 -0.5773139
vt 0.82419854 -0.5898944
vt 0.8106669 -0.59238577
vt 0.83330774 -0.5722555
vt 0.83888817 -0.5858891
vt 0.7414055 -0.5672339
vt 0.75185835 -0.57340384
vt 0.7469288 -0.58451223
vt 0.73421097 -0.5785066
vt 0.76257706 -0.5776081
vt 0.7591959 -0.58882093
vt 0.77364695 -0.58033836
vt 0.7715622 -0.5919101
vt 0.7850946 -0.5817094
vt 0.7844216 -0.59365726
vt 0.7967871 -0.58166075
vt 0.7975548 -0.59372854
vt 0.74212307 -0.5981798
vt 0.7554996 -0.60217214
vt 0.7520384 -0.6152878
vt 0.7387948 -0.6121131
vt 0.76884127 -0.605891
vt 0.76500326 -0.6193043
vt 0.77899706 -0.6120218
vt 0.75869274 -0.6349242
vt 0.7772187 -0.62423396
vt 0.812577 -0.60661066
vt 0.81422377 -0.6204449
vt 0.82692504 -0.6049359
vt 0.82807946 -0.6194861
vt 0.8429581 -0.6030332
vt 0.84309256 -0.61971784
vt 0.72729814 -0.5934806
vt 0.7239251 -0.60973907
vt 0.73319817 -0.6644702
vt 0.7304163 -0.65670156
vt 0.7358801 -0.6557348
vt 0.73632437 -0.6638384
vt 0.74128205 -0.65627337
vt 0.7394881 -0.6641041
vt 0.74630624 -0.658206
vt 0.7424513 -0.6652262
vt 0.75067973 -0.661432
vt 0.744993 -0.66712964
vt 0.75676966 -0.66467214
vt 0.7468766 -0.6696905
vt 0.8279326 -0.63667715
vt 0.8271799 -0.6504798
vt 0.8160848 -0.6373062
vt 0.840076 -0.6382061
vt 0.83617294 -0.6521218
vt 0.7239251 -0.62902784
vt 0.73653406 -0.6290406
vt 0.7357898 -0.6427151
vt 0.7265796 -0.6436858
vt 0.74787825 -0.631078
vt 0.7445735 -0.6438707
vt 0.75272703 -0.6469188
vt 0.7959555 -0.5694276
vt 0.8062083 -0.567893
vt 0.78575915 -0.5696839
vt 0.77576554 -0.5687077
vt 0.76616156 -0.56652796
vt 0.75715655 -0.5630486
vt 0.7491405 -0.5579698
vt 0.8164005 -0.5649886
vt 0.82619077 -0.5606338
vt 0.83215487 -0.6635653
vt 0.82637525 -0.6609752
vt 0.54313886 -0.8041476
vt 0.399843 -0.7267319
vt 0.3948654 -0.73103786
vt 0.4060632 -0.734627
vt 0.39878157 -0.7382518
vt 0.40099847 -0.74605227
vt 0.39355356 -0.7475021
vt 0.39205596 -0.74051404
vt 0.38996953 -0.73359466
vt 0.3946249 -0.75528073
vt 0.39533213 -0.76472116
vt 0.38704887 -0.75596154
vt 0.3865293 -0.7483119
vt 0.38589483 -0.7415612
vt 0.38506845 -0.73487544
vt 0.38737017 -0.76472116
vt 0.37983662 -0.7416551
vt 0.38026223 -0.73504615
vt 0.37917912 -0.76472116
vt 0.37942922 -0.75617385
vt 0.37964416 -0.7483597
vt 0.37068525 -0.76472116
vt 0.37165 -0.7556765
vt 0.3726302 -0.7477577
vt 0.37375027 -0.7408407
vt 0.37549067 -0.73419094
vt 0.3707352 -0.7321501
vt 0.3635628 -0.75448704
vt 0.36522335 -0.7462337
vt 0.36755013 -0.7389221
vt 0.3619425 -0.76472116
vt 0.35302168 -0.76472116
vt 0.35474947 -0.7528417
vt 0.3572201 -0.7434914
vt 0.36098948 -0.73549974
vt 0.36621058 -0.7287214
vt 0.3619425 -0.76472116
vt 0.37068525 -0.76472116
vt 0.37047982 -0.7687166
vt 0.3614027 -0.7687166
vt 0.34466285 -0.7507627
vt 0.3477198 -0.73943377
vt 0.35373333 -0.72999895
vt 0.36202276 -0.7233225
vt 0.39533213 -0.76472116
vt 0.4098852 -0.76472116
vt 0.4109602 -0.7687166
vt 0.39560944 -0.7687166
vt 0.3442955 -0.76472116
vt 0.38737017 -0.76472116
vt 0.39533213 -0.76472116
vt 0.39560944 -0.7687166
vt 0.38760823 -0.7687166
vt 0.35302168 -0.76472116
vt 0.35226536 -0.7687166
vt 0.37917912 -0.76472116
vt 0.3792265 -0.7687166
vt 0.3442955 -0.76472116
vt 0.34303486 -0.7687166
vt 0.43126065 -0.02717948
vt 0.4143659 -0.02717948
vt 0.4143659 -0.00795126
vt 0.43126065 -0.00795126
vt 0.3955877 -0.02717948
vt 0.3955876 -0.00795126
vt 0.37526673 -0.02717948
vt 0.37526673 -0.00795126
vt 0.3536704 -0.02717948
vt 0.3536704 -0.00795126
vt 0.33103544 -0.02717948
vt 0.3310356 -0.00795126
vt 0.30761972 -0.02717948
vt 0.30761972 -0.00795126
vt 0.28368664 -0.02717948
vt 0.28368664 -0.00795126
vt 0.5050949 -0.37923062
vt 0.514314 -0.37923074
vt 0.514314 -0.3798859
vt 0.5050949 -0.3798859
vt 0.5243369 -0.37923074
vt 0.52433676 -0.3798859
vt 0.534968 -0.37923062
vt 0.534968 -0.3798859
vt 0.5460199 -0.37923074
vt 0.5460199 -0.3798859
vt 0.5573633 -0.37923074
vt 0.5573633 -0.3798859
vt 0.5688618 -0.37923074
vt 0.5688618 -0.3798859
vt 0.58042854 -0.37923074
vt 0.58042854 -0.3798859
vt 0.58042854 -0.37565422
vt 0.58042854 -0.37923074
vt 0.5688618 -0.37565422
vt 0.5688618 -0.37923074
vt 0.5573633 -0.37565422
vt 0.5573633 -0.37923074
vt 0.5460199 -0.37565422
vt 0.5460199 -0.37923074
vt 0.534968 -0.37565422
vt 0.534968 -0.37923062
vt 0.52433676 -0.37565422
vt 0.5243369 -0.37923074
vt 0.514314 -0.37565422
vt 0.514314 -0.37923074
vt 0.5050949 -0.37565422
vt 0.5050949 -0.37923062
vt 0.5050949 -0.3798859
vt 0.514314 -0.3798859
vt 0.514314 -0.38296008
vt 0.5050949 -0.38296008
vt 0.52433676 -0.3798859
vt 0.52433676 -0.38296008
vt 0.534968 -0.3798859
vt 0.534968 -0.38296008
vt 0.5460199 -0.3798859
vt 0.5460199 -0.38296008
vt 0.5573633 -0.3798859
vt 0.5573633 -0.38296008
vt 0.5688618 -0.3798859
vt 0.5688618 -0.38296008
vt 0.58042854 -0.3798859
vt 0.58042854 -0.38296008
vt 0.28368664 -0.07990122
vt 0.28368664 -0.0625366
vt 0.30761972 -0.07990122
vt 0.30761972 -0.0625366
vt 0.3310356 -0.07990122
vt 0.33103544 -0.0625366
vt 0.3536704 -0.07990122
vt 0.3536704 -0.0625366
vt 0.37526673 -0.07990122
vt 0.37526673 -0.06253648
vt 0.3955876 -0.07990122
vt 0.3955877 -0.0625366
vt 0.4143659 -0.07990122
vt 0.4143659 -0.0625366
vt 0.43126065 -0.07990122
vt 0.43126065 -0.0625366
vt 0.28368664 -0.060666203
vt 0.28368664 -0.05236864
vt 0.30761984 -0.060665965
vt 0.30761972 -0.05236864
vt 0.33103544 -0.060665965
vt 0.33103544 -0.05236864
vt 0.3536704 -0.060665965
vt 0.3536704 -0.05236864
vt 0.37526673 -0.060665965
vt 0.37526673 -0.05236864
vt 0.3955876 -0.060666203
vt 0.3955877 -0.05236864
vt 0.4143659 -0.060665965
vt 0.4143659 -0.05236864
vt 0.43126065 -0.060666203
vt 0.43126065 -0.05236864
vt 0.28368664 -0.05236864
vt 0.28368664 -0.04818666
vt 0.30761972 -0.05236864
vt 0.30761972 -0.04818666
vt 0.33103544 -0.05236864
vt 0.33103544 -0.04818666
vt 0.3536704 -0.05236864
vt 0.3536704 -0.04818666
vt 0.37526673 -0.05236864
vt 0.37526673 -0.04818666
vt 0.3955877 -0.05236864
vt 0.3955877 -0.04818666
vt 0.4143659 -0.05236864
vt 0.4143659 -0.04818666
vt 0.43126065 -0.05236864
vt 0.43126065 -0.04818654
vt 0.28368664 -0.04414022
vt 0.28368664 -0.039173365
vt 0.30761972 -0.04414022
vt 0.30761972 -0.039173365
vt 0.33103544 -0.04414022
vt 0.33103544 -0.039173365
vt 0.3536704 -0.04414022
vt 0.3536704 -0.039173365
vt 0.37526673 -0.04414022
vt 0.37526673 -0.039173365
vt 0.3955877 -0.04414022
vt 0.3955877 -0.039173365
vt 0.4143659 -0.04414022
vt 0.4143659 -0.039173365
vt 0.43126065 -0.04414022
vt 0.43126065 -0.039173365
vt 0.28368664 -0.03408754
vt 0.30761972 -0.03408754
vt 0.33103544 -0.03408754
vt 0.3536704 -0.03408754
vt 0.37526673 -0.03408754
vt 0.3955877 -0.03408754
vt 0.4143659 -0.03408754
vt 0.43126065 -0.0340873
vt 0.4143659 -0.04414022
vt 0.43126065 -0.04414022
vt 0.3955877 -0.04414022
vt 0.37526673 -0.04414022
vt 0.3536704 -0.04414022
vt 0.33103544 -0.04414022
vt 0.30761972 -0.04414022
vt 0.28368664 -0.04414022
vt 0.28368664 -0.0625366
vt 0.28368664 -0.060666203
vt 0.30761972 -0.0625366
vt 0.30761984 -0.060665965
vt 0.33103544 -0.0625366
vt 0.33103544 -0.060665965
vt 0.3536704 -0.0625366
vt 0.3536704 -0.060665965
vt 0.37526673 -0.06253648
vt 0.37526673 -0.060665965
vt 0.3955877 -0.0625366
vt 0.3955876 -0.060666203
vt 0.4143659 -0.0625366
vt 0.4143659 -0.060665965
vt 0.43126065 -0.0625366
vt 0.43126065 -0.060666203
vt 0.98807824 -0.07654226
vt 0.9818086 -0.049681902
vt 0.9842367 -0.048603058
vt 0.9907525 -0.07633233
vt 0.9664179 -0.027287006
vt 0.9682574 -0.025395393
vt 0.94382143 -0.012482762
vt 0.94479936 -0.010042548
vt 0.91735035 -0.007436633
vt 0.91732275 -0.004812598
vt 0.8909975 -0.012877822
vt 0.88997126 -0.010466456
vt 0.86874664 -0.027950406
vt 0.86688095 -0.026116133
vt 0.85394526 -0.050329804
vt 0.8515301 -0.04934597
vt 0.58042854 -0.43004775
vt 0.58042854 -0.4062674
vt 0.514314 -0.4062674
vt 0.514314 -0.43004775
vt 0.5050949 -0.430048
vt 0.5050949 -0.4062674
vt 0.5243369 -0.4062674
vt 0.5243369 -0.43004775
vt 0.534968 -0.4062674
vt 0.534968 -0.43004775
vt 0.5460199 -0.4062674
vt 0.5460199 -0.43004775
vt 0.5573633 -0.4062674
vt 0.5573633 -0.43004775
vt 0.5688618 -0.4062674
vt 0.5688618 -0.43004775
vt 0.58042854 -0.46559358
vt 0.58042854 -0.44804502
vt 0.514314 -0.44804502
vt 0.514314 -0.46559358
vt 0.5050949 -0.46559358
vt 0.5050949 -0.44804502
vt 0.5243369 -0.44804502
vt 0.5243369 -0.46559358
vt 0.534968 -0.44804502
vt 0.534968 -0.46559358
vt 0.5460199 -0.44804502
vt 0.5460199 -0.46559358
vt 0.5573633 -0.44804502
vt 0.5573633 -0.46559358
vt 0.5688618 -0.44804502
vt 0.5688618 -0.46559358
vt 0.58042854 -0.38973045
vt 0.5688618 -0.38973045
vt 0.5573633 -0.38973045
vt 0.5460199 -0.38973045
vt 0.534968 -0.38973045
vt 0.5243369 -0.38973045
vt 0.514314 -0.38973045
vt 0.5050949 -0.38973045
vt 0.58042854 -0.38296008
vt 0.514314 -0.38296008
vt 0.5050949 -0.38296008
vt 0.52433676 -0.38296008
vt 0.534968 -0.38296008
vt 0.5460199 -0.38296008
vt 0.5573633 -0.38296008
vt 0.5688618 -0.38296008
vt 0.4258625 -0.39320755
vt 0.4258625 -0.388103
vt 0.4375681 -0.388103
vt 0.4375681 -0.39320755
vt 0.44931597 -0.388103
vt 0.44931597 -0.39320755
vt 0.4611874 -0.388103
vt 0.46118727 -0.39320755
vt 0.47326326 -0.38810277
vt 0.47326326 -0.39320755
vt 0.4857552 -0.388103
vt 0.4857552 -0.39320755
vt 0.49951726 -0.388103
vt 0.49951726 -0.39320755
vt 0.41429484 -0.388103
vt 0.41429484 -0.39320755
vt 0.41429484 -0.4039998
vt 0.41429484 -0.4010867
vt 0.4258625 -0.4010867
vt 0.42586237 -0.40400004
vt 0.4857552 -0.4039998
vt 0.4857552 -0.4010868
vt 0.49951726 -0.4010867
vt 0.49951726 -0.4039998
vt 0.47326326 -0.4039998
vt 0.47326326 -0.4010867
vt 0.46118727 -0.4039998
vt 0.46118727 -0.4010868
vt 0.44931597 -0.4039998
vt 0.44931597 -0.4010867
vt 0.4375681 -0.4039998
vt 0.4375681 -0.4010867
vt 0.4258625 -0.4245609
vt 0.4258625 -0.42256594
vt 0.4375681 -0.42256594
vt 0.4375681 -0.4245609
vt 0.44931597 -0.42256594
vt 0.44931597 -0.4245609
vt 0.46118727 -0.42256594
vt 0.4611874 -0.4245609
vt 0.47326326 -0.42256594
vt 0.47326326 -0.4245609
vt 0.4857552 -0.42256594
vt 0.4857552 -0.4245609
vt 0.49951726 -0.42256594
vt 0.49951726 -0.4245609
vt 0.41429484 -0.42256594
vt 0.41429484 -0.4245609
vt 0.42586237 -0.40916252
vt 0.42586237 -0.40400004
vt 0.4375681 -0.4039998
vt 0.4375681 -0.40916252
vt 0.44931597 -0.4039998
vt 0.44931597 -0.40916252
vt 0.46118727 -0.4039998
vt 0.4611874 -0.40916252
vt 0.47326326 -0.4039998
vt 0.47326326 -0.40916252
vt 0.4857552 -0.4039998
vt 0.4857552 -0.40916252
vt 0.49951726 -0.4039998
vt 0.49951726 -0.40916252
vt 0.41429484 -0.4039998
vt 0.41429484 -0.40916252
vt 0.41429484 -0.4010867
vt 0.41429484 -0.39732277
vt 0.4258625 -0.39732277
vt 0.4258625 -0.4010867
vt 0.41429484 -0.39732277
vt 0.4258625 -0.39732277
vt 0.4857552 -0.4010868
vt 0.4857552 -0.39732277
vt 0.49951726 -0.39732277
vt 0.49951726 -0.4010867
vt 0.4857552 -0.39732277
vt 0.49951726 -0.39732277
vt 0.47326326 -0.4010867
vt 0.47326326 -0.39732277
vt 0.47326326 -0.39732277
vt 0.46118727 -0.4010868
vt 0.46118727 -0.39732277
vt 0.46118727 -0.39732277
vt 0.44931597 -0.4010867
vt 0.44931597 -0.39732277
vt 0.44931597 -0.39732277
vt 0.4375681 -0.4010867
vt 0.4375681 -0.39732277
vt 0.4375681 -0.39732277
vt 0.4258625 -0.37959206
vt 0.4258625 -0.37221122
vt 0.4375681 -0.37221122
vt 0.4375681 -0.37959206
vt 0.44931597 -0.37221122
vt 0.44931597 -0.37959206
vt 0.46118727 -0.37221122
vt 0.46118727 -0.37959206
vt 0.47326326 -0.37221122
vt 0.47326326 -0.37959206
vt 0.4857552 -0.37221122
vt 0.4857552 -0.37959206
vt 0.49951726 -0.37221098
vt 0.49951726 -0.37959206
vt 0.41429484 -0.37221122
vt 0.41429484 -0.37959206
vt 0.41429484 -0.388103
vt 0.41429484 -0.3835113
vt 0.4258625 -0.3835113
vt 0.4258625 -0.388103
vt 0.4857552 -0.388103
vt 0.4857552 -0.3835113
vt 0.49951726 -0.3835113
vt 0.49951726 -0.388103
vt 0.47326326 -0.38810277
vt 0.47326326 -0.3835113
vt 0.4611874 -0.388103
vt 0.46118727 -0.3835113
vt 0.44931597 -0.388103
vt 0.44931597 -0.3835113
vt 0.4375681 -0.388103
vt 0.4375681 -0.3835113
vt 0.41429484 -0.37959206
vt 0.4258625 -0.37959206
vt 0.4857552 -0.37959206
vt 0.49951726 -0.37959206
vt 0.47326326 -0.37959206
vt 0.46118727 -0.37959206
vt 0.44931597 -0.37959206
vt 0.4375681 -0.37959206
vt 0.41429484 -0.36547482
vt 0.41429484 -0.37221122
vt 0.4258625 -0.36547482
vt 0.4258625 -0.37221122
vt 0.4375681 -0.36547482
vt 0.4375681 -0.37221122
vt 0.44931597 -0.36547482
vt 0.44931597 -0.37221122
vt 0.46118727 -0.36547482
vt 0.46118727 -0.37221122
vt 0.47326326 -0.36547482
vt 0.47326326 -0.37221122
vt 0.4857552 -0.36547482
vt 0.4857552 -0.37221122
vt 0.49951726 -0.36547482
vt 0.49951726 -0.37221098
vt 0.4258625 -0.3633814
vt 0.4258625 -0.36093307
vt 0.4375681 -0.36093307
vt 0.4375681 -0.3633814
vt 0.41429484 -0.3633814
vt 0.41429484 -0.36093307
vt 0.44931597 -0.36093307
vt 0.44931597 -0.3633814
vt 0.46118727 -0.36093307
vt 0.46118727 -0.3633814
vt 0.47326326 -0.3633814
vt 0.47326326 -0.36093307
vt 0.4857552 -0.36093307
vt 0.4857552 -0.3633814
vt 0.49951726 -0.36093283
vt 0.49951726 -0.36338162
vt 0.41429484 -0.3571688
vt 0.41429484 -0.354823
vt 0.4258625 -0.354823
vt 0.4258625 -0.3571688
vt 0.47326326 -0.3571688
vt 0.47326326 -0.354823
vt 0.4857552 -0.354823
vt 0.4857552 -0.3571688
vt 0.46118727 -0.3571688
vt 0.4611874 -0.354823
vt 0.44931597 -0.3571688
vt 0.44931597 -0.354823
vt 0.4375681 -0.3571688
vt 0.4375681 -0.354823
vt 0.49951726 -0.354823
vt 0.49951726 -0.3571688
vt 0.41429484 -0.35937595
vt 0.49951726 -0.35937595
vt 0.4857552 -0.35937595
vt 0.47326326 -0.35937595
vt 0.46118727 -0.35937595
vt 0.44931597 -0.35937595
vt 0.4375681 -0.35937595
vt 0.42586237 -0.35937595
vt 0.46118727 -0.36547482
vt 0.46118727 -0.3633814
vt 0.47326326 -0.3633814
vt 0.47326326 -0.36547482
vt 0.41429484 -0.3633814
vt 0.41429484 -0.36547482
vt 0.4857552 -0.36547482
vt 0.4857552 -0.3633814
vt 0.49951726 -0.36338162
vt 0.49951726 -0.36547482
vt 0.44931597 -0.36547482
vt 0.44931597 -0.3633814
vt 0.4375681 -0.36547482
vt 0.4375681 -0.3633814
vt 0.4258625 -0.3633814
vt 0.4258625 -0.36547482
vt 0.34020168 -0.58137524
vt 0.3381498 -0.5935533
vt 0.32461184 -0.5910715
vt 0.32812497 -0.5784842
vt 0.30991447 -0.58707595
vt 0.31548655 -0.5734334
vt 0.4074122 -0.5683503
vt 0.41461328 -0.5796213
vt 0.40189666 -0.58563375
vt 0.3969605 -0.5745263
vt 0.38963103 -0.58994997
vt 0.38624224 -0.57873726
vt 0.37726527 -0.593048
vt 0.37517178 -0.58147526
vt 0.36440384 -0.59480536
vt 0.36372203 -0.58285475
vt 0.35126686 -0.59488654
vt 0.352026 -0.5828147
vt 0.4067095 -0.59929967
vt 0.41004276 -0.61323
vt 0.3968051 -0.61640847
vt 0.39333606 -0.6032989
vt 0.38385132 -0.62043524
vt 0.37999776 -0.60702825
vt 0.3698445 -0.6131706
vt 0.39017496 -0.6360209
vt 0.37163988 -0.62538815
vt 0.3346128 -0.621624
vt 0.33624965 -0.60778403
vt 0.32075214 -0.62067544
vt 0.32189584 -0.6061199
vt 0.30573428 -0.62091863
vt 0.30585605 -0.6042286
vt 0.42153326 -0.5945945
vt 0.42491153 -0.61085343
vt 0.41557932 -0.6655822
vt 0.4124533 -0.66494286
vt 0.4129171 -0.6568378
vt 0.41838002 -0.6578164
vt 0.40928778 -0.6652007
vt 0.4075142 -0.6573638
vt 0.40632048 -0.66631484
vt 0.4024862 -0.6592822
vt 0.4037717 -0.66821074
vt 0.39810377 -0.66249204
vt 0.40187827 -0.67076635
vt 0.39199445 -0.66570854
vt 0.32091203 -0.637872
vt 0.33276433 -0.63849235
vt 0.32167566 -0.65167856
vt 0.31268084 -0.65332794
vt 0.30876577 -0.63941073
vt 0.42491153 -0.63014436
vt 0.42224252 -0.6448041
vt 0.41303393 -0.64382005
vt 0.41230202 -0.63015056
vt 0.40425467 -0.64496124
vt 0.40096647 -0.63218117
vt 0.39610788 -0.64798975
vt 0.3528489 -0.5705768
vt 0.34259143 -0.56904924
vt 0.3630489 -0.57082605
vt 0.37304494 -0.5698426
vt 0.3826504 -0.56765676
vt 0.39165568 -0.5641718
vt 0.39967084 -0.559088
vt 0.3323937 -0.5661516
vt 0.32259706 -0.5618026
vt 0.31670916 -0.6647723
vt 0.3224886 -0.66217685
vt 0.40986767 -0.74386394
vt 0.138241 -0.6492257
vt 0.13594571 -0.65954113
vt 0.20289862 -0.6491643
vt 0.20521271 -0.6594758
vt 0.13738443 -0.6769767
vt 0.13621813 -0.6667404
vt 0.2049533 -0.6666765
vt 0.20380498 -0.67691565
vt 0.18980078 -0.6594322
vt 0.18981026 -0.6667094
vt 0.15189005 -0.66674423
vt 0.15188602 -0.6594684
vt 0.13621813 -0.6667404
vt 0.13594571 -0.65954113
vt 0.20521271 -0.6594758
vt 0.2049533 -0.6666765
vt 0.59199136 -0.47639585
vt 0.58042854 -0.47639585
vt 0.514314 -0.47639585
vt 0.5050949 -0.47639585
vt 0.52433676 -0.47639585
vt 0.534968 -0.47639585
vt 0.5460199 -0.47639585
vt 0.5573633 -0.47639585
vt 0.5688618 -0.47639585
vt 0.603554 -0.47639585
vt 0.678882 -0.47639585
vt 0.6696642 -0.47639585
vt 0.6596425 -0.47639585
vt 0.6490122 -0.47639585
vt 0.6379613 -0.47639585
vt 0.6266185 -0.47639585
vt 0.61512053 -0.47639585
vn 0.38157278 0.9212167 0.07590721
vn 4.2340766E-9 0.99166167 0.12886886
vn 0.4197216 0.897493 0.13542584
vn 0.3359517 0.8974926 0.28573337
vn 0.20103212 0.897491 0.39255065
vn 0.03550963 0.8974904 0.43960214
vn -0.13542156 0.89749074 0.4197277
vn -0.28574178 0.89749014 0.33595097
vn -0.39255232 0.8974888 0.20103917
vn -0.46676674 0.8794928 0.09285051
vn 0.0 -0.9995805 -0.028961085
vn 0.011082924 -0.9995805 -0.026756559
vn 9.246753E-11 -1.0 0.0
vn -0.0204786 -0.9995805 -0.0204786
vn -0.011082943 -0.9995805 -0.02675655
vn 0.026756557 -0.9995805 -0.011082938
vn 0.028961074 -0.9995805 0.0
vn -0.028961074 -0.9995805 0.0
vn -0.026756536 -0.9995805 -0.011082985
vn 0.02047858 -0.9995805 -0.020478576
vn 0.5917733 0.7025314 0.39528975
vn 0.49820516 0.7159676 0.4890624
vn 0.62179697 0.73967505 0.2573894
vn -0.13126132 0.49889407 0.85666513
vn 0.1461236 0.66255677 0.7346198
vn -0.0571285 0.6383886 0.7675913
vn -0.05076762 -0.17345893 0.9835317
vn 0.38599068 -0.049565397 0.9211702
vn 0.18333377 0.1638645 0.96929723
vn 0.18497641 0.31778678 0.9299437
vn 0.4055844 0.30985278 0.85993755
vn 0.3853888 0.445571 0.8080482
vn 0.8343044 -0.39002067 0.38964078
vn 0.74299467 -0.5946154 0.30723175
vn 0.9348276 -0.30690742 0.17862023
vn 0.41082928 0.73905593 0.5338686
vn 0.45974028 0.55813384 0.69074273
vn 0.60150576 0.6248172 0.49778953
vn 0.38157278 0.9212167 -0.07590721
vn 0.4197216 0.897493 -0.13542584
vn 4.2340766E-9 0.99166167 -0.12886886
vn 0.3359517 0.8974926 -0.28573337
vn 0.20103212 0.897491 -0.39255065
vn 0.03550963 0.8974904 -0.43960214
vn -0.13542156 0.89749074 -0.4197277
vn -0.28574178 0.89749014 -0.33595097
vn -0.39255232 0.8974888 -0.20103917
vn -0.46676677 0.8794928 -0.09285051
vn 0.0 -0.9995805 0.028961085
vn 0.0110829165 -0.9995805 0.026756559
vn -0.020478599 -0.9995805 0.0204786
vn -0.011082948 -0.9995805 0.026756544
vn 0.026756555 -0.9995805 0.011082934
vn -0.026756532 -0.9995805 0.011082987
vn 0.020478575 -0.9995805 0.020478573
vn 0.5917733 0.7025314 -0.39528975
vn 0.62179697 0.73967505 -0.2573894
vn 0.49820516 0.7159676 -0.4890624
vn -0.091325715 0.49455914 -0.8643326
vn -0.043766048 0.62604696 -0.77855617
vn 0.1493397 0.64343977 -0.7507881
vn -0.050767615 -0.17345892 -0.9835317
vn 0.18333377 0.1638645 -0.9692973
vn 0.38599068 -0.049565397 -0.9211702
vn 0.18497641 0.31778678 -0.9299437
vn 0.3853888 0.445571 -0.8080482
vn 0.4055844 0.30985278 -0.85993755
vn 0.8343044 -0.39002067 -0.38964078
vn 0.9348276 -0.30690742 -0.17862023
vn 0.74299467 -0.5946154 -0.30723175
vn 0.41082928 0.73905593 -0.5338686
vn 0.60150576 0.6248172 -0.49778947
vn 0.45974028 0.55813384 -0.6907427
vn -0.9761676 0.2155187 0.025464492
vn -0.9770833 0.21285205 0.00144573
vn -0.9757632 0.21882086 0.0018726505
vn -0.9757398 0.21891221 0.003046752
vn -0.9759679 0.21791437 0.0
vn -0.9760256 0.21735112 -0.011512835
vn -0.97606826 0.21588914 -0.026127312
vn -0.975764 0.21881759 -0.00188716
vn -0.9770783 0.2128752 -0.0014704599
vn -0.9757298 0.21895644 -0.003064892
vn -0.9760644 0.21717054 0.011633847
vn 0.97715586 -0.21252389 -1.0524848E-8
vn 0.9771787 -0.21241912 1.4223006E-4
vn 0.97712314 -0.21267375 4.5485416E-4
vn 0.97707087 -0.21290429 0.002057839
vn 0.9772284 -0.21219012 -5.8118185E-6
vn 0.97709143 -0.21281752 -0.0010561715
vn 0.97711176 -0.21272543 -6.5895065E-4
vn 0.9771099 -0.21273427 6.63598E-4
vn 0.9770802 -0.2128656 0.0015952153
vn 0.9769901 -0.21327583 0.0019660124
vn 0.9770881 -0.21283285 0.0010683204
vn 0.6704942 0.729828 0.13337372
vn 0.6802304 0.6882112 0.25229326
vn 0.9168721 0.35749984 0.17759317
vn 0.8311643 0.41183692 0.37357232
vn 0.9353828 0.026877452 0.35261407
vn 0.66651434 0.37265953 0.6456652
vn 0.7071048 -1.5423403E-6 0.70710874
vn 0.5319053 0.68821174 0.49339777
vn 0.6686294 -0.42736423 0.6085183
vn 0.6301347 -0.5545254 0.5435365
vn 0.38267854 5.0740306E-7 0.9238816
vn 0.34144554 -0.37266168 0.86286634
vn 0.3025982 0.68821067 0.65939397
vn 0.36869207 0.37265766 0.8515823
vn 0.25725928 -0.5543853 0.7915015
vn 0.027229685 0.68820965 0.7250007
vn 0.014744563 0.3726556 0.9278525
vn -0.014744629 -0.37266064 0.92785054
vn -0.0652134 -0.5543831 0.8297028
vn -1.8150444E-6 -1.4059888E-6 1.0
vn -0.36869454 -0.37265742 0.8515814
vn -0.3777657 -0.5543854 0.741586
vn -0.34145486 0.37265578 0.8628651
vn -0.3826849 4.4035122E-7 0.9238789
vn -0.25229236 0.6882098 0.68023217
vn -0.49340087 0.68820846 0.53190666
vn -0.7071106 -2.0564676E-6 0.707103
vn -0.6665206 -0.3726624 0.64565706
vn -0.645661 0.37266076 0.66651773
vn -0.6328021 -0.5543906 0.5405669
vn -0.8628639 -0.3726602 0.3414532
vn -0.79150456 -0.55437386 0.2572741
vn -0.85158855 0.3726466 0.36868894
vn -0.9238809 3.133881E-6 0.38268012
vn -0.65938705 0.68821216 0.30260986
vn -0.5655487 0.50585014 0.6513604
vn -0.6452713 0.5090014 0.56968635
vn -0.38067538 0.49916464 0.7784092
vn -0.27521896 0.4950183 0.8241428
vn -0.97892475 -0.061524846 0.19473322
vn -0.8872978 -0.42609087 0.17649098
vn -0.7517956 0.6422156 0.14954065
vn -0.93186665 0.31187305 0.1853637
vn 0.8372407 0.4229848 0.34657165
vn 0.8370092 0.42368928 0.34627023
vn 0.8372407 0.4229848 0.34657165
vn 0.83749485 0.42220908 0.34690312
vn -0.8203371 -0.54810584 0.16317779
vn 0.39434406 0.46982884 0.7897808
vn 0.2857669 0.47415623 0.8327744
vn 0.49339178 0.45966113 0.73842824
vn 0.49338993 0.45965052 0.73843604
vn -0.7678039 0.5133147 0.3833864
vn -0.8107378 0.5150776 0.27820766
vn 0.06161743 0.48240364 0.8737792
vn -0.054239757 0.4869579 0.8717396
vn -0.8435942 0.51008713 0.16780964
vn -0.8435881 0.5100958 0.16781361
vn 0.6305938 0.76591027 0.12543145
vn 0.62617385 0.7696705 0.12455378
vn 0.60214674 0.77466404 0.1931708
vn 0.58668995 0.7694894 0.25235105
vn 0.48238668 0.77466464 0.40889826
vn 0.44546032 0.7694899 0.4576576
vn 0.28918985 0.77466476 0.5623732
vn 0.2364136 0.76949 0.59329057
vn 0.05196512 0.77466434 0.6302338
vn -0.008625 0.7694901 0.6386005
vn -0.19317035 0.77466464 0.6021462
vn -0.25234997 0.7694901 0.5866895
vn -0.40889743 0.77466446 0.4823877
vn -0.4576579 0.76948965 0.4454604
vn -0.5623738 0.77466434 0.2891899
vn -0.59329134 0.76948947 0.23641342
vn -0.63108736 0.7757117 0.0
vn -0.64209837 0.76662225 1.4732093E-9
vn 0.8277534 0.5363905 0.16465002
vn 0.82773125 0.5364266 0.16464333
vn 0.7955339 0.542951 0.26894236
vn 0.7530466 0.5429757 0.3716157
vn 0.63204634 0.5429739 0.5528986
vn 0.5534962 0.543017 0.63148594
vn 0.37234634 0.54298806 0.75267667
vn 0.26970777 0.5430088 0.7952353
vn 0.055967093 0.54298186 0.83787733
vn -0.055147424 0.5430012 0.83791906
vn -0.26894006 0.54296297 0.7955265
vn -0.37160972 0.5429938 0.7530365
vn -0.55289507 0.5429793 0.63204473
vn -0.6314931 0.5429997 0.553505
vn -0.75269914 0.54294795 0.3723595
vn -0.79527473 0.54294413 0.26972157
vn -0.8392355 0.54376817 0.0
vn -0.839237 0.54376584 0.0
vn -0.9469561 0.01989543 0.3207466
vn -0.8963191 0.019896315 0.44296294
vn -0.9998012 0.019938217 0.0
vn -0.9998013 0.019933876 0.0
vn -0.75212914 0.019893259 0.6587153
vn -0.65857595 0.01988967 0.7522513
vn -0.44279718 0.019886356 0.8964013
vn -0.32057178 0.019884603 0.9470156
vn -0.06605401 0.019884055 0.9976179
vn 0.06623794 0.019883858 0.9976058
vn 0.32074657 0.019884977 0.94695634
vn 0.4429633 0.019882774 0.89631927
vn 0.6587144 0.019880656 0.7521303
vn 0.75224966 0.019883486 0.65857804
vn 0.89640015 0.01989027 0.44279924
vn 0.9470151 0.019895013 0.32057226
vn 0.98059744 0.01955527 0.19505446
vn 0.9805973 0.019551763 0.1950554
vn 0.21520127 0.9756312 0.042805444
vn 0.21520104 0.9756312 0.042805325
vn 0.20483543 0.9764119 0.06828112
vn 0.19389862 0.97643965 0.0947038
vn 0.16311419 0.97641146 0.14147243
vn 0.1428987 0.97643936 0.16169825
vn 0.09655928 0.9764112 0.19312516
vn 0.070141956 0.97643936 0.20407389
vn 0.015303271 0.9764116 0.21537481
vn -0.013292949 0.9764396 0.21538068
vn -0.06828179 0.97641164 0.2048363
vn -0.094703995 0.97643954 0.19389911
vn -0.14147274 0.97641134 0.16311449
vn -0.16169748 0.9764395 0.14289834
vn -0.19312376 0.97641164 0.096558735
vn -0.2040701 0.97644025 0.07014095
vn -0.21539609 0.9765268 -6.6363115E-10
vn -0.21539353 0.97652733 0.0
vn -0.9471733 0.0 0.3207221
vn -0.8965377 0.0 0.44296733
vn -1.0 0.0 0.0
vn -1.0 0.0 0.0
vn -0.75233895 0.0 0.6587762
vn -0.65877557 0.0 0.7523395
vn -0.44296727 0.0 0.89653784
vn -0.32072228 0.0 0.9471733
vn -0.06615907 0.0 0.9978091
vn 0.06615908 0.0 0.9978091
vn 0.32072252 0.0 0.9471732
vn 0.44296768 0.0 0.89653754
vn 0.6587758 0.0 0.75233936
vn 0.75233895 0.0 0.65877634
vn 0.8965382 0.0 0.44296658
vn 0.947174 0.0 0.32072002
vn 0.98078597 0.0 0.19508722
vn 0.98078597 0.0 0.19508722
vn -0.42745063 0.89188635 0.14773181
vn -0.4044148 0.89173126 0.2031356
vn -0.45161352 0.8922137 -2.5447096E-9
vn -0.45161432 0.8922132 0.0
vn -0.3383767 0.89188737 0.30006385
vn -0.29589415 0.89173114 0.34243554
vn -0.19779088 0.8918864 0.4067154
vn -0.14232692 0.89173025 0.42960465
vn -0.02709172 0.89188623 0.45144773
vn 0.03290986 0.89173037 0.45136887
vn 0.14773206 0.8918861 0.42745113
vn 0.20313579 0.8917308 0.40441573
vn 0.30006385 0.8918873 0.33837667
vn 0.34243464 0.8917321 0.2958926
vn 0.40671277 0.8918879 0.19778924
vn 0.42960253 0.89173126 0.14232652
vn 0.44980073 0.8886361 0.089471705
vn 0.449803 0.8886348 0.08947337
vn -0.44867474 -0.88092464 0.15054145
vn -0.56803495 -0.7917948 0.22449318
vn -0.5655085 -0.82474244 0.0
vn -0.47238412 -0.8813928 0.0
vn -0.3569106 -0.8809253 0.31078196
vn -0.43888676 -0.7917944 0.4247823
vn -0.21081217 -0.8809252 0.42370877
vn -0.24292195 -0.79179394 0.56040287
vn -0.0326186 -0.88092566 0.47212917
vn -0.009973527 -0.7917929 0.6107081
vn 0.15054059 -0.88092595 0.4486724
vn 0.22449395 -0.79179263 0.5680378
vn 0.3107801 -0.8809269 0.35690826
vn 0.42478138 -0.79179525 0.43888614
vn 0.423701 -0.88092965 0.21080902
vn 0.56039965 -0.7917964 0.24292113
vn 0.47030595 -0.87753105 0.09355017
vn 0.6477567 -0.75087297 0.12884505
vn -0.9401454 -0.1227925 0.3178814
vn -0.9161388 0.12988494 0.37923533
vn -0.9988503 0.0479387 0.0
vn -0.99239886 -0.12306329 0.0
vn -0.7469331 -0.12280313 0.6534603
vn -0.7012748 0.12988412 0.7009592
vn -0.44000685 -0.12280294 0.889558
vn -0.37964728 0.12988518 0.91596824
vn -0.066094495 -0.12280244 0.9902278
vn -2.2263662E-4 0.12988335 0.9915293
vn 0.31788033 -0.12280176 0.9401445
vn 0.3792361 0.12988368 0.91613877
vn 0.653461 -0.12279773 0.7469334
vn 0.7009591 0.12988544 0.7012747
vn 0.8895588 -0.1227929 0.44000804
vn 0.9159677 0.12989162 0.37964618
vn 0.97361165 -0.120731875 0.1936601
vn 0.9599057 0.20524271 0.19093606
vn -0.73505265 0.6038881 0.30824795
vn -0.84423715 0.53596973 0.0
vn -0.56113744 0.60388905 0.5660767
vn -0.30179593 0.6038875 0.7377256
vn 0.003492382 0.60388774 0.79706174
vn 0.30824926 0.60388714 0.7350529
vn 0.5660776 0.6038877 0.561138
vn 0.737727 0.6038856 0.30179638
vn 0.7403393 0.655905 0.14726317
vn 0.72582316 -0.6725604 0.14437246
vn 0.6949691 -0.67892814 0.23680046
vn 0.5514468 -0.67892855 0.4847293
vn 0.32397512 -0.6789246 0.6588638
vn 0.04717781 -0.67892396 0.7326912
vn -0.23680149 -0.67892635 0.69497055
vn -0.48472768 -0.6789303 0.5514461
vn -0.65885866 -0.6789304 0.32397348
vn -0.7334995 -0.67968994 0.0
vn -0.79979783 0.53537226 0.2714775
vn -0.75697553 0.5353316 0.37471077
vn -0.84409523 0.53619325 0.0
vn -0.84409237 0.53619784 0.0
vn -0.63502806 0.53536916 0.5568835
vn -0.5559578 0.5353309 0.6358708
vn -0.3735792 0.53536826 0.75750875
vn -0.27030146 0.5353311 0.8002236
vn -0.055256758 0.53536993 0.84280825
vn 0.05650646 0.53533244 0.84274924
vn 0.27147883 0.5353685 0.79979986
vn 0.37471193 0.5353285 0.75697714
vn 0.5568848 0.5353649 0.6350305
vn 0.6358717 0.5353281 0.55595946
vn 0.7575093 0.5353678 0.37357867
vn 0.8002284 0.53532374 0.27030167
vn 0.8324536 0.52877504 0.16558369
vn 0.83246064 0.5287632 0.16558623
vn 0.6272974 -0.7687189 0.12477666
vn 0.6273097 -0.76870877 0.1247776
vn 0.59934056 -0.77412266 0.20377672
vn 0.56723076 -0.77408177 0.2811524
vn 0.47572404 -0.7741354 0.41761336
vn 0.4164602 -0.77408266 0.4768197
vn 0.27970228 -0.77412903 0.5678827
vn 0.2022915 -0.7740752 0.5999048
vn 0.04109163 -0.77412814 0.63169396
vn -0.042681016 -0.7740765 0.6316517
vn -0.20377542 -0.7741269 0.5993356
vn -0.2811548 -0.7740755 0.567238
vn -0.41761804 -0.7741287 0.4757308
vn -0.47682336 -0.77407855 0.41646346
vn -0.5678819 -0.77413017 0.27970114
vn -0.59990305 -0.7740768 0.20229074
vn -0.63222826 -0.7747821 0.0
vn -0.63223135 -0.77477956 0.0
vn -0.96847016 0.24912946 4.17836E-9
vn -0.8942276 0.25681958 0.36660704
vn -0.91606337 0.18321975 0.35673305
vn -0.98743546 0.15802333 -5.6459566E-9
vn 0.89154595 0.25681904 0.37308148
vn 0.9471973 0.25945893 0.18840976
vn 0.9610497 0.19959626 0.1911669
vn 0.90000266 0.1832207 0.39550653
vn 0.6809059 0.2568204 0.6858648
vn 0.6801372 0.1832206 0.7098194
vn 0.36660808 0.25681984 0.8942271
vn 0.35673252 0.18321969 0.9160636
vn -0.003503647 0.2568199 0.96645296
vn -0.020985464 0.18322034 0.9828478
vn -0.37308204 0.2568202 0.8915454
vn -0.39550635 0.18322039 0.9000027
vn -0.6858627 0.2568198 0.68090814
vn -0.70981735 0.1832209 0.68013924
vn -0.9998359 0.018113429 -6.7422046E-9
vn -0.92398006 0.039964825 0.38034675
vn -0.9278982 -0.035573836 0.37113252
vn -0.9991685 -0.040772643 -2.1395155E-9
vn 0.92229754 0.039965067 0.38440874
vn 0.9790125 0.060111564 0.19473372
vn 0.9803326 -0.030387154 0.1949986
vn 0.91855305 -0.035575684 0.3936936
vn 0.70498395 0.03996502 0.7080963
vn 0.6979712 -0.035575315 0.7152416
vn 0.38034388 0.039964832 0.92398125
vn 0.37113157 -0.03557562 0.9278985
vn -0.0021994708 0.039964832 0.9991987
vn -0.0122100515 -0.03557621 0.9992924
vn -0.3844084 0.03996446 0.92229766
vn -0.39369312 -0.035576023 0.9185533
vn -0.70809525 0.03996439 0.70498514
vn -0.7152416 -0.035574358 0.6979712
vn -0.8504017 0.3726092 0.37145552
vn -0.64351773 0.37260967 0.6686157
vn -0.33866397 0.37261018 0.86398405
vn 0.017747529 0.37261048 0.9278181
vn 0.37145567 0.37261084 0.850401
vn 0.6686162 0.3726096 0.64351726
vn 0.8639842 0.37260973 0.33866385
vn 0.8951377 0.40868726 0.17805357
vn -0.942001 0.33561006 2.5986422E-9
vn -0.83856595 0.54480016 3.0621452E-9
vn -0.75426984 0.5440969 0.36747193
vn 0.7931923 0.54409623 0.27350545
vn 0.8271403 0.5373736 0.16452529
vn 0.62814844 0.5440957 0.55622786
vn 0.36747283 0.5440973 0.7542691
vn 0.05085466 0.54409736 0.83747953
vn -0.2735056 0.5440959 0.79319257
vn -0.5562292 0.544095 0.6281478
vn -0.36322558 0.8640014 0.34866723
vn -0.20214732 0.86400235 0.46112517
vn -0.1565413 0.93723416 0.31158787
vn -0.26386598 0.93723345 0.22796553
vn -0.010294189 0.8640015 0.5033841
vn -0.025385657 0.9372342 0.3477751
vn 0.18312563 0.8640016 0.46900558
vn 0.10963406 0.9372345 0.33101624
vn 0.3486676 0.86400056 0.36322713
vn 0.22796337 0.9372341 0.26386547
vn 0.46113002 0.86399966 0.20214796
vn 0.3115897 0.93723345 0.15654188
vn 0.5525033 0.8262339 0.10989879
vn 0.34705946 0.935299 0.069032215
vn -0.44937512 0.89334315 1.8050994E-9
vn -0.46900693 0.8640006 0.18312652
vn -0.33101684 0.9372343 0.10963388
vn -0.3478821 0.9375383 0.0
vn -0.8178847 -0.4082374 0.40547115
vn -0.6004607 -0.40823552 0.6875977
vn -0.6859737 -0.40829512 0.60227495
vn -0.8642361 -0.40830064 0.29391596
vn -0.91252583 -0.4090192 -3.937628E-9
vn -0.91252416 -0.4090227 0.0
vn 0.86505306 -0.40821415 0.29162383
vn 0.89786625 -0.40241855 0.17859319
vn 0.89786744 -0.4024154 0.17859408
vn 0.81894547 -0.40828145 0.40327978
vn 0.6875994 -0.40822944 0.600463
vn 0.6022748 -0.4082922 0.6859757
vn 0.4054724 -0.4082269 0.81788933
vn 0.2939193 -0.40828332 0.86424315
vn 0.06161513 -0.408224 0.9108001
vn -0.059185393 -0.40828595 0.91093343
vn -0.29162204 -0.40823042 0.86504596
vn -0.40327778 -0.40829328 0.8189405
vn -0.27571616 -0.9075377 0.31679
vn -0.13350181 -0.9075331 0.39819694
vn -0.06619702 -0.9802632 0.18628448
vn -0.13244693 -0.9802631 0.14677185
vn 0.029044215 -0.907532 0.4189775
vn 0.010129668 -0.9802631 0.19743748
vn 0.18716829 -0.9075321 0.37597004
vn 0.0849148 -0.98026305 0.17853235
vn 0.31679213 -0.9075365 0.2757177
vn 0.14677192 -0.9802632 0.132447
vn 0.39820063 -0.90753126 0.133504
vn 0.18628505 -0.9802632 0.066196926
vn 0.41770387 -0.9047763 0.083086304
vn 0.22512145 -0.9733012 0.044779737
vn -0.41915503 -0.90791464 0.0
vn -0.37596598 -0.9075341 0.1871667
vn -0.17853233 -0.9802631 0.08491474
vn -0.18395577 -0.98293453 0.0
vn -0.17574549 -0.96746206 0.18201827
vn -0.09271166 -0.96746224 0.23541729
vn -0.17925887 -0.91244966 0.36783388
vn -0.3063753 -0.91245055 0.2712346
vn 0.004435866 -0.96746236 0.25297606
vn -0.02484885 -0.9124506 0.40843162
vn 0.100908294 -0.96746236 0.23202191
vn 0.13334271 -0.9124507 0.38685068
vn 0.18201777 -0.96746224 0.1757453
vn 0.27123407 -0.9124504 0.30637607
vn 0.23541737 -0.96746236 0.09271113
vn 0.36783224 -0.9124507 0.17925784
vn 0.2207003 -0.9743532 0.04389927
vn 0.40721527 -0.9097334 0.08099834
vn -0.287653 -0.95773464 -5.9842103E-10
vn -0.23202197 -0.9674623 0.100908116
vn -0.38685048 -0.9124509 0.13334173
vn -0.4085571 -0.91273284 0.0
vn -0.881256 0.18580675 0.43458465
vn -0.64786816 0.18580258 0.73874503
vn -0.7397357 0.18578732 0.64674115
vn -0.93092364 0.18579052 0.3144248
vn -0.6007534 0.7433443 0.29416743
vn -0.44245207 0.74334353 0.50167376
vn -0.9825129 0.18619455 -3.0893554E-9
vn -0.9825125 0.18619683 0.0
vn -0.6681872 0.74399316 -2.8789646E-9
vn 0.9304407 0.18580043 0.3158454
vn 0.9642755 0.18271305 0.19180395
vn 0.9642729 0.18272454 0.19180627
vn 0.88059515 0.18578996 0.43592918
vn 0.63281065 0.7433388 0.2167905
vn 0.66235495 0.7375141 0.1317529
vn 0.73874503 0.18580781 0.6478667
vn 0.64674014 0.18578771 0.73973656
vn 0.5016769 0.7433401 0.4424544
vn 0.43458307 0.18580522 0.88125706
vn 0.31442603 0.18578647 0.93092406
vn 0.29416877 0.7433412 0.60075676
vn 0.064260535 0.18580554 0.98048294
vn -0.06575685 0.18578538 0.9803876
vn 0.04187714 0.74334157 0.6675999
vn -0.315845 0.185801 0.9304407
vn -0.43593052 0.18578254 0.88059604
vn -0.21678913 0.74334353 0.6328056
vn -0.16067998 0.9704512 0.1800181
vn -0.07955859 0.9704512 0.22780466
vn -0.10922979 0.97037673 0.21549456
vn -0.18338253 0.9703763 0.1572913
vn 0.013674339 0.9704511 0.24091004
vn -0.018449068 0.9703767 0.24089153
vn 0.10482572 0.97045124 0.21733874
vn 0.0751403 0.9703767 0.2296148
vn 0.18001948 0.9704508 0.16068047
vn 0.15729041 0.9703767 0.18338153
vn 0.22780816 0.9704502 0.07955936
vn 0.2154971 0.9703761 0.10923076
vn 0.24065843 0.96942866 0.047870465
vn 0.2406595 0.9694285 0.047870077
vn -0.2409357 0.9705411 0.0
vn -0.21734129 0.97045046 0.10482689
vn -0.2296179 0.9703759 0.0751417
vn -0.24093461 0.97054136 0.0
vn -0.89073586 0.116673574 0.43929127
vn -0.65482014 0.116664976 0.7467261
vn -0.678333 0.32784966 0.6575553
vn -0.878333 0.32785663 0.34790966
vn -0.993141 0.11692282 3.3246559E-9
vn -0.91338754 0.40709117 0.0
vn 0.9404731 0.11667636 0.31921306
vn 0.9743134 0.11470297 0.19379534
vn 0.9497552 0.24955387 0.18891211
vn 0.8670886 0.32785287 0.37505984
vn 0.74672335 0.11666867 0.65482265
vn 0.6575555 0.3278472 0.6783339
vn 0.4392944 0.11666041 0.8907361
vn 0.34791586 0.32784504 0.8783349
vn 0.06498538 0.11666716 0.99104273
vn -0.014691846 0.327847 0.9446166
vn -0.31921574 0.116667695 0.94047326
vn -0.37506163 0.32784584 0.86709046
vn -0.6189735 0.5716037 0.5386474
vn -0.77799004 0.5716013 0.26077494
vn -0.819894 0.57251537 0.0
vn 0.8091981 0.56505835 0.16095813
vn 0.73451704 0.5716057 0.365721
vn 0.5386516 0.5716004 0.61897296
vn 0.260778 0.5715963 0.7779926
vn -0.05679659 0.571596 0.81856716
vn -0.3657243 0.57159835 0.734521
vn -1.0 0.0 0.0
vn -0.8965369 0.0 0.44296908
vn -0.9471736 0.0 0.32072136
vn -1.0 0.0 0.0
vn -0.65877485 0.0 0.7523402
vn -0.75233734 0.0 0.6587781
vn -0.32072142 0.0 0.9471736
vn -0.44296685 0.0 0.896538
vn 0.06615864 0.0 0.9978091
vn -0.06615864 0.0 0.9978091
vn 0.44296756 0.0 0.8965376
vn 0.32072186 0.0 0.9471735
vn 0.75233716 0.0 0.65877825
vn 0.6587751 0.0 0.75233984
vn 0.9471735 0.0 0.32072163
vn 0.8965366 0.0 0.44296953
vn 0.9807859 0.0 0.19508708
vn 0.9807859 0.0 0.19508708
vn -0.59198797 -0.43566617 0.6780452
vn -0.28744623 -0.4356689 0.85297555
vn -0.37729368 -0.27234724 0.8851421
vn -0.6873041 -0.27234426 0.6733808
vn -0.8064089 -0.43565175 0.39989015
vn -0.89267814 -0.27234563 0.35910118
vn 0.060852468 -0.43567008 0.89804703
vn -0.009844799 -0.27235922 0.9621453
vn 0.39988714 -0.43566877 0.80640125
vn 0.35910127 -0.27235755 0.8926745
vn 0.67804396 -0.43567458 0.59198314
vn 0.8529709 -0.43567827 0.28744602
vn 0.88513815 -0.27236527 0.37728974
vn 0.6733776 -0.27235833 0.68730164
vn 0.8856445 -0.4296477 0.1761723
vn 0.9256746 -0.33048728 0.18413201
vn -0.89972216 -0.4364631 4.885485E-9
vn -0.98037094 -0.19716221 -4.3424997E-9
vn -0.67152625 0.69207114 0.2647449
vn -0.5190949 0.6920708 0.50157595
vn -0.40053013 0.84734017 0.3486979
vn -0.50349367 0.84733355 0.16887864
vn 0.5015776 0.6920689 0.5190961
vn 0.6620559 0.69206023 0.28763628
vn 0.47544512 0.8473304 0.23660742
vn 0.34869686 0.84733975 0.40053186
vn 0.26474658 0.6920722 0.6715246
vn 0.16887923 0.84733653 0.50348824
vn -0.012386257 0.69207245 0.72172177
vn -0.036650624 0.8473381 0.5297876
vn -0.2876344 0.6920719 0.6620446
vn -0.2366007 0.8473422 0.4754275
vn -0.6603372 0.7509691 0.0
vn -0.53016955 0.8478917 0.0
vn 0.76834345 0.621523 0.15283163
vn 0.527245 0.8432166 0.10487348
vn -0.881 0.29345497 0.37111074
vn -0.9300063 0.36754352 0.0
vn 0.9599952 0.20480374 0.1909571
vn 0.88536817 0.29348603 0.36054015
vn 0.6800015 0.29347435 0.6719158
vn 0.37110877 0.29347134 0.8809954
vn 0.005717513 0.2934784 0.95594865
vn -0.36054236 0.29347956 0.8853694
vn -0.67191684 0.29346797 0.6800032
vn 0.19564298 -0.89843243 0.3931196
vn 0.3311942 -0.89843065 0.28832746
vn 0.2901154 -0.8984989 0.32944316
vn 0.14195982 -0.8984974 0.4153912
vn -0.43826753 -0.8988446 0.0
vn -0.39311817 -0.8984331 0.19564301
vn -0.41539162 -0.8984973 0.1419593
vn -0.43826732 -0.89884466 0.0
vn 0.41633248 -0.89842486 0.13964275
vn 0.43661147 -0.8954486 0.08684591
vn 0.43662268 -0.89544266 0.08685062
vn 0.39411792 -0.89849114 0.19335079
vn 0.030310597 -0.8984328 0.43806365
vn -0.027809005 -0.89849895 0.43809402
vn -0.13963431 -0.89843494 0.41631347
vn -0.19334148 -0.89850074 0.39410096
vn -0.28832105 -0.89843553 0.33118653
vn -0.3294428 -0.8984992 0.29011497
vn 0.6188863 -0.5176197 0.59080416
vn 0.7978678 -0.5176181 0.3089959
vn 0.8849938 -0.30712226 0.3499456
vn 0.6837089 -0.3071235 0.66197985
vn 0.812738 -0.5597517 0.161663
vn 0.9274929 -0.32514477 0.18449306
vn -0.867078 -0.4673657 0.17246708
vn -0.78266984 -0.5176197 0.34568447
vn -0.8732352 -0.3071214 0.37833413
vn -0.9411179 -0.28152016 0.18719944
vn -0.59080505 -0.5176202 0.61888504
vn -0.6619814 -0.30712253 0.6837078
vn -0.30899408 -0.5176207 0.7978668
vn -0.34994626 -0.30712274 0.8849934
vn 0.01985678 -0.5176204 0.85537994
vn 0.015364271 -0.30712283 0.95154583
vn 0.34568477 -0.5176199 0.78266954
vn 0.37833533 -0.30712283 0.87323415
vn -0.9224003 -0.046679273 0.38340425
vn -0.7054648 -0.04667878 0.7072062
vn -0.68142426 0.28947753 0.6722081
vn -0.8867967 0.28947863 0.36026895
vn -0.39234877 -0.059505984 0.9178897
vn -0.41471833 0.26639602 0.8700815
vn -0.16975112 0.17832327 0.96921897
vn -0.3217009 0.46874908 0.82266814
vn -0.18492408 0.30673158 0.93365884
vn 0.7072066 -0.046678536 0.70546436
vn 0.6722078 0.28947866 0.681424
vn 0.9233442 -0.046681587 0.38112524
vn 0.8818083 0.28947964 0.3723112
vn 0.97484255 -0.10991766 0.19390728
vn 0.9508015 0.24537323 0.18912564
vn -0.9806238 0.018119317 0.19506064
vn -0.92766666 0.3246305 0.18452509
vn -0.63375175 0.7631951 0.12606345
vn -0.6837958 0.7168847 0.13601333
vn -0.66304004 0.7167718 0.21590762
vn -0.5666106 0.76775837 0.2991648
vn -0.52863616 0.7184384 0.4520953
vn -0.40934938 0.76729125 0.49365693
vn -0.3141214 0.72113127 0.6174929
vn -0.18950781 0.76663756 0.6134768
vn -0.01883814 0.72596866 0.6874698
vn 0.11704801 0.75077635 0.65010357
vn 0.23522037 0.7265098 0.645643
vn 0.3502219 0.72007954 0.59902424
vn 0.7903131 0.48953813 0.36845285
vn 0.705448 0.6549616 0.27086607
vn 0.5756318 0.47077113 0.6685974
vn 0.8766414 0.44843423 0.17437525
vn 0.77496254 0.6129203 0.15414892
vn -0.8475882 0.50316066 0.16859314
vn -0.8197987 0.47960815 0.31289953
vn -0.7260325 0.6305355 0.27441168
vn -0.7511151 0.6430447 0.14939736
vn -0.6376535 0.4796092 0.60280424
vn -0.56477576 0.6321784 0.5304514
vn -0.3179967 0.6345354 0.7044451
vn 0.338318 -0.66815776 0.6626509
vn 0.5661512 -0.66815674 0.48274156
vn 0.058980055 -0.66815835 0.74167764
vn -0.22933589 -0.6681596 0.7077908
vn -0.48274064 -0.66815853 0.5661499
vn -0.6626492 -0.66815853 0.3383197
vn -0.73498994 -0.66213083 0.14619385
vn 0.7077943 -0.66815484 0.22933863
vn 0.7349907 -0.6621292 0.14619623
vn 0.6855209 0.71516985 0.13635656
vn 0.59072137 0.7361521 0.33034584
vn 0.9839041 -0.0010563505 0.1786939
vn 0.6704942 0.729828 -0.13337372
vn 0.6802304 0.6882112 -0.25229326
vn 0.9168721 0.35749984 -0.17759317
vn 0.8311643 0.41183692 -0.37357232
vn 0.9353828 0.026877452 -0.35261407
vn 0.7071048 -1.5423403E-6 -0.70710874
vn 0.66651434 0.37265953 -0.6456652
vn 0.5319053 0.68821174 -0.4933977
vn 0.66862935 -0.4273642 -0.6085183
vn 0.6301347 -0.5545254 -0.5435365
vn 0.34144554 -0.37266168 -0.86286634
vn 0.38267854 5.07403E-7 -0.9238815
vn 0.36869207 0.37265766 -0.8515823
vn 0.3025982 0.68821067 -0.659394
vn 0.25725928 -0.55438536 -0.7915015
vn 0.014744563 0.3726556 -0.9278525
vn 0.027229685 0.68820965 -0.7250007
vn -0.0652134 -0.5543831 -0.8297027
vn -0.014744629 -0.37266064 -0.92785054
vn -1.8150444E-6 -1.4059888E-6 -1.0
vn -0.3777657 -0.5543854 -0.741586
vn -0.36869448 -0.37265742 -0.8515814
vn -0.38268486 4.4035122E-7 -0.9238789
vn -0.34145486 0.37265578 -0.8628651
vn -0.25229236 0.6882098 -0.68023217
vn -0.49340087 0.68820846 -0.53190666
vn -0.6665206 -0.3726624 -0.6456571
vn -0.7071106 -2.0564676E-6 -0.707103
vn -0.645661 0.37266076 -0.66651773
vn -0.6328021 -0.5543906 -0.5405669
vn -0.79150456 -0.55437386 -0.25727412
vn -0.86286384 -0.3726602 -0.3414532
vn -0.9238809 3.133881E-6 -0.38268012
vn -0.85158855 0.37264663 -0.36868894
vn -0.65938705 0.68821216 -0.30260986
vn -0.5655487 0.50585014 -0.6513604
vn -0.27521896 0.49501827 -0.8241428
vn -0.38067538 0.49916464 -0.7784092
vn -0.6452713 0.5090014 -0.56968635
vn -0.8872978 -0.42609087 -0.17649098
vn -0.97892475 -0.061524846 -0.19473322
vn -0.93186665 0.31187302 -0.18536371
vn -0.7517956 0.6422156 -0.14954065
vn 0.8372407 0.4229848 -0.34657165
vn 0.83749485 0.42220908 -0.34690312
vn 0.8372407 0.4229848 -0.34657165
vn 0.8370092 0.42368928 -0.34627023
vn -0.8203371 -0.54810584 -0.16317779
vn 0.39434406 0.46982884 -0.7897808
vn 0.49338993 0.45965052 -0.73843604
vn 0.49339178 0.45966113 -0.73842824
vn 0.2857669 0.4741562 -0.8327744
vn -0.7678039 0.5133147 -0.3833864
vn -0.8107378 0.51507753 -0.27820766
vn 0.06161743 0.48240364 -0.8737792
vn -0.054239757 0.4869579 -0.8717396
vn -0.8435942 0.51008713 -0.16780964
vn -0.8435881 0.5100958 -0.16781361
vn 0.6305938 0.76591027 -0.12543145
vn 0.58668995 0.7694894 -0.25235105
vn 0.60214674 0.77466404 -0.1931708
vn 0.62617385 0.7696705 -0.12455378
vn 0.44546032 0.7694899 -0.4576576
vn 0.48238668 0.77466464 -0.40889826
vn 0.23641351 0.7694901 -0.59329057
vn 0.28918976 0.7746648 -0.56237334
vn -0.00862491 0.7694902 -0.6386004
vn 0.05196511 0.7746645 -0.6302337
vn -0.2523501 0.76949006 -0.5866895
vn -0.19317019 0.77466464 -0.6021461
vn -0.4576579 0.7694896 -0.4454604
vn -0.40889764 0.77466434 -0.48238775
vn -0.5932913 0.76948947 -0.23641346
vn -0.5623739 0.7746643 -0.28919
vn 0.8277534 0.5363905 -0.16465002
vn 0.7530466 0.5429757 -0.3716157
vn 0.7955339 0.542951 -0.26894236
vn 0.82773125 0.5364266 -0.16464333
vn 0.5534962 0.543017 -0.63148594
vn 0.63204634 0.5429739 -0.5528986
vn 0.26970682 0.5430123 -0.7952332
vn 0.37234616 0.54298806 -0.7526768
vn -0.055146903 0.5430084 -0.8379145
vn 0.055966794 0.5429889 -0.8378727
vn -0.37160972 0.5429938 -0.7530365
vn -0.26893914 0.5429666 -0.7955244
vn -0.6314931 0.5429997 -0.553505
vn -0.55289507 0.5429793 -0.63204473
vn -0.79527473 0.54294413 -0.26972157
vn -0.75269914 0.54294795 -0.3723595
vn -0.9469561 0.01989543 -0.3207466
vn -0.8963191 0.019896315 -0.44296294
vn -0.75212914 0.019893259 -0.6587153
vn -0.658576 0.01988967 -0.7522513
vn -0.44279698 0.019886358 -0.89640135
vn -0.32057154 0.019883633 -0.94701564
vn -0.06605401 0.019882107 -0.9976179
vn 0.066237666 0.019881908 -0.9976058
vn 0.3207463 0.019884005 -0.9469564
vn 0.4429633 0.019882774 -0.89631927
vn 0.6587144 0.019880656 -0.7521303
vn 0.75224966 0.019883486 -0.658578
vn 0.89640015 0.01989027 -0.44279924
vn 0.9470151 0.019895013 -0.32057226
vn 0.98059744 0.01955527 -0.19505446
vn 0.9805973 0.019551763 -0.1950554
vn 0.21520127 0.9756312 -0.042805444
vn 0.19389863 0.97643965 -0.0947038
vn 0.20483543 0.9764119 -0.06828112
vn 0.21520104 0.9756312 -0.042805325
vn 0.1428987 0.97643936 -0.16169825
vn 0.16311419 0.97641146 -0.14147243
vn 0.07014197 0.97643936 -0.2040741
vn 0.09655928 0.9764112 -0.19312516
vn -0.013292977 0.97643954 -0.2153811
vn 0.015303236 0.9764114 -0.21537524
vn -0.09470394 0.97643965 -0.19389912
vn -0.0682818 0.97641164 -0.20483653
vn -0.16169746 0.97643954 -0.1428983
vn -0.14147274 0.97641134 -0.16311449
vn -0.20407012 0.97644025 -0.07014095
vn -0.19312376 0.97641164 -0.096558735
vn -0.9471733 0.0 -0.3207221
vn -0.8965377 0.0 -0.44296733
vn -0.75233895 0.0 -0.6587762
vn -0.65877557 0.0 -0.7523395
vn -0.44296727 0.0 -0.89653784
vn -0.32072228 0.0 -0.9471733
vn -0.06615907 0.0 -0.9978091
vn 0.06615908 0.0 -0.9978091
vn 0.32072252 0.0 -0.9471732
vn 0.44296768 0.0 -0.89653754
vn 0.6587758 0.0 -0.75233936
vn 0.75233895 0.0 -0.65877634
vn 0.8965382 0.0 -0.44296658
vn 0.947174 0.0 -0.32072002
vn 0.98078597 0.0 -0.19508722
vn 0.98078597 0.0 -0.19508722
vn -0.42745063 0.89188635 -0.14773181
vn -0.40441462 0.8917313 -0.20313558
vn -0.3383765 0.8918874 -0.30006364
vn -0.29589397 0.8917314 -0.34243524
vn -0.19779074 0.89188665 -0.40671492
vn -0.1423267 0.8917305 -0.42960417
vn -0.027091539 0.8918864 -0.45144725
vn 0.032909896 0.89173055 -0.45136836
vn 0.14773199 0.8918863 -0.4274507
vn 0.20313573 0.89173084 -0.4044156
vn 0.30006388 0.89188725 -0.3383768
vn 0.34243473 0.8917319 -0.29589283
vn 0.40671277 0.89188784 -0.1977893
vn 0.42960253 0.8917313 -0.14232652
vn 0.44980073 0.8886361 -0.089471705
vn 0.449803 0.8886348 -0.08947337
vn -0.44867477 -0.88092464 -0.15054148
vn -0.56803477 -0.7917951 -0.2244931
vn -0.3569098 -0.88092583 -0.3107812
vn -0.43888664 -0.7917946 -0.4247821
vn -0.21081157 -0.88092583 -0.4237075
vn -0.24292193 -0.7917937 -0.56040305
vn -0.032618344 -0.8809263 -0.47212794
vn -0.0099734375 -0.7917935 -0.6107074
vn 0.15054016 -0.88092667 -0.44867137
vn 0.22449349 -0.79179347 -0.56803685
vn 0.31077978 -0.880927 -0.35690802
vn 0.42478123 -0.79179543 -0.43888593
vn 0.423701 -0.88092965 -0.21080902
vn 0.5603997 -0.7917964 -0.24292114
vn 0.47030595 -0.87753105 -0.09355017
vn 0.64775664 -0.75087297 -0.12884505
vn -0.9401454 -0.12279246 -0.31788144
vn -0.9161388 0.12988475 -0.37923536
vn -0.7469329 -0.12280417 -0.6534602
vn -0.7012749 0.12988356 -0.7009592
vn -0.44000703 -0.12280358 -0.88955784
vn -0.37964717 0.12988576 -0.91596824
vn -0.06609452 -0.12280012 -0.9902281
vn -2.2268051E-4 0.12988414 -0.9915292
vn 0.3178804 -0.12279919 -0.9401449
vn 0.37923604 0.12988402 -0.91613877
vn 0.6534611 -0.122797064 -0.7469334
vn 0.7009591 0.12988544 -0.7012747
vn 0.8895588 -0.1227929 -0.44000804
vn 0.9159677 0.12989163 -0.3796462
vn 0.97361165 -0.120731875 -0.1936601
vn 0.9599057 0.20524271 -0.19093606
vn -0.73505265 0.6038881 -0.30824795
vn -0.5611372 0.60388935 -0.56607664
vn -0.30179596 0.6038875 -0.7377256
vn 0.003492316 0.6038874 -0.79706204
vn 0.30824926 0.60388714 -0.7350529
vn 0.56607765 0.6038877 -0.561138
vn 0.737727 0.6038856 -0.30179638
vn 0.7403393 0.655905 -0.14726317
vn 0.6949691 -0.67892814 -0.23680046
vn 0.72582316 -0.6725604 -0.14437246
vn 0.55144686 -0.6789285 -0.48472923
vn 0.32397476 -0.67892563 -0.6588629
vn 0.047177628 -0.6789251 -0.7326902
vn -0.23680176 -0.67892563 -0.6949712
vn -0.48472887 -0.6789283 -0.55144745
vn -0.6588592 -0.67892975 -0.32397375
vn -0.79979783 0.53537226 -0.2714775
vn -0.75697553 0.5353316 -0.37471077
vn -0.63502806 0.53536916 -0.5568835
vn -0.55595845 0.5353298 -0.6358713
vn -0.37358004 0.5353657 -0.75751007
vn -0.27030197 0.5353286 -0.8002251
vn -0.05525668 0.53536856 -0.8428091
vn 0.05650659 0.5353323 -0.84274924
vn 0.27147883 0.5353685 -0.79979986
vn 0.3747117 0.53532964 -0.75697637
vn 0.5568841 0.53536683 -0.6350295
vn 0.6358708 0.53533006 -0.5559587
vn 0.7575089 0.53536856 -0.37357852
vn 0.8002284 0.5353237 -0.2703017
vn 0.8324536 0.52877504 -0.16558369
vn 0.83246064 0.5287632 -0.16558623
vn 0.6272974 -0.7687189 -0.12477666
vn 0.5672303 -0.7740821 -0.28115222
vn 0.59934056 -0.77412266 -0.20377672
vn 0.6273097 -0.76870877 -0.1247776
vn 0.41645938 -0.7740836 -0.4768188
vn 0.47572315 -0.77413636 -0.41761267
vn 0.20229156 -0.77407527 -0.5999047
vn 0.279702 -0.7741296 -0.56788206
vn -0.042681016 -0.7740765 -0.63165176
vn 0.04109163 -0.77412814 -0.63169396
vn -0.28115508 -0.77407503 -0.5672387
vn -0.20377542 -0.7741269 -0.5993356
vn -0.47682425 -0.77407765 -0.41646424
vn -0.41761875 -0.7741278 -0.47573176
vn -0.599903 -0.77407676 -0.2022907
vn -0.56788236 -0.77412975 -0.27970132
vn -0.91606337 0.18321973 -0.35673302
vn -0.8942276 0.25681958 -0.366607
vn 0.89154595 0.256819 -0.3730815
vn 0.90000266 0.1832207 -0.39550653
vn 0.9610497 0.19959626 -0.1911669
vn 0.9471973 0.25945893 -0.18840976
vn 0.6809059 0.2568204 -0.6858648
vn 0.68013716 0.18322058 -0.7098194
vn 0.36660808 0.25681984 -0.8942271
vn 0.35673252 0.18321969 -0.9160636
vn -0.003503647 0.2568199 -0.96645296
vn -0.020985464 0.18322033 -0.9828478
vn -0.37308204 0.25682017 -0.8915454
vn -0.39550635 0.18322039 -0.9000027
vn -0.6858628 0.2568198 -0.68090814
vn -0.70981735 0.18322088 -0.68013924
vn -0.9278982 -0.035573836 -0.37113252
vn -0.92398006 0.039964825 -0.38034675
vn 0.92229754 0.039965067 -0.38440874
vn 0.91855305 -0.035575684 -0.3936936
vn 0.9803326 -0.030387154 -0.1949986
vn 0.9790124 0.060111556 -0.19473371
vn 0.70498395 0.03996502 -0.7080963
vn 0.69797117 -0.035575315 -0.7152416
vn 0.38034382 0.039964832 -0.92398125
vn 0.37113157 -0.03557562 -0.9278985
vn -0.0021994708 0.039964832 -0.9991987
vn -0.0122100515 -0.035576206 -0.9992924
vn -0.38440835 0.03996446 -0.92229766
vn -0.39369312 -0.035576023 -0.9185533
vn -0.70809525 0.039964385 -0.704985
vn -0.7152417 -0.03557436 -0.6979712
vn -0.8504017 0.37260917 -0.37145552
vn -0.64351773 0.37260967 -0.6686157
vn -0.33866397 0.37261024 -0.86398405
vn 0.017747527 0.3726105 -0.9278182
vn 0.37145567 0.37261084 -0.850401
vn 0.6686163 0.37260962 -0.6435172
vn 0.8639842 0.3726097 -0.33866382
vn 0.8951377 0.40868726 -0.17805357
vn -0.75426984 0.5440969 -0.36747193
vn 0.7931923 0.54409623 -0.27350545
vn 0.8271403 0.5373736 -0.16452529
vn 0.62814844 0.5440957 -0.55622786
vn 0.36747283 0.5440973 -0.7542691
vn 0.05085466 0.54409736 -0.83747953
vn -0.2735056 0.5440959 -0.79319257
vn -0.5562292 0.544095 -0.6281478
vn -0.3632256 0.86400133 -0.34866747
vn -0.263866 0.9372334 -0.22796556
vn -0.15654139 0.937234 -0.31158832
vn -0.20214729 0.8640023 -0.46112514
vn -0.025385797 0.93723416 -0.34777537
vn -0.010294583 0.86400187 -0.5033833
vn 0.109633796 0.93723476 -0.3310158
vn 0.18312542 0.86400205 -0.46900505
vn 0.2279633 0.93723416 -0.26386523
vn 0.34866777 0.86400056 -0.36322704
vn 0.3115897 0.93723345 -0.15654188
vn 0.46113002 0.86399966 -0.20214796
vn 0.34705946 0.935299 -0.069032215
vn 0.5525033 0.8262339 -0.10989879
vn -0.33101684 0.9372343 -0.10963388
vn -0.4690069 0.8640007 -0.18312652
vn -0.8178847 -0.4082374 -0.40547115
vn -0.8642361 -0.40830064 -0.29391596
vn -0.6859737 -0.40829512 -0.60227495
vn -0.6004607 -0.40823552 -0.6875977
vn 0.86505306 -0.40821415 -0.29162383
vn 0.81894547 -0.4082814 -0.40327978
vn 0.89786744 -0.4024154 -0.17859408
vn 0.89786625 -0.40241855 -0.17859319
vn 0.6875994 -0.40822944 -0.600463
vn 0.6022748 -0.4082922 -0.6859757
vn 0.4054724 -0.4082269 -0.81788933
vn 0.2939193 -0.40828332 -0.86424315
vn 0.06161513 -0.408224 -0.9108001
vn -0.059185397 -0.40828598 -0.91093343
vn -0.29162204 -0.40823042 -0.86504596
vn -0.40327778 -0.40829328 -0.8189405
vn -0.27571616 -0.9075377 -0.31679
vn -0.13244694 -0.9802631 -0.14677185
vn -0.06619707 -0.9802633 -0.18628442
vn -0.13350181 -0.9075331 -0.39819694
vn 0.010129728 -0.98026323 -0.19743738
vn 0.02904421 -0.907532 -0.41897744
vn 0.0849148 -0.98026305 -0.17853235
vn 0.1871683 -0.90753216 -0.37597004
vn 0.14677192 -0.9802632 -0.132447
vn 0.31679213 -0.9075365 -0.27571774
vn 0.18628505 -0.9802632 -0.066196926
vn 0.39820066 -0.90753126 -0.133504
vn 0.22512145 -0.9733012 -0.044779737
vn 0.41770387 -0.9047763 -0.083086304
vn -0.17853233 -0.9802631 -0.08491474
vn -0.37596598 -0.9075341 -0.18716672
vn -0.1757455 -0.96746206 -0.18201827
vn -0.30637524 -0.91245055 -0.27123457
vn -0.17925887 -0.91244966 -0.36783388
vn -0.092711754 -0.96746224 -0.23541734
vn -0.024849007 -0.9124504 -0.40843228
vn 0.0044358717 -0.9674624 -0.25297606
vn 0.13334294 -0.9124505 -0.38685095
vn 0.10090835 -0.96746236 -0.23202184
vn 0.27123407 -0.9124504 -0.30637607
vn 0.18201777 -0.9674622 -0.1757453
vn 0.36783224 -0.9124507 -0.17925784
vn 0.23541735 -0.96746236 -0.09271113
vn 0.40721527 -0.9097334 -0.08099834
vn 0.2207003 -0.9743532 -0.04389927
vn -0.38685048 -0.9124509 -0.13334173
vn -0.23202197 -0.9674623 -0.100908116
vn -0.881256 0.18580675 -0.43458465
vn -0.93092364 0.18579052 -0.31442484
vn -0.7397357 0.18578732 -0.64674115
vn -0.64786816 0.18580258 -0.73874503
vn -0.6007534 0.7433443 -0.29416743
vn -0.44245163 0.7433439 -0.5016736
vn 0.9304407 0.18580043 -0.3158454
vn 0.88059515 0.18578993 -0.43592915
vn 0.9642729 0.18272454 -0.19180627
vn 0.9642755 0.18271305 -0.19180395
vn 0.63281065 0.7433388 -0.2167905
vn 0.66235495 0.7375141 -0.1317529
vn 0.73874503 0.18580781 -0.6478667
vn 0.6467404 0.18578674 -0.73973656
vn 0.501677 0.74334 -0.4424543
vn 0.4345835 0.18580313 -0.8812573
vn 0.31442654 0.18578325 -0.9309246
vn 0.29416907 0.74334115 -0.6007565
vn 0.06426057 0.18580215 -0.9804836
vn -0.06575716 0.18578312 -0.980388
vn 0.04187668 0.7433425 -0.6675989
vn -0.31584534 0.18579987 -0.93044084
vn -0.43593076 0.18578252 -0.8805959
vn -0.21678902 0.74334484 -0.6328041
vn -0.16067998 0.9704512 -0.1800181
vn -0.18338253 0.9703763 -0.15729132
vn -0.10922979 0.97037673 -0.21549456
vn -0.07955859 0.9704512 -0.22780466
vn -0.018449068 0.9703767 -0.24089153
vn 0.013674339 0.9704511 -0.24091004
vn 0.0751403 0.9703767 -0.2296148
vn 0.10482572 0.9704512 -0.21733871
vn 0.15729041 0.9703767 -0.18338153
vn 0.18001947 0.9704508 -0.16068047
vn 0.2154971 0.9703761 -0.10923076
vn 0.22780816 0.9704502 -0.07955938
vn 0.2406595 0.9694285 -0.047870077
vn 0.24065843 0.96942866 -0.047870465
vn -0.2296179 0.9703759 -0.0751417
vn -0.21734129 0.97045046 -0.10482689
vn -0.89073586 0.116673574 -0.43929127
vn -0.878333 0.32785663 -0.34790963
vn -0.678333 0.3278497 -0.6575553
vn -0.6548201 0.11666498 -0.74672616
vn 0.9404731 0.11667636 -0.31921306
vn 0.86708856 0.32785287 -0.37505984
vn 0.9497552 0.24955387 -0.18891211
vn 0.9743134 0.11470297 -0.19379534
vn 0.74672335 0.11666867 -0.65482265
vn 0.6575555 0.3278472 -0.6783339
vn 0.4392944 0.11666041 -0.8907361
vn 0.34791583 0.327845 -0.8783349
vn 0.06498538 0.11666716 -0.99104273
vn -0.014691846 0.327847 -0.9446165
vn -0.31921574 0.116667695 -0.94047326
vn -0.37506163 0.32784584 -0.86709046
vn -0.77799004 0.5716012 -0.26077494
vn -0.6189735 0.5716037 -0.5386474
vn 0.73451704 0.5716057 -0.36572096
vn 0.8091981 0.56505835 -0.16095813
vn 0.5386516 0.5716004 -0.618973
vn 0.260778 0.5715963 -0.7779926
vn -0.056796588 0.571596 -0.8185671
vn -0.3657243 0.5715984 -0.734521
vn -0.9471736 0.0 -0.32072136
vn -0.8965369 0.0 -0.44296908
vn -0.75233734 0.0 -0.6587781
vn -0.65877485 0.0 -0.7523402
vn -0.44296685 0.0 -0.896538
vn -0.32072142 0.0 -0.9471736
vn -0.06615864 0.0 -0.9978091
vn 0.06615864 0.0 -0.9978091
vn 0.32072186 0.0 -0.9471735
vn 0.44296756 0.0 -0.8965376
vn 0.6587751 0.0 -0.75233984
vn 0.75233716 0.0 -0.65877825
vn 0.8965366 0.0 -0.44296953
vn 0.9471735 0.0 -0.32072163
vn 0.9807859 0.0 -0.19508708
vn 0.9807859 0.0 -0.19508708
vn -0.59198797 -0.43566617 -0.6780452
vn -0.6873041 -0.27234426 -0.6733808
vn -0.37729368 -0.27234724 -0.8851421
vn -0.28744623 -0.4356689 -0.8529755
vn -0.8064089 -0.43565175 -0.39989015
vn -0.89267814 -0.27234563 -0.35910118
vn -0.009844799 -0.27235922 -0.9621453
vn 0.060852468 -0.43567014 -0.89804703
vn 0.35910127 -0.27235755 -0.8926745
vn 0.3998871 -0.43566877 -0.80640125
vn 0.67804396 -0.43567458 -0.59198314
vn 0.6733776 -0.27235833 -0.68730164
vn 0.88513815 -0.27236527 -0.37728974
vn 0.8529709 -0.43567827 -0.28744602
vn 0.9256746 -0.33048728 -0.18413201
vn 0.8856445 -0.4296477 -0.1761723
vn -0.6715264 0.6920712 -0.2647449
vn -0.50349355 0.84733355 -0.16887861
vn -0.40053013 0.84734017 -0.3486979
vn -0.5190949 0.6920708 -0.50157595
vn 0.5015776 0.6920689 -0.5190961
vn 0.34869686 0.84733975 -0.40053183
vn 0.47544512 0.8473304 -0.23660742
vn 0.6620559 0.69206023 -0.28763628
vn 0.26474658 0.6920722 -0.6715246
vn 0.16887926 0.8473366 -0.5034883
vn -0.012386257 0.6920725 -0.72172165
vn -0.036650624 0.8473381 -0.5297876
vn -0.28763443 0.6920719 -0.6620446
vn -0.2366007 0.8473422 -0.4754275
vn 0.527245 0.8432166 -0.10487348
vn 0.7683435 0.621523 -0.15283166
vn -0.881 0.293455 -0.37111077
vn 0.9599952 0.20480374 -0.1909571
vn 0.88536817 0.29348603 -0.36054015
vn 0.6800015 0.29347435 -0.67191577
vn 0.37110877 0.29347134 -0.8809954
vn 0.005717513 0.29347837 -0.95594865
vn -0.36054236 0.29347956 -0.8853694
vn -0.67191684 0.29346797 -0.6800032
vn 0.19564298 -0.89843243 -0.3931196
vn 0.1419598 -0.89849734 -0.41539118
vn 0.2901154 -0.8984989 -0.32944316
vn 0.3311942 -0.89843065 -0.28832746
vn -0.41539162 -0.8984973 -0.1419593
vn -0.3931182 -0.8984331 -0.19564301
vn 0.41633248 -0.89842486 -0.13964275
vn 0.39411792 -0.89849114 -0.1933508
vn 0.43662268 -0.89544266 -0.08685062
vn 0.43661147 -0.8954486 -0.08684591
vn 0.030310597 -0.8984328 -0.43806365
vn -0.027809005 -0.8984989 -0.43809402
vn -0.13963431 -0.89843494 -0.41631347
vn -0.19334148 -0.89850074 -0.39410096
vn -0.3294428 -0.8984992 -0.29011497
vn -0.28832105 -0.89843553 -0.33118653
vn 0.6188863 -0.5176198 -0.5908042
vn 0.6837089 -0.30712354 -0.66197985
vn 0.8849938 -0.30712226 -0.3499456
vn 0.7978678 -0.5176181 -0.30899593
vn 0.9274929 -0.32514477 -0.18449306
vn 0.812738 -0.5597518 -0.16166301
vn -0.867078 -0.4673657 -0.17246708
vn -0.9411179 -0.28152016 -0.18719944
vn -0.8732352 -0.3071214 -0.37833416
vn -0.7826699 -0.5176197 -0.34568447
vn -0.6619814 -0.30712247 -0.6837078
vn -0.59080505 -0.51762027 -0.61888504
vn -0.3499463 -0.30712274 -0.8849934
vn -0.3089941 -0.5176207 -0.79786676
vn 0.015364271 -0.30712283 -0.95154583
vn 0.01985678 -0.5176204 -0.85537994
vn 0.37833533 -0.30712283 -0.87323415
vn 0.34568474 -0.51761997 -0.78266954
vn -0.9224003 -0.046679277 -0.38340428
vn -0.8867967 0.28947863 -0.36026895
vn -0.68142426 0.28947753 -0.6722081
vn -0.7054648 -0.04667878 -0.7072062
vn -0.41471806 0.26639602 -0.87008166
vn -0.39234865 -0.059505884 -0.9178897
vn -0.16975136 0.17832394 -0.96921885
vn -0.30913854 0.47017387 -0.8266619
vn -0.17099346 0.31494746 -0.9335787
vn 0.67220783 0.2894787 -0.681424
vn 0.7072066 -0.046678536 -0.70546436
vn 0.8818083 0.28947967 -0.37231126
vn 0.9233441 -0.046681575 -0.38112527
vn 0.9508015 0.24537323 -0.18912564
vn 0.9748426 -0.10991768 -0.19390729
vn -0.9806238 0.018119317 -0.19506064
vn -0.92766666 0.3246305 -0.18452509
vn -0.63375175 0.7631951 -0.12606345
vn -0.56661063 0.76775837 -0.2991648
vn -0.66304004 0.71677184 -0.21590765
vn -0.6837958 0.7168847 -0.13601333
vn -0.40934947 0.76729125 -0.493657
vn -0.52863616 0.7184384 -0.4520953
vn -0.18950783 0.76663756 -0.6134768
vn -0.3141214 0.72113127 -0.6174929
vn 0.11704801 0.75077635 -0.6501036
vn -0.018838137 0.72596866 -0.6874697
vn 0.3502219 0.72007954 -0.59902424
vn 0.23522037 0.72650987 -0.645643
vn 0.7903131 0.48953813 -0.36845282
vn 0.5756318 0.47077116 -0.6685974
vn 0.70544803 0.6549616 -0.2708661
vn 0.77496254 0.6129203 -0.15414892
vn 0.87664133 0.44843423 -0.17437524
vn -0.8475882 0.50316066 -0.16859314
vn -0.7511151 0.6430447 -0.14939736
vn -0.7260325 0.6305355 -0.27441168
vn -0.81979877 0.47960812 -0.3128995
vn -0.56477576 0.6321784 -0.5304514
vn -0.63765347 0.4796092 -0.60280424
vn -0.3179967 0.6345354 -0.70444506
vn 0.338318 -0.66815776 -0.6626509
vn 0.5661512 -0.66815674 -0.48274153
vn 0.058980055 -0.66815835 -0.74167764
vn -0.22933589 -0.6681596 -0.7077908
vn -0.48274064 -0.66815853 -0.5661499
vn -0.6626492 -0.66815853 -0.3383197
vn -0.73498994 -0.66213083 -0.14619385
vn 0.7077943 -0.66815484 -0.22933863
vn 0.7349907 -0.6621292 -0.14619623
vn 0.6855209 0.71516985 -0.13635656
vn 0.59072137 0.7361521 -0.33034584
vn 0.9839041 -0.0010563505 -0.1786939
vn -0.97373885 0.22753449 0.007788517
vn -0.9700729 0.24278423 -0.0038032935
vn -0.973716 0.22762375 -0.008032486
vn -0.97007966 0.2427551 0.003934046
vn 0.97566587 -0.2177919 -0.025350278
vn 0.97733134 -0.21169074 -0.0032349238
vn 0.97693455 -0.21352975 0.0020095354
vn 0.9762758 -0.21624717 0.0110786315
vn 0.0 1.0 -2.9044691E-4
vn -1.4732998E-5 0.9999997 -7.718115E-4
vn -9.381044E-6 0.9999999 4.914384E-4
vn 0.0 0.9999999 4.9206964E-4
vn -6.4918124E-5 0.99999857 0.0016912565
vn -3.2005686E-5 0.9999986 0.0016766604
vn -3.3114877E-5 0.99999857 -0.0017347753
vn -6.718818E-5 0.99999845 -0.0017504053
vn -0.99855214 -0.053792216 0.0
vn -0.9453944 -0.05368065 -0.32147747
vn 0.8958125 -0.053678967 -0.44117856
vn 0.97941893 -0.052762534 -0.19481939
vn 0.6587895 -0.05367782 -0.7504099
vn 0.3214761 -0.053681493 -0.9453948
vn -0.06478298 -0.05368017 -0.9964545
vn -0.44117934 -0.05367798 -0.89581215
vn -0.7504089 -0.0536774 -0.65879077
vn -0.9453944 -0.05368065 0.32147747
vn 0.97941893 -0.052762534 0.19481939
vn 0.8958125 -0.053678967 0.44117856
vn 0.6587895 -0.05367782 0.7504099
vn 0.32147607 -0.053681493 0.9453948
vn -0.06478298 -0.05368017 0.9964545
vn -0.44117934 -0.05367798 0.89581215
vn -0.7504089 -0.05367739 0.65879065
f 1/1/1 2/2/2 3/3/3
f 3/3/3 2/2/2 4/4/4
f 4/4/4 2/2/2 5/5/5
f 5/5/5 2/2/2 6/6/6
f 6/6/6 2/2/2 7/7/7
f 7/7/7 2/2/2 8/8/8
f 8/8/8 2/2/2 9/9/9
f 9/9/9 2/2/2 10/10/10
f 11/11/11 12/12/12 13/13/13
f 14/14/14 15/15/15 13/13/13
f 16/16/16 17/17/17 13/13/13
f 18/18/18 19/19/19 13/13/13
f 12/12/12 20/20/20 13/13/13
f 15/15/15 11/11/11 13/13/13
f 19/19/19 14/14/14 13/13/13
f 20/20/20 16/16/16 13/13/13
f 21/21/21 22/22/22 23/23/23
f 24/24/24 25/25/25 26/26/26
f 27/27/27 28/28/28 29/29/29
f 30/30/30 31/31/31 32/32/32
f 33/33/33 34/34/34 35/35/35
f 36/36/36 37/37/37 38/38/38
f 39/39/39 40/40/40 41/41/41
f 40/40/40 42/42/42 41/41/41
f 42/42/42 43/43/43 41/41/41
f 43/43/43 44/44/44 41/41/41
f 44/44/44 45/45/45 41/41/41
f 45/45/45 46/46/46 41/41/41
f 46/46/46 47/47/47 41/41/41
f 47/47/47 48/48/48 41/41/41
f 49/49/49 13/13/13 50/50/50
f 51/51/51 13/13/13 52/52/52
f 53/53/53 13/13/13 17/17/17
f 18/18/18 13/13/13 54/54/54
f 50/50/50 13/13/13 55/55/55
f 52/52/52 13/13/13 49/49/49
f 54/54/54 13/13/13 51/51/51
f 55/55/55 13/13/13 53/53/53
f 56/56/56 57/57/57 58/58/58
f 59/59/59 60/60/60 61/61/61
f 62/62/62 63/63/63 64/64/64
f 65/65/65 66/66/66 67/67/67
f 68/68/68 69/69/69 70/70/70
f 71/71/71 72/72/72 73/73/73
f 74/74/74 75/75/75 76/76/76
f 77/77/77 78/78/78 76/76/76
f 75/75/75 79/79/79 76/76/76
f 79/79/79 77/77/77 76/76/76
f 80/80/80 81/81/81 82/82/82
f 83/83/83 81/81/81 78/78/78
f 82/82/82 81/81/81 84/84/84
f 84/84/84 81/81/81 83/83/83
f 85/85/85 86/86/86 87/87/87
f 88/88/88 89/89/89 86/86/86
f 90/90/90 88/88/88 86/86/86
f 91/91/91 90/90/90 86/86/86
f 85/85/85 87/87/87 92/92/92
f 93/93/93 87/87/87 94/94/94
f 95/95/95 87/87/87 93/93/93
f 92/92/92 87/87/87 95/95/95
f 76/76/76 78/78/78 81/81/81
f 86/86/86 85/85/85 91/91/91
f 96/96/96 1/1/1 3/3/3
f 96/96/96 3/3/3 97/97/97
f 98/98/98 96/96/96 97/97/97
f 98/98/98 97/97/97 99/99/99
f 100/100/100 99/99/99 101/101/101
f 100/100/100 101/101/101 102/102/102
f 97/97/97 3/3/3 4/4/4
f 97/97/97 4/4/4 103/103/103
f 33/33/33 100/100/100 102/102/102
f 33/33/33 102/102/102 104/104/104
f 99/99/99 97/97/97 103/103/103
f 99/99/99 103/103/103 101/101/101
f 34/34/34 33/33/33 104/104/104
f 34/34/34 104/104/104 105/105/105
f 104/104/104 102/102/102 106/106/106
f 104/104/104 106/106/106 107/107/107
f 101/101/101 103/103/103 108/108/108
f 101/101/101 108/108/108 109/109/109
f 105/105/105 104/104/104 107/107/107
f 105/105/105 107/107/107 110/110/110
f 102/102/102 101/101/101 109/109/109
f 102/102/102 109/109/109 106/106/106
f 103/103/103 4/4/4 5/5/5
f 103/103/103 5/5/5 108/108/108
f 109/109/109 108/108/108 111/111/111
f 109/109/109 111/111/111 112/112/112
f 110/110/110 107/107/107 113/113/113
f 110/110/110 113/113/113 114/114/114
f 106/106/106 109/109/109 112/112/112
f 106/106/106 112/112/112 115/115/115
f 108/108/108 5/5/5 6/6/6
f 108/108/108 6/6/6 111/111/111
f 107/107/107 106/106/106 115/115/115
f 107/107/107 115/115/115 113/113/113
f 114/114/114 113/113/113 116/116/116
f 114/114/114 116/116/116 117/117/117
f 115/115/115 112/112/112 118/118/118
f 115/115/115 118/118/118 119/119/119
f 111/111/111 6/6/6 7/7/7
f 111/111/111 7/7/7 120/120/120
f 113/113/113 115/115/115 119/119/119
f 113/113/113 119/119/119 116/116/116
f 112/112/112 111/111/111 120/120/120
f 112/112/112 120/120/120 118/118/118
f 120/120/120 7/7/7 8/8/8
f 120/120/120 8/8/8 121/121/121
f 116/116/116 119/119/119 122/122/122
f 116/116/116 122/122/122 123/123/123
f 118/118/118 120/120/120 121/121/121
f 118/118/118 121/121/121 124/124/124
f 117/117/117 116/116/116 123/123/123
f 117/117/117 123/123/123 125/125/125
f 119/119/119 118/118/118 124/124/124
f 119/119/119 124/124/124 122/122/122
f 125/125/125 123/123/123 126/126/126
f 125/125/125 126/126/126 127/127/127
f 122/122/122 124/124/124 128/128/128
f 122/122/122 128/128/128 129/129/129
f 121/121/121 8/8/8 9/9/9
f 121/121/121 9/9/9 130/130/130
f 123/123/123 122/122/122 129/129/129
f 123/123/123 129/129/129 126/126/126
f 124/124/124 121/121/121 130/130/130
f 124/124/124 130/130/130 128/128/128
f 131/131/131 132/132/132 133/133/133
f 131/131/131 133/133/133 134/134/134
f 126/126/126 129/129/129 135/135/135
f 126/126/126 135/135/135 136/136/136
f 128/128/128 130/130/130 137/137/137
f 128/128/128 137/137/137 138/138/138
f 139/139/139 140/140/140 141/141/141
f 139/139/139 141/141/141 142/142/142
f 127/127/127 126/126/126 136/136/136
f 127/127/127 136/136/136 143/143/143
f 129/129/129 128/128/128 138/138/138
f 129/129/129 138/138/138 135/135/135
f 130/130/130 9/9/9 10/10/10
f 130/130/130 10/10/10 137/137/137
f 144/144/144 145/145/145 146/146/146
f 144/144/144 146/146/146 147/147/147
f 148/148/148 149/149/149 132/132/132
f 148/148/148 132/132/132 131/131/131
f 150/150/150 151/151/151 145/145/145
f 150/150/150 145/145/145 144/144/144
f 152/152/152 153/153/153 149/149/149
f 152/152/152 149/149/149 148/148/148
f 134/134/134 133/133/133 151/151/151
f 134/134/134 151/151/151 150/150/150
f 154/154/154 155/155/155 156/156/156
f 154/154/154 156/156/156 157/157/157
f 157/157/157 156/156/156 158/158/158
f 157/157/157 158/158/158 159/159/159
f 159/159/159 158/158/158 160/160/160
f 159/159/159 160/160/160 161/161/161
f 161/161/161 160/160/160 162/162/162
f 161/161/161 162/162/162 163/163/163
f 163/163/163 162/162/162 164/164/164
f 163/163/163 164/164/164 165/165/165
f 165/165/165 164/164/164 166/166/166
f 165/165/165 166/166/166 167/167/167
f 167/167/167 166/166/166 168/168/168
f 167/167/167 168/168/168 169/169/169
f 169/169/169 168/168/168 170/170/170
f 169/169/169 170/170/170 171/171/171
f 172/172/172 173/173/173 174/174/174
f 172/172/172 174/174/174 175/175/175
f 175/175/175 174/174/174 176/176/176
f 175/175/175 176/176/176 177/177/177
f 177/177/177 176/176/176 178/178/178
f 177/177/177 178/178/178 179/179/179
f 179/179/179 178/178/178 180/180/180
f 179/179/179 180/180/180 181/181/181
f 181/181/181 180/180/180 182/182/182
f 181/181/181 182/182/182 183/183/183
f 183/183/183 182/182/182 184/184/184
f 183/183/183 184/184/184 185/185/185
f 185/185/185 184/184/184 186/186/186
f 185/185/185 186/186/186 187/187/187
f 187/187/187 186/186/186 188/188/188
f 187/187/187 188/188/188 189/189/189
f 190/190/190 191/191/191 192/192/192
f 190/190/190 192/192/192 193/193/193
f 194/194/194 195/195/195 191/191/191
f 194/194/194 191/191/191 190/190/190
f 196/196/196 197/197/197 195/195/195
f 196/196/196 195/195/195 194/194/194
f 198/198/198 199/199/199 197/197/197
f 198/198/198 197/197/197 196/196/196
f 200/200/200 201/201/201 199/199/199
f 200/200/200 199/199/199 198/198/198
f 202/202/202 203/203/203 201/201/201
f 202/202/202 201/201/201 200/200/200
f 204/204/204 205/205/205 203/203/203
f 204/204/204 203/203/203 202/202/202
f 206/206/206 207/207/207 205/205/205
f 206/206/206 205/205/205 204/204/204
f 208/208/208 209/209/209 210/210/210
f 208/208/208 210/210/210 211/211/211
f 211/211/211 210/210/210 212/212/212
f 211/211/211 212/212/212 213/213/213
f 213/213/213 212/212/212 214/214/214
f 213/213/213 214/214/214 215/215/215
f 215/215/215 214/214/214 216/216/216
f 215/215/215 216/216/216 217/217/217
f 217/217/217 216/216/216 218/218/218
f 217/217/217 218/218/218 219/219/219
f 219/219/219 218/218/218 220/220/220
f 219/219/219 220/220/220 221/221/221
f 221/221/221 220/220/220 222/222/222
f 221/221/221 222/222/222 223/223/223
f 223/223/223 222/222/222 224/224/224
f 223/223/223 224/224/224 225/225/225
f 226/226/226 227/227/227 228/228/228
f 226/226/226 228/228/228 229/229/229
f 230/230/230 231/231/231 227/227/227
f 230/230/230 227/227/227 226/226/226
f 232/232/232 233/233/233 231/231/231
f 232/232/232 231/231/231 230/230/230
f 234/234/234 235/235/235 233/233/233
f 234/234/234 233/233/233 232/232/232
f 236/236/236 237/237/237 235/235/235
f 236/236/236 235/235/235 234/234/234
f 238/238/238 239/239/239 237/237/237
f 238/238/238 237/237/237 236/236/236
f 240/240/240 241/241/241 239/239/239
f 240/240/240 239/239/239 238/238/238
f 242/242/242 243/243/243 241/241/241
f 242/242/242 241/241/241 240/240/240
f 244/244/244 245/245/245 246/246/246
f 244/244/244 246/246/246 247/247/247
f 248/248/248 249/249/249 245/245/245
f 248/248/248 245/245/245 244/244/244
f 250/250/250 251/251/251 249/249/249
f 250/250/250 249/249/249 248/248/248
f 252/252/252 253/253/253 251/251/251
f 252/252/252 251/251/251 250/250/250
f 254/254/254 255/255/255 253/253/253
f 254/254/254 253/253/253 252/252/252
f 256/256/256 257/257/257 255/255/255
f 256/256/256 255/255/255 254/254/254
f 258/258/258 259/259/259 257/257/257
f 258/258/258 257/257/257 256/256/256
f 260/260/260 261/261/261 259/259/259
f 260/260/260 259/259/259 258/258/258
f 262/262/262 263/263/263 264/264/264
f 262/262/262 264/264/264 265/265/265
f 266/266/266 267/267/267 263/263/263
f 266/266/266 263/263/263 262/262/262
f 268/268/268 269/269/269 267/267/267
f 268/268/268 267/267/267 266/266/266
f 270/270/270 271/271/271 269/269/269
f 270/270/270 269/269/269 268/268/268
f 272/272/272 273/273/273 271/271/271
f 272/272/272 271/271/271 270/270/270
f 274/274/274 275/275/275 273/273/273
f 274/274/274 273/273/273 272/272/272
f 276/276/276 277/277/277 275/275/275
f 276/276/276 275/275/275 274/274/274
f 278/278/278 279/279/279 277/277/277
f 278/278/278 277/277/277 276/276/276
f 280/280/280 281/281/281 282/282/282
f 280/280/280 282/282/282 283/283/283
f 284/284/284 285/285/285 281/281/281
f 284/284/284 281/281/281 280/280/280
f 286/286/286 287/287/287 285/285/285
f 286/286/286 285/285/285 284/284/284
f 288/288/288 289/289/289 287/287/287
f 288/288/288 287/287/287 286/286/286
f 290/290/290 291/291/291 289/289/289
f 290/290/290 289/289/289 288/288/288
f 292/292/292 293/293/293 291/291/291
f 292/292/292 291/291/291 290/290/290
f 294/294/294 295/295/295 293/293/293
f 294/294/294 293/293/293 292/292/292
f 296/296/296 297/297/297 295/295/295
f 296/296/296 295/295/295 294/294/294
f 298/298/298 169/169/169 171/171/171
f 298/298/298 171/171/171 299/299/299
f 300/300/300 167/167/167 169/169/169
f 300/300/300 169/169/169 298/298/298
f 301/301/301 165/165/165 167/167/167
f 301/301/301 167/167/167 300/300/300
f 302/302/302 163/163/163 165/165/165
f 302/302/302 165/165/165 301/301/301
f 303/303/303 161/161/161 163/163/163
f 303/303/303 163/163/163 302/302/302
f 304/304/304 159/159/159 161/161/161
f 304/304/304 161/161/161 303/303/303
f 305/305/305 157/157/157 159/159/159
f 305/305/305 159/159/159 304/304/304
f 306/306/306 154/154/154 157/157/157
f 306/306/306 157/157/157 305/305/305
f 297/297/297 306/306/306 305/305/305
f 297/297/297 305/305/305 295/295/295
f 295/295/295 305/305/305 304/304/304
f 295/295/295 304/304/304 293/293/293
f 293/293/293 304/304/304 303/303/303
f 293/293/293 303/303/303 291/291/291
f 291/291/291 303/303/303 302/302/302
f 291/291/291 302/302/302 289/289/289
f 289/289/289 302/302/302 301/301/301
f 289/289/289 301/301/301 287/287/287
f 287/287/287 301/301/301 300/300/300
f 287/287/287 300/300/300 285/285/285
f 285/285/285 300/300/300 298/298/298
f 285/285/285 298/298/298 281/281/281
f 281/281/281 298/298/298 299/299/299
f 281/281/281 299/299/299 282/282/282
f 279/279/279 307/307/307 308/308/308
f 279/279/279 308/308/308 277/277/277
f 277/277/277 308/308/308 309/309/309
f 277/277/277 309/309/309 275/275/275
f 275/275/275 309/309/309 310/310/310
f 275/275/275 310/310/310 273/273/273
f 273/273/273 310/310/310 311/311/311
f 273/273/273 311/311/311 271/271/271
f 271/271/271 311/311/311 312/312/312
f 271/271/271 312/312/312 269/269/269
f 269/269/269 312/312/312 313/313/313
f 269/269/269 313/313/313 267/267/267
f 267/267/267 313/313/313 314/314/314
f 267/267/267 314/314/314 263/263/263
f 263/263/263 314/314/314 315/315/315
f 263/263/263 315/315/315 264/264/264
f 316/316/316 317/317/317 318/318/318
f 316/316/316 318/318/318 319/319/319
f 320/320/320 321/321/321 317/317/317
f 320/320/320 317/317/317 316/316/316
f 322/322/322 323/323/323 321/321/321
f 322/322/322 321/321/321 320/320/320
f 324/324/324 325/325/325 323/323/323
f 324/324/324 323/323/323 322/322/322
f 326/326/326 327/327/327 325/325/325
f 326/326/326 325/325/325 324/324/324
f 328/328/328 329/329/329 327/327/327
f 328/328/328 327/327/327 326/326/326
f 330/330/330 331/331/331 329/329/329
f 330/330/330 329/329/329 328/328/328
f 332/332/332 333/333/333 331/331/331
f 332/332/332 331/331/331 330/330/330
f 334/334/334 335/335/335 336/336/336
f 334/334/334 336/336/336 337/337/337
f 337/337/337 336/336/336 338/338/338
f 337/337/337 338/338/338 339/339/339
f 339/339/339 338/338/338 340/340/340
f 339/339/339 340/340/340 341/341/341
f 341/341/341 340/340/340 342/342/342
f 341/341/341 342/342/342 343/343/343
f 343/343/343 342/342/342 344/344/344
f 343/343/343 344/344/344 345/345/345
f 345/345/345 344/344/344 346/346/346
f 345/345/345 346/346/346 347/347/347
f 347/347/347 346/346/346 348/348/348
f 347/347/347 348/348/348 349/349/349
f 349/349/349 348/348/348 350/350/350
f 349/349/349 350/350/350 351/351/351
f 352/352/352 353/353/353 354/354/354
f 352/352/352 354/354/354 355/355/355
f 356/356/356 357/357/357 358/358/358
f 356/356/356 358/358/358 359/359/359
f 360/360/360 356/356/356 359/359/359
f 360/360/360 359/359/359 361/361/361
f 362/362/362 360/360/360 361/361/361
f 362/362/362 361/361/361 363/363/363
f 364/364/364 362/362/362 363/363/363
f 364/364/364 363/363/363 365/365/365
f 366/366/366 364/364/364 365/365/365
f 366/366/366 365/365/365 367/367/367
f 368/368/368 366/366/366 367/367/367
f 368/368/368 367/367/367 369/369/369
f 353/353/353 368/368/368 369/369/369
f 353/353/353 369/369/369 354/354/354
f 370/370/370 371/371/371 372/372/372
f 370/370/370 372/372/372 373/373/373
f 374/374/374 375/375/375 376/376/376
f 374/374/374 376/376/376 377/377/377
f 378/378/378 374/374/374 377/377/377
f 378/378/378 377/377/377 379/379/379
f 380/380/380 378/378/378 379/379/379
f 380/380/380 379/379/379 381/381/381
f 382/382/382 380/380/380 381/381/381
f 382/382/382 381/381/381 383/383/383
f 384/384/384 382/382/382 383/383/383
f 384/384/384 383/383/383 385/385/385
f 386/386/386 384/384/384 385/385/385
f 386/386/386 385/385/385 387/387/387
f 371/371/371 386/386/386 387/387/387
f 371/371/371 387/387/387 372/372/372
f 388/388/388 389/389/389 368/368/368
f 388/388/388 368/368/368 353/353/353
f 389/389/389 390/390/390 366/366/366
f 389/389/389 366/366/366 368/368/368
f 390/390/390 391/391/391 364/364/364
f 390/390/390 364/364/364 366/366/366
f 391/391/391 392/392/392 362/362/362
f 391/391/391 362/362/362 364/364/364
f 392/392/392 393/393/393 360/360/360
f 392/392/392 360/360/360 362/362/362
f 393/393/393 394/394/394 356/356/356
f 393/393/393 356/356/356 360/360/360
f 394/394/394 395/395/395 357/357/357
f 394/394/394 357/357/357 356/356/356
f 396/396/396 388/388/388 353/353/353
f 396/396/396 353/353/353 352/352/352
f 397/397/397 398/398/398 388/388/388
f 397/397/397 388/388/388 396/396/396
f 399/399/399 400/400/400 395/395/395
f 399/399/399 395/395/395 394/394/394
f 401/401/401 399/399/399 394/394/394
f 401/401/401 394/394/394 393/393/393
f 402/402/402 401/401/401 393/393/393
f 402/402/402 393/393/393 392/392/392
f 403/403/403 402/402/402 392/392/392
f 403/403/403 392/392/392 391/391/391
f 404/404/404 403/403/403 391/391/391
f 404/404/404 391/391/391 390/390/390
f 405/405/405 404/404/404 390/390/390
f 405/405/405 390/390/390 389/389/389
f 398/398/398 405/405/405 389/389/389
f 398/398/398 389/389/389 388/388/388
f 354/354/354 369/369/369 386/386/386
f 354/354/354 386/386/386 371/371/371
f 369/369/369 367/367/367 384/384/384
f 369/369/369 384/384/384 386/386/386
f 367/367/367 365/365/365 382/382/382
f 367/367/367 382/382/382 384/384/384
f 365/365/365 363/363/363 380/380/380
f 365/365/365 380/380/380 382/382/382
f 363/363/363 361/361/361 378/378/378
f 363/363/363 378/378/378 380/380/380
f 361/361/361 359/359/359 374/374/374
f 361/361/361 374/374/374 378/378/378
f 359/359/359 358/358/358 375/375/375
f 359/359/359 375/375/375 374/374/374
f 355/355/355 354/354/354 371/371/371
f 355/355/355 371/371/371 370/370/370
f 406/406/406 407/407/407 408/408/408
f 406/406/406 408/408/408 409/409/409
f 407/407/407 410/410/410 411/411/411
f 407/407/407 411/411/411 408/408/408
f 410/410/410 412/412/412 413/413/413
f 410/410/410 413/413/413 411/411/411
f 412/412/412 414/414/414 415/415/415
f 412/412/412 415/415/415 413/413/413
f 414/414/414 416/416/416 417/417/417
f 414/414/414 417/417/417 415/415/415
f 416/416/416 418/418/418 419/419/419
f 416/416/416 419/419/419 417/417/417
f 420/420/420 421/421/421 422/422/422
f 420/420/420 422/422/422 423/423/423
f 421/421/421 406/406/406 409/409/409
f 421/421/421 409/409/409 422/422/422
f 424/424/424 425/425/425 426/426/426
f 424/424/424 426/426/426 427/427/427
f 428/428/428 424/424/424 427/427/427
f 428/428/428 427/427/427 429/429/429
f 430/430/430 431/431/431 432/432/432
f 430/430/430 432/432/432 433/433/433
f 434/434/434 430/430/430 433/433/433
f 434/434/434 433/433/433 435/435/435
f 436/436/436 434/434/434 435/435/435
f 436/436/436 435/435/435 437/437/437
f 438/438/438 436/436/436 437/437/437
f 438/438/438 437/437/437 439/439/439
f 440/440/440 438/438/438 439/439/439
f 440/440/440 439/439/439 441/441/441
f 425/425/425 440/440/440 441/441/441
f 425/425/425 441/441/441 426/426/426
f 442/442/442 443/443/443 444/444/444
f 442/442/442 444/444/444 445/445/445
f 443/443/443 446/446/446 447/447/447
f 443/443/443 447/447/447 444/444/444
f 446/446/446 448/448/448 449/449/449
f 446/446/446 449/449/449 447/447/447
f 448/448/448 450/450/450 451/451/451
f 448/448/448 451/451/451 449/449/449
f 450/450/450 452/452/452 453/453/453
f 450/450/450 453/453/453 451/451/451
f 452/452/452 454/454/454 455/455/455
f 452/452/452 455/455/455 453/453/453
f 456/456/456 457/457/457 458/458/458
f 456/456/456 458/458/458 459/459/459
f 457/457/457 442/442/442 445/445/445
f 457/457/457 445/445/445 458/458/458
f 460/460/460 461/461/461 462/462/462
f 460/460/460 462/462/462 463/463/463
f 461/461/461 464/464/464 465/465/465
f 461/461/461 465/465/465 462/462/462
f 464/464/464 466/466/466 467/467/467
f 464/464/464 467/467/467 465/465/465
f 466/466/466 468/468/468 469/469/469
f 466/466/466 469/469/469 467/467/467
f 468/468/468 470/470/470 471/471/471
f 468/468/468 471/471/471 469/469/469
f 470/470/470 472/472/472 473/473/473
f 470/470/470 473/473/473 471/471/471
f 474/474/474 475/475/475 476/476/476
f 474/474/474 476/476/476 477/477/477
f 475/475/475 460/460/460 463/463/463
f 475/475/475 463/463/463 476/476/476
f 458/458/458 445/445/445 460/460/460
f 458/458/458 460/460/460 475/475/475
f 459/459/459 458/458/458 475/475/475
f 459/459/459 475/475/475 474/474/474
f 453/453/453 455/455/455 472/472/472
f 453/453/453 472/472/472 470/470/470
f 451/451/451 453/453/453 470/470/470
f 451/451/451 470/470/470 468/468/468
f 449/449/449 451/451/451 468/468/468
f 449/449/449 468/468/468 466/466/466
f 447/447/447 449/449/449 466/466/466
f 447/447/447 466/466/466 464/464/464
f 444/444/444 447/447/447 464/464/464
f 444/444/444 464/464/464 461/461/461
f 445/445/445 444/444/444 461/461/461
f 445/445/445 461/461/461 460/460/460
f 478/478/478 479/479/479 480/480/480
f 478/478/478 480/480/480 481/481/481
f 482/482/482 483/483/483 406/406/406
f 482/482/482 406/406/406 421/421/421
f 484/484/484 478/478/478 481/481/481
f 484/484/484 481/481/481 485/485/485
f 486/486/486 482/482/482 421/421/421
f 486/486/486 421/421/421 420/420/420
f 487/487/487 488/488/488 489/489/489
f 487/487/487 489/489/489 490/490/490
f 491/491/491 492/492/492 418/418/418
f 491/491/491 418/418/418 416/416/416
f 493/493/493 487/487/487 490/490/490
f 493/493/493 490/490/490 494/494/494
f 495/495/495 491/491/491 416/416/416
f 495/495/495 416/416/416 414/414/414
f 496/496/496 493/493/493 494/494/494
f 496/496/496 494/494/494 497/497/497
f 498/498/498 495/495/495 414/414/414
f 498/498/498 414/414/414 412/412/412
f 499/499/499 496/496/496 497/497/497
f 499/499/499 497/497/497 500/500/500
f 501/501/501 498/498/498 412/412/412
f 501/501/501 412/412/412 410/410/410
f 502/502/502 499/499/499 500/500/500
f 502/502/502 500/500/500 503/503/503
f 504/504/504 501/501/501 410/410/410
f 504/504/504 410/410/410 407/407/407
f 479/479/479 502/502/502 503/503/503
f 479/479/479 503/503/503 480/480/480
f 483/483/483 504/504/504 407/407/407
f 483/483/483 407/407/407 406/406/406
f 505/505/505 506/506/506 507/507/507
f 505/505/505 507/507/507 508/508/508
f 506/506/506 509/509/509 510/510/510
f 506/506/506 510/510/510 507/507/507
f 509/509/509 511/511/511 512/512/512
f 509/509/509 512/512/512 510/510/510
f 511/511/511 513/513/513 514/514/514
f 511/511/511 514/514/514 512/512/512
f 513/513/513 515/515/515 516/516/516
f 513/513/513 516/516/516 514/514/514
f 515/515/515 517/517/517 518/518/518
f 515/515/515 518/518/518 516/516/516
f 519/519/519 520/520/520 521/521/521
f 519/519/519 521/521/521 522/522/522
f 520/520/520 505/505/505 508/508/508
f 520/520/520 508/508/508 521/521/521
f 523/523/523 524/524/524 525/525/525
f 523/523/523 525/525/525 526/526/526
f 527/527/527 523/523/523 526/526/526
f 527/527/527 526/526/526 528/528/528
f 529/529/529 530/530/530 531/531/531
f 529/529/529 531/531/531 532/532/532
f 533/533/533 529/529/529 532/532/532
f 533/533/533 532/532/532 534/534/534
f 535/535/535 533/533/533 534/534/534
f 535/535/535 534/534/534 536/536/536
f 537/537/537 535/535/535 536/536/536
f 537/537/537 536/536/536 538/538/538
f 539/539/539 537/537/537 538/538/538
f 539/539/539 538/538/538 540/540/540
f 524/524/524 539/539/539 540/540/540
f 524/524/524 540/540/540 525/525/525
f 526/526/526 525/525/525 541/541/541
f 526/526/526 541/541/541 542/542/542
f 528/528/528 526/526/526 542/542/542
f 528/528/528 542/542/542 543/543/543
f 532/532/532 531/531/531 544/544/544
f 532/532/532 544/544/544 545/545/545
f 534/534/534 532/532/532 545/545/545
f 534/534/534 545/545/545 546/546/546
f 536/536/536 534/534/534 546/546/546
f 536/536/536 546/546/546 547/547/547
f 538/538/538 536/536/536 547/547/547
f 538/538/538 547/547/547 548/548/548
f 540/540/540 538/538/538 548/548/548
f 540/540/540 548/548/548 549/549/549
f 525/525/525 540/540/540 549/549/549
f 525/525/525 549/549/549 541/541/541
f 550/550/550 551/551/551 552/552/552
f 550/550/550 552/552/552 553/553/553
f 551/551/551 554/554/554 555/555/555
f 551/551/551 555/555/555 552/552/552
f 554/554/554 556/556/556 557/557/557
f 554/554/554 557/557/557 555/555/555
f 556/556/556 558/558/558 559/559/559
f 556/556/556 559/559/559 557/557/557
f 558/558/558 560/560/560 561/561/561
f 558/558/558 561/561/561 559/559/559
f 560/560/560 562/562/562 563/563/563
f 560/560/560 563/563/563 561/561/561
f 562/562/562 564/564/564 565/565/565
f 562/562/562 565/565/565 563/563/563
f 564/564/564 566/566/566 567/567/567
f 564/564/564 567/567/567 565/565/565
f 568/568/568 569/569/569 570/570/570
f 568/568/568 570/570/570 571/571/571
f 572/572/572 568/568/568 571/571/571
f 572/572/572 571/571/571 573/573/573
f 569/569/569 574/574/574 575/575/575
f 569/569/569 575/575/575 570/570/570
f 574/574/574 576/576/576 577/577/577
f 574/574/574 577/577/577 575/575/575
f 578/578/578 579/579/579 580/580/580
f 578/578/578 580/580/580 581/581/581
f 579/579/579 582/582/582 583/583/583
f 579/579/579 583/583/583 580/580/580
f 584/584/584 572/572/572 573/573/573
f 584/584/584 573/573/573 585/585/585
f 586/586/586 587/587/587 588/588/588
f 586/586/586 588/588/588 589/589/589
f 590/590/590 591/591/591 592/592/592
f 590/590/590 592/592/592 593/593/593
f 594/594/594 590/590/590 593/593/593
f 594/594/594 593/593/593 595/595/595
f 596/596/596 594/594/594 595/595/595
f 596/596/596 595/595/595 597/597/597
f 576/576/576 578/578/578 581/581/581
f 576/576/576 581/581/581 577/577/577
f 598/598/598 596/596/596 597/597/597
f 598/598/598 597/597/597 599/599/599
f 587/587/587 598/598/598 599/599/599
f 587/587/587 599/599/599 588/588/588
f 600/600/600 586/586/586 589/589/589
f 600/600/600 589/589/589 601/601/601
f 591/591/591 602/602/602 603/603/603
f 591/591/591 603/603/603 592/592/592
f 604/604/604 605/605/605 585/585/585
f 604/604/604 585/585/585 573/573/573
f 606/606/606 607/607/607 580/580/580
f 606/606/606 580/580/580 583/583/583
f 607/607/607 608/608/608 581/581/581
f 607/607/607 581/581/581 580/580/580
f 608/608/608 609/609/609 577/577/577
f 608/608/608 577/577/577 581/581/581
f 609/609/609 610/610/610 575/575/575
f 609/609/609 575/575/575 577/577/577
f 610/610/610 611/611/611 570/570/570
f 610/610/610 570/570/570 575/575/575
f 611/611/611 612/612/612 571/571/571
f 611/611/611 571/571/571 570/570/570
f 612/612/612 604/604/604 573/573/573
f 612/612/612 573/573/573 571/571/571
f 607/607/607 606/606/606 602/602/602
f 607/607/607 602/602/602 591/591/591
f 605/605/605 604/604/604 586/586/586
f 605/605/605 586/586/586 600/600/600
f 612/612/612 611/611/611 598/598/598
f 612/612/612 598/598/598 587/587/587
f 611/611/611 610/610/610 596/596/596
f 611/611/611 596/596/596 598/598/598
f 610/610/610 609/609/609 594/594/594
f 610/610/610 594/594/594 596/596/596
f 609/609/609 608/608/608 590/590/590
f 609/609/609 590/590/590 594/594/594
f 608/608/608 607/607/607 591/591/591
f 608/608/608 591/591/591 590/590/590
f 604/604/604 612/612/612 587/587/587
f 604/604/604 587/587/587 586/586/586
f 613/613/613 614/614/614 615/615/615
f 613/613/613 615/615/615 616/616/616
f 617/617/617 618/618/618 619/619/619
f 617/617/617 619/619/619 620/620/620
f 621/621/621 622/622/622 623/623/623
f 621/621/621 623/623/623 624/624/624
f 614/614/614 621/621/621 624/624/624
f 614/614/614 624/624/624 615/615/615
f 625/625/625 613/613/613 616/616/616
f 625/625/625 616/616/616 626/626/626
f 627/627/627 625/625/625 626/626/626
f 627/627/627 626/626/626 628/628/628
f 618/618/618 629/629/629 630/630/630
f 618/618/618 630/630/630 619/619/619
f 629/629/629 627/627/627 628/628/628
f 629/629/629 628/628/628 630/630/630
f 631/631/631 632/632/632 633/633/633
f 631/631/631 633/633/633 634/634/634
f 632/632/632 635/635/635 636/636/636
f 632/632/632 636/636/636 633/633/633
f 637/637/637 638/638/638 639/639/639
f 637/637/637 639/639/639 640/640/640
f 638/638/638 641/641/641 642/642/642
f 638/638/638 642/642/642 639/639/639
f 641/641/641 643/643/643 644/644/644
f 641/641/641 644/644/644 642/642/642
f 643/643/643 645/645/645 646/646/646
f 643/643/643 646/646/646 644/644/644
f 645/645/645 647/647/647 648/648/648
f 645/645/645 648/648/648 646/646/646
f 647/647/647 631/631/631 634/634/634
f 647/647/647 634/634/634 648/648/648
f 649/649/649 650/650/650 651/651/651
f 649/649/649 651/651/651 652/652/652
f 650/650/650 653/653/653 654/654/654
f 650/650/650 654/654/654 651/651/651
f 27/27/27 29/29/29 655/655/655
f 27/27/27 655/655/655 653/653/653
f 656/656/656 654/654/654 657/657/657
f 656/656/656 657/657/657 24/24/24
f 28/28/28 658/658/658 659/659/659
f 28/28/28 659/659/659 31/31/31
f 658/658/658 660/660/660 661/661/661
f 658/658/658 661/661/661 659/659/659
f 660/660/660 662/662/662 663/663/663
f 660/660/660 663/663/663 661/661/661
f 664/664/664 649/649/649 652/652/652
f 664/664/664 652/652/652 665/665/665
f 666/666/666 667/667/667 668/668/668
f 666/666/666 668/668/668 669/669/669
f 669/669/669 668/668/668 670/670/670
f 669/669/669 670/670/670 671/671/671
f 671/671/671 670/670/670 672/672/672
f 671/671/671 672/672/672 673/673/673
f 673/673/673 672/672/672 674/674/674
f 673/673/673 674/674/674 675/675/675
f 675/675/675 674/674/674 676/676/676
f 675/675/675 676/676/676 677/677/677
f 677/677/677 676/676/676 22/22/22
f 677/677/677 22/22/22 21/21/21
f 678/678/678 679/679/679 38/38/38
f 678/678/678 38/38/38 680/680/680
f 678/678/678 681/681/681 682/682/682
f 678/678/678 682/682/682 679/679/679
f 683/683/683 684/684/684 685/685/685
f 683/683/683 685/685/685 686/686/686
f 684/684/684 687/687/687 688/688/688
f 684/684/684 688/688/688 685/685/685
f 687/687/687 656/656/656 689/689/689
f 687/687/687 689/689/689 688/688/688
f 656/656/656 24/24/24 26/26/26
f 656/656/656 26/26/26 689/689/689
f 640/640/640 639/639/639 649/649/649
f 640/640/640 649/649/649 664/664/664
f 633/633/633 636/636/636 662/662/662
f 633/633/633 662/662/662 660/660/660
f 634/634/634 633/633/633 660/660/660
f 634/634/634 660/660/660 658/658/658
f 648/648/648 634/634/634 658/658/658
f 648/648/648 658/658/658 28/28/28
f 646/646/646 648/648/648 28/28/28
f 646/646/646 28/28/28 27/27/27
f 644/644/644 646/646/646 27/27/27
f 644/644/644 27/27/27 653/653/653
f 642/642/642 644/644/644 653/653/653
f 642/642/642 653/653/653 650/650/650
f 639/639/639 642/642/642 650/650/650
f 639/639/639 650/650/650 649/649/649
f 690/690/690 691/691/691 631/631/631
f 690/690/690 631/631/631 647/647/647
f 692/692/692 690/690/690 647/647/647
f 692/692/692 647/647/647 645/645/645
f 693/693/693 692/692/692 645/645/645
f 693/693/693 645/645/645 643/643/643
f 694/694/694 693/693/693 643/643/643
f 694/694/694 643/643/643 641/641/641
f 695/695/695 694/694/694 641/641/641
f 695/695/695 641/641/641 638/638/638
f 696/696/696 695/695/695 638/638/638
f 696/696/696 638/638/638 637/637/637
f 697/697/697 698/698/698 635/635/635
f 697/697/697 635/635/635 632/632/632
f 691/691/691 697/697/697 632/632/632
f 691/691/691 632/632/632 631/631/631
f 31/31/31 659/659/659 680/680/680
f 31/31/31 680/680/680 32/32/32
f 651/651/651 654/654/654 656/656/656
f 651/651/651 656/656/656 687/687/687
f 652/652/652 651/651/651 687/687/687
f 652/652/652 687/687/687 684/684/684
f 665/665/665 652/652/652 684/684/684
f 665/665/665 684/684/684 683/683/683
f 661/661/661 663/663/663 681/681/681
f 661/661/661 681/681/681 678/678/678
f 659/659/659 661/661/661 678/678/678
f 659/659/659 678/678/678 680/680/680
f 668/668/668 667/667/667 686/686/686
f 668/668/668 686/686/686 685/685/685
f 670/670/670 668/668/668 685/685/685
f 670/670/670 685/685/685 688/688/688
f 672/672/672 670/670/670 688/688/688
f 672/672/672 688/688/688 689/689/689
f 674/674/674 672/672/672 689/689/689
f 674/674/674 689/689/689 26/26/26
f 676/676/676 674/674/674 26/26/26
f 676/676/676 26/26/26 25/25/25
f 699/699/699 700/700/700 679/679/679
f 699/699/699 679/679/679 682/682/682
f 657/657/657 654/654/654 653/653/653
f 657/657/657 653/653/653 655/655/655
f 700/700/700 36/36/36 38/38/38
f 700/700/700 38/38/38 679/679/679
f 31/31/31 30/30/30 29/29/29
f 31/31/31 29/29/29 28/28/28
f 100/100/100 33/33/33 35/35/35
f 100/100/100 35/35/35 701/701/701
f 100/100/100 701/701/701 98/98/98
f 100/100/100 98/98/98 99/99/99
f 680/680/680 38/38/38 37/37/37
f 680/680/680 37/37/37 32/32/32
f 702/702/702 703/703/703 40/40/40
f 702/702/702 40/40/40 39/39/39
f 704/704/704 705/705/705 703/703/703
f 704/704/704 703/703/703 702/702/702
f 706/706/706 707/707/707 708/708/708
f 706/706/706 708/708/708 705/705/705
f 703/703/703 709/709/709 42/42/42
f 703/703/703 42/42/42 40/40/40
f 68/68/68 710/710/710 707/707/707
f 68/68/68 707/707/707 706/706/706
f 705/705/705 708/708/708 709/709/709
f 705/705/705 709/709/709 703/703/703
f 70/70/70 711/711/711 710/710/710
f 70/70/70 710/710/710 68/68/68
f 710/710/710 712/712/712 713/713/713
f 710/710/710 713/713/713 707/707/707
f 708/708/708 714/714/714 715/715/715
f 708/708/708 715/715/715 709/709/709
f 711/711/711 716/716/716 712/712/712
f 711/711/711 712/712/712 710/710/710
f 707/707/707 713/713/713 714/714/714
f 707/707/707 714/714/714 708/708/708
f 709/709/709 715/715/715 43/43/43
f 709/709/709 43/43/43 42/42/42
f 714/714/714 717/717/717 718/718/718
f 714/714/714 718/718/718 715/715/715
f 716/716/716 719/719/719 720/720/720
f 716/716/716 720/720/720 712/712/712
f 713/713/713 721/721/721 717/717/717
f 713/713/713 717/717/717 714/714/714
f 715/715/715 718/718/718 44/44/44
f 715/715/715 44/44/44 43/43/43
f 712/712/712 720/720/720 721/721/721
f 712/712/712 721/721/721 713/713/713
f 719/719/719 722/722/722 723/723/723
f 719/719/719 723/723/723 720/720/720
f 721/721/721 724/724/724 725/725/725
f 721/721/721 725/725/725 717/717/717
f 718/718/718 726/726/726 45/45/45
f 718/718/718 45/45/45 44/44/44
f 720/720/720 723/723/723 724/724/724
f 720/720/720 724/724/724 721/721/721
f 717/717/717 725/725/725 726/726/726
f 717/717/717 726/726/726 718/718/718
f 726/726/726 727/727/727 46/46/46
f 726/726/726 46/46/46 45/45/45
f 723/723/723 728/728/728 729/729/729
f 723/723/723 729/729/729 724/724/724
f 725/725/725 730/730/730 727/727/727
f 725/725/725 727/727/727 726/726/726
f 722/722/722 731/731/731 728/728/728
f 722/722/722 728/728/728 723/723/723
f 724/724/724 729/729/729 730/730/730
f 724/724/724 730/730/730 725/725/725
f 731/731/731 732/732/732 733/733/733
f 731/731/731 733/733/733 728/728/728
f 729/729/729 734/734/734 735/735/735
f 729/729/729 735/735/735 730/730/730
f 727/727/727 736/736/736 47/47/47
f 727/727/727 47/47/47 46/46/46
f 728/728/728 733/733/733 734/734/734
f 728/728/728 734/734/734 729/729/729
f 730/730/730 735/735/735 736/736/736
f 730/730/730 736/736/736 727/727/727
f 737/737/737 738/738/738 739/739/739
f 737/737/737 739/739/739 740/740/740
f 733/733/733 741/741/741 742/742/742
f 733/733/733 742/742/742 734/734/734
f 735/735/735 743/743/743 744/744/744
f 735/735/735 744/744/744 736/736/736
f 745/745/745 746/746/746 747/747/747
f 745/745/745 747/747/747 748/748/748
f 732/732/732 749/749/749 741/741/741
f 732/732/732 741/741/741 733/733/733
f 734/734/734 742/742/742 743/743/743
f 734/734/734 743/743/743 735/735/735
f 736/736/736 744/744/744 48/48/48
f 736/736/736 48/48/48 47/47/47
f 750/750/750 751/751/751 752/752/752
f 750/750/750 752/752/752 753/753/753
f 754/754/754 737/737/737 740/740/740
f 754/754/754 740/740/740 755/755/755
f 756/756/756 750/750/750 753/753/753
f 756/756/756 753/753/753 757/757/757
f 758/758/758 754/754/754 755/755/755
f 758/758/758 755/755/755 759/759/759
f 738/738/738 756/756/756 757/757/757
f 738/738/738 757/757/757 739/739/739
f 760/760/760 761/761/761 762/762/762
f 760/760/760 762/762/762 763/763/763
f 761/761/761 764/764/764 765/765/765
f 761/761/761 765/765/765 762/762/762
f 764/764/764 766/766/766 767/767/767
f 764/764/764 767/767/767 765/765/765
f 766/766/766 768/768/768 769/769/769
f 766/766/766 769/769/769 767/767/767
f 768/768/768 770/770/770 771/771/771
f 768/768/768 771/771/771 769/769/769
f 770/770/770 772/772/772 773/773/773
f 770/770/770 773/773/773 771/771/771
f 772/772/772 774/774/774 775/775/775
f 772/772/772 775/775/775 773/773/773
f 774/774/774 171/171/171 170/170/170
f 774/774/774 170/170/170 775/775/775
f 776/776/776 777/777/777 778/778/778
f 776/776/776 778/778/778 779/779/779
f 777/777/777 780/780/780 781/781/781
f 777/777/777 781/781/781 778/778/778
f 780/780/780 782/782/782 783/783/783
f 780/780/780 783/783/783 781/781/781
f 782/782/782 784/784/784 785/785/785
f 782/782/782 785/785/785 783/783/783
f 784/784/784 786/786/786 787/787/787
f 784/784/784 787/787/787 785/785/785
f 786/786/786 788/788/788 789/789/789
f 786/786/786 789/789/789 787/787/787
f 788/788/788 790/790/790 791/791/791
f 788/788/788 791/791/791 789/789/789
f 790/790/790 189/189/189 188/188/188
f 790/790/790 188/188/188 791/791/791
f 792/792/792 193/193/193 192/192/192
f 792/792/792 192/192/192 793/793/793
f 794/794/794 792/792/792 793/793/793
f 794/794/794 793/793/793 795/795/795
f 796/796/796 794/794/794 795/795/795
f 796/796/796 795/795/795 797/797/797
f 798/798/798 796/796/796 797/797/797
f 798/798/798 797/797/797 799/799/799
f 800/800/800 798/798/798 799/799/799
f 800/800/800 799/799/799 801/801/801
f 802/802/802 800/800/800 801/801/801
f 802/802/802 801/801/801 803/803/803
f 804/804/804 802/802/802 803/803/803
f 804/804/804 803/803/803 805/805/805
f 806/806/806 804/804/804 805/805/805
f 806/806/806 805/805/805 807/807/807
f 808/808/808 809/809/809 810/810/810
f 808/808/808 810/810/810 811/811/811
f 809/809/809 812/812/812 813/813/813
f 809/809/809 813/813/813 810/810/810
f 812/812/812 814/814/814 815/815/815
f 812/812/812 815/815/815 813/813/813
f 814/814/814 816/816/816 817/817/817
f 814/814/814 817/817/817 815/815/815
f 816/816/816 818/818/818 819/819/819
f 816/816/816 819/819/819 817/817/817
f 818/818/818 820/820/820 821/821/821
f 818/818/818 821/821/821 819/819/819
f 820/820/820 822/822/822 823/823/823
f 820/820/820 823/823/823 821/821/821
f 822/822/822 225/225/225 224/224/224
f 822/822/822 224/224/224 823/823/823
f 824/824/824 229/229/229 228/228/228
f 824/824/824 228/228/228 825/825/825
f 826/826/826 824/824/824 825/825/825
f 826/826/826 825/825/825 827/827/827
f 828/828/828 826/826/826 827/827/827
f 828/828/828 827/827/827 829/829/829
f 830/830/830 828/828/828 829/829/829
f 830/830/830 829/829/829 831/831/831
f 832/832/832 830/830/830 831/831/831
f 832/832/832 831/831/831 833/833/833
f 834/834/834 832/832/832 833/833/833
f 834/834/834 833/833/833 835/835/835
f 836/836/836 834/834/834 835/835/835
f 836/836/836 835/835/835 837/837/837
f 838/838/838 836/836/836 837/837/837
f 838/838/838 837/837/837 839/839/839
f 840/840/840 247/247/247 246/246/246
f 840/840/840 246/246/246 841/841/841
f 842/842/842 840/840/840 841/841/841
f 842/842/842 841/841/841 843/843/843
f 844/844/844 842/842/842 843/843/843
f 844/844/844 843/843/843 845/845/845
f 846/846/846 844/844/844 845/845/845
f 846/846/846 845/845/845 847/847/847
f 848/848/848 846/846/846 847/847/847
f 848/848/848 847/847/847 849/849/849
f 850/850/850 848/848/848 849/849/849
f 850/850/850 849/849/849 851/851/851
f 852/852/852 850/850/850 851/851/851
f 852/852/852 851/851/851 853/853/853
f 854/854/854 852/852/852 853/853/853
f 854/854/854 853/853/853 855/855/855
f 856/856/856 265/265/265 264/264/264
f 856/856/856 264/264/264 857/857/857
f 858/858/858 856/856/856 857/857/857
f 858/858/858 857/857/857 859/859/859
f 860/860/860 858/858/858 859/859/859
f 860/860/860 859/859/859 861/861/861
f 862/862/862 860/860/860 861/861/861
f 862/862/862 861/861/861 863/863/863
f 864/864/864 862/862/862 863/863/863
f 864/864/864 863/863/863 865/865/865
f 866/866/866 864/864/864 865/865/865
f 866/866/866 865/865/865 867/867/867
f 868/868/868 866/866/866 867/867/867
f 868/868/868 867/867/867 869/869/869
f 870/870/870 868/868/868 869/869/869
f 870/870/870 869/869/869 871/871/871
f 872/872/872 283/283/283 282/282/282
f 872/872/872 282/282/282 873/873/873
f 874/874/874 872/872/872 873/873/873
f 874/874/874 873/873/873 875/875/875
f 876/876/876 874/874/874 875/875/875
f 876/876/876 875/875/875 877/877/877
f 878/878/878 876/876/876 877/877/877
f 878/878/878 877/877/877 879/879/879
f 880/880/880 878/878/878 879/879/879
f 880/880/880 879/879/879 881/881/881
f 882/882/882 880/880/880 881/881/881
f 882/882/882 881/881/881 883/883/883
f 884/884/884 882/882/882 883/883/883
f 884/884/884 883/883/883 885/885/885
f 886/886/886 884/884/884 885/885/885
f 886/886/886 885/885/885 887/887/887
f 888/888/888 299/299/299 171/171/171
f 888/888/888 171/171/171 774/774/774
f 889/889/889 888/888/888 774/774/774
f 889/889/889 774/774/774 772/772/772
f 890/890/890 889/889/889 772/772/772
f 890/890/890 772/772/772 770/770/770
f 891/891/891 890/890/890 770/770/770
f 891/891/891 770/770/770 768/768/768
f 892/892/892 891/891/891 768/768/768
f 892/892/892 768/768/768 766/766/766
f 893/893/893 892/892/892 766/766/766
f 893/893/893 766/766/766 764/764/764
f 894/894/894 893/893/893 764/764/764
f 894/894/894 764/764/764 761/761/761
f 895/895/895 894/894/894 761/761/761
f 895/895/895 761/761/761 760/760/760
f 887/887/887 885/885/885 894/894/894
f 887/887/887 894/894/894 895/895/895
f 885/885/885 883/883/883 893/893/893
f 885/885/885 893/893/893 894/894/894
f 883/883/883 881/881/881 892/892/892
f 883/883/883 892/892/892 893/893/893
f 881/881/881 879/879/879 891/891/891
f 881/881/881 891/891/891 892/892/892
f 879/879/879 877/877/877 890/890/890
f 879/879/879 890/890/890 891/891/891
f 877/877/877 875/875/875 889/889/889
f 877/877/877 889/889/889 890/890/890
f 875/875/875 873/873/873 888/888/888
f 875/875/875 888/888/888 889/889/889
f 873/873/873 282/282/282 299/299/299
f 873/873/873 299/299/299 888/888/888
f 871/871/871 869/869/869 896/896/896
f 871/871/871 896/896/896 897/897/897
f 869/869/869 867/867/867 898/898/898
f 869/869/869 898/898/898 896/896/896
f 867/867/867 865/865/865 899/899/899
f 867/867/867 899/899/899 898/898/898
f 865/865/865 863/863/863 900/900/900
f 865/865/865 900/900/900 899/899/899
f 863/863/863 861/861/861 901/901/901
f 863/863/863 901/901/901 900/900/900
f 861/861/861 859/859/859 902/902/902
f 861/861/861 902/902/902 901/901/901
f 859/859/859 857/857/857 903/903/903
f 859/859/859 903/903/903 902/902/902
f 857/857/857 264/264/264 315/315/315
f 857/857/857 315/315/315 903/903/903
f 904/904/904 319/319/319 318/318/318
f 904/904/904 318/318/318 905/905/905
f 906/906/906 904/904/904 905/905/905
f 906/906/906 905/905/905 907/907/907
f 908/908/908 906/906/906 907/907/907
f 908/908/908 907/907/907 909/909/909
f 910/910/910 908/908/908 909/909/909
f 910/910/910 909/909/909 911/911/911
f 912/912/912 910/910/910 911/911/911
f 912/912/912 911/911/911 913/913/913
f 914/914/914 912/912/912 913/913/913
f 914/914/914 913/913/913 915/915/915
f 916/916/916 914/914/914 915/915/915
f 916/916/916 915/915/915 917/917/917
f 918/918/918 916/916/916 917/917/917
f 918/918/918 917/917/917 919/919/919
f 920/920/920 921/921/921 922/922/922
f 920/920/920 922/922/922 923/923/923
f 921/921/921 924/924/924 925/925/925
f 921/921/921 925/925/925 922/922/922
f 924/924/924 926/926/926 927/927/927
f 924/924/924 927/927/927 925/925/925
f 926/926/926 928/928/928 929/929/929
f 926/926/926 929/929/929 927/927/927
f 928/928/928 930/930/930 931/931/931
f 928/928/928 931/931/931 929/929/929
f 930/930/930 932/932/932 933/933/933
f 930/930/930 933/933/933 931/931/931
f 932/932/932 934/934/934 935/935/935
f 932/932/932 935/935/935 933/933/933
f 934/934/934 351/351/351 350/350/350
f 934/934/934 350/350/350 935/935/935
f 352/352/352 355/355/355 936/936/936
f 352/352/352 936/936/936 937/937/937
f 938/938/938 939/939/939 940/940/940
f 938/938/938 940/940/940 941/941/941
f 942/942/942 943/943/943 939/939/939
f 942/942/942 939/939/939 938/938/938
f 944/944/944 945/945/945 943/943/943
f 944/944/944 943/943/943 942/942/942
f 946/946/946 947/947/947 945/945/945
f 946/946/946 945/945/945 944/944/944
f 948/948/948 949/949/949 947/947/947
f 948/948/948 947/947/947 946/946/946
f 950/950/950 951/951/951 949/949/949
f 950/950/950 949/949/949 948/948/948
f 937/937/937 936/936/936 951/951/951
f 937/937/937 951/951/951 950/950/950
f 370/370/370 373/373/373 952/952/952
f 370/370/370 952/952/952 953/953/953
f 954/954/954 955/955/955 956/956/956
f 954/954/954 956/956/956 957/957/957
f 958/958/958 959/959/959 955/955/955
f 958/958/958 955/955/955 954/954/954
f 960/960/960 961/961/961 959/959/959
f 960/960/960 959/959/959 958/958/958
f 962/962/962 963/963/963 961/961/961
f 962/962/962 961/961/961 960/960/960
f 964/964/964 965/965/965 963/963/963
f 964/964/964 963/963/963 962/962/962
f 966/966/966 967/967/967 965/965/965
f 966/966/966 965/965/965 964/964/964
f 953/953/953 952/952/952 967/967/967
f 953/953/953 967/967/967 966/966/966
f 968/968/968 937/937/937 950/950/950
f 968/968/968 950/950/950 969/969/969
f 969/969/969 950/950/950 948/948/948
f 969/969/969 948/948/948 970/970/970
f 970/970/970 948/948/948 946/946/946
f 970/970/970 946/946/946 971/971/971
f 971/971/971 946/946/946 944/944/944
f 971/971/971 944/944/944 972/972/972
f 972/972/972 944/944/944 942/942/942
f 972/972/972 942/942/942 973/973/973
f 973/973/973 942/942/942 938/938/938
f 973/973/973 938/938/938 974/974/974
f 974/974/974 938/938/938 941/941/941
f 974/974/974 941/941/941 975/975/975
f 396/396/396 352/352/352 937/937/937
f 396/396/396 937/937/937 968/968/968
f 397/397/397 396/396/396 968/968/968
f 397/397/397 968/968/968 976/976/976
f 977/977/977 974/974/974 975/975/975
f 977/977/977 975/975/975 978/978/978
f 979/979/979 973/973/973 974/974/974
f 979/979/979 974/974/974 977/977/977
f 980/980/980 972/972/972 973/973/973
f 980/980/980 973/973/973 979/979/979
f 981/981/981 971/971/971 972/972/972
f 981/981/981 972/972/972 980/980/980
f 982/982/982 970/970/970 971/971/971
f 982/982/982 971/971/971 981/981/981
f 983/983/983 969/969/969 970/970/970
f 983/983/983 970/970/970 982/982/982
f 976/976/976 968/968/968 969/969/969
f 976/976/976 969/969/969 983/983/983
f 936/936/936 953/953/953 966/966/966
f 936/936/936 966/966/966 951/951/951
f 951/951/951 966/966/966 964/964/964
f 951/951/951 964/964/964 949/949/949
f 949/949/949 964/964/964 962/962/962
f 949/949/949 962/962/962 947/947/947
f 947/947/947 962/962/962 960/960/960
f 947/947/947 960/960/960 945/945/945
f 945/945/945 960/960/960 958/958/958
f 945/945/945 958/958/958 943/943/943
f 943/943/943 958/958/958 954/954/954
f 943/943/943 954/954/954 939/939/939
f 939/939/939 954/954/954 957/957/957
f 939/939/939 957/957/957 940/940/940
f 355/355/355 370/370/370 953/953/953
f 355/355/355 953/953/953 936/936/936
f 984/984/984 985/985/985 986/986/986
f 984/984/984 986/986/986 987/987/987
f 987/987/987 986/986/986 988/988/988
f 987/987/987 988/988/988 989/989/989
f 989/989/989 988/988/988 990/990/990
f 989/989/989 990/990/990 991/991/991
f 991/991/991 990/990/990 992/992/992
f 991/991/991 992/992/992 993/993/993
f 993/993/993 992/992/992 994/994/994
f 993/993/993 994/994/994 995/995/995
f 995/995/995 994/994/994 996/996/996
f 995/995/995 996/996/996 997/997/997
f 420/420/420 423/423/423 998/998/998
f 420/420/420 998/998/998 999/999/999
f 999/999/999 998/998/998 985/985/985
f 999/999/999 985/985/985 984/984/984
f 1000/1000/1000 1001/1001/1001 1002/1002/1002
f 1000/1000/1000 1002/1002/1002 1003/1003/1003
f 428/428/428 429/429/429 1001/1001/1001
f 428/428/428 1001/1001/1001 1000/1000/1000
f 1004/1004/1004 1005/1005/1005 1006/1006/1006
f 1004/1004/1004 1006/1006/1006 1007/1007/1007
f 1008/1008/1008 1009/1009/1009 1005/1005/1005
f 1008/1008/1008 1005/1005/1005 1004/1004/1004
f 1010/1010/1010 1011/1011/1011 1009/1009/1009
f 1010/1010/1010 1009/1009/1009 1008/1008/1008
f 1012/1012/1012 1013/1013/1013 1011/1011/1011
f 1012/1012/1012 1011/1011/1011 1010/1010/1010
f 1014/1014/1014 1015/1015/1015 1013/1013/1013
f 1014/1014/1014 1013/1013/1013 1012/1012/1012
f 1003/1003/1003 1002/1002/1002 1015/1015/1015
f 1003/1003/1003 1015/1015/1015 1014/1014/1014
f 1016/1016/1016 1017/1017/1017 1018/1018/1018
f 1016/1016/1016 1018/1018/1018 1019/1019/1019
f 1019/1019/1019 1018/1018/1018 1020/1020/1020
f 1019/1019/1019 1020/1020/1020 1021/1021/1021
f 1021/1021/1021 1020/1020/1020 1022/1022/1022
f 1021/1021/1021 1022/1022/1022 1023/1023/1023
f 1023/1023/1023 1022/1022/1022 1024/1024/1024
f 1023/1023/1023 1024/1024/1024 1025/1025/1025
f 1025/1025/1025 1024/1024/1024 1026/1026/1026
f 1025/1025/1025 1026/1026/1026 1027/1027/1027
f 1027/1027/1027 1026/1026/1026 1028/1028/1028
f 1027/1027/1027 1028/1028/1028 1029/1029/1029
f 456/456/456 459/459/459 1030/1030/1030
f 456/456/456 1030/1030/1030 1031/1031/1031
f 1031/1031/1031 1030/1030/1030 1017/1017/1017
f 1031/1031/1031 1017/1017/1017 1016/1016/1016
f 1032/1032/1032 1033/1033/1033 1034/1034/1034
f 1032/1032/1032 1034/1034/1034 1035/1035/1035
f 1035/1035/1035 1034/1034/1034 1036/1036/1036
f 1035/1035/1035 1036/1036/1036 1037/1037/1037
f 1037/1037/1037 1036/1036/1036 1038/1038/1038
f 1037/1037/1037 1038/1038/1038 1039/1039/1039
f 1039/1039/1039 1038/1038/1038 1040/1040/1040
f 1039/1039/1039 1040/1040/1040 1041/1041/1041
f 1041/1041/1041 1040/1040/1040 1042/1042/1042
f 1041/1041/1041 1042/1042/1042 1043/1043/1043
f 1043/1043/1043 1042/1042/1042 1044/1044/1044
f 1043/1043/1043 1044/1044/1044 1045/1045/1045
f 474/474/474 477/477/477 1046/1046/1046
f 474/474/474 1046/1046/1046 1047/1047/1047
f 1047/1047/1047 1046/1046/1046 1033/1033/1033
f 1047/1047/1047 1033/1033/1033 1032/1032/1032
f 1030/1030/1030 1047/1047/1047 1032/1032/1032
f 1030/1030/1030 1032/1032/1032 1017/1017/1017
f 459/459/459 474/474/474 1047/1047/1047
f 459/459/459 1047/1047/1047 1030/1030/1030
f 1026/1026/1026 1043/1043/1043 1045/1045/1045
f 1026/1026/1026 1045/1045/1045 1028/1028/1028
f 1024/1024/1024 1041/1041/1041 1043/1043/1043
f 1024/1024/1024 1043/1043/1043 1026/1026/1026
f 1022/1022/1022 1039/1039/1039 1041/1041/1041
f 1022/1022/1022 1041/1041/1041 1024/1024/1024
f 1020/1020/1020 1037/1037/1037 1039/1039/1039
f 1020/1020/1020 1039/1039/1039 1022/1022/1022
f 1018/1018/1018 1035/1035/1035 1037/1037/1037
f 1018/1018/1018 1037/1037/1037 1020/1020/1020
f 1017/1017/1017 1032/1032/1032 1035/1035/1035
f 1017/1017/1017 1035/1035/1035 1018/1018/1018
f 1048/1048/1048 1049/1049/1049 1050/1050/1050
f 1048/1048/1048 1050/1050/1050 1051/1051/1051
f 1052/1052/1052 999/999/999 984/984/984
f 1052/1052/1052 984/984/984 1053/1053/1053
f 484/484/484 485/485/485 1049/1049/1049
f 484/484/484 1049/1049/1049 1048/1048/1048
f 486/486/486 420/420/420 999/999/999
f 486/486/486 999/999/999 1052/1052/1052
f 1054/1054/1054 1055/1055/1055 1056/1056/1056
f 1054/1054/1054 1056/1056/1056 1057/1057/1057
f 1058/1058/1058 995/995/995 997/997/997
f 1058/1058/1058 997/997/997 1059/1059/1059
f 1060/1060/1060 1061/1061/1061 1055/1055/1055
f 1060/1060/1060 1055/1055/1055 1054/1054/1054
f 1062/1062/1062 993/993/993 995/995/995
f 1062/1062/1062 995/995/995 1058/1058/1058
f 1063/1063/1063 1064/1064/1064 1061/1061/1061
f 1063/1063/1063 1061/1061/1061 1060/1060/1060
f 1065/1065/1065 991/991/991 993/993/993
f 1065/1065/1065 993/993/993 1062/1062/1062
f 1066/1066/1066 1067/1067/1067 1064/1064/1064
f 1066/1066/1066 1064/1064/1064 1063/1063/1063
f 1068/1068/1068 989/989/989 991/991/991
f 1068/1068/1068 991/991/991 1065/1065/1065
f 1069/1069/1069 1070/1070/1070 1067/1067/1067
f 1069/1069/1069 1067/1067/1067 1066/1066/1066
f 1071/1071/1071 987/987/987 989/989/989
f 1071/1071/1071 989/989/989 1068/1068/1068
f 1051/1051/1051 1050/1050/1050 1070/1070/1070
f 1051/1051/1051 1070/1070/1070 1069/1069/1069
f 1053/1053/1053 984/984/984 987/987/987
f 1053/1053/1053 987/987/987 1071/1071/1071
f 1072/1072/1072 1073/1073/1073 1074/1074/1074
f 1072/1072/1072 1074/1074/1074 1075/1075/1075
f 1075/1075/1075 1074/1074/1074 1076/1076/1076
f 1075/1075/1075 1076/1076/1076 1077/1077/1077
f 1077/1077/1077 1076/1076/1076 1078/1078/1078
f 1077/1077/1077 1078/1078/1078 1079/1079/1079
f 1079/1079/1079 1078/1078/1078 1080/1080/1080
f 1079/1079/1079 1080/1080/1080 1081/1081/1081
f 1081/1081/1081 1080/1080/1080 1082/1082/1082
f 1081/1081/1081 1082/1082/1082 1083/1083/1083
f 1083/1083/1083 1082/1082/1082 1084/1084/1084
f 1083/1083/1083 1084/1084/1084 1085/1085/1085
f 519/519/519 522/522/522 1086/1086/1086
f 519/519/519 1086/1086/1086 1087/1087/1087
f 1087/1087/1087 1086/1086/1086 1073/1073/1073
f 1087/1087/1087 1073/1073/1073 1072/1072/1072
f 1088/1088/1088 1089/1089/1089 1090/1090/1090
f 1088/1088/1088 1090/1090/1090 1091/1091/1091
f 527/527/527 528/528/528 1089/1089/1089
f 527/527/527 1089/1089/1089 1088/1088/1088
f 1092/1092/1092 1093/1093/1093 1094/1094/1094
f 1092/1092/1092 1094/1094/1094 1095/1095/1095
f 1096/1096/1096 1097/1097/1097 1093/1093/1093
f 1096/1096/1096 1093/1093/1093 1092/1092/1092
f 1098/1098/1098 1099/1099/1099 1097/1097/1097
f 1098/1098/1098 1097/1097/1097 1096/1096/1096
f 1100/1100/1100 1101/1101/1101 1099/1099/1099
f 1100/1100/1100 1099/1099/1099 1098/1098/1098
f 1102/1102/1102 1103/1103/1103 1101/1101/1101
f 1102/1102/1102 1101/1101/1101 1100/1100/1100
f 1091/1091/1091 1090/1090/1090 1103/1103/1103
f 1091/1091/1091 1103/1103/1103 1102/1102/1102
f 1089/1089/1089 1104/1104/1104 1105/1105/1105
f 1089/1089/1089 1105/1105/1105 1090/1090/1090
f 528/528/528 543/543/543 1104/1104/1104
f 528/528/528 1104/1104/1104 1089/1089/1089
f 1093/1093/1093 1106/1106/1106 1107/1107/1107
f 1093/1093/1093 1107/1107/1107 1094/1094/1094
f 1097/1097/1097 1108/1108/1108 1106/1106/1106
f 1097/1097/1097 1106/1106/1106 1093/1093/1093
f 1099/1099/1099 1109/1109/1109 1108/1108/1108
f 1099/1099/1099 1108/1108/1108 1097/1097/1097
f 1101/1101/1101 1110/1110/1110 1109/1109/1109
f 1101/1101/1101 1109/1109/1109 1099/1099/1099
f 1103/1103/1103 1111/1111/1111 1110/1110/1110
f 1103/1103/1103 1110/1110/1110 1101/1101/1101
f 1090/1090/1090 1105/1105/1105 1111/1111/1111
f 1090/1090/1090 1111/1111/1111 1103/1103/1103
f 550/550/550 553/553/553 1112/1112/1112
f 550/550/550 1112/1112/1112 1113/1113/1113
f 1113/1113/1113 1112/1112/1112 1114/1114/1114
f 1113/1113/1113 1114/1114/1114 1115/1115/1115
f 1115/1115/1115 1114/1114/1114 1116/1116/1116
f 1115/1115/1115 1116/1116/1116 1117/1117/1117
f 1117/1117/1117 1116/1116/1116 1118/1118/1118
f 1117/1117/1117 1118/1118/1118 1119/1119/1119
f 1119/1119/1119 1118/1118/1118 1120/1120/1120
f 1119/1119/1119 1120/1120/1120 1121/1121/1121
f 1121/1121/1121 1120/1120/1120 1122/1122/1122
f 1121/1121/1121 1122/1122/1122 1123/1123/1123
f 1123/1123/1123 1122/1122/1122 1124/1124/1124
f 1123/1123/1123 1124/1124/1124 1125/1125/1125
f 1125/1125/1125 1124/1124/1124 1126/1126/1126
f 1125/1125/1125 1126/1126/1126 1127/1127/1127
f 1128/1128/1128 1129/1129/1129 1130/1130/1130
f 1128/1128/1128 1130/1130/1130 1131/1131/1131
f 1132/1132/1132 1133/1133/1133 1129/1129/1129
f 1132/1132/1132 1129/1129/1129 1128/1128/1128
f 1131/1131/1131 1130/1130/1130 1134/1134/1134
f 1131/1131/1131 1134/1134/1134 1135/1135/1135
f 1135/1135/1135 1134/1134/1134 1136/1136/1136
f 1135/1135/1135 1136/1136/1136 1137/1137/1137
f 1138/1138/1138 1139/1139/1139 1140/1140/1140
f 1138/1138/1138 1140/1140/1140 1141/1141/1141
f 1141/1141/1141 1140/1140/1140 1142/1142/1142
f 1141/1141/1141 1142/1142/1142 1143/1143/1143
f 584/584/584 585/585/585 1133/1133/1133
f 584/584/584 1133/1133/1133 1132/1132/1132
f 1144/1144/1144 1145/1145/1145 1146/1146/1146
f 1144/1144/1144 1146/1146/1146 1147/1147/1147
f 1148/1148/1148 1149/1149/1149 1150/1150/1150
f 1148/1148/1148 1150/1150/1150 1151/1151/1151
f 1152/1152/1152 1153/1153/1153 1149/1149/1149
f 1152/1152/1152 1149/1149/1149 1148/1148/1148
f 1154/1154/1154 1155/1155/1155 1153/1153/1153
f 1154/1154/1154 1153/1153/1153 1152/1152/1152
f 1137/1137/1137 1136/1136/1136 1139/1139/1139
f 1137/1137/1137 1139/1139/1139 1138/1138/1138
f 1156/1156/1156 1157/1157/1157 1155/1155/1155
f 1156/1156/1156 1155/1155/1155 1154/1154/1154
f 1147/1147/1147 1146/1146/1146 1157/1157/1157
f 1147/1147/1147 1157/1157/1157 1156/1156/1156
f 600/600/600 601/601/601 1145/1145/1145
f 600/600/600 1145/1145/1145 1144/1144/1144
f 1151/1151/1151 1150/1150/1150 1158/1158/1158
f 1151/1151/1151 1158/1158/1158 1159/1159/1159
f 1160/1160/1160 1133/1133/1133 585/585/585
f 1160/1160/1160 585/585/585 605/605/605
f 1161/1161/1161 1142/1142/1142 1140/1140/1140
f 1161/1161/1161 1140/1140/1140 1162/1162/1162
f 1162/1162/1162 1140/1140/1140 1139/1139/1139
f 1162/1162/1162 1139/1139/1139 1163/1163/1163
f 1163/1163/1163 1139/1139/1139 1136/1136/1136
f 1163/1163/1163 1136/1136/1136 1164/1164/1164
f 1164/1164/1164 1136/1136/1136 1134/1134/1134
f 1164/1164/1164 1134/1134/1134 1165/1165/1165
f 1165/1165/1165 1134/1134/1134 1130/1130/1130
f 1165/1165/1165 1130/1130/1130 1166/1166/1166
f 1166/1166/1166 1130/1130/1130 1129/1129/1129
f 1166/1166/1166 1129/1129/1129 1167/1167/1167
f 1167/1167/1167 1129/1129/1129 1133/1133/1133
f 1167/1167/1167 1133/1133/1133 1160/1160/1160
f 1162/1162/1162 1151/1151/1151 1159/1159/1159
f 1162/1162/1162 1159/1159/1159 1161/1161/1161
f 605/605/605 600/600/600 1144/1144/1144
f 605/605/605 1144/1144/1144 1160/1160/1160
f 1167/1167/1167 1147/1147/1147 1156/1156/1156
f 1167/1167/1167 1156/1156/1156 1166/1166/1166
f 1166/1166/1166 1156/1156/1156 1154/1154/1154
f 1166/1166/1166 1154/1154/1154 1165/1165/1165
f 1165/1165/1165 1154/1154/1154 1152/1152/1152
f 1165/1165/1165 1152/1152/1152 1164/1164/1164
f 1164/1164/1164 1152/1152/1152 1148/1148/1148
f 1164/1164/1164 1148/1148/1148 1163/1163/1163
f 1163/1163/1163 1148/1148/1148 1151/1151/1151
f 1163/1163/1163 1151/1151/1151 1162/1162/1162
f 1160/1160/1160 1144/1144/1144 1147/1147/1147
f 1160/1160/1160 1147/1147/1147 1167/1167/1167
f 1168/1168/1168 1169/1169/1169 1170/1170/1170
f 1168/1168/1168 1170/1170/1170 1171/1171/1171
f 617/617/617 620/620/620 1172/1172/1172
f 617/617/617 1172/1172/1172 1173/1173/1173
f 1174/1174/1174 1175/1175/1175 1176/1176/1176
f 1174/1174/1174 1176/1176/1176 1177/1177/1177
f 1171/1171/1171 1170/1170/1170 1175/1175/1175
f 1171/1171/1171 1175/1175/1175 1174/1174/1174
f 1178/1178/1178 1179/1179/1179 1169/1169/1169
f 1178/1178/1178 1169/1169/1169 1168/1168/1168
f 1180/1180/1180 1181/1181/1181 1179/1179/1179
f 1180/1180/1180 1179/1179/1179 1178/1178/1178
f 1173/1173/1173 1172/1172/1172 1182/1182/1182
f 1173/1173/1173 1182/1182/1182 1183/1183/1183
f 1183/1183/1183 1182/1182/1182 1181/1181/1181
f 1183/1183/1183 1181/1181/1181 1180/1180/1180
f 1184/1184/1184 1185/1185/1185 1186/1186/1186
f 1184/1184/1184 1186/1186/1186 1187/1187/1187
f 1187/1187/1187 1186/1186/1186 1188/1188/1188
f 1187/1187/1187 1188/1188/1188 1189/1189/1189
f 1190/1190/1190 1191/1191/1191 1192/1192/1192
f 1190/1190/1190 1192/1192/1192 1193/1193/1193
f 1193/1193/1193 1192/1192/1192 1194/1194/1194
f 1193/1193/1193 1194/1194/1194 1195/1195/1195
f 1195/1195/1195 1194/1194/1194 1196/1196/1196
f 1195/1195/1195 1196/1196/1196 1197/1197/1197
f 1197/1197/1197 1196/1196/1196 1198/1198/1198
f 1197/1197/1197 1198/1198/1198 1199/1199/1199
f 1199/1199/1199 1198/1198/1198 1200/1200/1200
f 1199/1199/1199 1200/1200/1200 1201/1201/1201
f 1201/1201/1201 1200/1200/1200 1185/1185/1185
f 1201/1201/1201 1185/1185/1185 1184/1184/1184
f 1202/1202/1202 1203/1203/1203 1204/1204/1204
f 1202/1202/1202 1204/1204/1204 1205/1205/1205
f 1205/1205/1205 1204/1204/1204 1206/1206/1206
f 1205/1205/1205 1206/1206/1206 1207/1207/1207
f 62/62/62 1207/1207/1207 1208/1208/1208
f 62/62/62 1208/1208/1208 63/63/63
f 1209/1209/1209 59/59/59 1210/1210/1210
f 1209/1209/1209 1210/1210/1210 1206/1206/1206
f 64/64/64 67/67/67 1211/1211/1211
f 64/64/64 1211/1211/1211 1212/1212/1212
f 1212/1212/1212 1211/1211/1211 1213/1213/1213
f 1212/1212/1212 1213/1213/1213 1214/1214/1214
f 1214/1214/1214 1213/1213/1213 1215/1215/1215
f 1214/1214/1214 1215/1215/1215 1216/1216/1216
f 1217/1217/1217 1218/1218/1218 1203/1203/1203
f 1217/1217/1217 1203/1203/1203 1202/1202/1202
f 1219/1219/1219 1220/1220/1220 1221/1221/1221
f 1219/1219/1219 1221/1221/1221 1222/1222/1222
f 1220/1220/1220 1223/1223/1223 1224/1224/1224
f 1220/1220/1220 1224/1224/1224 1221/1221/1221
f 1223/1223/1223 1225/1225/1225 1226/1226/1226
f 1223/1223/1223 1226/1226/1226 1224/1224/1224
f 1225/1225/1225 1227/1227/1227 1228/1228/1228
f 1225/1225/1225 1228/1228/1228 1226/1226/1226
f 1227/1227/1227 1229/1229/1229 1230/1230/1230
f 1227/1227/1227 1230/1230/1230 1228/1228/1228
f 1229/1229/1229 56/56/56 58/58/58
f 1229/1229/1229 58/58/58 1230/1230/1230
f 1231/1231/1231 1232/1232/1232 72/72/72
f 1231/1231/1231 72/72/72 1233/1233/1233
f 1231/1231/1231 1233/1233/1233 1234/1234/1234
f 1231/1231/1231 1234/1234/1234 1235/1235/1235
f 1236/1236/1236 1237/1237/1237 1238/1238/1238
f 1236/1236/1236 1238/1238/1238 1239/1239/1239
f 1239/1239/1239 1238/1238/1238 1240/1240/1240
f 1239/1239/1239 1240/1240/1240 1241/1241/1241
f 1241/1241/1241 1240/1240/1240 1242/1242/1242
f 1241/1241/1241 1242/1242/1242 1209/1209/1209
f 1209/1209/1209 1242/1242/1242 60/60/60
f 1209/1209/1209 60/60/60 59/59/59
f 1191/1191/1191 1217/1217/1217 1202/1202/1202
f 1191/1191/1191 1202/1202/1202 1192/1192/1192
f 1186/1186/1186 1214/1214/1214 1216/1216/1216
f 1186/1186/1186 1216/1216/1216 1188/1188/1188
f 1185/1185/1185 1212/1212/1212 1214/1214/1214
f 1185/1185/1185 1214/1214/1214 1186/1186/1186
f 1200/1200/1200 64/64/64 1212/1212/1212
f 1200/1200/1200 1212/1212/1212 1185/1185/1185
f 1198/1198/1198 62/62/62 64/64/64
f 1198/1198/1198 64/64/64 1200/1200/1200
f 1196/1196/1196 1207/1207/1207 62/62/62
f 1196/1196/1196 62/62/62 1198/1198/1198
f 1194/1194/1194 1205/1205/1205 1207/1207/1207
f 1194/1194/1194 1207/1207/1207 1196/1196/1196
f 1192/1192/1192 1202/1202/1202 1205/1205/1205
f 1192/1192/1192 1205/1205/1205 1194/1194/1194
f 1243/1243/1243 1201/1201/1201 1184/1184/1184
f 1243/1243/1243 1184/1184/1184 1244/1244/1244
f 1245/1245/1245 1199/1199/1199 1201/1201/1201
f 1245/1245/1245 1201/1201/1201 1243/1243/1243
f 1246/1246/1246 1197/1197/1197 1199/1199/1199
f 1246/1246/1246 1199/1199/1199 1245/1245/1245
f 1247/1247/1247 1195/1195/1195 1197/1197/1197
f 1247/1247/1247 1197/1197/1197 1246/1246/1246
f 1248/1248/1248 1193/1193/1193 1195/1195/1195
f 1248/1248/1248 1195/1195/1195 1247/1247/1247
f 1249/1249/1249 1190/1190/1190 1193/1193/1193
f 1249/1249/1249 1193/1193/1193 1248/1248/1248
f 1250/1250/1250 1187/1187/1187 1189/1189/1189
f 1250/1250/1250 1189/1189/1189 1251/1251/1251
f 1244/1244/1244 1184/1184/1184 1187/1187/1187
f 1244/1244/1244 1187/1187/1187 1250/1250/1250
f 67/67/67 66/66/66 1232/1232/1232
f 67/67/67 1232/1232/1232 1211/1211/1211
f 1204/1204/1204 1241/1241/1241 1209/1209/1209
f 1204/1204/1204 1209/1209/1209 1206/1206/1206
f 1203/1203/1203 1239/1239/1239 1241/1241/1241
f 1203/1203/1203 1241/1241/1241 1204/1204/1204
f 1218/1218/1218 1236/1236/1236 1239/1239/1239
f 1218/1218/1218 1239/1239/1239 1203/1203/1203
f 1213/1213/1213 1231/1231/1231 1235/1235/1235
f 1213/1213/1213 1235/1235/1235 1215/1215/1215
f 1211/1211/1211 1232/1232/1232 1231/1231/1231
f 1211/1211/1211 1231/1231/1231 1213/1213/1213
f 1221/1221/1221 1238/1238/1238 1237/1237/1237
f 1221/1221/1221 1237/1237/1237 1222/1222/1222
f 1224/1224/1224 1240/1240/1240 1238/1238/1238
f 1224/1224/1224 1238/1238/1238 1221/1221/1221
f 1226/1226/1226 1242/1242/1242 1240/1240/1240
f 1226/1226/1226 1240/1240/1240 1224/1224/1224
f 1228/1228/1228 60/60/60 1242/1242/1242
f 1228/1228/1228 1242/1242/1242 1226/1226/1226
f 1230/1230/1230 61/61/61 60/60/60
f 1230/1230/1230 60/60/60 1228/1228/1228
f 1252/1252/1252 1234/1234/1234 1233/1233/1233
f 1252/1252/1252 1233/1233/1233 1253/1253/1253
f 1210/1210/1210 1208/1208/1208 1207/1207/1207
f 1210/1210/1210 1207/1207/1207 1206/1206/1206
f 1253/1253/1253 1233/1233/1233 72/72/72
f 1253/1253/1253 72/72/72 71/71/71
f 67/67/67 64/64/64 63/63/63
f 67/67/67 63/63/63 65/65/65
f 706/706/706 1254/1254/1254 69/69/69
f 706/706/706 69/69/69 68/68/68
f 706/706/706 705/705/705 704/704/704
f 706/706/706 704/704/704 1254/1254/1254
f 1232/1232/1232 66/66/66 73/73/73
f 1232/1232/1232 73/73/73 72/72/72
f 1255/1255/1255 74/74/74 76/76/76
f 1255/1255/1255 76/76/76 1256/1256/1256
f 1257/1257/1257 1258/1258/1258 81/81/81
f 1257/1257/1257 81/81/81 80/80/80
f 89/89/89 1259/1259/1259 1260/1260/1260
f 89/89/89 1260/1260/1260 86/86/86
f 94/94/94 87/87/87 1261/1261/1261
f 94/94/94 1261/1261/1261 1262/1262/1262
f 1263/1263/1263 1264/1264/1264 1265/1265/1265
f 1263/1263/1263 1265/1265/1265 1266/1266/1266
f 1265/1265/1265 1267/1267/1267 1268/1268/1268
f 1265/1265/1265 1268/1268/1268 1266/1266/1266
f 1264/1264/1264 1263/1263/1263 1269/1269/1269
f 1264/1264/1264 1269/1269/1269 1270/1270/1270
f 373/373/373 1271/1271/1271 1272/1272/1272
f 373/373/373 1272/1272/1272 952/952/952
f 955/955/955 1273/1273/1273 1274/1274/1274
f 955/955/955 1274/1274/1274 956/956/956
f 959/959/959 1275/1275/1275 1273/1273/1273
f 959/959/959 1273/1273/1273 955/955/955
f 961/961/961 1276/1276/1276 1275/1275/1275
f 961/961/961 1275/1275/1275 959/959/959
f 963/963/963 1277/1277/1277 1276/1276/1276
f 963/963/963 1276/1276/1276 961/961/961
f 965/965/965 1278/1278/1278 1277/1277/1277
f 965/965/965 1277/1277/1277 963/963/963
f 967/967/967 1279/1279/1279 1278/1278/1278
f 967/967/967 1278/1278/1278 965/965/965
f 952/952/952 1272/1272/1272 1279/1279/1279
f 952/952/952 1279/1279/1279 967/967/967
f 373/373/373 372/372/372 1280/1280/1280
f 373/373/373 1280/1280/1280 1271/1271/1271
f 377/377/377 376/376/376 1281/1281/1281
f 377/377/377 1281/1281/1281 1282/1282/1282
f 379/379/379 377/377/377 1282/1282/1282
f 379/379/379 1282/1282/1282 1283/1283/1283
f 381/381/381 379/379/379 1283/1283/1283
f 381/381/381 1283/1283/1283 1284/1284/1284
f 383/383/383 381/381/381 1284/1284/1284
f 383/383/383 1284/1284/1284 1285/1285/1285
f 385/385/385 383/383/383 1285/1285/1285
f 385/385/385 1285/1285/1285 1286/1286/1286
f 387/387/387 385/385/385 1286/1286/1286
f 387/387/387 1286/1286/1286 1287/1287/1287
f 372/372/372 387/387/387 1287/1287/1287
f 372/372/372 1287/1287/1287 1280/1280/1280
