o frame
v -9.022111 0.17817932 -7.1892824
v -8.964888 0.17817932 -7.1892624
v -8.993 0.17817932 -7.191
v -9.049801 0.17817932 -7.1842594
v -8.938181 0.17817932 -7.1841807
v -9.075859 0.17817932 -7.176125
v -8.938181 0.17817932 -7.1841807
v -9.049801 0.17817932 -7.1842594
v -9.075859 0.17817932 -7.176125
v -8.913078 0.17817932 -7.1759534
v -9.100074 0.17817932 -7.1650743
v -8.889778 0.17817932 -7.1647778
v -9.122233 0.17817932 -7.151301
v -8.868478 0.17817932 -7.1508527
v -9.142125 0.17817932 -7.135
v -9.142125 0.17817932 -7.135
v -8.849375 0.17817932 -7.134375
v -8.868478 0.17817932 -7.1508527
v -9.159537 0.17817932 -7.116366
v -9.159537 0.17817932 -7.116366
v -8.832668 0.17817932 -7.1155434
v -8.849375 0.17817932 -7.134375
v -9.174259 0.17817932 -7.0955925
v -8.995 0.17817932 -7.098
v -8.995 0.17817932 -7.098
v -8.818556 0.17817932 -7.0945554
v -8.832668 0.17817932 -7.1155434
v -9.010799 0.17817932 -7.0971775
v -8.98012 0.17817932 -7.0971003
v -8.818556 0.17817932 -7.0945554
v -9.025643 0.17817932 -7.0947547
v -8.966042 0.17817932 -7.0944676
v -9.186078 0.17817932 -7.072875
v -9.0394535 0.17817932 -7.090797
v -8.807235 0.17817932 -7.0716095
v -8.952859 0.17817932 -7.0902033
v -9.052148 0.17817932 -7.0853705
v -8.940666 0.17817932 -7.0844073
v -9.063649 0.17817932 -7.0785413
v -8.929557 0.17817932 -7.0771813
v -8.807235 0.17817932 -7.0716095
v -8.940666 0.17817932 -7.0844073
v -9.073875 0.17817932 -7.070375
v -8.919625 0.17817932 -7.068625
v -8.929557 0.17817932 -7.0771813
v -9.194782 0.17817932 -7.0484076
v -8.7989025 0.17817932 -7.0469027
v -9.082747 0.17817932 -7.060938
v -8.910963 0.17817932 -7.05884
v -9.090185 0.17817932 -7.0502963
v -8.9036665 0.17817932 -7.047926
v -9.096109 0.17817932 -7.0385156
v -9.20016 0.17817932 -7.022384
v -8.897828 0.17817932 -7.0359845
v -8.793758 0.17817932 -7.0206337
v -9.10044 0.17817932 -7.025662
v -8.893541 0.17817932 -7.0231156
v -9.103097 0.17817932 -7.0118017
v -8.890901 0.17817932 -7.009421
v -8.793758 0.17817932 -7.0206337
v -8.893541 0.17817932 -7.0231156
v -9.202 0.17817932 -6.995
v -8.792 0.17817932 -6.993
v -9.104 0.17817932 -6.997
v -8.89 0.17817932 -6.995
v -8.792 0.17817932 -6.993
v -8.890901 0.17817932 -7.009421
v -9.103003 0.17817932 -6.98319
v -9.20138 0.17817932 -6.9806304
v -8.890979 0.17817932 -6.981439
v -8.792564 0.17817932 -6.9801593
v -9.20138 0.17817932 -6.9806304
v -9.100101 0.17817932 -6.969852
v -9.103003 0.17817932 -6.98319
v -8.893828 0.17817932 -6.968347
v -9.199542 0.17817932 -6.966542
v -9.100101 0.17817932 -6.969852
v -8.794269 0.17817932 -6.96719
v -9.095437 0.17817932 -6.957125
v -8.898422 0.17817932 -6.955859
v -8.898422 0.17817932 -6.955859
v -8.797125 0.17817932 -6.954172
v -8.794269 0.17817932 -6.96719
v -9.196516 0.17817932 -6.9527655
v -9.0891485 0.17817932 -6.945148
v -8.90463 0.17817932 -6.9441113
v -8.797125 0.17817932 -6.954172
v -8.801148 0.17817932 -6.941185
v -9.192333 0.17817932 -6.9393334
v -9.0891485 0.17817932 -6.945148
v -9.196516 0.17817932 -6.9527655
v -9.192333 0.17817932 -6.9393334
v -9.081372 0.17817932 -6.93406
v -8.912324 0.17817932 -6.933238
v -8.806352 0.17817932 -6.9283094
v -9.187026 0.17817932 -6.926276
v -9.07225 0.17817932 -6.924
v -8.921375 0.17817932 -6.923375
v -8.921375 0.17817932 -6.923375
v -8.81275 0.17817932 -6.915625
v -8.806352 0.17817932 -6.9283094
v -9.180625 0.17817932 -6.9136252
v -9.061919 0.17817932 -6.9151063
v -8.931656 0.17817932 -6.914658
v -8.81275 0.17817932 -6.915625
v -8.931656 0.17817932 -6.914658
v -8.820356 0.17817932 -6.903211
v -9.050518 0.17817932 -6.9075184
v -8.943037 0.17817932 -6.9072223
v -8.820356 0.17817932 -6.903211
v -9.1731615 0.17817932 -6.9014115
v -9.038187 0.17817932 -6.901375
v -8.955391 0.17817932 -6.901203
v -8.8291855 0.17817932 -6.891148
v -9.164667 0.17817932 -6.8896666
v -9.038187 0.17817932 -6.901375
v -9.1731615 0.17817932 -6.9014115
v -9.164667 0.17817932 -6.8896666
v -9.025064 0.17817932 -6.896815
v -8.968588 0.17817932 -6.896736
v -9.01129 0.17817932 -6.8939767
v -8.9825 0.17817932 -6.8939567
v -8.997 0.17817932 -6.893
v -8.997 0.17817932 -6.893
v -8.8291855 0.17817932 -6.891148
v -8.9825 0.17817932 -6.8939567
v -8.83925 0.17817932 -6.8795156
v -9.155171 0.17817932 -6.878422
v -9.155171 0.17817932 -6.878422
v -8.850565 0.17817932 -6.8683934
v -8.83925 0.17817932 -6.8795156
v -9.144709 0.17817932 -6.867708
v -8.850565 0.17817932 -6.8683934
v -8.863144 0.17817932 -6.8578615
v -9.133307 0.17817932 -6.8575573
v -8.877 0.17817932 -6.848
v -9.121 0.17817932 -6.848
v -9.136563 0.17817932 -6.8381853
v -8.8618965 0.17817932 -6.8391585
v -9.136563 0.17817932 -6.8381853
v -8.848088 0.17817932 -6.829185
v -8.8618965 0.17817932 -6.8391585
v -9.150755 0.17817932 -6.8277316
v -8.848088 0.17817932 -6.829185
v -9.150755 0.17817932 -6.8277316
v -8.835578 0.17817932 -6.8181562
v -9.163578 0.17817932 -6.816625
v -9.163578 0.17817932 -6.816625
v -8.82437 0.17817932 -6.806148
v -8.835578 0.17817932 -6.8181562
v -9.175037 0.17817932 -6.804852
v -8.998 0.17817932 -6.8
v -8.998 0.17817932 -6.8
v -8.814468 0.17817932 -6.793237
v -8.82437 0.17817932 -6.806148
v -9.185135 0.17817932 -6.792398
v -9.015945 0.17817932 -6.799097
v -8.981183 0.17817932 -6.799059
v -8.814468 0.17817932 -6.793237
v -9.032731 0.17817932 -6.7964444
v -8.965301 0.17817932 -6.7963057
v -8.981183 0.17817932 -6.799059
v -9.048282 0.17817932 -6.792125
v -8.950453 0.17817932 -6.791844
v -8.965301 0.17817932 -6.7963057
v -8.805875 0.17817932 -6.7795
v -9.193875 0.17817932 -6.77925
v -9.062518 0.17817932 -6.7862225
v -8.936741 0.17817932 -6.7857776
v -9.075367 0.17817932 -6.7788196
v -8.924265 0.17817932 -6.7782116
v -8.805875 0.17817932 -6.7795
v -8.936741 0.17817932 -6.7857776
v -8.924265 0.17817932 -6.7782116
v -8.798594 0.17817932 -6.7650127
v -9.201261 0.17817932 -6.7653937
v -9.075367 0.17817932 -6.7788196
v -9.193875 0.17817932 -6.77925
v -9.201261 0.17817932 -6.7653937
v -9.08675 0.17817932 -6.77
v -8.913125 0.17817932 -6.76925
v -9.096591 0.17817932 -6.759847
v -8.903423 0.17817932 -6.7589965
v -9.207296 0.17817932 -6.750815
v -8.792629 0.17817932 -6.7498517
v -9.104815 0.17817932 -6.7484446
v -8.895259 0.17817932 -6.7475557
v -9.211985 0.17817932 -6.7355
v -9.104815 0.17817932 -6.7484446
v -9.207296 0.17817932 -6.750815
v -8.787984 0.17817932 -6.7340937
v -9.211985 0.17817932 -6.7355
v -9.111343 0.17817932 -6.735875
v -8.888735 0.17817932 -6.735031
v -9.116102 0.17817932 -6.7222223
v -9.215328 0.17817932 -6.719435
v -9.116102 0.17817932 -6.7222223
v -8.883949 0.17817932 -6.7215276
v -8.784662 0.17817932 -6.717815
v -9.215328 0.17817932 -6.719435
v -9.119013 0.17817932 -6.7075696
v -8.881004 0.17817932 -6.7071495
v -9.217333 0.17817932 -6.7026067
v -8.782666 0.17817932 -6.7010913
v -9.217333 0.17817932 -6.7026067
v -9.12 0.17817932 -6.692
v -9.119013 0.17817932 -6.7075696
v -8.88 0.17817932 -6.692
v -9.218 0.17817932 -6.685
v -9.12 0.17817932 -6.692
v -8.782 0.17817932 -6.684
v -9.118976 0.17817932 -6.6766405
v -8.880853 0.17817932 -6.6779013
v -9.21604 0.17817932 -6.658285
v -8.78392 0.17817932 -6.657305
v -8.883403 0.17817932 -6.6642084
v -9.1159725 0.17817932 -6.662125
v -8.887641 0.17817932 -6.651078
v -9.1110935 0.17817932 -6.6485467
v -9.210315 0.17817932 -6.6327825
v -8.789528 0.17817932 -6.6318564
v -8.893556 0.17817932 -6.6386666
v -9.1044445 0.17817932 -6.636
v -8.901137 0.17817932 -6.62713
v -9.096128 0.17817932 -6.624578
v -9.201062 0.17817932 -6.608703
v -8.7985935 0.17817932 -6.6078596
v -8.910375 0.17817932 -6.616625
v -8.7985935 0.17817932 -6.6078596
v -8.901137 0.17817932 -6.62713
v -9.08625 0.17817932 -6.614375
v -8.921259 0.17817932 -6.6073074
v -8.910375 0.17817932 -6.616625
v -9.074913 0.17817932 -6.6054845
v -9.188519 0.17817932 -6.5862594
v -8.810889 0.17817932 -6.5855184
v -8.933778 0.17817932 -6.5993333
v -8.810889 0.17817932 -6.5855184
v -8.921259 0.17817932 -6.6073074
v -9.0622225 0.17817932 -6.598
v -8.947922 0.17817932 -6.5928593
v -8.933778 0.17817932 -6.5993333
v -9.188519 0.17817932 -6.5862594
v -9.048282 0.17817932 -6.5920157
v -9.0622225 0.17817932 -6.598
v -8.96368 0.17817932 -6.588042
v -9.033195 0.17817932 -6.587625
v -9.048282 0.17817932 -6.5920157
v -8.981044 0.17817932 -6.5850363
v -9.017066 0.17817932 -6.584922
v -9.172919 0.17817932 -6.5656624
v -8.981044 0.17817932 -6.5850363
v -8.826184 0.17817932 -6.5650387
v -9.0 0.17817932 -6.584
v -8.826184 0.17817932 -6.5650387
v -9.1545 0.17817932 -6.547125
v -9.1545 0.17817932 -6.547125
v -8.84425 0.17817932 -6.546625
v -9.133497 0.17817932 -6.530858
v -8.84425 0.17817932 -6.546625
v -8.864858 0.17817932 -6.5304823
v -9.110148 0.17817932 -6.517074
v -9.110148 0.17817932 -6.517074
v -8.887777 0.17817932 -6.5168147
v -8.864858 0.17817932 -6.5304823
v -9.084687 0.17817932 -6.5059843
v -8.887777 0.17817932 -6.5168147
v -9.084687 0.17817932 -6.5059843
v -8.912781 0.17817932 -6.505828
v -9.057352 0.17817932 -6.497801
v -8.912781 0.17817932 -6.505828
v -8.939639 0.17817932 -6.497727
v -9.028378 0.17817932 -6.4927354
v -8.968122 0.17817932 -6.492716
v -8.998 0.17817932 -6.491
v -9.057352 0.24143809 -6.497801
v -9.028378 0.17817932 -6.4927354
v -9.057352 0.17817932 -6.497801
v -9.028378 0.24143809 -6.4927354
v -9.084687 0.24143809 -6.5059843
v -9.084687 0.17817932 -6.5059843
v -9.110148 0.24143809 -6.517074
v -9.110148 0.17817932 -6.517074
v -9.133497 0.24143809 -6.530858
v -9.133497 0.17817932 -6.530858
v -9.1545 0.24143809 -6.547125
v -9.1545 0.17817932 -6.547125
v -9.172919 0.24143809 -6.5656624
v -9.172919 0.17817932 -6.5656624
v -9.188519 0.24143809 -6.5862594
v -9.172919 0.17817932 -6.5656624
v -9.188519 0.17817932 -6.5862594
v -9.172919 0.24143809 -6.5656624
v -9.201062 0.24143809 -6.608703
v -9.201062 0.17817932 -6.608703
v -9.210315 0.24143809 -6.6327825
v -9.210315 0.17817932 -6.6327825
v -9.21604 0.24143809 -6.658285
v -9.21604 0.17817932 -6.658285
v -9.218 0.24143809 -6.685
v -9.218 0.17817932 -6.685
v -9.217333 0.24143809 -6.7026067
v -9.217333 0.17817932 -6.7026067
v -9.217663 0.24143809 -6.6939244
v -9.215328 0.24143809 -6.719435
v -9.215328 0.17817932 -6.719435
v -9.211985 0.24143809 -6.7355
v -9.211985 0.17817932 -6.7355
v -9.207296 0.24143809 -6.750815
v -9.207296 0.17817932 -6.750815
v -9.201261 0.24143809 -6.7653937
v -9.201261 0.17817932 -6.7653937
v -9.193875 0.24143809 -6.77925
v -9.193875 0.17817932 -6.77925
v -9.185135 0.24143809 -6.792398
v -9.185135 0.17817932 -6.792398
v -9.175037 0.24143809 -6.804852
v -9.175037 0.17817932 -6.804852
v -9.163578 0.24143809 -6.816625
v -9.163578 0.17817932 -6.816625
v -9.150755 0.24143809 -6.8277316
v -9.163578 0.17817932 -6.816625
v -9.150755 0.17817932 -6.8277316
v -9.163578 0.24143809 -6.816625
v -9.136563 0.24143809 -6.8381853
v -9.136563 0.17817932 -6.8381853
v -9.121 0.24143809 -6.848
v -9.121 0.17817932 -6.848
v -9.133307 0.24143809 -6.8575573
v -9.121 0.17817932 -6.848
v -9.133307 0.17817932 -6.8575573
v -9.121 0.24143809 -6.848
v -9.144709 0.24143809 -6.867708
v -9.144709 0.17817932 -6.867708
v -9.155171 0.24143809 -6.878422
v -9.155171 0.17817932 -6.878422
v -9.164667 0.24143809 -6.8896666
v -9.155171 0.17817932 -6.878422
v -9.164667 0.17817932 -6.8896666
v -9.155171 0.24143809 -6.878422
v -9.1731615 0.24143809 -6.9014115
v -9.1731615 0.17817932 -6.9014115
v -9.180625 0.24143809 -6.9136252
v -9.180625 0.17817932 -6.9136252
v -9.187026 0.24143809 -6.926276
v -9.187026 0.17817932 -6.926276
v -9.192333 0.24143809 -6.9393334
v -9.192333 0.17817932 -6.9393334
v -9.196516 0.24143809 -6.9527655
v -9.196516 0.17817932 -6.9527655
v -9.199542 0.24143809 -6.966542
v -9.199542 0.17817932 -6.966542
v -9.20138 0.24143809 -6.9806304
v -9.20138 0.17817932 -6.9806304
v -9.202 0.24143809 -6.995
v -9.202 0.17817932 -6.995
v -9.20016 0.24143809 -7.022384
v -9.20016 0.17817932 -7.022384
v -9.201067 0.24143809 -7.0088806
v -9.194782 0.24143809 -7.0484076
v -9.194782 0.17817932 -7.0484076
v -9.186078 0.24143809 -7.072875
v -9.186078 0.17817932 -7.072875
v -9.174259 0.24143809 -7.0955925
v -9.174259 0.17817932 -7.0955925
v -9.159537 0.24143809 -7.116366
v -9.159537 0.17817932 -7.116366
v -9.142125 0.24143809 -7.135
v -9.142125 0.17817932 -7.135
v -9.122233 0.24143809 -7.151301
v -9.142125 0.17817932 -7.135
v -9.122233 0.17817932 -7.151301
v -9.142125 0.24143809 -7.135
v -9.100074 0.24143809 -7.1650743
v -9.100074 0.17817932 -7.1650743
v -9.075859 0.24143809 -7.176125
v -9.075859 0.17817932 -7.176125
v -9.049801 0.24143809 -7.1842594
v -9.049801 0.17817932 -7.1842594
v -9.022111 0.24143809 -7.1892824
v -9.022111 0.17817932 -7.1892824
v -8.993 0.24143809 -7.191
v -8.993 0.17817932 -7.191
v -8.964888 0.24143809 -7.1892624
v -8.964888 0.17817932 -7.1892624
v -8.938181 0.24143809 -7.1841807
v -8.938181 0.17817932 -7.1841807
v -8.913078 0.24143809 -7.1759534
v -8.913078 0.17817932 -7.1759534
v -8.889778 0.24143809 -7.1647778
v -8.889778 0.17817932 -7.1647778
v -8.868478 0.24143809 -7.1508527
v -8.868478 0.17817932 -7.1508527
v -8.849375 0.24143814 -7.134375
v -8.849375 0.17817932 -7.134375
v -8.832668 0.24143814 -7.1155434
v -8.849375 0.17817932 -7.134375
v -8.832668 0.17817932 -7.1155434
v -8.849375 0.24143814 -7.134375
v -8.818556 0.24143814 -7.0945554
v -8.818556 0.17817932 -7.0945554
v -8.807235 0.24143814 -7.0716095
v -8.807235 0.17817932 -7.0716095
v -8.7989025 0.24143814 -7.0469027
v -8.7989025 0.17817932 -7.0469027
v -8.793758 0.24143814 -7.0206337
v -8.793758 0.17817932 -7.0206337
v -8.792 0.24143814 -6.993
v -8.792 0.17817932 -6.993
v -8.792868 0.24143814 -7.006627
v -8.792564 0.24143814 -6.9801593
v -8.792564 0.17817932 -6.9801593
v -8.794269 0.24143814 -6.96719
v -8.794269 0.17817932 -6.96719
v -8.797125 0.24143814 -6.954172
v -8.797125 0.17817932 -6.954172
v -8.801148 0.24143814 -6.941185
v -8.801148 0.17817932 -6.941185
v -8.806352 0.24143814 -6.9283094
v -8.806352 0.17817932 -6.9283094
v -8.81275 0.24143814 -6.915625
v -8.81275 0.17817932 -6.915625
v -8.820356 0.24143814 -6.903211
v -8.820356 0.17817932 -6.903211
v -8.8291855 0.24143814 -6.891148
v -8.8291855 0.17817932 -6.891148
v -8.83925 0.24143814 -6.8795156
v -8.83925 0.17817932 -6.8795156
v -8.850565 0.24143814 -6.8683934
v -8.83925 0.17817932 -6.8795156
v -8.850565 0.17817932 -6.8683934
v -8.83925 0.24143814 -6.8795156
v -8.863144 0.24143814 -6.8578615
v -8.863144 0.17817932 -6.8578615
v -8.877 0.24143809 -6.848
v -8.877 0.17817932 -6.848
v -8.8618965 0.24143814 -6.8391585
v -8.877 0.17817932 -6.848
v -8.8618965 0.17817932 -6.8391585
v -8.877 0.24143809 -6.848
v -8.848088 0.24143814 -6.829185
v -8.848088 0.17817932 -6.829185
v -8.835578 0.24143814 -6.8181562
v -8.835578 0.17817932 -6.8181562
v -8.82437 0.24143814 -6.806148
v -8.835578 0.17817932 -6.8181562
v -8.82437 0.17817932 -6.806148
v -8.835578 0.24143814 -6.8181562
v -8.814468 0.24143814 -6.793237
v -8.814468 0.17817932 -6.793237
v -8.805875 0.24143814 -6.7795
v -8.805875 0.17817932 -6.7795
v -8.798594 0.24143814 -6.7650127
v -8.798594 0.17817932 -6.7650127
v -8.792629 0.24143814 -6.7498517
v -8.792629 0.17817932 -6.7498517
v -8.787984 0.24143814 -6.7340937
v -8.787984 0.17817932 -6.7340937
v -8.784662 0.24143814 -6.717815
v -8.784662 0.17817932 -6.717815
v -8.782666 0.24143814 -6.7010913
v -8.782666 0.17817932 -6.7010913
v -8.782 0.24143814 -6.684
v -8.782 0.17817932 -6.684
v -8.782329 0.24143814 -6.692428
v -8.78392 0.24143814 -6.657305
v -8.78392 0.17817932 -6.657305
v -8.789528 0.24143814 -6.6318564
v -8.789528 0.17817932 -6.6318564
v -8.7985935 0.24143814 -6.6078596
v -8.7985935 0.17817932 -6.6078596
v -8.810889 0.24143814 -6.5855184
v -8.810889 0.17817932 -6.5855184
v -8.826184 0.24143814 -6.5650387
v -8.826184 0.17817932 -6.5650387
v -8.84425 0.24143814 -6.546625
v -8.84425 0.17817932 -6.546625
v -8.864858 0.24143814 -6.5304823
v -8.84425 0.17817932 -6.546625
v -8.864858 0.17817932 -6.5304823
v -8.84425 0.24143814 -6.546625
v -8.887777 0.24143809 -6.5168147
v -8.887777 0.17817932 -6.5168147
v -8.912781 0.24143809 -6.505828
v -8.912781 0.17817932 -6.505828
v -8.939639 0.24143809 -6.497727
v -8.939639 0.17817932 -6.497727
v -8.968122 0.24143809 -6.492716
v -8.968122 0.17817932 -6.492716
v -8.998 0.24143809 -6.491
v -8.998 0.17817932 -6.491
v -9.025643 0.24143809 -7.0947547
v -9.010799 0.17817932 -7.0971775
v -9.025643 0.17817932 -7.0947547
v -9.010799 0.24143809 -7.0971775
v -9.0394535 0.24143809 -7.090797
v -9.0394535 0.17817932 -7.090797
v -9.052148 0.24143809 -7.0853705
v -9.052148 0.17817932 -7.0853705
v -9.063649 0.24143809 -7.0785413
v -9.063649 0.17817932 -7.0785413
v -9.073875 0.24143809 -7.070375
v -9.073875 0.17817932 -7.070375
v -9.082747 0.24143809 -7.060938
v -9.073875 0.17817932 -7.070375
v -9.082747 0.17817932 -7.060938
v -9.073875 0.24143809 -7.070375
v -9.090185 0.24143809 -7.0502963
v -9.090185 0.17817932 -7.0502963
v -9.096109 0.24143809 -7.0385156
v -9.096109 0.17817932 -7.0385156
v -9.10044 0.24143809 -7.025662
v -9.10044 0.17817932 -7.025662
v -9.103097 0.24143809 -7.0118017
v -9.103097 0.17817932 -7.0118017
v -9.104 0.24143809 -6.997
v -9.104 0.17817932 -6.997
v -9.103003 0.24143809 -6.98319
v -9.103003 0.17817932 -6.98319
v -9.100101 0.24143809 -6.969852
v -9.100101 0.17817932 -6.969852
v -9.095437 0.24143809 -6.957125
v -9.095437 0.17817932 -6.957125
v -9.0891485 0.24143809 -6.945148
v -9.0891485 0.17817932 -6.945148
v -9.081372 0.24143809 -6.93406
v -9.081372 0.17817932 -6.93406
v -9.07225 0.24143809 -6.924
v -9.07225 0.17817932 -6.924
v -9.061919 0.24143809 -6.9151063
v -9.07225 0.17817932 -6.924
v -9.061919 0.17817932 -6.9151063
v -9.07225 0.24143809 -6.924
v -9.050518 0.24143809 -6.9075184
v -9.050518 0.17817932 -6.9075184
v -9.038187 0.24143809 -6.901375
v -9.038187 0.17817932 -6.901375
v -9.025064 0.24143809 -6.896815
v -9.025064 0.17817932 -6.896815
v -9.01129 0.24143809 -6.8939767
v -9.01129 0.17817932 -6.8939767
v -8.997 0.24143809 -6.893
v -8.997 0.17817932 -6.893
v -8.9825 0.24143809 -6.8939567
v -8.9825 0.17817932 -6.8939567
v -8.968588 0.24143809 -6.896736
v -8.968588 0.17817932 -6.896736
v -8.955391 0.24143809 -6.901203
v -8.955391 0.17817932 -6.901203
v -8.943037 0.24143809 -6.9072223
v -8.943037 0.17817932 -6.9072223
v -8.931656 0.24143809 -6.914658
v -8.931656 0.17817932 -6.914658
v -8.921375 0.24143809 -6.923375
v -8.921375 0.17817932 -6.923375
v -8.912324 0.24143809 -6.933238
v -8.921375 0.17817932 -6.923375
v -8.912324 0.17817932 -6.933238
v -8.921375 0.24143809 -6.923375
v -8.90463 0.24143809 -6.9441113
v -8.90463 0.17817932 -6.9441113
v -8.898422 0.24143809 -6.955859
v -8.898422 0.17817932 -6.955859
v -8.893828 0.24143809 -6.968347
v -8.893828 0.17817932 -6.968347
v -8.890979 0.24143809 -6.981439
v -8.890979 0.17817932 -6.981439
v -8.89 0.24143809 -6.995
v -8.89 0.17817932 -6.995
v -8.890901 0.24143809 -7.009421
v -8.890901 0.17817932 -7.009421
v -8.893541 0.24143809 -7.0231156
v -8.893541 0.17817932 -7.0231156
v -8.897828 0.24143809 -7.0359845
v -8.897828 0.17817932 -7.0359845
v -8.9036665 0.24143809 -7.047926
v -8.9036665 0.17817932 -7.047926
v -8.910963 0.24143809 -7.05884
v -8.910963 0.17817932 -7.05884
v -8.919625 0.24143809 -7.068625
v -8.919625 0.17817932 -7.068625
v -8.929557 0.24143809 -7.0771813
v -8.919625 0.17817932 -7.068625
v -8.929557 0.17817932 -7.0771813
v -8.919625 0.24143809 -7.068625
v -8.940666 0.24143809 -7.0844073
v -8.940666 0.17817932 -7.0844073
v -8.952859 0.24143809 -7.0902033
v -8.952859 0.17817932 -7.0902033
v -8.966042 0.24143809 -7.0944676
v -8.966042 0.17817932 -7.0944676
v -8.98012 0.24143809 -7.0971003
v -8.98012 0.17817932 -7.0971003
v -8.995 0.24143809 -7.098
v -8.995 0.17817932 -7.098
v -9.032731 0.24143809 -6.7964444
v -9.015945 0.17817932 -6.799097
v -9.032731 0.17817932 -6.7964444
v -9.015945 0.24143809 -6.799097
v -9.048282 0.24143809 -6.792125
v -9.048282 0.17817932 -6.792125
v -9.062518 0.24143809 -6.7862225
v -9.062518 0.17817932 -6.7862225
v -9.075367 0.24143809 -6.7788196
v -9.075367 0.17817932 -6.7788196
v -9.08675 0.24143809 -6.77
v -9.08675 0.17817932 -6.77
v -9.096591 0.24143809 -6.759847
v -9.08675 0.17817932 -6.77
v -9.096591 0.17817932 -6.759847
v -9.08675 0.24143809 -6.77
v -9.104815 0.24143809 -6.7484446
v -9.104815 0.17817932 -6.7484446
v -9.111343 0.24143809 -6.735875
v -9.111343 0.17817932 -6.735875
v -9.116102 0.24143809 -6.7222223
v -9.116102 0.17817932 -6.7222223
v -9.119013 0.24143809 -6.7075696
v -9.119013 0.17817932 -6.7075696
v -9.12 0.24143809 -6.692
v -9.12 0.17817932 -6.692
v -9.118976 0.24143809 -6.6766405
v -9.118976 0.17817932 -6.6766405
v -9.1159725 0.24143809 -6.662125
v -9.1159725 0.17817932 -6.662125
v -9.1110935 0.24143809 -6.6485467
v -9.1110935 0.17817932 -6.6485467
v -9.1044445 0.24143809 -6.636
v -9.1044445 0.17817932 -6.636
v -9.096128 0.24143809 -6.624578
v -9.096128 0.17817932 -6.624578
v -9.08625 0.24143809 -6.614375
v -9.08625 0.17817932 -6.614375
v -9.074913 0.24143809 -6.6054845
v -9.08625 0.17817932 -6.614375
v -9.074913 0.17817932 -6.6054845
v -9.08625 0.24143809 -6.614375
v -9.0622225 0.24143809 -6.598
v -9.0622225 0.17817932 -6.598
v -9.048282 0.24143809 -6.5920157
v -9.048282 0.17817932 -6.5920157
v -9.033195 0.24143809 -6.587625
v -9.033195 0.17817932 -6.587625
v -9.017066 0.24143809 -6.584922
v -9.017066 0.17817932 -6.584922
v -9.0 0.24143809 -6.584
v -9.0 0.17817932 -6.584
v -8.981044 0.24143809 -6.5850363
v -8.981044 0.17817932 -6.5850363
v -8.96368 0.24143809 -6.588042
v -8.96368 0.17817932 -6.588042
v -8.947922 0.24143809 -6.5928593
v -8.947922 0.17817932 -6.5928593
v -8.933778 0.24143809 -6.5993333
v -8.933778 0.17817932 -6.5993333
v -8.921259 0.24143809 -6.6073074
v -8.921259 0.17817932 -6.6073074
v -8.910375 0.24143809 -6.616625
v -8.910375 0.17817932 -6.616625
v -8.901137 0.24143809 -6.62713
v -8.910375 0.17817932 -6.616625
v -8.901137 0.17817932 -6.62713
v -8.910375 0.24143809 -6.616625
v -8.893556 0.24143809 -6.6386666
v -8.893556 0.17817932 -6.6386666
v -8.887641 0.24143809 -6.651078
v -8.887641 0.17817932 -6.651078
v -8.883403 0.24143809 -6.6642084
v -8.883403 0.17817932 -6.6642084
v -8.880853 0.24143809 -6.6779013
v -8.880853 0.17817932 -6.6779013
v -8.88 0.24143809 -6.692
v -8.88 0.17817932 -6.692
v -8.881004 0.24143809 -6.7071495
v -8.881004 0.17817932 -6.7071495
v -8.883949 0.24143809 -6.7215276
v -8.883949 0.17817932 -6.7215276
v -8.888735 0.24143809 -6.735031
v -8.888735 0.17817932 -6.735031
v -8.895259 0.24143809 -6.7475557
v -8.895259 0.17817932 -6.7475557
v -8.903423 0.24143809 -6.7589965
v -8.903423 0.17817932 -6.7589965
v -8.913125 0.24143809 -6.76925
v -8.913125 0.17817932 -6.76925
v -8.924265 0.24143809 -6.7782116
v -8.913125 0.17817932 -6.76925
v -8.924265 0.17817932 -6.7782116
v -8.913125 0.24143809 -6.76925
v -8.936741 0.24143809 -6.7857776
v -8.936741 0.17817932 -6.7857776
v -8.950453 0.24143809 -6.791844
v -8.950453 0.17817932 -6.791844
v -8.965301 0.24143809 -6.7963057
v -8.965301 0.17817932 -6.7963057
v -8.981183 0.24143809 -6.799059
v -8.981183 0.17817932 -6.799059
v -8.998 0.24143809 -6.8
v -8.998 0.17817932 -6.8
v -9.201 0.17817932 -5.089
v -8.76 0.17817932 -5.182
v -9.201 0.17817932 -5.182
v -8.906 0.17817932 -5.089
v -9.069 0.17817932 -4.491
v -9.156 0.17817932 -4.529
v -9.069 0.17817932 -4.491
v -8.906 0.17817932 -5.089
v -8.906 0.24143814 -5.089
v -9.156 0.17817932 -4.529
v -8.906 0.17817932 -5.089
v -9.156 0.24143809 -4.529
v -9.201 0.24143809 -5.089
v -8.906 0.17817932 -5.089
v -9.201 0.17817932 -5.089
v -8.906 0.24143814 -5.089
v -9.201 0.24143814 -5.182
v -9.201 0.17817932 -5.089
v -9.201 0.17817932 -5.182
v -9.201 0.24143809 -5.089
v -8.76 0.24143814 -5.182
v -9.201 0.17817932 -5.182
v -8.76 0.17817932 -5.182
v -9.201 0.24143814 -5.182
v -9.069 0.24143809 -4.491
v -8.76 0.17817932 -5.182
v -9.069 0.17817932 -4.491
v -8.76 0.24143814 -5.182
v -9.156 0.24143809 -4.529
v -9.069 0.17817932 -4.491
v -9.156 0.17817932 -4.529
v -9.069 0.24143809 -4.491
v -8.9755535 0.17817932 -3.160466
v -8.874 0.17817932 -3.1160002
v -8.933 0.17817932 -3.191
v -9.014681 0.17817932 -3.127977
v -9.050328 0.17817932 -3.0937033
v -8.897744 0.17817932 -3.1011314
v -8.920871 0.17817932 -3.0846343
v -9.082444 0.17817932 -3.0578148
v -8.943219 0.17817932 -3.0666718
v -8.964629 0.17817932 -3.0474074
v -9.110977 0.17817932 -3.020482
v -8.984943 0.17817932 -3.027004
v -9.004 0.17817932 -3.005625
v -9.135875 0.17817932 -2.981875
v -9.02164 0.17817932 -2.9834335
v -9.0377035 0.17817932 -2.9605925
v -9.157085 0.17817932 -2.9421637
v -9.0520315 0.17817932 -2.9372656
v -9.174556 0.17817932 -2.9015186
v -9.064463 0.17817932 -2.9136157
v -9.074839 0.17817932 -2.8898063
v -9.188234 0.17817932 -2.8601093
v -8.987042 0.17817932 -2.8937166
v -8.949345 0.17817932 -2.8922424
v -8.976 0.17817932 -2.894
v -8.997676 0.17817932 -2.892898
v -9.007906 0.17817932 -2.8915937
v -8.924005 0.17817932 -2.8871064
v -9.01774 0.17817932 -2.8898518
v -9.027186 0.17817932 -2.887721
v -9.083 0.17817932 -2.866
v -9.03625 0.17817932 -2.88525
v -8.900172 0.17817932 -2.8787968
v -9.044939 0.17817932 -2.8824873
v -9.053259 0.17817932 -2.8794816
v -8.900172 0.17817932 -2.8787968
v -9.044939 0.17817932 -2.8824873
v -9.061218 0.17817932 -2.8762813
v -9.053259 0.17817932 -2.8794816
v -9.061218 0.17817932 -2.8762813
v -8.878037 0.17817932 -2.8675184
v -9.068824 0.17817932 -2.8729353
v -8.878037 0.17817932 -2.8675184
v -9.076082 0.17817932 -2.8694918
v -9.083 0.17817932 -2.866
v -8.857791 0.17817932 -2.8534763
v -8.857791 0.17817932 -2.8534763
v -9.19807 0.17817932 -2.8181064
v -9.188234 0.17817932 -2.8601093
v -9.19807 0.17817932 -2.8181064
v -8.839625 0.17817932 -2.836875
v -8.8237295 0.17817932 -2.8179195
v -8.839625 0.17817932 -2.836875
v -9.204009 0.17817932 -2.77568
v -9.024547 0.17817932 -2.7993126
v -9.024547 0.17817932 -2.7993126
v -9.015597 0.17817932 -2.8002777
v -9.015597 0.17817932 -2.8002777
v -8.8237295 0.17817932 -2.8179195
v -9.006126 0.17817932 -2.8008265
v -8.996 0.17817932 -2.801
v -8.996 0.17817932 -2.801
v -8.810296 0.17817932 -2.796815
v -8.980123 0.17817932 -2.8000798
v -8.810296 0.17817932 -2.796815
v -8.96506 0.17817932 -2.797389
v -8.980123 0.17817932 -2.8000798
v -9.033112 0.17817932 -2.797889
v -9.041426 0.17817932 -2.7959652
v -8.950922 0.17817932 -2.7930312
v -8.96506 0.17817932 -2.797389
v -8.799516 0.17817932 -2.7737656
v -9.049625 0.17817932 -2.7935
v -9.057845 0.17817932 -2.7904515
v -8.937815 0.17817932 -2.787111
v -9.066222 0.17817932 -2.7867777
v -8.925847 0.17817932 -2.7797327
v -8.799516 0.17817932 -2.7737656
v -8.937815 0.17817932 -2.787111
v -9.07489 0.17817932 -2.7824376
v -9.083986 0.17817932 -2.7773888
v -8.915125 0.17817932 -2.771
v -8.925847 0.17817932 -2.7797327
v -9.093644 0.17817932 -2.7715902
v -9.206 0.17817932 -2.733
v -9.093644 0.17817932 -2.7715902
v -9.204009 0.17817932 -2.77568
v -8.791578 0.17817932 -2.748977
v -9.206 0.17817932 -2.733
v -9.104 0.17817932 -2.765
v -8.905758 0.17817932 -2.7610173
v -9.108614 0.17817932 -2.737911
v -8.897852 0.17817932 -2.749889
v -8.891516 0.17817932 -2.7377188
v -8.786676 0.17817932 -2.7226534
v -9.109662 0.17817932 -2.7127037
v -8.886856 0.17817932 -2.724611
v -9.204173 0.17817932 -2.6979885
v -8.883982 0.17817932 -2.7106702
v -8.883982 0.17817932 -2.7106702
v -8.785 0.17817932 -2.695
v -8.786676 0.17817932 -2.7226534
v -9.107453 0.17817932 -2.6894689
v -8.883 0.17817932 -2.696
v -8.785 0.17817932 -2.695
v -9.198801 0.17817932 -2.665074
v -8.8839035 0.17817932 -2.6797216
v -8.786873 0.17817932 -2.6676683
v -9.102296 0.17817932 -2.6682963
v -8.88656 0.17817932 -2.66444
v -9.094501 0.17817932 -2.6492765
v -8.792319 0.17817932 -2.6413472
v -9.190047 0.17817932 -2.6344376
v -8.890891 0.17817932 -2.6502345
v -8.896814 0.17817932 -2.637185
v -9.084375 0.17817932 -2.6325
v -8.801078 0.17817932 -2.6162968
v -8.904253 0.17817932 -2.6253722
v -9.178074 0.17817932 -2.6062593
v -9.084375 0.17817932 -2.6325
v -9.190047 0.17817932 -2.6344376
v -9.178074 0.17817932 -2.6062593
v -9.072228 0.17817932 -2.6180568
v -8.913125 0.17817932 -2.614875
v -9.058371 0.17817932 -2.6060371
v -8.812889 0.17817932 -2.5927777
v -8.923351 0.17817932 -2.6057737
v -9.163046 0.17817932 -2.58072
v -9.058371 0.17817932 -2.6060371
v -9.163046 0.17817932 -2.58072
v -9.043109 0.17817932 -2.5965312
v -8.934852 0.17817932 -2.598148
v -8.947547 0.17817932 -2.5920782
v -9.026754 0.17817932 -2.5896297
v -8.827492 0.17817932 -2.5710504
v -8.961356 0.17817932 -2.5876436
v -8.827492 0.17817932 -2.5710504
v -8.947547 0.17817932 -2.5920782
v -9.009615 0.17817932 -2.5854225
v -8.976201 0.17817932 -2.5849242
v -8.961356 0.17817932 -2.5876436
v -8.992 0.17817932 -2.584
v -9.145125 0.17817932 -2.558
v -9.145125 0.17817932 -2.558
v -8.8446245 0.17817932 -2.551375
v -9.1244755 0.17817932 -2.53828
v -8.8446245 0.17817932 -2.551375
v -9.1244755 0.17817932 -2.53828
v -8.86403 0.17817932 -2.534012
v -9.101259 0.17817932 -2.5217407
v -8.86403 0.17817932 -2.534012
v -9.101259 0.17817932 -2.5217407
v -8.885445 0.17817932 -2.5192223
v -9.075641 0.17817932 -2.5085626
v -8.885445 0.17817932 -2.5192223
v -8.908609 0.17817932 -2.5072656
v -9.047782 0.17817932 -2.498926
v -8.933264 0.17817932 -2.4984028
v -9.017848 0.17817932 -2.4930117
v -8.959147 0.17817932 -2.4928942
v -8.986 0.17817932 -2.491
v -8.920871 0.24143814 -3.0846343
v -8.897744 0.17817932 -3.1011314
v -8.920871 0.17817932 -3.0846343
v -8.897744 0.24143814 -3.1011314
v -8.943219 0.24143814 -3.0666718
v -8.943219 0.17817932 -3.0666718
v -8.964629 0.24143814 -3.0474074
v -8.964629 0.17817932 -3.0474074
v -8.984943 0.24143814 -3.027004
v -8.964629 0.17817932 -3.0474074
v -8.984943 0.17817932 -3.027004
v -8.964629 0.24143814 -3.0474074
v -9.004 0.24143814 -3.005625
v -9.004 0.17817932 -3.005625
v -9.02164 0.24143814 -2.9834335
v -9.02164 0.17817932 -2.9834335
v -9.0377035 0.24143814 -2.9605925
v -9.0377035 0.17817932 -2.9605925
v -9.0520315 0.24143814 -2.9372656
v -9.0520315 0.17817932 -2.9372656
v -9.064463 0.24143814 -2.9136157
v -9.064463 0.17817932 -2.9136157
v -9.074839 0.24143814 -2.8898063
v -9.074839 0.17817932 -2.8898063
v -9.083 0.24143814 -2.866
v -9.083 0.17817932 -2.866
v -9.076082 0.24143814 -2.8694918
v -9.083 0.17817932 -2.866
v -9.076082 0.17817932 -2.8694918
v -9.083 0.24143814 -2.866
v -9.068824 0.24143814 -2.8729353
v -9.068824 0.17817932 -2.8729353
v -9.061218 0.24143814 -2.8762813
v -9.061218 0.17817932 -2.8762813
v -9.053259 0.24143814 -2.8794816
v -9.053259 0.17817932 -2.8794816
v -9.044939 0.24143814 -2.8824873
v -9.044939 0.17817932 -2.8824873
v -9.03625 0.24143814 -2.88525
v -9.03625 0.17817932 -2.88525
v -9.027186 0.24143814 -2.887721
v -9.027186 0.17817932 -2.887721
v -9.01774 0.24143814 -2.8898518
v -9.01774 0.17817932 -2.8898518
v -9.007906 0.24143814 -2.8915937
v -9.007906 0.17817932 -2.8915937
v -8.997676 0.24143814 -2.892898
v -8.997676 0.17817932 -2.892898
v -8.987042 0.24143814 -2.8937166
v -8.987042 0.17817932 -2.8937166
v -8.976 0.24143814 -2.894
v -8.976 0.17817932 -2.894
v -8.949345 0.24143814 -2.8922424
v -8.949345 0.17817932 -2.8922424
v -8.924005 0.24143814 -2.8871064
v -8.924005 0.17817932 -2.8871064
v -8.900172 0.24143814 -2.8787968
v -8.900172 0.17817932 -2.8787968
v -8.878037 0.24143814 -2.8675184
v -8.878037 0.17817932 -2.8675184
v -8.857791 0.24143814 -2.8534763
v -8.857791 0.17817932 -2.8534763
v -8.839625 0.24143814 -2.836875
v -8.839625 0.17817932 -2.836875
v -8.8237295 0.24143814 -2.8179195
v -8.839625 0.17817932 -2.836875
v -8.8237295 0.17817932 -2.8179195
v -8.839625 0.24143814 -2.836875
v -8.810296 0.24143814 -2.796815
v -8.810296 0.17817932 -2.796815
v -8.799516 0.24143814 -2.7737656
v -8.799516 0.17817932 -2.7737656
v -8.791578 0.24143814 -2.748977
v -8.791578 0.17817932 -2.748977
v -8.786676 0.24143814 -2.7226534
v -8.786676 0.17817932 -2.7226534
v -8.785 0.24143814 -2.695
v -8.785 0.17817932 -2.695
v -8.785827 0.24143814 -2.7086365
v -8.786873 0.24143814 -2.6676683
v -8.786873 0.17817932 -2.6676683
v -8.792319 0.24143814 -2.6413472
v -8.792319 0.17817932 -2.6413472
v -8.801078 0.24143814 -2.6162968
v -8.801078 0.17817932 -2.6162968
v -8.812889 0.24143814 -2.5927777
v -8.812889 0.17817932 -2.5927777
v -8.827492 0.24143814 -2.5710504
v -8.827492 0.17817932 -2.5710504
v -8.8446245 0.24143814 -2.551375
v -8.8446245 0.17817932 -2.551375
v -8.86403 0.24143814 -2.534012
v -8.8446245 0.17817932 -2.551375
v -8.86403 0.17817932 -2.534012
v -8.8446245 0.24143814 -2.551375
v -8.885445 0.24143814 -2.5192223
v -8.885445 0.17817932 -2.5192223
v -8.908609 0.24143814 -2.5072656
v -8.908609 0.17817932 -2.5072656
v -8.933264 0.24143814 -2.4984028
v -8.933264 0.17817932 -2.4984028
v -8.959147 0.24143814 -2.4928942
v -8.959147 0.17817932 -2.4928942
v -8.986 0.24143814 -2.491
v -8.986 0.17817932 -2.491
v -9.017848 0.24143814 -2.4930117
v -9.017848 0.17817932 -2.4930117
v -9.047782 0.24143814 -2.498926
v -9.047782 0.17817932 -2.498926
v -9.075641 0.24143814 -2.5085626
v -9.075641 0.17817932 -2.5085626
v -9.101259 0.24143814 -2.5217407
v -9.101259 0.17817932 -2.5217407
v -9.1244755 0.24143814 -2.53828
v -9.1244755 0.17817932 -2.53828
v -9.145125 0.24143814 -2.558
v -9.145125 0.17817932 -2.558
v -9.163046 0.24143814 -2.58072
v -9.145125 0.17817932 -2.558
v -9.163046 0.17817932 -2.58072
v -9.145125 0.24143814 -2.558
v -9.178074 0.24143814 -2.6062593
v -9.178074 0.17817932 -2.6062593
v -9.190047 0.24143814 -2.6344376
v -9.190047 0.17817932 -2.6344376
v -9.198801 0.24143814 -2.665074
v -9.198801 0.17817932 -2.665074
v -9.204173 0.24143814 -2.6979885
v -9.204173 0.17817932 -2.6979885
v -9.206 0.24143814 -2.733
v -9.206 0.17817932 -2.733
v -9.205099 0.24143814 -2.715735
v -9.204009 0.24143814 -2.77568
v -9.204009 0.17817932 -2.77568
v -9.19807 0.24143814 -2.8181064
v -9.19807 0.17817932 -2.8181064
v -9.188234 0.24143814 -2.8601093
v -9.188234 0.17817932 -2.8601093
v -9.174556 0.24143814 -2.9015186
v -9.174556 0.17817932 -2.9015186
v -9.157085 0.24143814 -2.9421637
v -9.157085 0.17817932 -2.9421637
v -9.135875 0.24143814 -2.981875
v -9.135875 0.17817932 -2.981875
v -9.110977 0.24143814 -3.020482
v -9.110977 0.17817932 -3.020482
v -9.082444 0.24143814 -3.0578148
v -9.082444 0.17817932 -3.0578148
v -9.050328 0.24143814 -3.0937033
v -9.050328 0.17817932 -3.0937033
v -9.014681 0.24143814 -3.127977
v -9.014681 0.17817932 -3.127977
v -8.9755535 0.24143814 -3.160466
v -9.014681 0.17817932 -3.127977
v -8.9755535 0.17817932 -3.160466
v -9.014681 0.24143814 -3.127977
v -8.933 0.24143814 -3.191
v -8.933 0.17817932 -3.191
v -8.874 0.24143814 -3.1160002
v -8.933 0.17817932 -3.191
v -8.874 0.17817932 -3.1160002
v -8.933 0.24143814 -3.191
v -8.874 0.17817932 -3.1160002
v -8.874 0.24143814 -3.1160002
v -8.961356 0.24143814 -2.5876436
v -8.976201 0.17817932 -2.5849242
v -8.961356 0.17817932 -2.5876436
v -8.976201 0.24143814 -2.5849242
v -8.947547 0.24143814 -2.5920782
v -8.947547 0.17817932 -2.5920782
v -8.934852 0.24143814 -2.598148
v -8.934852 0.17817932 -2.598148
v -8.923351 0.24143814 -2.6057737
v -8.923351 0.17817932 -2.6057737
v -8.913125 0.24143814 -2.614875
v -8.913125 0.17817932 -2.614875
v -8.904253 0.24143814 -2.6253722
v -8.913125 0.17817932 -2.614875
v -8.904253 0.17817932 -2.6253722
v -8.913125 0.24143814 -2.614875
v -8.896814 0.24143814 -2.637185
v -8.896814 0.17817932 -2.637185
v -8.890891 0.24143814 -2.6502345
v -8.890891 0.17817932 -2.6502345
v -8.88656 0.24143814 -2.66444
v -8.88656 0.17817932 -2.66444
v -8.8839035 0.24143814 -2.6797216
v -8.8839035 0.17817932 -2.6797216
v -8.883 0.24143814 -2.696
v -8.883 0.17817932 -2.696
v -8.883982 0.24143814 -2.7106702
v -8.883982 0.17817932 -2.7106702
v -8.886856 0.24143814 -2.724611
v -8.886856 0.17817932 -2.724611
v -8.891516 0.24143814 -2.7377188
v -8.891516 0.17817932 -2.7377188
v -8.897852 0.24143814 -2.749889
v -8.897852 0.17817932 -2.749889
v -8.905758 0.24143814 -2.7610173
v -8.905758 0.17817932 -2.7610173
v -8.915125 0.24143814 -2.771
v -8.915125 0.17817932 -2.771
v -8.925847 0.24143814 -2.7797327
v -8.915125 0.17817932 -2.771
v -8.925847 0.17817932 -2.7797327
v -8.915125 0.24143814 -2.771
v -8.937815 0.24143814 -2.787111
v -8.937815 0.17817932 -2.787111
v -8.950922 0.24143814 -2.7930312
v -8.950922 0.17817932 -2.7930312
v -8.96506 0.24143814 -2.797389
v -8.96506 0.17817932 -2.797389
v -8.980123 0.24143814 -2.8000798
v -8.980123 0.17817932 -2.8000798
v -8.996 0.24143814 -2.801
v -8.996 0.17817932 -2.801
v -9.006126 0.24143814 -2.8008265
v -9.006126 0.17817932 -2.8008265
v -9.015597 0.24143814 -2.8002777
v -9.015597 0.17817932 -2.8002777
v -9.024547 0.24143814 -2.7993126
v -9.024547 0.17817932 -2.7993126
v -9.033112 0.24143814 -2.797889
v -9.033112 0.17817932 -2.797889
v -9.041426 0.24143814 -2.7959652
v -9.041426 0.17817932 -2.7959652
v -9.049625 0.24143814 -2.7935
v -9.049625 0.17817932 -2.7935
v -9.057845 0.24143814 -2.7904515
v -9.057845 0.17817932 -2.7904515
v -9.066222 0.24143814 -2.7867777
v -9.066222 0.17817932 -2.7867777
v -9.07489 0.24143814 -2.7824376
v -9.07489 0.17817932 -2.7824376
v -9.083986 0.24143814 -2.7773888
v -9.083986 0.17817932 -2.7773888
v -9.093644 0.24143814 -2.7715902
v -9.093644 0.17817932 -2.7715902
v -9.104 0.24143814 -2.765
v -9.104 0.17817932 -2.765
v -9.108614 0.24143814 -2.737911
v -9.104 0.17817932 -2.765
v -9.108614 0.17817932 -2.737911
v -9.104 0.24143814 -2.765
v -9.109662 0.24143814 -2.7127037
v -9.109662 0.17817932 -2.7127037
v -9.107453 0.24143814 -2.6894689
v -9.107453 0.17817932 -2.6894689
v -9.102296 0.24143814 -2.6682963
v -9.102296 0.17817932 -2.6682963
v -9.094501 0.24143814 -2.6492765
v -9.094501 0.17817932 -2.6492765
v -9.084375 0.24143814 -2.6325
v -9.084375 0.17817932 -2.6325
v -9.072228 0.24143814 -2.6180568
v -9.072228 0.17817932 -2.6180568
v -9.058371 0.24143814 -2.6060371
v -9.072228 0.17817932 -2.6180568
v -9.058371 0.17817932 -2.6060371
v -9.072228 0.24143814 -2.6180568
v -9.043109 0.24143814 -2.5965312
v -9.043109 0.17817932 -2.5965312
v -9.026754 0.24143814 -2.5896297
v -9.026754 0.17817932 -2.5896297
v -9.009615 0.24143814 -2.5854225
v -9.009615 0.17817932 -2.5854225
v -8.992 0.24143814 -2.584
v -8.992 0.17817932 -2.584
v -9.149 0.17817932 -0.827
v -9.06 0.17817932 -1.0940001
v -9.149 0.17817932 -1.182
v -8.846 0.17817932 -1.182
v -8.846 0.17817932 -1.0940001
v -9.06 0.17817932 -0.923
v -8.988157 0.17817932 -0.91902316
v -9.02277 0.17817932 -0.9230862
v -8.956282 0.17817932 -0.9110781
v -8.927259 0.17817932 -0.8995185
v -8.90121 0.17817932 -0.88461167
v -9.112787 0.17817932 -0.8338629
v -8.87825 0.17817932 -0.866625
v -9.079213 0.17817932 -0.8366528
v -8.858499 0.17817932 -0.8458258
v -9.048375 0.17817932 -0.8356719
v -8.842074 0.17817932 -0.8224815
v -9.0203705 0.17817932 -0.83122224
v -8.9952965 0.17817932 -0.8236059
v -8.97325 0.17817932 -0.813125
v -8.829094 0.17817932 -0.7968594
v -8.954329 0.17817932 -0.8000816
v -8.93863 0.17817932 -0.78477776
v -8.93863 0.17817932 -0.78477776
v -8.819675 0.17817932 -0.76922685
v -8.829094 0.17817932 -0.7968594
v -8.92625 0.17817932 -0.76751566
v -8.819675 0.17817932 -0.76922685
v -8.813939 0.17817932 -0.73985124
v -8.917287 0.17817932 -0.74859726
v -8.911838 0.17817932 -0.72832465
v -8.812 0.17817932 -0.709
v -8.91 0.17817932 -0.707
v -8.813924 0.17817932 -0.67824185
v -8.9113035 0.17817932 -0.6905052
v -8.915097 0.17817932 -0.674625
v -8.81956 0.17817932 -0.64910185
v -8.921203 0.17817932 -0.6595156
v -8.929444 0.17817932 -0.6453333
v -8.828703 0.17817932 -0.62178123
v -8.939644 0.17817932 -0.63223433
v -9.2 0.17817932 -0.533
v -9.18773 0.17817932 -0.62608385
v -9.2 0.17817932 -0.634
v -8.951625 0.17817932 -0.6203749
v -9.175422 0.17817932 -0.61883795
v -8.841148 0.17817932 -0.59648144
v -8.96521 0.17817932 -0.60991144
v -9.163078 0.17817932 -0.6122656
v -9.150703 0.17817932 -0.60637033
v -8.980222 0.17817932 -0.60099995
v -9.138302 0.17817932 -0.60115564
v -9.125875 0.17817932 -0.596625
v -8.996485 0.17817932 -0.59379685
v -9.113428 0.17817932 -0.5927818
v -8.85669 0.17817932 -0.57340395
v -9.01382 0.17817932 -0.5884583
v -8.85669 0.17817932 -0.57340395
v -8.996485 0.17817932 -0.59379685
v -9.100963 0.17817932 -0.58962965
v -9.088485 0.17817932 -0.58717185
v -9.03205 0.17817932 -0.5851406
v -9.075995 0.17817932 -0.585412
v -9.2 0.17817932 -0.533
v -9.063499 0.17817932 -0.58435357
v -9.075995 0.17817932 -0.585412
v -9.051 0.17817932 -0.584
v -9.03205 0.17817932 -0.5851406
v -9.063499 0.17817932 -0.58435357
v -8.875125 0.17817932 -0.55275
v -8.896247 0.17817932 -0.534721
v -8.919852 0.17817932 -0.5195185
v -9.185486 0.17817932 -0.5258715
v -8.919852 0.17817932 -0.5195185
v -9.171389 0.17817932 -0.51947224
v -9.185486 0.17817932 -0.5258715
v -8.945734 0.17817932 -0.50734377
v -9.157625 0.17817932 -0.51378125
v -9.144111 0.17817932 -0.50877774
v -9.130764 0.17817932 -0.50444096
v -8.97369 0.17817932 -0.49839813
v -9.1175 0.17817932 -0.50075
v -9.104236 0.17817932 -0.49768406
v -9.104236 0.17817932 -0.49768406
v -9.003513 0.17817932 -0.4928831
v -8.97369 0.17817932 -0.49839813
v -9.090889 0.17817932 -0.49522227
v -9.003513 0.17817932 -0.4928831
v -9.077375 0.17817932 -0.49334377
v -9.063611 0.17817932 -0.49202782
v -9.035 0.17817932 -0.491
v -9.049514 0.17817932 -0.4912535
v -9.06 0.24143814 -0.923
v -9.06 0.17817932 -1.0940001
v -9.06 0.17817932 -0.923
v -9.06 0.24143817 -1.0940001
v -9.02277 0.24143817 -0.9230862
v -9.06 0.17817932 -0.923
v -9.02277 0.17817932 -0.9230862
v -9.06 0.24143814 -0.923
v -8.988157 0.24143817 -0.91902316
v -8.988157 0.17817932 -0.91902316
v -8.956282 0.24143817 -0.9110781
v -8.956282 0.17817932 -0.9110781
v -8.927259 0.24143817 -0.8995185
v -8.927259 0.17817932 -0.8995185
v -8.90121 0.24143817 -0.88461167
v -8.90121 0.17817932 -0.88461167
v -8.87825 0.24143817 -0.866625
v -8.87825 0.17817932 -0.866625
v -8.858499 0.24143817 -0.8458258
v -8.87825 0.17817932 -0.866625
v -8.858499 0.17817932 -0.8458258
v -8.87825 0.24143817 -0.866625
v -8.842074 0.24143817 -0.8224815
v -8.842074 0.17817932 -0.8224815
v -8.829094 0.24143817 -0.7968594
v -8.829094 0.17817932 -0.7968594
v -8.819675 0.24143817 -0.76922685
v -8.819675 0.17817932 -0.76922685
v -8.813939 0.24143817 -0.73985124
v -8.813939 0.17817932 -0.73985124
v -8.812 0.24143817 -0.709
v -8.812 0.17817932 -0.709
v -8.813924 0.24143814 -0.67824185
v -8.813924 0.17817932 -0.67824185
v -8.81956 0.24143814 -0.64910185
v -8.81956 0.17817932 -0.64910185
v -8.828703 0.24143814 -0.62178123
v -8.828703 0.17817932 -0.62178123
v -8.841148 0.24143814 -0.59648144
v -8.841148 0.17817932 -0.59648144
v -8.85669 0.24143814 -0.57340395
v -8.85669 0.17817932 -0.57340395
v -8.875125 0.24143814 -0.55275
v -8.875125 0.17817932 -0.55275
v -8.896247 0.24143814 -0.534721
v -8.875125 0.17817932 -0.55275
v -8.896247 0.17817932 -0.534721
v -8.875125 0.24143814 -0.55275
v -8.919852 0.24143814 -0.5195185
v -8.919852 0.17817932 -0.5195185
v -8.945734 0.24143814 -0.50734377
v -8.945734 0.17817932 -0.50734377
v -8.97369 0.24143814 -0.49839813
v -8.97369 0.17817932 -0.49839813
v -9.003513 0.24143814 -0.4928831
v -9.003513 0.17817932 -0.4928831
v -9.035 0.24143814 -0.491
v -9.035 0.17817932 -0.491
v -9.049514 0.24143817 -0.4912535
v -9.049514 0.17817932 -0.4912535
v -9.063611 0.24143817 -0.49202782
v -9.063611 0.17817932 -0.49202782
v -9.077375 0.24143817 -0.49334377
v -9.077375 0.17817932 -0.49334377
v -9.090889 0.24143817 -0.49522227
v -9.090889 0.17817932 -0.49522227
v -9.104236 0.24143817 -0.49768406
v -9.104236 0.17817932 -0.49768406
v -9.1175 0.24143817 -0.50075
v -9.1175 0.17817932 -0.50075
v -9.130764 0.24143814 -0.50444096
v -9.130764 0.17817932 -0.50444096
v -9.144111 0.24143814 -0.50877774
v -9.144111 0.17817932 -0.50877774
v -9.157625 0.24143814 -0.51378125
v -9.157625 0.17817932 -0.51378125
v -9.171389 0.24143814 -0.51947224
v -9.171389 0.17817932 -0.51947224
v -9.185486 0.24143814 -0.5258715
v -9.185486 0.17817932 -0.5258715
v -9.2 0.24143814 -0.533
v -9.2 0.17817932 -0.533
v -9.2 0.24143814 -0.634
v -9.2 0.17817932 -0.533
v -9.2 0.17817932 -0.634
v -9.2 0.24143814 -0.533
v -9.18773 0.24143814 -0.62608385
v -9.2 0.17817932 -0.634
v -9.18773 0.17817932 -0.62608385
v -9.2 0.24143814 -0.634
v -9.175422 0.24143814 -0.61883795
v -9.175422 0.17817932 -0.61883795
v -9.163078 0.24143814 -0.6122656
v -9.163078 0.17817932 -0.6122656
v -9.150703 0.24143814 -0.60637033
v -9.150703 0.17817932 -0.60637033
v -9.138302 0.24143814 -0.60115564
v -9.138302 0.17817932 -0.60115564
v -9.125875 0.24143814 -0.596625
v -9.125875 0.17817932 -0.596625
v -9.113428 0.24143817 -0.5927818
v -9.113428 0.17817932 -0.5927818
v -9.100963 0.24143817 -0.58962965
v -9.100963 0.17817932 -0.58962965
v -9.088485 0.24143817 -0.58717185
v -9.088485 0.17817932 -0.58717185
v -9.075995 0.24143817 -0.585412
v -9.075995 0.17817932 -0.585412
v -9.063499 0.24143817 -0.58435357
v -9.063499 0.17817932 -0.58435357
v -9.051 0.24143817 -0.584
v -9.051 0.17817932 -0.584
v -9.03205 0.24143814 -0.5851406
v -9.03205 0.17817932 -0.5851406
v -9.01382 0.24143814 -0.5884583
v -9.01382 0.17817932 -0.5884583
v -8.996485 0.24143814 -0.59379685
v -8.996485 0.17817932 -0.59379685
v -8.980222 0.24143814 -0.60099995
v -8.980222 0.17817932 -0.60099995
v -8.96521 0.24143814 -0.60991144
v -8.96521 0.17817932 -0.60991144
v -8.951625 0.24143814 -0.6203749
v -8.951625 0.17817932 -0.6203749
v -8.939644 0.24143814 -0.63223433
v -8.951625 0.17817932 -0.6203749
v -8.939644 0.17817932 -0.63223433
v -8.951625 0.24143814 -0.6203749
v -8.929444 0.24143814 -0.6453333
v -8.929444 0.17817932 -0.6453333
v -8.921203 0.24143814 -0.6595156
v -8.921203 0.17817932 -0.6595156
v -8.915097 0.24143814 -0.674625
v -8.915097 0.17817932 -0.674625
v -8.9113035 0.24143814 -0.6905052
v -8.9113035 0.17817932 -0.6905052
v -8.91 0.24143814 -0.707
v -8.91 0.17817932 -0.707
v -8.911838 0.24143814 -0.72832465
v -8.911838 0.17817932 -0.72832465
v -8.917287 0.24143814 -0.74859726
v -8.917287 0.17817932 -0.74859726
v -8.92625 0.24143814 -0.76751566
v -8.92625 0.17817932 -0.76751566
v -8.93863 0.24143814 -0.78477776
v -8.93863 0.17817932 -0.78477776
v -8.954329 0.24143814 -0.8000816
v -8.93863 0.17817932 -0.78477776
v -8.954329 0.17817932 -0.8000816
v -8.93863 0.24143814 -0.78477776
v -8.97325 0.24143814 -0.813125
v -8.97325 0.17817932 -0.813125
v -8.9952965 0.24143814 -0.8236059
v -8.9952965 0.17817932 -0.8236059
v -9.0203705 0.24143814 -0.83122224
v -9.0203705 0.17817932 -0.83122224
v -9.048375 0.24143814 -0.8356719
v -9.048375 0.17817932 -0.8356719
v -9.079213 0.24143817 -0.8366528
v -9.079213 0.17817932 -0.8366528
v -9.112787 0.24143817 -0.8338629
v -9.112787 0.17817932 -0.8338629
v -9.149 0.24143814 -0.827
v -9.149 0.17817932 -0.827
v -9.149 0.24143814 -1.182
v -9.149 0.17817932 -0.827
v -9.149 0.17817932 -1.182
v -9.149 0.24143814 -0.827
v -8.846 0.24143817 -1.182
v -9.149 0.17817932 -1.182
v -8.846 0.17817932 -1.182
v -9.149 0.24143814 -1.182
v -8.846 0.24143817 -1.0940001
v -8.846 0.17817932 -1.182
v -8.846 0.17817932 -1.0940001
v -8.846 0.24143817 -1.182
v -9.06 0.24143817 -1.0940001
v -8.846 0.17817932 -1.0940001
v -9.06 0.17817932 -1.0940001
v -8.846 0.24143817 -1.0940001
v -9.239 0.17817932 1.231
v -8.852 0.17817932 0.80899996
v -8.894 0.17817932 0.80899996
v -8.952 0.17817932 0.99399996
v -8.952 0.17817932 0.99399996
v -8.95 0.17817932 0.99399996
v -8.852 0.17817932 0.80899996
v -8.95 0.17817932 0.99399996
v -8.852 0.17817932 1.188
v -9.108 0.17817932 1.188
v -8.95 0.17817932 1.188
v -8.779 0.17817932 1.188
v -9.239 0.17817932 1.231
v -8.779 0.17817932 1.276
v -8.779 0.17817932 1.188
v -9.239 0.17817932 1.276
v -8.95 0.17817932 1.276
v -8.779 0.17817932 1.276
v -9.239 0.17817932 1.276
v -8.95 0.17817932 1.5
v -8.852 0.17817932 1.276
v -8.95 0.17817932 1.276
v -8.852 0.17817932 1.276
v -8.852 0.17817932 1.5
v -8.779 0.2414382 1.276
v -8.779 0.17817932 1.188
v -8.779 0.17817932 1.276
v -8.779 0.2414382 1.188
v -8.852 0.24143822 1.276
v -8.779 0.17817932 1.276
v -8.852 0.17817932 1.276
v -8.779 0.2414382 1.276
v -8.852 0.2414382 1.5
v -8.852 0.17817932 1.276
v -8.852 0.17817932 1.5
v -8.852 0.24143822 1.276
v -8.95 0.24143817 1.5
v -8.852 0.17817932 1.5
v -8.95 0.17817932 1.5
v -8.852 0.2414382 1.5
v -8.95 0.2414382 1.276
v -8.95 0.17817932 1.5
v -8.95 0.17817932 1.276
v -8.95 0.24143817 1.5
v -9.239 0.24143817 1.276
v -8.95 0.17817932 1.276
v -9.239 0.17817932 1.276
v -8.95 0.2414382 1.276
v -9.239 0.24143817 1.231
v -9.239 0.17817932 1.276
v -9.239 0.17817932 1.231
v -9.239 0.24143817 1.276
v -8.894 0.24143817 0.80899996
v -8.894 0.17817932 0.80899996
v -8.852 0.24143817 0.80899996
v -8.894 0.17817932 0.80899996
v -8.852 0.17817932 0.80899996
v -8.894 0.24143817 0.80899996
v -8.852 0.24143822 1.188
v -8.852 0.17817932 0.80899996
v -8.852 0.17817932 1.188
v -8.852 0.24143817 1.0011063
v -8.852 0.24143817 0.80899996
v -8.779 0.2414382 1.188
v -8.852 0.17817932 1.188
v -8.779 0.17817932 1.188
v -8.852 0.24143822 1.188
v -8.95 0.24143817 0.99399996
v -8.95 0.17817932 1.188
v -8.95 0.17817932 0.99399996
v -8.95 0.24143814 1.188
v -8.952 0.24143817 0.99399996
v -8.95 0.17817932 0.99399996
v -8.952 0.17817932 0.99399996
v -8.95 0.24143817 0.99399996
v -9.108 0.24143817 1.188
v -8.952 0.17817932 0.99399996
v -9.108 0.17817932 1.188
v -8.952 0.24143817 0.99399996
v -8.95 0.24143814 1.188
v -9.108 0.17817932 1.188
v -8.95 0.17817932 1.188
v -9.108 0.24143817 1.188
v -9.0505085 0.17817932 2.8091886
v -9.008416 0.17817932 2.8104398
v -9.038 0.17817932 2.809
v -9.062565 0.17817932 2.8097591
v -9.074219 0.17817932 2.8107188
v -8.98075 0.17817932 2.814685
v -9.085519 0.17817932 2.812074
v -9.096513 0.17817932 2.813832
v -9.10725 0.17817932 2.816
v -8.955125 0.17817932 2.821625
v -9.117779 0.17817932 2.8185844
v -9.128148 0.17817932 2.8215926
v -9.138406 0.17817932 2.8250313
v -8.931666 0.17817932 2.8311481
v -9.148602 0.17817932 2.8289073
v -9.158784 0.17817932 2.8332279
v -8.9105 0.17817932 2.8431435
v -9.169 0.17817932 2.8379998
v -8.9105 0.17817932 2.8431435
v -9.158784 0.17817932 2.8332279
v -9.169 0.17817932 2.931
v -9.157551 0.17817932 2.926018
v -9.169 0.17817932 2.8379998
v -9.146657 0.17817932 2.9215603
v -9.13625 0.17817932 2.9176095
v -9.126259 0.17817932 2.914148
v -9.116615 0.17817932 2.911159
v -9.116615 0.17817932 2.911159
v -9.10725 0.17817932 2.908625
v -9.10725 0.17817932 2.908625
v -8.89175 0.17817932 2.8575
v -9.098093 0.17817932 2.9065282
v -9.089074 0.17817932 2.904852
v -8.875542 0.17817932 2.8741064
v -9.080125 0.17817932 2.903578
v -9.071176 0.17817932 2.9026897
v -9.062158 0.17817932 2.9021695
v -8.8619995 0.17817932 2.8928518
v -9.062158 0.17817932 2.9021695
v -9.053 0.17817932 2.902
v -8.8619995 0.17817932 2.8928518
v -9.053 0.17817932 2.902
v -9.035553 0.17817932 2.9028037
v -8.85125 0.17817932 2.913625
v -9.019259 0.17817932 2.9051805
v -9.004188 0.17817932 2.9090781
v -8.990407 0.17817932 2.9144444
v -8.843416 0.17817932 2.9363148
v -8.977988 0.17817932 2.9212275
v -8.843416 0.17817932 2.9363148
v -8.990407 0.17817932 2.9144444
v -8.967 0.17817932 2.929375
v -8.977988 0.17817932 2.9212275
v -8.957512 0.17817932 2.9388351
v -8.838625 0.17817932 2.9608102
v -8.949593 0.17817932 2.9495556
v -8.943313 0.17817932 2.9614844
v -8.837 0.17817932 2.987
v -8.938741 0.17817932 2.9745693
v -8.935946 0.17817932 2.9887586
v -8.837528 0.17817932 3.0053265
v -8.935 0.17817932 3.004
v -8.837528 0.17817932 3.0053265
v -8.935946 0.17817932 2.9887586
v -8.935938 0.17817932 3.0189722
v -8.935938 0.17817932 3.0189722
v -8.839139 0.17817932 3.022361
v -8.93875 0.17817932 3.032861
v -8.841875 0.17817932 3.0381875
v -8.943438 0.17817932 3.045625
v -8.8457775 0.17817932 3.0528889
v -8.95 0.17817932 3.0572221
v -8.850889 0.17817932 3.0665486
v -8.958438 0.17817932 3.067611
v -8.85725 0.17817932 3.07925
v -8.96875 0.17817932 3.07675
v -8.980937 0.17817932 3.084597
v -8.85725 0.17817932 3.07925
v -8.96875 0.17817932 3.07675
v -8.980937 0.17817932 3.084597
v -8.8649025 0.17817932 3.0910764
v -8.995 0.17817932 3.0911112
v -8.873889 0.17817932 3.102111
v -9.010938 0.17817932 3.09625
v -8.873889 0.17817932 3.102111
v -8.995 0.17817932 3.0911112
v -9.02875 0.17817932 3.0999722
v -9.010938 0.17817932 3.09625
v -9.048437 0.17817932 3.102236
v -9.02875 0.17817932 3.0999722
v -9.048437 0.17817932 3.102236
v -8.88425 0.17817932 3.1124375
v -9.07 0.17817932 3.103
v -9.07 0.17817932 3.193
v -8.896028 0.17817932 3.122139
v -9.07 0.17817932 3.193
v -8.909264 0.17817932 3.1312985
v -8.896028 0.17817932 3.122139
v -8.924 0.17817932 3.1399999
v -8.909264 0.17817932 3.1312985
v -8.907787 0.17817932 3.1462622
v -8.893129 0.17817932 3.1544306
v -8.88 0.17817932 3.164328
v -8.86837 0.17817932 3.1757777
v -8.858212 0.17817932 3.1886024
v -9.046751 0.17817932 3.1929133
v -8.8495 0.17817932 3.202625
v -9.025505 0.17817932 3.1950555
v -9.006266 0.17817932 3.1992812
v -8.989037 0.17817932 3.2054443
v -8.8495 0.17817932 3.202625
v -9.006266 0.17817932 3.1992812
v -8.989037 0.17817932 3.2054443
v -8.842204 0.17817932 3.2176683
v -8.973823 0.17817932 3.2133994
v -8.960625 0.17817932 3.223
v -8.836296 0.17817932 3.2335556
v -8.949449 0.17817932 3.2341008
v -8.83175 0.17817932 3.2501094
v -8.940296 0.17817932 3.2465556
v -8.933172 0.17817932 3.2602186
v -8.933172 0.17817932 3.2602186
v -8.828537 0.17817932 3.2671528
v -8.83175 0.17817932 3.2501094
v -8.928079 0.17817932 3.2749443
v -8.828537 0.17817932 3.2671528
v -8.82663 0.17817932 3.2845087
v -8.92502 0.17817932 3.2905867
v -8.92502 0.17817932 3.2905867
v -8.826 0.17817932 3.302
v -8.82663 0.17817932 3.2845087
v -8.924 0.17817932 3.307
v -8.924 0.17817932 3.307
v -8.827824 0.17817932 3.3317013
v -8.826 0.17817932 3.302
v -8.924885 0.17817932 3.3230093
v -8.927495 0.17817932 3.3379908
v -8.833176 0.17817932 3.3596945
v -8.931766 0.17817932 3.351875
v -8.93763 0.17817932 3.3645926
v -8.841875 0.17817932 3.3858125
v -9.186 0.17817932 3.47
v -9.17304 0.17817932 3.3723755
v -9.186 0.17817932 3.364
v -8.945022 0.17817932 3.376074
v -9.186 0.17817932 3.47
v -9.160157 0.17817932 3.3800046
v -9.17304 0.17817932 3.3723755
v -8.953875 0.17817932 3.38625
v -8.841875 0.17817932 3.3858125
v -8.945022 0.17817932 3.376074
v -9.147344 0.17817932 3.3868906
v -8.953875 0.17817932 3.38625
v -8.853741 0.17817932 3.4098887
v -8.964125 0.17817932 3.395051
v -9.134593 0.17817932 3.393037
v -9.121897 0.17817932 3.3984473
v -8.975703 0.17817932 3.4024074
v -9.10925 0.17817932 3.403125
v -8.988547 0.17817932 3.40825
v -9.096644 0.17817932 3.4070735
v -9.084074 0.17817932 3.4102962
v -9.002588 0.17817932 3.4125092
v -8.868592 0.17817932 3.431757
v -9.071531 0.17817932 3.412797
v -9.017761 0.17817932 3.4151158
v -9.05901 0.17817932 3.4145787
v -9.046501 0.17817932 3.4156454
v -9.034 0.17817932 3.416
v -9.034 0.17817932 3.416
v -9.046501 0.17817932 3.4156454
v -8.868592 0.17817932 3.431757
v -8.88625 0.17817932 3.45125
v -8.906532 0.17817932 3.4682014
v -8.929259 0.17817932 3.4824443
v -9.173751 0.17817932 3.4760191
v -9.1615095 0.17817932 3.4815695
v -9.1492815 0.17817932 3.4866407
v -8.95425 0.17817932 3.4938126
v -9.137074 0.17817932 3.4912221
v -9.124895 0.17817932 3.4953039
v -8.981324 0.17817932 3.5021389
v -9.11275 0.17817932 3.4988751
v -9.100647 0.17817932 3.5019255
v -9.088593 0.17817932 3.5044446
v -8.981324 0.17817932 3.5021389
v -9.100647 0.17817932 3.5019255
v -9.088593 0.17817932 3.5044446
v -9.010301 0.17817932 3.507257
v -9.076593 0.17817932 3.506422
v -9.064657 0.17817932 3.5078473
v -9.041 0.17817932 3.509
v -9.052791 0.17817932 3.5087101
v -9.148602 0.24143817 2.8289073
v -9.158784 0.17817932 2.8332279
v -9.148602 0.17817932 2.8289073
v -9.158784 0.24143817 2.8332279
v -9.138406 0.24143817 2.8250313
v -9.138406 0.17817932 2.8250313
v -9.128148 0.24143817 2.8215926
v -9.128148 0.17817932 2.8215926
v -9.117779 0.24143817 2.8185844
v -9.117779 0.17817932 2.8185844
v -9.10725 0.24143817 2.816
v -9.10725 0.17817932 2.816
v -9.096513 0.24143817 2.813832
v -9.096513 0.17817932 2.813832
v -9.085519 0.24143817 2.812074
v -9.085519 0.17817932 2.812074
v -9.074219 0.24143817 2.8107188
v -9.074219 0.17817932 2.8107188
v -9.062565 0.24143817 2.8097591
v -9.062565 0.17817932 2.8097591
v -9.0505085 0.24143817 2.8091886
v -9.0505085 0.17817932 2.8091886
v -9.038 0.24143817 2.809
v -9.038 0.17817932 2.809
v -9.008416 0.24143817 2.8104398
v -9.008416 0.17817932 2.8104398
v -8.98075 0.2414382 2.814685
v -8.98075 0.17817932 2.814685
v -8.955125 0.2414382 2.821625
v -8.955125 0.17817932 2.821625
v -8.931666 0.24143817 2.8311481
v -8.931666 0.17817932 2.8311481
v -8.9105 0.2414382 2.8431435
v -8.9105 0.17817932 2.8431435
v -8.89175 0.2414382 2.8575
v -8.89175 0.17817932 2.8575
v -8.875542 0.2414382 2.8741064
v -8.875542 0.17817932 2.8741064
v -8.8619995 0.2414382 2.8928518
v -8.875542 0.17817932 2.8741064
v -8.8619995 0.17817932 2.8928518
v -8.875542 0.2414382 2.8741064
v -8.85125 0.24143817 2.913625
v -8.85125 0.17817932 2.913625
v -8.843416 0.24143817 2.9363148
v -8.843416 0.17817932 2.9363148
v -8.838625 0.24143817 2.9608102
v -8.838625 0.17817932 2.9608102
v -8.837 0.24143817 2.987
v -8.837 0.17817932 2.987
v -8.837528 0.24143817 3.0053265
v -8.837528 0.17817932 3.0053265
v -8.839139 0.24143817 3.022361
v -8.839139 0.17817932 3.022361
v -8.841875 0.24143817 3.0381875
v -8.841875 0.17817932 3.0381875
v -8.8457775 0.24143817 3.0528889
v -8.8457775 0.17817932 3.0528889
v -8.850889 0.24143817 3.0665486
v -8.850889 0.17817932 3.0665486
v -8.85725 0.24143817 3.07925
v -8.85725 0.17817932 3.07925
v -8.8649025 0.24143817 3.0910764
v -8.8649025 0.17817932 3.0910764
v -8.873889 0.2414382 3.102111
v -8.873889 0.17817932 3.102111
v -8.88425 0.2414382 3.1124375
v -8.88425 0.17817932 3.1124375
v -8.896028 0.2414382 3.122139
v -8.88425 0.17817932 3.1124375
v -8.896028 0.17817932 3.122139
v -8.88425 0.2414382 3.1124375
v -8.909264 0.2414382 3.1312985
v -8.909264 0.17817932 3.1312985
v -8.924 0.2414382 3.1399999
v -8.924 0.17817932 3.1399999
v -8.907787 0.2414382 3.1462622
v -8.924 0.17817932 3.1399999
v -8.907787 0.17817932 3.1462622
v -8.924 0.2414382 3.1399999
v -8.893129 0.2414382 3.1544306
v -8.893129 0.17817932 3.1544306
v -8.88 0.2414382 3.164328
v -8.88 0.17817932 3.164328
v -8.86837 0.24143817 3.1757777
v -8.86837 0.17817932 3.1757777
v -8.858212 0.24143817 3.1886024
v -8.86837 0.17817932 3.1757777
v -8.858212 0.17817932 3.1886024
v -8.86837 0.24143817 3.1757777
v -8.8495 0.24143817 3.202625
v -8.8495 0.17817932 3.202625
v -8.842204 0.24143817 3.2176683
v -8.842204 0.17817932 3.2176683
v -8.836296 0.24143817 3.2335556
v -8.836296 0.17817932 3.2335556
v -8.83175 0.24143822 3.2501094
v -8.83175 0.17817932 3.2501094
v -8.828537 0.24143822 3.2671528
v -8.828537 0.17817932 3.2671528
v -8.82663 0.24143822 3.2845087
v -8.82663 0.17817932 3.2845087
v -8.826 0.24143822 3.302
v -8.826 0.17817932 3.302
v -8.827824 0.24143822 3.3317013
v -8.827824 0.17817932 3.3317013
v -8.833176 0.24143822 3.3596945
v -8.833176 0.17817932 3.3596945
v -8.841875 0.24143822 3.3858125
v -8.841875 0.17817932 3.3858125
v -8.853741 0.24143817 3.4098887
v -8.853741 0.17817932 3.4098887
v -8.868592 0.24143817 3.431757
v -8.868592 0.17817932 3.431757
v -8.88625 0.24143817 3.45125
v -8.88625 0.17817932 3.45125
v -8.906532 0.2414382 3.4682014
v -8.88625 0.17817932 3.45125
v -8.906532 0.17817932 3.4682014
v -8.88625 0.24143817 3.45125
v -8.929259 0.2414382 3.4824443
v -8.929259 0.17817932 3.4824443
v -8.95425 0.2414382 3.4938126
v -8.95425 0.17817932 3.4938126
v -8.981324 0.24143817 3.5021389
v -8.981324 0.17817932 3.5021389
v -9.010301 0.2414382 3.507257
v -9.010301 0.17817932 3.507257
v -9.041 0.24143817 3.509
v -9.041 0.17817932 3.509
v -9.052791 0.2414382 3.5087101
v -9.052791 0.17817932 3.5087101
v -9.064657 0.24143817 3.5078473
v -9.064657 0.17817932 3.5078473
v -9.076593 0.24143817 3.506422
v -9.076593 0.17817932 3.506422
v -9.088593 0.2414382 3.5044446
v -9.088593 0.17817932 3.5044446
v -9.100647 0.24143817 3.5019255
v -9.100647 0.17817932 3.5019255
v -9.11275 0.24143817 3.4988751
v -9.11275 0.17817932 3.4988751
v -9.124895 0.24143817 3.4953039
v -9.124895 0.17817932 3.4953039
v -9.137074 0.24143817 3.4912221
v -9.137074 0.17817932 3.4912221
v -9.1492815 0.24143817 3.4866407
v -9.1492815 0.17817932 3.4866407
v -9.1615095 0.24143817 3.4815695
v -9.1615095 0.17817932 3.4815695
v -9.173751 0.24143817 3.4760191
v -9.173751 0.17817932 3.4760191
v -9.186 0.24143817 3.47
v -9.186 0.17817932 3.47
v -9.186 0.24143817 3.364
v -9.186 0.17817932 3.47
v -9.186 0.17817932 3.364
v -9.186 0.24143817 3.47
v -9.17304 0.24143817 3.3723755
v -9.186 0.17817932 3.364
v -9.17304 0.17817932 3.3723755
v -9.186 0.24143817 3.364
v -9.160157 0.24143817 3.3800046
v -9.160157 0.17817932 3.3800046
v -9.147344 0.24143817 3.3868906
v -9.147344 0.17817932 3.3868906
v -9.134593 0.24143817 3.393037
v -9.134593 0.17817932 3.393037
v -9.121897 0.24143817 3.3984473
v -9.121897 0.17817932 3.3984473
v -9.10925 0.24143817 3.403125
v -9.10925 0.17817932 3.403125
v -9.096644 0.24143817 3.4070735
v -9.096644 0.17817932 3.4070735
v -9.084074 0.2414382 3.4102962
v -9.084074 0.17817932 3.4102962
v -9.071531 0.24143817 3.412797
v -9.071531 0.17817932 3.412797
v -9.05901 0.24143814 3.4145787
v -9.05901 0.17817932 3.4145787
v -9.046501 0.2414382 3.4156454
v -9.046501 0.17817932 3.4156454
v -9.034 0.24143817 3.416
v -9.034 0.17817932 3.416
v -9.017761 0.2414382 3.4151158
v -9.017761 0.17817932 3.4151158
v -9.002588 0.2414382 3.4125092
v -9.002588 0.17817932 3.4125092
v -8.988547 0.24143817 3.40825
v -8.988547 0.17817932 3.40825
v -8.975703 0.24143817 3.4024074
v -8.975703 0.17817932 3.4024074
v -8.964125 0.2414382 3.395051
v -8.964125 0.17817932 3.395051
v -8.953875 0.2414382 3.38625
v -8.953875 0.17817932 3.38625
v -8.945022 0.2414382 3.376074
v -8.953875 0.17817932 3.38625
v -8.945022 0.17817932 3.376074
v -8.953875 0.2414382 3.38625
v -8.93763 0.2414382 3.3645926
v -8.93763 0.17817932 3.3645926
v -8.931766 0.2414382 3.351875
v -8.931766 0.17817932 3.351875
v -8.927495 0.2414382 3.3379908
v -8.927495 0.17817932 3.3379908
v -8.924885 0.2414382 3.3230093
v -8.924885 0.17817932 3.3230093
v -8.924 0.2414382 3.307
v -8.924 0.17817932 3.307
v -8.92502 0.2414382 3.2905867
v -8.92502 0.17817932 3.2905867
v -8.928079 0.2414382 3.2749443
v -8.928079 0.17817932 3.2749443
v -8.933172 0.2414382 3.2602186
v -8.933172 0.17817932 3.2602186
v -8.940296 0.2414382 3.2465556
v -8.940296 0.17817932 3.2465556
v -8.949449 0.2414382 3.2341008
v -8.949449 0.17817932 3.2341008
v -8.960625 0.24143817 3.223
v -8.949449 0.17817932 3.2341008
v -8.960625 0.17817932 3.223
v -8.949449 0.2414382 3.2341008
v -8.973823 0.24143817 3.2133994
v -8.973823 0.17817932 3.2133994
v -8.989037 0.2414382 3.2054443
v -8.989037 0.17817932 3.2054443
v -9.006266 0.2414382 3.1992812
v -9.006266 0.17817932 3.1992812
v -9.025505 0.2414382 3.1950555
v -9.025505 0.17817932 3.1950555
v -9.046751 0.24143817 3.1929133
v -9.046751 0.17817932 3.1929133
v -9.07 0.24143817 3.193
v -9.07 0.17817932 3.193
v -9.07 0.24143817 3.103
v -9.07 0.17817932 3.193
v -9.07 0.17817932 3.103
v -9.07 0.24143817 3.193
v -9.048437 0.2414382 3.102236
v -9.07 0.17817932 3.103
v -9.048437 0.17817932 3.102236
v -9.07 0.24143817 3.103
v -9.02875 0.24143817 3.0999722
v -9.02875 0.17817932 3.0999722
v -9.010938 0.24143817 3.09625
v -9.010938 0.17817932 3.09625
v -8.995 0.2414382 3.0911112
v -8.995 0.17817932 3.0911112
v -8.980937 0.24143817 3.084597
v -8.980937 0.17817932 3.084597
v -8.96875 0.2414382 3.07675
v -8.96875 0.17817932 3.07675
v -8.958438 0.24143817 3.067611
v -8.958438 0.17817932 3.067611
v -8.95 0.24143817 3.0572221
v -8.958438 0.17817932 3.067611
v -8.95 0.17817932 3.0572221
v -8.958438 0.24143817 3.067611
v -8.943438 0.2414382 3.045625
v -8.943438 0.17817932 3.045625
v -8.93875 0.2414382 3.032861
v -8.93875 0.17817932 3.032861
v -8.935938 0.2414382 3.0189722
v -8.935938 0.17817932 3.0189722
v -8.935 0.2414382 3.004
v -8.935 0.17817932 3.004
v -8.935946 0.2414382 2.9887586
v -8.935946 0.17817932 2.9887586
v -8.938741 0.24143817 2.9745693
v -8.938741 0.17817932 2.9745693
v -8.943313 0.24143817 2.9614844
v -8.943313 0.17817932 2.9614844
v -8.949593 0.24143817 2.9495556
v -8.949593 0.17817932 2.9495556
v -8.957512 0.24143817 2.9388351
v -8.957512 0.17817932 2.9388351
v -8.967 0.2414382 2.929375
v -8.957512 0.17817932 2.9388351
v -8.967 0.17817932 2.929375
v -8.957512 0.24143817 2.9388351
v -8.977988 0.24143817 2.9212275
v -8.977988 0.17817932 2.9212275
v -8.990407 0.24143817 2.9144444
v -8.990407 0.17817932 2.9144444
v -9.004188 0.2414382 2.9090781
v -9.004188 0.17817932 2.9090781
v -9.019259 0.24143817 2.9051805
v -9.019259 0.17817932 2.9051805
v -9.035553 0.2414382 2.9028037
v -9.035553 0.17817932 2.9028037
v -9.053 0.24143817 2.902
v -9.053 0.17817932 2.902
v -9.062158 0.24143817 2.9021695
v -9.062158 0.17817932 2.9021695
v -9.071176 0.24143817 2.9026897
v -9.071176 0.17817932 2.9026897
v -9.080125 0.24143817 2.903578
v -9.080125 0.17817932 2.903578
v -9.089074 0.24143817 2.904852
v -9.089074 0.17817932 2.904852
v -9.098093 0.24143817 2.9065282
v -9.098093 0.17817932 2.9065282
v -9.10725 0.24143817 2.908625
v -9.10725 0.17817932 2.908625
v -9.116615 0.24143817 2.911159
v -9.116615 0.17817932 2.911159
v -9.126259 0.24143817 2.914148
v -9.126259 0.17817932 2.914148
v -9.13625 0.24143817 2.9176095
v -9.13625 0.17817932 2.9176095
v -9.146657 0.24143817 2.9215603
v -9.146657 0.17817932 2.9215603
v -9.157551 0.24143817 2.926018
v -9.157551 0.17817932 2.926018
v -9.169 0.24143817 2.931
v -9.169 0.17817932 2.931
v -9.169 0.24143817 2.8379998
v -9.169 0.17817932 2.931
v -9.169 0.17817932 2.8379998
v -9.169 0.24143817 2.931
v -9.169 0.17817932 2.8379998
v -9.169 0.24143817 2.8379998
v -9.054671 0.17817932 4.8094387
v -9.011069 0.17817932 4.810785
v -9.041 0.17817932 4.809
v -9.068204 0.17817932 4.810759
v -9.081625 0.17817932 4.8129687
v -9.081625 0.17817932 4.8129687
v -8.982884 0.17817932 4.8160276
v -9.011069 0.17817932 4.810785
v -9.094963 0.17817932 4.816074
v -8.982884 0.17817932 4.8160276
v -9.094963 0.17817932 4.816074
v -8.95661 0.17817932 4.8245625
v -9.108245 0.17817932 4.820082
v -9.1215 0.17817932 4.825
v -8.95661 0.17817932 4.8245625
v -9.108245 0.17817932 4.820082
v -8.932407 0.17817932 4.836222
v -9.134754 0.17817932 4.8308344
v -9.148037 0.17817932 4.8375926
v -8.910441 0.17817932 4.85084
v -9.161375 0.17817932 4.845281
v -9.174796 0.17817932 4.8539076
v -8.890875 0.17817932 4.86825
v -9.188329 0.17817932 4.863478
v -9.202 0.17817932 4.874
v -9.202 0.17817932 4.874
v -8.873871 0.17817932 4.8882847
v -8.890875 0.17817932 4.86825
v -9.202 0.17817932 4.9969997
v -9.188352 0.17817932 4.980485
v -9.188352 0.17817932 4.980485
v -9.174898 0.17817932 4.9658794
v -9.161625 0.17817932 4.9530935
v -9.148519 0.17817932 4.942037
v -9.135565 0.17817932 4.932619
v -9.12275 0.17817932 4.92475
v -9.11006 0.17817932 4.9183393
v -9.097482 0.17817932 4.913296
v -9.085 0.17817932 4.909531
v -9.072602 0.17817932 4.906954
v -9.060273 0.17817932 4.905473
v -8.873871 0.17817932 4.8882847
v -9.048 0.17817932 4.9049997
v -8.859592 0.17817932 4.9107776
v -9.031623 0.17817932 4.906086
v -8.859592 0.17817932 4.9107776
v -9.048 0.17817932 4.9049997
v -9.016069 0.17817932 4.909273
v -9.001453 0.17817932 4.914453
v -9.001453 0.17817932 4.914453
v -8.848203 0.17817932 4.9355626
v -8.987889 0.17817932 4.9215183
v -8.975492 0.17817932 4.9303617
v -8.964375 0.17817932 4.940875
v -8.839866 0.17817932 4.962472
v -8.954655 0.17817932 4.952951
v -8.9464445 0.17817932 4.966481
v -8.8347435 0.17817932 4.99134
v -8.939859 0.17817932 4.9813595
v -8.935014 0.17817932 4.997477
v -8.833 0.17817932 5.022
v -8.932022 0.17817932 5.014726
v -8.931 0.17817932 5.033
v -8.833 0.17817932 5.022
v -8.932022 0.17817932 5.014726
v -8.931 0.17817932 5.033
v -8.834269 0.17817932 5.049436
v -8.931334 0.17817932 5.0467963
v -8.932333 0.17817932 5.059787
v -8.834269 0.17817932 5.049436
v -8.931334 0.17817932 5.0467963
v -8.932333 0.17817932 5.059787
v -8.838148 0.17817932 5.076491
v -8.934 0.17817932 5.072125
v -8.936334 0.17817932 5.083963
v -8.936334 0.17817932 5.083963
v -8.84475 0.17817932 5.1035314
v -8.838148 0.17817932 5.076491
v -8.939333 0.17817932 5.0954537
v -8.84475 0.17817932 5.1035314
v -8.943 0.17817932 5.10675
v -8.854185 0.17817932 5.1309257
v -8.947333 0.17817932 5.118005
v -8.952333 0.17817932 5.12937
v -8.958 0.17817932 5.141
v -8.866565 0.17817932 5.159043
v -8.964334 0.17817932 5.153046
v -8.9713335 0.17817932 5.165662
v -8.882 0.17817932 5.18825
v -8.979 0.17817932 5.179
v -8.994415 0.17817932 5.2042375
v -8.900601 0.17817932 5.2189155
v -9.011486 0.17817932 5.2303147
v -8.922482 0.17817932 5.2514076
v -9.029953 0.17817932 5.2570314
v -8.94775 0.17817932 5.2860937
v -9.049556 0.17817932 5.2841854
v -8.94775 0.17817932 5.2860937
v -9.029953 0.17817932 5.2570314
v -9.070033 0.17817932 5.3115754
v -9.049556 0.17817932 5.2841854
v -9.070033 0.17817932 5.3115754
v -8.976519 0.17817932 5.323343
v -9.091125 0.17817932 5.339
v -8.976519 0.17817932 5.323343
v -9.008898 0.17817932 5.363522
v -9.112571 0.17817932 5.366258
v -9.045 0.17817932 5.407
v -9.134111 0.17817932 5.393148
v -9.155484 0.17817932 5.419469
v -8.784 0.17817932 5.407
v -8.784 0.17817932 5.5
v -9.176431 0.17817932 5.445019
v -9.19669 0.17817932 5.469596
v -9.216 0.17817932 5.493
v -9.216 0.17817932 5.5
v -9.216 0.24143817 5.493
v -9.216 0.17817932 5.5
v -9.216 0.17817932 5.493
v -9.216 0.24143817 5.5
v -9.19669 0.24143817 5.469596
v -9.19669 0.17817932 5.469596
v -9.176431 0.24143817 5.445019
v -9.176431 0.17817932 5.445019
v -9.155484 0.24143817 5.419469
v -9.155484 0.17817932 5.419469
v -9.134111 0.2414382 5.393148
v -9.134111 0.17817932 5.393148
v -9.112571 0.2414382 5.366258
v -9.112571 0.17817932 5.366258
v -9.091125 0.2414382 5.339
v -9.091125 0.17817932 5.339
v -9.070033 0.2414382 5.3115754
v -9.070033 0.17817932 5.3115754
v -9.049556 0.2414382 5.2841854
v -9.049556 0.17817932 5.2841854
v -9.029953 0.2414382 5.2570314
v -9.029953 0.17817932 5.2570314
v -9.011486 0.2414382 5.2303147
v -9.011486 0.17817932 5.2303147
v -8.994415 0.2414382 5.2042375
v -8.994415 0.17817932 5.2042375
v -8.979 0.2414382 5.179
v -8.979 0.17817932 5.179
v -8.9713335 0.2414382 5.165662
v -8.9713335 0.17817932 5.165662
v -8.964334 0.2414382 5.153046
v -8.964334 0.17817932 5.153046
v -8.958 0.2414382 5.141
v -8.958 0.17817932 5.141
v -8.952333 0.2414382 5.12937
v -8.952333 0.17817932 5.12937
v -8.947333 0.2414382 5.118005
v -8.947333 0.17817932 5.118005
v -8.943 0.24143817 5.10675
v -8.943 0.17817932 5.10675
v -8.939333 0.24143817 5.0954537
v -8.939333 0.17817932 5.0954537
v -8.936334 0.24143817 5.083963
v -8.936334 0.17817932 5.083963
v -8.934 0.24143817 5.072125
v -8.934 0.17817932 5.072125
v -8.932333 0.24143817 5.059787
v -8.932333 0.17817932 5.059787
v -8.931334 0.24143817 5.0467963
v -8.931334 0.17817932 5.0467963
v -8.931 0.24143817 5.033
v -8.931 0.17817932 5.033
v -8.932022 0.24143817 5.014726
v -8.932022 0.17817932 5.014726
v -8.935014 0.24143817 4.997477
v -8.935014 0.17817932 4.997477
v -8.939859 0.2414382 4.9813595
v -8.939859 0.17817932 4.9813595
v -8.9464445 0.2414382 4.966481
v -8.9464445 0.17817932 4.966481
v -8.954655 0.2414382 4.952951
v -8.954655 0.17817932 4.952951
v -8.964375 0.2414382 4.940875
v -8.964375 0.17817932 4.940875
v -8.975492 0.2414382 4.9303617
v -8.964375 0.17817932 4.940875
v -8.975492 0.17817932 4.9303617
v -8.964375 0.2414382 4.940875
v -8.987889 0.2414382 4.9215183
v -8.987889 0.17817932 4.9215183
v -9.001453 0.2414382 4.914453
v -9.001453 0.17817932 4.914453
v -9.016069 0.2414382 4.909273
v -9.016069 0.17817932 4.909273
v -9.031623 0.2414382 4.906086
v -9.031623 0.17817932 4.906086
v -9.048 0.2414382 4.9049997
v -9.048 0.17817932 4.9049997
v -9.060273 0.2414382 4.905473
v -9.060273 0.17817932 4.905473
v -9.072602 0.2414382 4.906954
v -9.072602 0.17817932 4.906954
v -9.085 0.2414382 4.909531
v -9.085 0.17817932 4.909531
v -9.097482 0.2414382 4.913296
v -9.097482 0.17817932 4.913296
v -9.11006 0.2414382 4.9183393
v -9.11006 0.17817932 4.9183393
v -9.12275 0.2414382 4.92475
v -9.12275 0.17817932 4.92475
v -9.135565 0.2414382 4.932619
v -9.135565 0.17817932 4.932619
v -9.148519 0.2414382 4.942037
v -9.148519 0.17817932 4.942037
v -9.161625 0.2414382 4.9530935
v -9.161625 0.17817932 4.9530935
v -9.174898 0.24143817 4.9658794
v -9.174898 0.17817932 4.9658794
v -9.188352 0.24143817 4.980485
v -9.174898 0.17817932 4.9658794
v -9.188352 0.17817932 4.980485
v -9.174898 0.24143817 4.9658794
v -9.202 0.24143817 4.9969997
v -9.202 0.17817932 4.9969997
v -9.202 0.24143817 4.874
v -9.202 0.17817932 4.9969997
v -9.202 0.17817932 4.874
v -9.202 0.24143817 4.9969997
v -9.188329 0.24143817 4.863478
v -9.202 0.17817932 4.874
v -9.188329 0.17817932 4.863478
v -9.202 0.24143817 4.874
v -9.174796 0.24143817 4.8539076
v -9.174796 0.17817932 4.8539076
v -9.161375 0.2414382 4.845281
v -9.161375 0.17817932 4.845281
v -9.148037 0.2414382 4.8375926
v -9.148037 0.17817932 4.8375926
v -9.134754 0.2414382 4.8308344
v -9.134754 0.17817932 4.8308344
v -9.1215 0.2414382 4.825
v -9.1215 0.17817932 4.825
v -9.108245 0.2414382 4.820082
v -9.108245 0.17817932 4.820082
v -9.094963 0.2414382 4.816074
v -9.094963 0.17817932 4.816074
v -9.081625 0.2414382 4.8129687
v -9.081625 0.17817932 4.8129687
v -9.068204 0.2414382 4.810759
v -9.068204 0.17817932 4.810759
v -9.054671 0.2414382 4.8094387
v -9.054671 0.17817932 4.8094387
v -9.041 0.2414382 4.809
v -9.041 0.17817932 4.809
v -9.011069 0.2414382 4.810785
v -9.011069 0.17817932 4.810785
v -8.982884 0.2414382 4.8160276
v -8.982884 0.17817932 4.8160276
v -8.95661 0.2414382 4.8245625
v -8.95661 0.17817932 4.8245625
v -8.932407 0.2414382 4.836222
v -8.932407 0.17817932 4.836222
v -8.910441 0.24143817 4.85084
v -8.910441 0.17817932 4.85084
v -8.890875 0.24143817 4.86825
v -8.890875 0.17817932 4.86825
v -8.873871 0.24143817 4.8882847
v -8.890875 0.17817932 4.86825
v -8.873871 0.17817932 4.8882847
v -8.890875 0.24143817 4.86825
v -8.859592 0.24143817 4.9107776
v -8.859592 0.17817932 4.9107776
v -8.848203 0.2414382 4.9355626
v -8.848203 0.17817932 4.9355626
v -8.839866 0.2414382 4.962472
v -8.839866 0.17817932 4.962472
v -8.8347435 0.2414382 4.99134
v -8.8347435 0.17817932 4.99134
v -8.833 0.2414382 5.022
v -8.833 0.17817932 5.022
v -8.834269 0.2414382 5.049436
v -8.834269 0.17817932 5.049436
v -8.838148 0.2414382 5.076491
v -8.838148 0.17817932 5.076491
v -8.84475 0.2414382 5.1035314
v -8.84475 0.17817932 5.1035314
v -8.854185 0.2414382 5.1309257
v -8.854185 0.17817932 5.1309257
v -8.866565 0.24143817 5.159043
v -8.866565 0.17817932 5.159043
v -8.882 0.24143817 5.18825
v -8.882 0.17817932 5.18825
v -8.900601 0.24143817 5.2189155
v -8.900601 0.17817932 5.2189155
v -8.922482 0.24143817 5.2514076
v -8.922482 0.17817932 5.2514076
v -8.94775 0.24143817 5.2860937
v -8.94775 0.17817932 5.2860937
v -8.976519 0.2414382 5.323343
v -8.976519 0.17817932 5.323343
v -9.008898 0.2414382 5.363522
v -9.008898 0.17817932 5.363522
v -9.045 0.2414382 5.407
v -9.045 0.17817932 5.407
v -8.784 0.2414382 5.407
v -9.045 0.17817932 5.407
v -8.784 0.17817932 5.407
v -9.045 0.2414382 5.407
v -8.784 0.2414382 5.5
v -8.784 0.17817932 5.407
v -8.784 0.17817932 5.5
v -8.784 0.2414382 5.407
v -9.216 0.24143817 5.5
v -8.784 0.17817932 5.5
v -9.216 0.17817932 5.5
v -8.784 0.2414382 5.5
v -9.048 0.17817932 7.5
v -8.95 0.17817932 6.818
v -9.048 0.17817932 6.818
v -8.95 0.17817932 7.5
v -9.048 0.2414382 6.818
v -9.048 0.17817932 7.5
v -9.048 0.17817932 6.818
v -9.048 0.2414382 7.5
v -8.95 0.2414382 6.818
v -9.048 0.17817932 6.818
v -8.95 0.17817932 6.818
v -9.048 0.2414382 6.818
v -8.95 0.2414382 7.5
v -8.95 0.17817932 6.818
v -8.95 0.17817932 7.5
v -8.95 0.2414382 6.818
v -9.048 0.2414382 7.5
v -8.95 0.17817932 7.5
v -9.048 0.17817932 7.5
v -8.95 0.2414382 7.5
v 6.7105 0.17817932 9.5
v 6.8085 0.17817932 8.818
v 6.7105 0.17817932 8.818
v 6.7105 0.17817932 9.5
v 6.8085 0.17817932 9.115
v 6.8085 0.17817932 8.818
v 7.1905 0.17817932 9.115
v 7.2885 0.17817932 8.818
v 7.1905 0.17817932 8.818
v 7.1905 0.17817932 9.115
v 7.2885 0.17817932 9.5
v 7.2885 0.17817932 8.818
v 6.8085 0.17817932 9.203
v 6.8085 0.17817932 9.203
v 6.8085 0.17817932 9.115
v 7.1905 0.17817932 9.203
v 6.8085 0.17817932 9.5
v 7.1905 0.17817932 9.5
v 7.2885 0.17817932 9.5
v 7.1905 0.17817932 9.203
v 7.1905 0.24143809 9.203
v 7.1905 0.17817932 9.5
v 7.1905 0.17817932 9.203
v 7.1905 0.24143806 9.5
v 6.8085 0.24143806 9.203
v 7.1905 0.17817932 9.203
v 6.8085 0.17817932 9.203
v 7.1905 0.24143809 9.203
v 6.8085 0.24143806 9.5
v 6.8085 0.17817932 9.203
v 6.8085 0.17817932 9.5
v 6.8085 0.24143806 9.203
v 6.7105 0.24143806 9.5
v 6.8085 0.17817932 9.5
v 6.7105 0.17817932 9.5
v 6.8085 0.24143806 9.5
v 6.7105 0.24143806 8.818
v 6.7105 0.17817932 9.5
v 6.7105 0.17817932 8.818
v 6.7105 0.24143806 9.5
v 6.8085 0.24143809 8.818
v 6.7105 0.17817932 8.818
v 6.8085 0.17817932 8.818
v 6.7105 0.24143806 8.818
v 6.8085 0.24143806 9.115
v 6.8085 0.17817932 8.818
v 6.8085 0.17817932 9.115
v 6.8085 0.24143809 8.818
v 7.1905 0.24143809 9.115
v 6.8085 0.17817932 9.115
v 7.1905 0.17817932 9.115
v 6.8085 0.24143806 9.115
v 7.1905 0.24143809 8.818
v 7.1905 0.17817932 9.115
v 7.1905 0.17817932 8.818
v 7.1905 0.24143809 9.115
v 7.2885 0.24143809 8.818
v 7.1905 0.17817932 8.818
v 7.2885 0.17817932 8.818
v 7.1905 0.24143809 8.818
v 7.2885 0.24143806 9.5
v 7.2885 0.17817932 8.818
v 7.2885 0.17817932 9.5
v 7.2885 0.24143809 8.818
v 7.1905 0.24143806 9.5
v 7.2885 0.17817932 9.5
v 7.1905 0.17817932 9.5
v 7.2885 0.24143806 9.5
v 4.9951043 0.17817932 8.812127
v 5.065543 0.17817932 8.809281
v 5.046 0.17817932 8.809
v 5.0843472 0.17817932 8.810171
v 5.102672 0.17817932 8.811734
v 5.1207776 0.17817932 8.814037
v 4.9466667 0.17817932 8.821264
v 5.1389256 0.17817932 8.817145
v 5.157375 0.17817932 8.821125
v 5.1763873 0.17817932 8.826042
v 4.9010625 0.17817932 8.836047
v 5.1962223 0.17817932 8.831963
v 5.2171407 0.17817932 8.838953
v 4.8586664 0.17817932 8.856112
v 5.239403 0.17817932 8.847078
v 5.263269 0.17817932 8.856405
v 4.8198543 0.17817932 8.881092
v 5.263269 0.17817932 8.856405
v 4.8586664 0.17817932 8.856112
v 4.8198543 0.17817932 8.881092
v 5.289 0.17817932 8.867
v 5.085065 0.17817932 8.9009075
v 5.105625 0.17817932 8.903281
v 5.1261854 0.17817932 8.906592
v 5.1467314 0.17817932 8.910834
v 5.16725 0.17817932 8.916
v 5.187727 0.17817932 8.922082
v 5.208148 0.17817932 8.929074
v 5.2285 0.17817932 8.936969
v 5.2487683 0.17817932 8.945759
v 5.26894 0.17817932 8.955439
v 5.289 0.17817932 8.966
v 4.785 0.17817932 8.9106245
v 5.044 0.17817932 8.899
v 5.0645185 0.17817932 8.899478
v 5.007735 0.17817932 8.901309
v 4.9731297 0.17817932 8.908055
v 4.940469 0.17817932 8.918969
v 4.754479 0.17817932 8.944345
v 4.910037 0.17817932 8.933778
v 4.882119 0.17817932 8.952211
v 4.728667 0.17817932 8.981889
v 4.728667 0.17817932 8.981889
v 4.857 0.17817932 8.974
v 4.882119 0.17817932 8.952211
v 4.8349643 0.17817932 8.998872
v 4.7079372 0.17817932 9.022891
v 4.8349643 0.17817932 8.998872
v 4.7079372 0.17817932 9.022891
v 4.816296 0.17817932 9.026555
v 4.6926665 0.17817932 9.066986
v 4.816296 0.17817932 9.026555
v 4.8012815 0.17817932 9.056781
v 4.7902036 0.17817932 9.089278
v 4.683229 0.17817932 9.113811
v 4.7833486 0.17817932 9.123775
v 4.68 0.17817932 9.163
v 4.68 0.17817932 9.163
v 4.781 0.17817932 9.16
v 4.7833486 0.17817932 9.123775
v 4.7833366 0.17817932 9.197026
v 4.6831512 0.17817932 9.211822
v 4.7833366 0.17817932 9.197026
v 5.074 0.17817932 9.252
v 5.303 0.17817932 9.164
v 5.074 0.17817932 9.164
v 5.205 0.17817932 9.252
v 5.303 0.17817932 9.453
v 4.7901945 0.17817932 9.231963
v 4.692375 0.17817932 9.258074
v 4.801344 0.17817932 9.264594
v 5.205 0.17817932 9.392
v 4.7073283 0.17817932 9.301437
v 4.7073283 0.17817932 9.301437
v 4.8165555 0.17817932 9.2947035
v 4.801344 0.17817932 9.264594
v 4.835601 0.17817932 9.322078
v 4.8165555 0.17817932 9.2947035
v 4.727667 0.17817932 9.341593
v 4.85825 0.17817932 9.3465
v 4.753047 0.17817932 9.37822
v 4.753047 0.17817932 9.37822
v 4.8842745 0.17817932 9.367756
v 4.85825 0.17817932 9.3465
v 4.9134445 0.17817932 9.38563
v 4.8842745 0.17817932 9.367756
v 4.783125 0.17817932 9.411
v 4.9455314 0.17817932 9.399906
v 5.193227 0.17817932 9.395682
v 5.1813984 0.17817932 9.399208
v 5.1695 0.17817932 9.402547
v 4.9803057 0.17817932 9.41037
v 5.1575184 0.17817932 9.405666
v 5.1454396 0.17817932 9.408537
v 5.13325 0.17817932 9.411125
v 5.303 0.17817932 9.453
v 5.1454396 0.17817932 9.408537
v 5.017538 0.17817932 9.416807
v 4.8175573 0.17817932 9.439613
v 5.1209354 0.17817932 9.413401
v 5.1084814 0.17817932 9.415334
v 5.1209354 0.17817932 9.413401
v 5.095875 0.17817932 9.41689
v 5.057 0.17817932 9.419
v 5.0831017 0.17817932 9.418041
v 5.070148 0.17817932 9.418756
v 4.8175573 0.17817932 9.439613
v 5.057 0.17817932 9.419
v 4.856 0.17817932 9.46374
v 5.2805824 0.17817932 9.462504
v 5.258741 0.17817932 9.471037
v 4.8981094 0.17817932 9.483063
v 4.8981094 0.17817932 9.483063
v 5.237344 0.17817932 9.478625
v 5.258741 0.17817932 9.471037
v 5.2162595 0.17817932 9.485296
v 4.9435415 0.17817932 9.497259
v 5.2162595 0.17817932 9.485296
v 5.1953554 0.17817932 9.491078
v 5.1745 0.17817932 9.496
v 5.1535616 0.17817932 9.500088
v 4.991953 0.17817932 9.506012
v 5.132407 0.17817932 9.50337
v 5.110906 0.17817932 9.505875
v 5.088926 0.17817932 9.507629
v 5.043 0.17817932 9.509
v 5.0663347 0.17817932 9.508662
v 5.258741 0.24143809 9.471037
v 5.2805824 0.17817932 9.462504
v 5.258741 0.17817932 9.471037
v 5.2805824 0.24143809 9.462504
v 5.237344 0.24143809 9.478625
v 5.237344 0.17817932 9.478625
v 5.2162595 0.24143809 9.485296
v 5.2162595 0.17817932 9.485296
v 5.1953554 0.24143809 9.491078
v 5.1953554 0.17817932 9.491078
v 5.1745 0.24143809 9.496
v 5.1745 0.17817932 9.496
v 5.1535616 0.24143809 9.500088
v 5.1535616 0.17817932 9.500088
v 5.132407 0.24143809 9.50337
v 5.132407 0.17817932 9.50337
v 5.110906 0.24143809 9.505875
v 5.110906 0.17817932 9.505875
v 5.088926 0.24143809 9.507629
v 5.088926 0.17817932 9.507629
v 5.0663347 0.24143809 9.508662
v 5.0663347 0.17817932 9.508662
v 5.043 0.24143809 9.509
v 5.043 0.17817932 9.509
v 4.991953 0.24143809 9.506012
v 4.991953 0.17817932 9.506012
v 4.9435415 0.24143809 9.497259
v 4.9435415 0.17817932 9.497259
v 4.8981094 0.24143809 9.483063
v 4.8981094 0.17817932 9.483063
v 4.856 0.24143809 9.46374
v 4.856 0.17817932 9.46374
v 4.8175573 0.24143809 9.439613
v 4.8175573 0.17817932 9.439613
v 4.783125 0.24143809 9.411
v 4.783125 0.17817932 9.411
v 4.753047 0.24143809 9.37822
v 4.783125 0.17817932 9.411
v 4.753047 0.17817932 9.37822
v 4.783125 0.24143809 9.411
v 4.727667 0.24143809 9.341593
v 4.727667 0.17817932 9.341593
v 4.7073283 0.24143809 9.301437
v 4.7073283 0.17817932 9.301437
v 4.692375 0.24143809 9.258074
v 4.692375 0.17817932 9.258074
v 4.6831512 0.24143809 9.211822
v 4.6831512 0.17817932 9.211822
v 4.68 0.24143809 9.163
v 4.68 0.17817932 9.163
v 4.683229 0.24143809 9.113811
v 4.683229 0.17817932 9.113811
v 4.6926665 0.24143809 9.066986
v 4.6926665 0.17817932 9.066986
v 4.7079372 0.24143809 9.022891
v 4.7079372 0.17817932 9.022891
v 4.728667 0.24143809 8.981889
v 4.728667 0.17817932 8.981889
v 4.754479 0.24143809 8.944345
v 4.754479 0.17817932 8.944345
v 4.785 0.24143809 8.9106245
v 4.785 0.17817932 8.9106245
v 4.8198543 0.24143809 8.881092
v 4.785 0.17817932 8.9106245
v 4.8198543 0.17817932 8.881092
v 4.785 0.24143809 8.9106245
v 4.8586664 0.24143809 8.856112
v 4.8586664 0.17817932 8.856112
v 4.9010625 0.24143809 8.836047
v 4.9010625 0.17817932 8.836047
v 4.9466667 0.24143809 8.821264
v 4.9466667 0.17817932 8.821264
v 4.9951043 0.24143809 8.812127
v 4.9951043 0.17817932 8.812127
v 5.046 0.24143809 8.809
v 5.046 0.17817932 8.809
v 5.065543 0.24143809 8.809281
v 5.065543 0.17817932 8.809281
v 5.0843472 0.24143809 8.810171
v 5.0843472 0.17817932 8.810171
v 5.102672 0.24143809 8.811734
v 5.102672 0.17817932 8.811734
v 5.1207776 0.24143809 8.814037
v 5.1207776 0.17817932 8.814037
v 5.1389256 0.24143809 8.817145
v 5.1389256 0.17817932 8.817145
v 5.157375 0.24143809 8.821125
v 5.157375 0.17817932 8.821125
v 5.1763873 0.24143809 8.826042
v 5.1763873 0.17817932 8.826042
v 5.1962223 0.24143809 8.831963
v 5.1962223 0.17817932 8.831963
v 5.2171407 0.24143809 8.838953
v 5.2171407 0.17817932 8.838953
v 5.239403 0.24143809 8.847078
v 5.239403 0.17817932 8.847078
v 5.263269 0.24143809 8.856405
v 5.263269 0.17817932 8.856405
v 5.289 0.24143809 8.867
v 5.289 0.17817932 8.867
v 5.289 0.24143809 8.966
v 5.289 0.17817932 8.867
v 5.289 0.17817932 8.966
v 5.289 0.24143809 8.867
v 5.26894 0.24143809 8.955439
v 5.289 0.17817932 8.966
v 5.26894 0.17817932 8.955439
v 5.289 0.24143809 8.966
v 5.2487683 0.24143809 8.945759
v 5.2487683 0.17817932 8.945759
v 5.2285 0.24143809 8.936969
v 5.2285 0.17817932 8.936969
v 5.208148 0.24143809 8.929074
v 5.208148 0.17817932 8.929074
v 5.187727 0.24143809 8.922082
v 5.187727 0.17817932 8.922082
v 5.16725 0.24143809 8.916
v 5.16725 0.17817932 8.916
v 5.1467314 0.24143809 8.910834
v 5.1467314 0.17817932 8.910834
v 5.1261854 0.24143809 8.906592
v 5.1261854 0.17817932 8.906592
v 5.105625 0.24143809 8.903281
v 5.105625 0.17817932 8.903281
v 5.085065 0.24143809 8.9009075
v 5.085065 0.17817932 8.9009075
v 5.0645185 0.24143809 8.899478
v 5.0645185 0.17817932 8.899478
v 5.044 0.24143809 8.899
v 5.044 0.17817932 8.899
v 5.007735 0.24143809 8.901309
v 5.007735 0.17817932 8.901309
v 4.9731297 0.24143809 8.908055
v 4.9731297 0.17817932 8.908055
v 4.940469 0.24143809 8.918969
v 4.940469 0.17817932 8.918969
v 4.910037 0.24143809 8.933778
v 4.910037 0.17817932 8.933778
v 4.882119 0.24143809 8.952211
v 4.882119 0.17817932 8.952211
v 4.857 0.24143809 8.974
v 4.857 0.17817932 8.974
v 4.8349643 0.24143809 8.998872
v 4.857 0.17817932 8.974
v 4.8349643 0.17817932 8.998872
v 4.857 0.24143809 8.974
v 4.816296 0.24143809 9.026555
v 4.816296 0.17817932 9.026555
v 4.8012815 0.24143809 9.056781
v 4.8012815 0.17817932 9.056781
v 4.7902036 0.24143809 9.089278
v 4.7902036 0.17817932 9.089278
v 4.7833486 0.24143809 9.123775
v 4.7833486 0.17817932 9.123775
v 4.781 0.24143809 9.16
v 4.781 0.17817932 9.16
v 4.7833366 0.24143809 9.197026
v 4.7833366 0.17817932 9.197026
v 4.7901945 0.24143809 9.231963
v 4.7901945 0.17817932 9.231963
v 4.801344 0.24143809 9.264594
v 4.801344 0.17817932 9.264594
v 4.8165555 0.24143809 9.2947035
v 4.8165555 0.17817932 9.2947035
v 4.835601 0.24143809 9.322078
v 4.835601 0.17817932 9.322078
v 4.85825 0.24143809 9.3465
v 4.85825 0.17817932 9.3465
v 4.8842745 0.24143809 9.367756
v 4.85825 0.17817932 9.3465
v 4.8842745 0.17817932 9.367756
v 4.85825 0.24143809 9.3465
v 4.9134445 0.24143809 9.38563
v 4.9134445 0.17817932 9.38563
v 4.9455314 0.24143809 9.399906
v 4.9455314 0.17817932 9.399906
v 4.9803057 0.24143809 9.41037
v 4.9803057 0.17817932 9.41037
v 5.017538 0.24143809 9.416807
v 5.017538 0.17817932 9.416807
v 5.057 0.24143809 9.419
v 5.057 0.17817932 9.419
v 5.070148 0.24143809 9.418756
v 5.070148 0.17817932 9.418756
v 5.0831017 0.24143809 9.418041
v 5.0831017 0.17817932 9.418041
v 5.095875 0.24143809 9.41689
v 5.095875 0.17817932 9.41689
v 5.1084814 0.24143809 9.415334
v 5.1084814 0.17817932 9.415334
v 5.1209354 0.24143809 9.413401
v 5.1209354 0.17817932 9.413401
v 5.13325 0.24143809 9.411125
v 5.13325 0.17817932 9.411125
v 5.1454396 0.24143809 9.408537
v 5.1454396 0.17817932 9.408537
v 5.1575184 0.24143809 9.405666
v 5.1575184 0.17817932 9.405666
v 5.1695 0.24143809 9.402547
v 5.1695 0.17817932 9.402547
v 5.1813984 0.24143809 9.399208
v 5.1813984 0.17817932 9.399208
v 5.193227 0.24143809 9.395682
v 5.193227 0.17817932 9.395682
v 5.205 0.24143809 9.392
v 5.205 0.17817932 9.392
v 5.205 0.24143809 9.252
v 5.205 0.17817932 9.392
v 5.205 0.17817932 9.252
v 5.205 0.24143809 9.392
v 5.074 0.24143809 9.252
v 5.205 0.17817932 9.252
v 5.074 0.17817932 9.252
v 5.205 0.24143809 9.252
v 5.074 0.24143809 9.164
v 5.074 0.17817932 9.252
v 5.074 0.17817932 9.164
v 5.074 0.24143809 9.252
v 5.303 0.24143809 9.164
v 5.074 0.17817932 9.164
v 5.303 0.17817932 9.164
v 5.074 0.24143809 9.164
v 5.303 0.24143809 9.453
v 5.303 0.17817932 9.164
v 5.303 0.17817932 9.453
v 5.303 0.24143809 9.164
v 5.303 0.17817932 9.453
v 5.303 0.24143809 9.453
v 2.8415 0.17817932 9.5
v 2.9395 0.17817932 8.906
v 2.8415 0.17817932 8.818
v 3.2055001 0.17817932 8.818
v 2.9395 0.17817932 8.906
v 3.2055001 0.17817932 8.906
v 3.2055001 0.17817932 8.818
v 2.9395 0.17817932 9.095
v 2.9395 0.17817932 9.183
v 3.2055001 0.17817932 9.095
v 3.2055001 0.17817932 9.183
v 2.9395 0.17817932 9.5
v 2.9395 0.24143806 9.095
v 2.9395 0.17817932 8.906
v 2.9395 0.17817932 9.095
v 2.9395 0.2414383 8.906
v 3.2055001 0.241438 9.095
v 2.9395 0.17817932 9.095
v 3.2055001 0.17817932 9.095
v 2.9395 0.24143806 9.095
v 3.2055001 0.24143806 9.183
v 3.2055001 0.17817932 9.095
v 3.2055001 0.17817932 9.183
v 3.2055001 0.241438 9.095
v 3.2055006 0.24143812 9.114293
v 2.9395 0.24143806 9.183
v 3.2055001 0.17817932 9.183
v 2.9395 0.17817932 9.183
v 3.2055001 0.24143806 9.183
v 2.9395 0.24143806 9.5
v 2.9395 0.17817932 9.183
v 2.9395 0.17817932 9.5
v 2.9395 0.24143806 9.183
v 2.8415 0.24143806 9.5
v 2.9395 0.17817932 9.5
v 2.8415 0.17817932 9.5
v 2.9395 0.24143806 9.5
v 2.8415 0.24143842 8.818
v 2.8415 0.17817932 9.5
v 2.8415 0.17817932 8.818
v 2.8414998 0.24143812 9.117612
v 2.8415 0.24143806 9.5
v 3.2055001 0.24143833 8.818
v 2.8415 0.17817932 8.818
v 3.2055001 0.17817932 8.818
v 2.8415 0.24143842 8.818
v 3.2055001 0.24143822 8.906
v 3.2055001 0.17817932 8.818
v 3.2055001 0.17817932 8.906
v 3.2055001 0.24143833 8.818
v 2.9395 0.2414383 8.906
v 3.2055001 0.17817932 8.906
v 2.9395 0.17817932 8.906
v 3.2055001 0.24143822 8.906
v 0.825 0.17817932 9.5
v 0.923 0.17817932 8.906
v 0.825 0.17817932 8.818
v 1.212 0.17817932 8.818
v 1.212 0.17817932 8.906
v 0.825 0.17817932 9.5
v 0.923 0.17817932 9.1119995
v 0.923 0.17817932 8.906
v 0.923 0.17817932 9.2
v 0.923 0.17817932 9.1119995
v 1.202 0.17817932 9.1119995
v 1.202 0.17817932 9.2
v 0.923 0.17817932 9.412
v 1.221 0.17817932 9.412
v 0.923 0.17817932 9.412
v 1.221 0.17817932 9.5
v 1.221 0.17817932 9.412
v 0.923 0.24143754 9.1119995
v 0.923 0.17817932 8.906
v 0.923 0.17817932 9.1119995
v 0.923 0.2414383 8.906
v 1.202 0.24143718 9.1119995
v 0.923 0.17817932 9.1119995
v 1.202 0.17817932 9.1119995
v 0.923 0.24143754 9.1119995
v 1.202 0.24143814 9.2
v 1.202 0.17817932 9.1119995
v 1.202 0.17817932 9.2
v 1.202 0.24143718 9.1119995
v 0.923 0.24143809 9.2
v 1.202 0.17817932 9.2
v 0.923 0.17817932 9.2
v 1.202 0.24143814 9.2
v 0.923 0.24143809 9.412
v 0.923 0.17817932 9.2
v 0.923 0.17817932 9.412
v 0.923 0.24143809 9.2
v 1.221 0.24143809 9.412
v 0.923 0.17817932 9.412
v 1.221 0.17817932 9.412
v 0.923 0.24143809 9.412
v 1.221 0.24143809 9.5
v 1.221 0.17817932 9.412
v 1.221 0.17817932 9.5
v 1.221 0.24143809 9.412
v 0.825 0.24143809 9.5
v 1.221 0.17817932 9.5
v 0.825 0.17817932 9.5
v 1.221 0.24143809 9.5
v 0.825 0.24143817 8.818
v 0.825 0.17817932 9.5
v 0.825 0.17817932 8.818
v 0.825 0.24143809 9.5
v 0.82499975 0.24143818 8.818931
v 1.212 0.24143803 8.818
v 0.825 0.17817932 8.818
v 1.212 0.17817932 8.818
v 0.825 0.24143817 8.818
v 0.83523256 0.24143818 8.818
v 1.212 0.24143872 8.906
v 1.212 0.17817932 8.818
v 1.212 0.17817932 8.906
v 1.212 0.24143803 8.818
v 0.923 0.2414383 8.906
v 1.212 0.17817932 8.906
v 0.923 0.17817932 8.906
v 1.212 0.24143872 8.906
v -1.299 0.17817932 9.5
v -1.201 0.17817932 8.906
v -1.299 0.17817932 8.818
v -1.034 0.17817932 8.818
v -0.97392005 0.17817932 8.821635
v -1.201 0.17817932 8.906
v -0.91961104 0.17817932 8.832079
v -0.97392005 0.17817932 8.821635
v -0.8709687 0.17817932 8.84864
v -0.91961104 0.17817932 8.832079
v -0.82788885 0.17817932 8.870629
v -0.79026735 0.17817932 8.897355
v -1.05 0.17817932 8.906
v -1.0044068 0.17817932 8.908361
v -0.75799996 0.17817932 8.928125
v -1.201 0.17817932 9.412
v -0.963088 0.17817932 8.915227
v -0.75799996 0.17817932 8.928125
v -1.0044068 0.17817932 8.908361
v -0.9259844 0.17817932 8.926266
v -0.963088 0.17817932 8.915227
v -0.893037 0.17817932 8.941148
v -0.9259844 0.17817932 8.926266
v -0.893037 0.17817932 8.941148
v -0.7309826 0.17817932 8.96225
v -0.8641869 0.17817932 8.959544
v -0.83937496 0.17817932 8.981125
v -0.7091111 0.17817932 8.999037
v -0.8185422 0.17817932 9.00556
v -0.69228125 0.17817932 9.037797
v -0.80162954 0.17817932 9.032518
v -0.78857803 0.17817932 9.061672
v -0.68038887 0.17817932 9.077838
v -0.77932864 0.17817932 9.0926895
v -0.67332983 0.17817932 9.118469
v -0.7738223 0.17817932 9.125242
v -0.671 0.17817932 9.159
v -0.77199996 0.17817932 9.159
v -0.77313197 0.17817932 9.181623
v -0.67382586 0.17817932 9.202472
v -0.7768055 0.17817932 9.206907
v -0.7768055 0.17817932 9.206907
v -0.6821898 0.17817932 9.245023
v -0.67382586 0.17817932 9.202472
v -0.7834375 0.17817932 9.233969
v -0.79344445 0.17817932 9.261926
v -0.6821898 0.17817932 9.245023
v -0.7834375 0.17817932 9.233969
v -0.6959219 0.17817932 9.286109
v -0.80724305 0.17817932 9.289897
v -0.71485186 0.17817932 9.325185
v -0.82525 0.17817932 9.317
v -0.71485186 0.17817932 9.325185
v -0.80724305 0.17817932 9.289897
v -0.8478819 0.17817932 9.342353
v -0.82525 0.17817932 9.317
v -0.7388096 0.17817932 9.361706
v -0.8755556 0.17817932 9.365074
v -0.7388096 0.17817932 9.361706
v -0.8478819 0.17817932 9.342353
v -0.8755556 0.17817932 9.365074
v -0.76762503 0.17817932 9.395125
v -0.9086875 0.17817932 9.384281
v -0.9476944 0.17817932 9.399093
v -0.9476944 0.17817932 9.399093
v -0.8011279 0.17817932 9.424899
v -0.76762503 0.17817932 9.395125
v -0.99299306 0.17817932 9.408627
v -0.8011279 0.17817932 9.424899
v -1.0450001 0.17817932 9.412
v -0.99299306 0.17817932 9.408627
v -1.299 0.17817932 9.5
v -1.201 0.17817932 9.412
v -1.0450001 0.17817932 9.412
v -0.83914816 0.17817932 9.450481
v -0.8815156 0.17817932 9.471328
v -0.83914816 0.17817932 9.450481
v -0.9280602 0.17817932 9.486894
v -0.8815156 0.17817932 9.471328
v -0.9786117 0.17817932 9.496633
v -1.033 0.17817932 9.5
v -0.9786117 0.17817932 9.496633
v -0.97392005 0.2414382 8.821635
v -1.034 0.17817932 8.818
v -0.97392005 0.17817932 8.821635
v -1.034 0.2414382 8.818
v -0.91961104 0.2414382 8.832079
v -0.91961104 0.17817932 8.832079
v -0.8709687 0.2414382 8.84864
v -0.8709687 0.17817932 8.84864
v -0.82788885 0.2414382 8.870629
v -0.82788885 0.17817932 8.870629
v -0.79026735 0.2414382 8.897355
v -0.79026735 0.17817932 8.897355
v -0.75799996 0.2414382 8.928125
v -0.75799996 0.17817932 8.928125
v -0.7309826 0.24143822 8.96225
v -0.75799996 0.17817932 8.928125
v -0.7309826 0.17817932 8.96225
v -0.73235667 0.24143818 8.960513
v -0.75799996 0.2414382 8.928125
v -0.7091111 0.24143822 8.999037
v -0.7091111 0.17817932 8.999037
v -0.69228125 0.2414382 9.037797
v -0.69228125 0.17817932 9.037797
v -0.68038887 0.2414382 9.077838
v -0.68038887 0.17817932 9.077838
v -0.67332983 0.2414382 9.118469
v -0.67332983 0.17817932 9.118469
v -0.671 0.24143781 9.159
v -0.671 0.17817932 9.159
v -0.67382586 0.24143781 9.202472
v -0.67382586 0.17817932 9.202472
v -0.6821898 0.24143814 9.245023
v -0.6821898 0.17817932 9.245023
v -0.6959219 0.24143814 9.286109
v -0.6959219 0.17817932 9.286109
v -0.71485186 0.24143814 9.325185
v -0.71485186 0.17817932 9.325185
v -0.7388096 0.24143814 9.361706
v -0.7388096 0.17817932 9.361706
v -0.76762503 0.24143814 9.395125
v -0.76762503 0.17817932 9.395125
v -0.8011279 0.24143814 9.424899
v -0.76762503 0.17817932 9.395125
v -0.8011279 0.17817932 9.424899
v -0.76762503 0.24143814 9.395125
v -0.83914816 0.24143814 9.450481
v -0.83914816 0.17817932 9.450481
v -0.8815156 0.24143814 9.471328
v -0.8815156 0.17817932 9.471328
v -0.9280602 0.24143814 9.486894
v -0.9280602 0.17817932 9.486894
v -0.9786117 0.24143814 9.496633
v -0.9786117 0.17817932 9.496633
v -1.033 0.24143814 9.5
v -1.033 0.17817932 9.5
v -1.299 0.24143814 9.5
v -1.299 0.17817932 9.5
v -1.299 0.2414382 8.818
v -1.299 0.17817932 9.5
v -1.299 0.17817932 8.818
v -1.299 0.24143814 9.5
v -1.2989997 0.24143818 9.012028
v -1.299 0.17817932 8.818
v -1.299 0.2414382 8.818
v -0.99299306 0.24143814 9.408627
v -1.0450001 0.17817932 9.412
v -0.99299306 0.17817932 9.408627
v -1.0450001 0.24143814 9.412
v -0.9476944 0.24143814 9.399093
v -0.9476944 0.17817932 9.399093
v -0.9086875 0.24143814 9.384281
v -0.9086875 0.17817932 9.384281
v -0.8755556 0.24143814 9.365074
v -0.8755556 0.17817932 9.365074
v -0.8478819 0.24143814 9.342353
v -0.8478819 0.17817932 9.342353
v -0.82525 0.24143814 9.317
v -0.8478819 0.17817932 9.342353
v -0.82525 0.17817932 9.317
v -0.8478819 0.24143814 9.342353
v -0.80724305 0.24143814 9.289897
v -0.80724305 0.17817932 9.289897
v -0.79344445 0.24143814 9.261926
v -0.79344445 0.17817932 9.261926
v -0.7834375 0.24143814 9.233969
v -0.7834375 0.17817932 9.233969
v -0.7768055 0.24143781 9.206907
v -0.7768055 0.17817932 9.206907
v -0.77313197 0.24143781 9.181623
v -0.77313197 0.17817932 9.181623
v -0.77199996 0.24143781 9.159
v -0.77199996 0.17817932 9.159
v -0.7738223 0.2414382 9.125242
v -0.7738223 0.17817932 9.125242
v -0.77932864 0.2414382 9.0926895
v -0.77932864 0.17817932 9.0926895
v -0.78857803 0.2414382 9.061672
v -0.78857803 0.17817932 9.061672
v -0.80162954 0.2414382 9.032518
v -0.80162954 0.17817932 9.032518
v -0.8185422 0.24143822 9.00556
v -0.8185422 0.17817932 9.00556
v -0.83937496 0.24143822 8.981125
v -0.83937496 0.17817932 8.981125
v -0.8641869 0.2414382 8.959544
v -0.83937496 0.17817932 8.981125
v -0.8641869 0.17817932 8.959544
v -0.85070205 0.24143818 8.9712715
v -0.83937496 0.24143822 8.981125
v -0.893037 0.2414382 8.941148
v -0.893037 0.17817932 8.941148
v -0.9259844 0.2414382 8.926266
v -0.9259844 0.17817932 8.926266
v -0.963088 0.2414382 8.915227
v -0.963088 0.17817932 8.915227
v -1.0044068 0.2414382 8.908361
v -1.0044068 0.17817932 8.908361
v -1.05 0.2414382 8.906
v -1.05 0.17817932 8.906
v -1.201 0.2414382 8.906
v -1.201 0.17817932 8.906
v -1.201 0.24143814 9.412
v -1.201 0.17817932 8.906
v -1.201 0.17817932 9.412
v -1.2009999 0.24143818 9.0031185
v -1.201 0.2414382 8.906
v -1.201 0.17817932 9.412
v -1.201 0.24143814 9.412
v -2.9849439 0.17817932 8.812111
v -2.9144669 0.17817932 8.809357
v -2.932 0.17817932 8.809
v -2.9849439 0.17817932 8.812111
v -2.8968194 0.17817932 8.81044
v -2.9144669 0.17817932 8.809357
v -2.8789845 0.17817932 8.812265
v -2.8968194 0.17817932 8.81044
v -3.0350509 0.17817932 8.821222
v -2.8789845 0.17817932 8.812265
v -2.860889 0.17817932 8.814852
v -2.8424602 0.17817932 8.818215
v -2.823625 0.17817932 8.822375
v -3.0819843 0.17817932 8.8359995
v -2.8043108 0.17817932 8.827347
v -2.7844443 0.17817932 8.833148
v -2.7639532 0.17817932 8.839797
v -3.1254075 0.17817932 8.856112
v -2.7639532 0.17817932 8.839797
v -3.0819843 0.17817932 8.8359995
v -3.1254075 0.17817932 8.856112
v -2.742764 0.17817932 8.84731
v -2.7208037 0.17817932 8.855705
v -2.698 0.17817932 8.865
v -3.1649833 0.17817932 8.881222
v -2.8939953 0.17817932 8.900856
v -2.8747656 0.17817932 8.903203
v -2.8556297 0.17817932 8.906519
v -2.8365214 0.17817932 8.91082
v -2.8365214 0.17817932 8.91082
v -2.817375 0.17817932 8.916125
v -2.698 0.17817932 8.865
v -2.817375 0.17817932 8.916125
v -2.7981243 0.17817932 8.922451
v -2.7787037 0.17817932 8.929814
v -2.7590468 0.17817932 8.938234
v -2.739088 0.17817932 8.947727
v -2.718761 0.17817932 8.958309
v -2.698 0.17817932 8.97
v -3.200375 0.17817932 8.911
v -2.933 0.17817932 8.899
v -2.913385 0.17817932 8.899461
v -2.9711227 0.17817932 8.901271
v -3.0073147 0.17817932 8.907917
v -3.0413125 0.17817932 8.918688
v -3.231246 0.17817932 8.945111
v -3.072852 0.17817932 8.933333
v -3.1016688 0.17817932 8.951604
v -3.2572594 0.17817932 8.983222
v -3.1275 0.17817932 8.97325
v -3.150081 0.17817932 8.998021
v -3.278078 0.17817932 9.025
v -3.278078 0.17817932 9.025
v -3.1691482 0.17817932 9.025666
v -3.150081 0.17817932 8.998021
v -3.2933657 0.17817932 9.070111
v -3.1691482 0.17817932 9.025666
v -3.1844375 0.17817932 9.055938
v -3.1956851 0.17817932 9.088583
v -3.3027854 0.17817932 9.118222
v -3.2026274 0.17817932 9.123354
v -3.306 0.17817932 9.169
v -3.2026274 0.17817932 9.123354
v -3.3027854 0.17817932 9.118222
v -3.205 0.17817932 9.16
v -3.306 0.17817932 9.169
v -3.2027013 0.17817932 9.197237
v -3.205 0.17817932 9.16
v -3.3036482 0.17817932 9.2057295
v -3.1959445 0.17817932 9.23231
v -3.2965186 0.17817932 9.243838
v -3.1849375 0.17817932 9.265016
v -3.2845 0.17817932 9.282454
v -3.169889 0.17817932 9.295148
v -3.2674813 0.17817932 9.3207035
v -3.151007 0.17817932 9.322503
v -3.2453518 0.17817932 9.357718
v -3.1285 0.17817932 9.346875
v -2.7103877 0.17817932 9.354018
v -2.691 0.17817932 9.449
v -2.691 0.17817932 9.342
v -3.1025765 0.17817932 9.368059
v -2.7300184 0.17817932 9.365065
v -3.218 0.17817932 9.392625
v -2.7498436 0.17817932 9.375125
v -2.691 0.17817932 9.449
v -2.7300184 0.17817932 9.365065
v -3.0734444 0.17817932 9.385852
v -2.7698147 0.17817932 9.384185
v -2.7498436 0.17817932 9.375125
v -2.7898831 0.17817932 9.392231
v -2.7698147 0.17817932 9.384185
v -3.0413125 0.17817932 9.400047
v -2.81 0.17817932 9.39925
v -2.7898831 0.17817932 9.392231
v -3.1853147 0.17817932 9.424553
v -2.8301167 0.17817932 9.405227
v -3.006389 0.17817932 9.4104395
v -2.8501852 0.17817932 9.410148
v -2.8701563 0.17817932 9.414
v -2.9688818 0.17817932 9.416826
v -2.8899815 0.17817932 9.416768
v -2.9096122 0.17817932 9.41844
v -2.8899815 0.17817932 9.416768
v -2.929 0.17817932 9.419
v -2.9096122 0.17817932 9.41844
v -3.147185 0.17817932 9.45263
v -2.7078912 0.17817932 9.457533
v -3.1035 0.17817932 9.475985
v -2.7251296 0.17817932 9.465597
v -2.7428124 0.17817932 9.473141
v -2.761037 0.17817932 9.480111
v -3.0541482 0.17817932 9.493746
v -2.7799006 0.17817932 9.486457
v -2.7995 0.17817932 9.492125
v -2.819933 0.17817932 9.497065
v -2.9990184 0.17817932 9.505041
v -2.8412962 0.17817932 9.501223
v -2.8636875 0.17817932 9.504547
v -2.8872037 0.17817932 9.506986
v -2.938 0.17817932 9.509
v -2.938 0.17817932 9.509
v -2.911942 0.17817932 9.508488
v -2.8872037 0.17817932 9.506986
v -2.739088 0.2414382 8.947727
v -2.718761 0.17817932 8.958309
v -2.739088 0.17817932 8.947727
v -2.718761 0.2414382 8.958309
v -2.7590468 0.2414382 8.938234
v -2.7590468 0.17817932 8.938234
v -2.7787037 0.2414382 8.929814
v -2.7787037 0.17817932 8.929814
v -2.7981243 0.2414382 8.922451
v -2.7981243 0.17817932 8.922451
v -2.817375 0.2414382 8.916125
v -2.817375 0.17817932 8.916125
v -2.8365214 0.2414382 8.91082
v -2.8365214 0.17817932 8.91082
v -2.8556297 0.2414382 8.906519
v -2.8556297 0.17817932 8.906519
v -2.8747656 0.2414382 8.903203
v -2.8747656 0.17817932 8.903203
v -2.8939953 0.2414382 8.900856
v -2.8939953 0.17817932 8.900856
v -2.913385 0.2414382 8.899461
v -2.913385 0.17817932 8.899461
v -2.933 0.2414382 8.899
v -2.933 0.17817932 8.899
v -2.9711227 0.2414382 8.901271
v -2.9711227 0.17817932 8.901271
v -3.0073147 0.2414382 8.907917
v -3.0073147 0.17817932 8.907917
v -3.0413125 0.2414382 8.918688
v -3.0413125 0.17817932 8.918688
v -3.072852 0.2414382 8.933333
v -3.072852 0.17817932 8.933333
v -3.1016688 0.2414382 8.951604
v -3.1016688 0.17817932 8.951604
v -3.1275 0.2414382 8.97325
v -3.1275 0.17817932 8.97325
v -3.150081 0.2414382 8.998021
v -3.1275 0.17817932 8.97325
v -3.150081 0.17817932 8.998021
v -3.1275 0.2414382 8.97325
v -3.1691482 0.2414382 9.025666
v -3.1691482 0.17817932 9.025666
v -3.1844375 0.2414382 9.055938
v -3.1844375 0.17817932 9.055938
v -3.1956851 0.2414382 9.088583
v -3.1956851 0.17817932 9.088583
v -3.2026274 0.2414382 9.123354
v -3.2026274 0.17817932 9.123354
v -3.205 0.2414382 9.16
v -3.205 0.17817932 9.16
v -3.2027013 0.24143705 9.197237
v -3.2027013 0.17817932 9.197237
v -3.203446 0.24143818 9.185165
v -3.1959445 0.2414395 9.23231
v -3.1959445 0.17817932 9.23231
v -3.1849375 0.24143791 9.265016
v -3.1849375 0.17817932 9.265016
v -3.169889 0.24143814 9.295148
v -3.169889 0.17817932 9.295148
v -3.151007 0.24143814 9.322503
v -3.151007 0.17817932 9.322503
v -3.1285 0.24143814 9.346875
v -3.1285 0.17817932 9.346875
v -3.1025765 0.24143814 9.368059
v -3.1285 0.17817932 9.346875
v -3.1025765 0.17817932 9.368059
v -3.1285 0.24143814 9.346875
v -3.0734444 0.24143814 9.385852
v -3.0734444 0.17817932 9.385852
v -3.0413125 0.24143814 9.400047
v -3.0413125 0.17817932 9.400047
v -3.006389 0.24143814 9.4104395
v -3.006389 0.17817932 9.4104395
v -2.9688818 0.24143814 9.416826
v -2.9688818 0.17817932 9.416826
v -2.929 0.24143814 9.419
v -2.929 0.17817932 9.419
v -2.9096122 0.24143814 9.41844
v -2.9096122 0.17817932 9.41844
v -2.8899815 0.24143814 9.416768
v -2.8899815 0.17817932 9.416768
v -2.8701563 0.24143814 9.414
v -2.8701563 0.17817932 9.414
v -2.8501852 0.24143814 9.410148
v -2.8501852 0.17817932 9.410148
v -2.8301167 0.24143814 9.405227
v -2.8301167 0.17817932 9.405227
v -2.81 0.24143814 9.39925
v -2.81 0.17817932 9.39925
v -2.7898831 0.24143814 9.392231
v -2.7898831 0.17817932 9.392231
v -2.7698147 0.24143814 9.384185
v -2.7698147 0.17817932 9.384185
v -2.7498436 0.24143814 9.375125
v -2.7498436 0.17817932 9.375125
v -2.7300184 0.24143814 9.365065
v -2.7300184 0.17817932 9.365065
v -2.7103877 0.24143814 9.354018
v -2.7103877 0.17817932 9.354018
v -2.691 0.24143814 9.342
v -2.691 0.17817932 9.342
v -2.691 0.24143814 9.449
v -2.691 0.17817932 9.342
v -2.691 0.17817932 9.449
v -2.691 0.24143814 9.342
v -2.7078912 0.24143814 9.457533
v -2.691 0.17817932 9.449
v -2.7078912 0.17817932 9.457533
v -2.691 0.24143814 9.449
v -2.7251296 0.24143814 9.465597
v -2.7251296 0.17817932 9.465597
v -2.7428124 0.24143814 9.473141
v -2.7428124 0.17817932 9.473141
v -2.761037 0.24143814 9.480111
v -2.761037 0.17817932 9.480111
v -2.7799006 0.24143814 9.486457
v -2.7799006 0.17817932 9.486457
v -2.7995 0.24143814 9.492125
v -2.7995 0.17817932 9.492125
v -2.819933 0.24143814 9.497065
v -2.819933 0.17817932 9.497065
v -2.8412962 0.24143814 9.501223
v -2.8412962 0.17817932 9.501223
v -2.8636875 0.24143814 9.504547
v -2.8636875 0.17817932 9.504547
v -2.8872037 0.24143814 9.506986
v -2.8872037 0.17817932 9.506986
v -2.911942 0.24143814 9.508488
v -2.911942 0.17817932 9.508488
v -2.938 0.24143764 9.509
v -2.938 0.17817932 9.509
v -2.9990184 0.24143814 9.505041
v -2.9990184 0.17817932 9.505041
v -3.0541482 0.24143814 9.493746
v -3.0541482 0.17817932 9.493746
v -3.1035 0.24143814 9.475985
v -3.1035 0.17817932 9.475985
v -3.147185 0.24143814 9.45263
v -3.147185 0.17817932 9.45263
v -3.1853147 0.24143814 9.424553
v -3.1853147 0.17817932 9.424553
v -3.218 0.24143814 9.392625
v -3.218 0.17817932 9.392625
v -3.2453518 0.24143814 9.357718
v -3.218 0.17817932 9.392625
v -3.2453518 0.17817932 9.357718
v -3.218 0.24143814 9.392625
v -3.2674813 0.24143814 9.3207035
v -3.2674813 0.17817932 9.3207035
v -3.2845 0.24143814 9.282454
v -3.2845 0.17817932 9.282454
v -3.2965186 0.24143983 9.243838
v -3.2965186 0.17817932 9.243838
v -3.3036482 0.24143705 9.2057295
v -3.3036482 0.17817932 9.2057295
v -3.306 0.2414382 9.169
v -3.306 0.17817932 9.169
v -3.304377 0.2414382 9.194342
v -3.3027854 0.2414382 9.118222
v -3.3027854 0.17817932 9.118222
v -3.2933657 0.2414382 9.070111
v -3.2933657 0.17817932 9.070111
v -3.278078 0.2414382 9.025
v -3.278078 0.17817932 9.025
v -3.2572594 0.2414382 8.983222
v -3.2572594 0.17817932 8.983222
v -3.231246 0.2414382 8.945111
v -3.231246 0.17817932 8.945111
v -3.200375 0.2414382 8.911
v -3.200375 0.17817932 8.911
v -3.1649833 0.2414382 8.881222
v -3.200375 0.17817932 8.911
v -3.1649833 0.17817932 8.881222
v -3.200375 0.2414382 8.911
v -3.1254075 0.24143761 8.856112
v -3.1254075 0.17817932 8.856112
v -3.0819843 0.24143839 8.8359995
v -3.0819843 0.17817932 8.8359995
v -3.0350509 0.2414386 8.821222
v -3.0350509 0.17817932 8.821222
v -2.9849439 0.2414386 8.812111
v -2.9849439 0.17817932 8.812111
v -2.932 0.2414386 8.809
v -2.932 0.17817932 8.809
v -2.9144669 0.2414386 8.809357
v -2.9144669 0.17817932 8.809357
v -2.8968194 0.2414386 8.81044
v -2.8968194 0.17817932 8.81044
v -2.8789845 0.2414386 8.812265
v -2.8789845 0.17817932 8.812265
v -2.860889 0.24143839 8.814852
v -2.860889 0.17817932 8.814852
v -2.8424602 0.24143839 8.818215
v -2.8424602 0.17817932 8.818215
v -2.823625 0.24143839 8.822375
v -2.823625 0.17817932 8.822375
v -2.8043108 0.24143761 8.827347
v -2.8043108 0.17817932 8.827347
v -2.7844443 0.24143761 8.833148
v -2.7844443 0.17817932 8.833148
v -2.7639532 0.24143761 8.839797
v -2.7639532 0.17817932 8.839797
v -2.742764 0.2414382 8.84731
v -2.742764 0.17817932 8.84731
v -2.7208037 0.2414382 8.855705
v -2.7208037 0.17817932 8.855705
v -2.698 0.2414382 8.865
v -2.698 0.17817932 8.865
v -2.698 0.2414382 8.97
v -2.698 0.17817932 8.865
v -2.698 0.17817932 8.97
v -2.698 0.2414382 8.865
v -2.698 0.17817932 8.97
v -2.698 0.2414382 8.97
v -5.2065 0.17817932 9.5
v -5.1085 0.17817932 8.906
v -5.2065 0.17817932 8.818
v -5.0085 0.17817932 8.818
v -4.973488 0.17817932 8.819781
v -4.9419026 0.17817932 8.824917
v -4.913672 0.17817932 8.833094
v -4.8887224 0.17817932 8.844
v -4.866981 0.17817932 8.857323
v -4.848375 0.17817932 8.87275
v -4.8328314 0.17817932 8.889969
v -5.0185 0.17817932 8.906
v -5.0185 0.17817932 8.906
v -4.8202777 0.17817932 8.908667
v -4.8328314 0.17817932 8.889969
v -5.1085 0.17817932 9.11
v -4.9972525 0.17817932 8.906896
v -4.978435 0.17817932 8.909495
v -4.8202777 0.17817932 8.908667
v -4.9972525 0.17817932 8.906896
v -4.810641 0.17817932 8.928532
v -4.9619374 0.17817932 8.9136715
v -4.947648 0.17817932 8.919296
v -4.935456 0.17817932 8.92624
v -4.92525 0.17817932 8.934375
v -4.8038473 0.17817932 8.94925
v -4.9169188 0.17817932 8.943572
v -4.9103518 0.17817932 8.953704
v -4.7998247 0.17817932 8.9705105
v -4.9054375 0.17817932 8.964641
v -4.902065 0.17817932 8.976254
v -4.7985 0.17817932 8.992
v -4.9001226 0.17817932 8.988418
v -4.7985 0.17817932 8.992
v -4.902065 0.17817932 8.976254
v -4.8995 0.17817932 9.001
v -4.7991905 0.17817932 9.009233
v -4.9004807 0.17817932 9.018479
v -4.7991905 0.17817932 9.009233
v -4.8995 0.17817932 9.001
v -4.8012733 0.17817932 9.025454
v -4.9034305 0.17817932 9.034421
v -4.8047657 0.17817932 9.040688
v -4.9083595 0.17817932 9.048828
v -4.809685 0.17817932 9.054963
v -4.915278 0.17817932 9.061704
v -4.816049 0.17817932 9.068308
v -4.9241962 0.17817932 9.073051
v -4.823875 0.17817932 9.0807495
v -4.935125 0.17817932 9.082875
v -4.83318 0.17817932 9.092318
v -4.948075 0.17817932 9.091178
v -4.83318 0.17817932 9.092318
v -4.935125 0.17817932 9.082875
v -4.9630556 0.17817932 9.097963
v -4.948075 0.17817932 9.091178
v -4.8439813 0.17817932 9.103037
v -4.980078 0.17817932 9.103234
v -4.856297 0.17817932 9.112938
v -4.9991527 0.17817932 9.106996
v -5.02029 0.17817932 9.109249
v -5.0435 0.17817932 9.11
v -5.2065 0.17817932 9.5
v -5.1085 0.17817932 9.198
v -5.1085 0.17817932 9.11
v -5.1085 0.17817932 9.198
v -4.8701434 0.17817932 9.122046
v -4.8855386 0.17817932 9.130391
v -4.9025 0.17817932 9.138
v -4.9025 0.17817932 9.14
v -4.9025 0.17817932 9.138
v -4.877846 0.17817932 9.145737
v -4.9025 0.17817932 9.14
v -4.854935 0.17817932 9.153394
v -4.8338437 0.17817932 9.16289
v -4.814648 0.17817932 9.174149
v -4.8338437 0.17817932 9.16289
v -4.797425 0.17817932 9.187086
v -4.814648 0.17817932 9.174149
v -4.9905 0.17817932 9.198
v -4.78225 0.17817932 9.201625
v -5.1085 0.17817932 9.412
v -4.965892 0.17817932 9.198901
v -4.943551 0.17817932 9.201547
v -4.9234533 0.17817932 9.205844
v -4.7692003 0.17817932 9.217685
v -4.905574 0.17817932 9.211703
v -4.8898892 0.17817932 9.219036
v -4.758352 0.17817932 9.235186
v -4.876375 0.17817932 9.22775
v -4.8650064 0.17817932 9.237756
v -4.749781 0.17817932 9.254046
v -4.855759 0.17817932 9.248963
v -4.8486094 0.17817932 9.261281
v -4.7435646 0.17817932 9.27419
v -4.8435326 0.17817932 9.27462
v -4.739779 0.17817932 9.295534
v -4.840504 0.17817932 9.28889
v -4.8395 0.17817932 9.304
v -4.7385 0.17817932 9.318
v -4.8401766 0.17817932 9.316838
v -4.8423285 0.17817932 9.329708
v -4.7398386 0.17817932 9.339227
v -4.8461404 0.17817932 9.342391
v -4.7439585 0.17817932 9.360648
v -4.851796 0.17817932 9.354667
v -4.7439585 0.17817932 9.360648
v -4.8461404 0.17817932 9.342391
v -4.85948 0.17817932 9.366318
v -4.851796 0.17817932 9.354667
v -4.7510157 0.17817932 9.381875
v -4.869375 0.17817932 9.377125
v -4.881666 0.17817932 9.386869
v -4.7611666 0.17817932 9.402518
v -4.896537 0.17817932 9.395333
v -4.9141717 0.17817932 9.402297
v -4.934755 0.17817932 9.407541
v -4.7745676 0.17817932 9.42219
v -4.9584694 0.17817932 9.410849
v -4.9855 0.17817932 9.412
v -4.7745676 0.17817932 9.42219
v -4.9855 0.17817932 9.412
v -4.791375 0.17817932 9.4405
v -4.8117447 0.17817932 9.45706
v -4.791375 0.17817932 9.4405
v -4.8358335 0.17817932 9.471481
v -4.8637967 0.17817932 9.483375
v -4.8957915 0.17817932 9.492352
v -4.931974 0.17817932 9.498023
v -4.8957915 0.17817932 9.492352
v -4.9725 0.17817932 9.5
v -4.931974 0.17817932 9.498023
v -4.973488 0.24143817 8.819781
v -5.0085 0.17817932 8.818
v -4.973488 0.17817932 8.819781
v -5.0085 0.24143817 8.818
v -4.9419026 0.24143817 8.824917
v -4.9419026 0.17817932 8.824917
v -4.913672 0.24143817 8.833094
v -4.913672 0.17817932 8.833094
v -4.8887224 0.24143817 8.844
v -4.8887224 0.17817932 8.844
v -4.866981 0.24143817 8.857323
v -4.866981 0.17817932 8.857323
v -4.848375 0.24143817 8.87275
v -4.848375 0.17817932 8.87275
v -4.8328314 0.24143817 8.889969
v -4.848375 0.17817932 8.87275
v -4.8328314 0.17817932 8.889969
v -4.848375 0.24143817 8.87275
v -4.8202777 0.24143817 8.908667
v -4.8202777 0.17817932 8.908667
v -4.810641 0.24143817 8.928532
v -4.810641 0.17817932 8.928532
v -4.8038473 0.24143817 8.94925
v -4.8038473 0.17817932 8.94925
v -4.7998247 0.24143817 8.9705105
v -4.7998247 0.17817932 8.9705105
v -4.7985 0.24143817 8.992
v -4.7985 0.17817932 8.992
v -4.7991905 0.24143817 9.009233
v -4.7991905 0.17817932 9.009233
v -4.8012733 0.24143817 9.025454
v -4.8012733 0.17817932 9.025454
v -4.8047657 0.2414382 9.040688
v -4.8047657 0.17817932 9.040688
v -4.809685 0.2414382 9.054963
v -4.809685 0.17817932 9.054963
v -4.816049 0.2414382 9.068308
v -4.816049 0.17817932 9.068308
v -4.823875 0.2414382 9.0807495
v -4.823875 0.17817932 9.0807495
v -4.83318 0.2414382 9.092318
v -4.83318 0.17817932 9.092318
v -4.8439813 0.2414382 9.103037
v -4.8439813 0.17817932 9.103037
v -4.856297 0.2414382 9.112938
v -4.8439813 0.17817932 9.103037
v -4.856297 0.17817932 9.112938
v -4.8439813 0.2414382 9.103037
v -4.8701434 0.2414382 9.122046
v -4.8701434 0.17817932 9.122046
v -4.8855386 0.2414382 9.130391
v -4.8855386 0.17817932 9.130391
v -4.9025 0.2414382 9.138
v -4.9025 0.17817932 9.138
v -4.9025 0.2414382 9.14
v -4.9025 0.17817932 9.138
v -4.9025 0.17817932 9.14
v -4.9025 0.2414382 9.138
v -4.877846 0.2414382 9.145737
v -4.9025 0.17817932 9.14
v -4.877846 0.17817932 9.145737
v -4.9025 0.2414382 9.14
v -4.854935 0.2414382 9.153394
v -4.854935 0.17817932 9.153394
v -4.8338437 0.2414382 9.16289
v -4.8338437 0.17817932 9.16289
v -4.814648 0.2414382 9.174149
v -4.814648 0.17817932 9.174149
v -4.797425 0.2414382 9.187086
v -4.797425 0.17817932 9.187086
v -4.78225 0.2414382 9.201625
v -4.78225 0.17817932 9.201625
v -4.7692003 0.2414382 9.217685
v -4.78225 0.17817932 9.201625
v -4.7692003 0.17817932 9.217685
v -4.78225 0.2414382 9.201625
v -4.758352 0.2414382 9.235186
v -4.758352 0.17817932 9.235186
v -4.749781 0.2414382 9.254046
v -4.749781 0.17817932 9.254046
v -4.7435646 0.2414382 9.27419
v -4.7435646 0.17817932 9.27419
v -4.739779 0.2414382 9.295534
v -4.739779 0.17817932 9.295534
v -4.7385 0.2414382 9.318
v -4.7385 0.17817932 9.318
v -4.7398386 0.24143817 9.339227
v -4.7398386 0.17817932 9.339227
v -4.738927 0.2414382 9.3247595
v -4.7439585 0.24143817 9.360648
v -4.7439585 0.17817932 9.360648
v -4.7510157 0.24143817 9.381875
v -4.7510157 0.17817932 9.381875
v -4.7611666 0.24143817 9.402518
v -4.7611666 0.17817932 9.402518
v -4.7745676 0.24143817 9.42219
v -4.7745676 0.17817932 9.42219
v -4.791375 0.24143817 9.4405
v -4.791375 0.17817932 9.4405
v -4.8117447 0.24143817 9.45706
v -4.791375 0.17817932 9.4405
v -4.8117447 0.17817932 9.45706
v -4.791375 0.24143817 9.4405
v -4.8358335 0.24143817 9.471481
v -4.8358335 0.17817932 9.471481
v -4.8637967 0.24143817 9.483375
v -4.8637967 0.17817932 9.483375
v -4.8957915 0.24143817 9.492352
v -4.8957915 0.17817932 9.492352
v -4.931974 0.24143817 9.498023
v -4.931974 0.17817932 9.498023
v -4.9725 0.24143817 9.5
v -4.9725 0.17817932 9.5
v -5.2065 0.24143817 9.5
v -5.2065 0.17817932 9.5
v -5.2065 0.24143817 8.818
v -5.2065 0.17817932 9.5
v -5.2065 0.17817932 8.818
v -5.2065 0.24143817 9.5
v -5.2065 0.2414382 9.15431
v -5.2065 0.2414382 9.367269
v -5.2065 0.17817932 8.818
v -5.2065 0.24143817 8.818
v -5.02029 0.2414382 9.109249
v -5.0435 0.17817932 9.11
v -5.02029 0.17817932 9.109249
v -5.0435 0.2414382 9.11
v -4.9991527 0.2414382 9.106996
v -4.9991527 0.17817932 9.106996
v -4.980078 0.2414382 9.103234
v -4.980078 0.17817932 9.103234
v -4.9630556 0.2414382 9.097963
v -4.9630556 0.17817932 9.097963
v -4.948075 0.2414382 9.091178
v -4.948075 0.17817932 9.091178
v -4.935125 0.2414382 9.082875
v -4.935125 0.17817932 9.082875
v -4.9241962 0.2414382 9.073051
v -4.9241962 0.17817932 9.073051
v -4.915278 0.2414382 9.061704
v -4.9241962 0.17817932 9.073051
v -4.915278 0.17817932 9.061704
v -4.9241962 0.2414382 9.073051
v -4.9083595 0.2414382 9.048828
v -4.9083595 0.17817932 9.048828
v -4.9034305 0.2414382 9.034421
v -4.9034305 0.17817932 9.034421
v -4.9004807 0.24143817 9.018479
v -4.9004807 0.17817932 9.018479
v -4.8995 0.24143817 9.001
v -4.8995 0.17817932 9.001
v -4.9001226 0.24143817 8.988418
v -4.9001226 0.17817932 8.988418
v -4.902065 0.24143817 8.976254
v -4.902065 0.17817932 8.976254
v -4.9054375 0.24143817 8.964641
v -4.9054375 0.17817932 8.964641
v -4.9103518 0.24143817 8.953704
v -4.9103518 0.17817932 8.953704
v -4.9169188 0.24143817 8.943572
v -4.9169188 0.17817932 8.943572
v -4.92525 0.24143817 8.934375
v -4.92525 0.17817932 8.934375
v -4.935456 0.24143817 8.92624
v -4.92525 0.17817932 8.934375
v -4.935456 0.17817932 8.92624
v -4.92525 0.24143817 8.934375
v -4.947648 0.24143817 8.919296
v -4.947648 0.17817932 8.919296
v -4.9619374 0.24143817 8.9136715
v -4.9619374 0.17817932 8.9136715
v -4.978435 0.24143817 8.909495
v -4.978435 0.17817932 8.909495
v -4.9972525 0.24143817 8.906896
v -4.9972525 0.17817932 8.906896
v -5.0185 0.24143817 8.906
v -5.0185 0.17817932 8.906
v -5.1085 0.24143817 8.906
v -5.1085 0.17817932 8.906
v -5.1085 0.2414382 9.11
v -5.1085 0.17817932 8.906
v -5.1085 0.17817932 9.11
v -5.1085 0.24143817 8.906
v -5.1085 0.17817932 9.11
v -5.1085 0.2414382 9.11
v -4.9584694 0.24143817 9.410849
v -4.9855 0.17817932 9.412
v -4.9584694 0.17817932 9.410849
v -4.9855 0.24143817 9.412
v -4.934755 0.24143817 9.407541
v -4.934755 0.17817932 9.407541
v -4.9141717 0.24143817 9.402297
v -4.9141717 0.17817932 9.402297
v -4.896537 0.24143817 9.395333
v -4.896537 0.17817932 9.395333
v -4.881666 0.24143817 9.386869
v -4.881666 0.17817932 9.386869
v -4.869375 0.24143817 9.377125
v -4.869375 0.17817932 9.377125
v -4.85948 0.24143817 9.366318
v -4.869375 0.17817932 9.377125
v -4.85948 0.17817932 9.366318
v -4.869375 0.24143817 9.377125
v -4.851796 0.24143817 9.354667
v -4.851796 0.17817932 9.354667
v -4.8461404 0.24143817 9.342391
v -4.8461404 0.17817932 9.342391
v -4.8423285 0.2414382 9.329708
v -4.8423285 0.17817932 9.329708
v -4.8437023 0.2414382 9.334285
v -4.8401766 0.2414382 9.316838
v -4.8401766 0.17817932 9.316838
v -4.8395 0.2414382 9.304
v -4.8395 0.17817932 9.304
v -4.840504 0.2414382 9.28889
v -4.840504 0.17817932 9.28889
v -4.8435326 0.2414382 9.27462
v -4.8435326 0.17817932 9.27462
v -4.8486094 0.2414382 9.261281
v -4.8486094 0.17817932 9.261281
v -4.855759 0.2414382 9.248963
v -4.855759 0.17817932 9.248963
v -4.8650064 0.2414382 9.237756
v -4.8650064 0.17817932 9.237756
v -4.876375 0.2414382 9.22775
v -4.8650064 0.17817932 9.237756
v -4.876375 0.17817932 9.22775
v -4.8650064 0.2414382 9.237756
v -4.8898892 0.2414382 9.219036
v -4.8898892 0.17817932 9.219036
v -4.905574 0.2414382 9.211703
v -4.905574 0.17817932 9.211703
v -4.9234533 0.2414382 9.205844
v -4.9234533 0.17817932 9.205844
v -4.943551 0.2414382 9.201547
v -4.943551 0.17817932 9.201547
v -4.965892 0.2414382 9.198901
v -4.965892 0.17817932 9.198901
v -4.9905 0.2414382 9.198
v -4.9905 0.17817932 9.198
v -5.1085 0.2414382 9.198
v -5.1085 0.17817932 9.198
v -5.1085 0.24143817 9.412
v -5.1085 0.17817932 9.198
v -5.1085 0.17817932 9.412
v -5.1085 0.2414382 9.198
v -5.1084995 0.2414382 9.358358
v -5.1085 0.17817932 9.412
v -5.1085 0.24143817 9.412
v -7.3335 0.17817932 9.5
v -6.9715 0.17817932 8.814
v -7.0405 0.17817932 8.814
v -7.0075 0.17817932 8.964
v -6.6665 0.17817932 9.5
v -7.3335 0.17817932 9.5
v -7.1095 0.17817932 9.211
v -7.0075 0.17817932 8.964
v -6.8975 0.17817932 9.211
v -7.1475 0.17817932 9.299
v -7.1095 0.17817932 9.211
v -6.8575 0.17817932 9.299
v -7.2335 0.17817932 9.5
v -6.7665 0.17817932 9.5
v -6.8575 0.2414382 9.299
v -6.7665 0.17817932 9.5
v -6.8575 0.17817932 9.299
v -6.7665 0.2414382 9.5
v -7.1475 0.2414382 9.299
v -6.8575 0.17817932 9.299
v -7.1475 0.17817932 9.299
v -6.8575 0.2414382 9.299
v -7.2335 0.2414382 9.5
v -7.1475 0.17817932 9.299
v -7.2335 0.17817932 9.5
v -7.1475 0.2414382 9.299
v -7.3335 0.2414382 9.5
v -7.2335 0.17817932 9.5
v -7.3335 0.17817932 9.5
v -7.2335 0.2414382 9.5
v -7.0405 0.2414382 8.814
v -7.3335 0.17817932 9.5
v -7.0405 0.17817932 8.814
v -7.3335 0.2414382 9.5
v -7.184985 0.2414382 9.152283
v -6.9715 0.2414382 8.814
v -7.0405 0.17817932 8.814
v -6.9715 0.17817932 8.814
v -7.0405 0.2414382 8.814
v -6.6665 0.2414382 9.5
v -6.9715 0.17817932 8.814
v -6.6665 0.17817932 9.5
v -6.9715 0.2414382 8.814
v -6.8169026 0.2414382 9.161718
v -6.7665 0.2414382 9.5
v -6.6665 0.17817932 9.5
v -6.7665 0.17817932 9.5
v -6.6665 0.2414382 9.5
v -7.0075 0.2414382 8.964
v -6.8975 0.17817932 9.211
v -7.0075 0.17817932 8.964
v -6.8975 0.2414382 9.211
v -7.1095 0.2414382 9.211
v -7.0075 0.17817932 8.964
v -7.1095 0.17817932 9.211
v -7.0075 0.2414382 8.964
v -6.8975 0.2414382 9.211
v -7.1095 0.17817932 9.211
v -6.8975 0.17817932 9.211
v -7.1095 0.2414382 9.211
v 0.83523256 0.24143818 8.818
v 1.212 0.24143803 8.818
v 8.152747 0.24143818 8.152747
v 2.8415 0.24143842 8.818
v 3.2055001 0.24143833 8.818
v 3.2055006 0.24143812 9.114293
v 1.212 0.24143872 8.906
v 2.8414998 0.24143812 9.117612
v 3.2055001 0.24143822 8.906
v 0.923 0.24143754 9.1119995
v 0.923 0.2414383 8.906
v 1.202 0.24143718 9.1119995
v 2.9395 0.24143806 9.095
v 2.9395 0.2414383 8.906
v 3.2055001 0.241438 9.095
v -8.152747 0.24143818 -8.152747
v 10.123003 0.24143818 -10.123003
v -10.123003 0.24143818 -10.123003
v 8.152747 0.24143818 -8.152747
v 8.152747 0.24143818 -8.152747
v 10.123003 0.24143818 10.123003
v 10.123003 0.24143818 -10.123003
v 8.152747 0.24143818 8.152747
v -10.290338 0.095351346 10.290338
v -10.290338 -0.5 -10.290338
v -10.290338 -0.5 10.290338
v -10.290338 0.095351346 -10.290338
v 10.290338 -0.5 10.290338
v -10.290338 -0.5 -10.290338
v 10.290338 -0.5 -10.290338
v -10.290338 -0.5 10.290338
v -8.95 0.2414382 7.5
v -8.152747 0.24143818 8.152747
v -8.95 0.2414382 6.818
v -10.123003 0.24143818 10.123003
v -9.048 0.2414382 7.5
v -8.0 0.08869142 8.0
v 8.0 0.0 8.0
v -8.0 0.0 8.0
v 8.0 0.08869142 8.0
v 8.0 0.08869142 8.0
v 8.0 0.0 -8.0
v 8.0 0.0 8.0
v 8.0 0.08869142 -8.0
v 8.0 0.08869142 -8.0
v -8.0 0.0 -8.0
v 8.0 0.0 -8.0
v -8.0 0.08869142 -8.0
v 10.290338 0.095351346 -10.290338
v 10.290338 -0.5 10.290338
v 10.290338 -0.5 -10.290338
v 10.290338 0.095351346 10.290338
v -10.290338 0.095351346 -10.290338
v 10.290338 -0.5 -10.290338
v -10.290338 -0.5 -10.290338
v 10.290338 0.095351346 -10.290338
v -8.152747 0.24143818 -8.152747
v -8.0 0.08869142 8.0
v -8.0 0.08869142 -8.0
v -8.152747 0.24143818 8.152747
v 8.152747 0.24143818 -8.152747
v -8.0 0.08869142 -8.0
v 8.0 0.08869142 -8.0
v -8.152747 0.24143818 -8.152747
v 8.152747 0.24143818 8.152747
v 8.0 0.08869142 -8.0
v 8.0 0.08869142 8.0
v 8.152747 0.24143818 -8.152747
v -8.152747 0.24143818 8.152747
v 8.0 0.08869142 8.0
v -8.0 0.08869142 8.0
v 8.152747 0.24143818 8.152747
v -8.0 0.08869142 -8.0
v -8.0 0.0 8.0
v -8.0 0.0 -8.0
v -8.0 0.08869142 8.0
v -10.123003 0.24143818 10.123003
v -10.290338 0.095351346 -10.290338
v -10.290338 0.095351346 10.290338
v -10.123003 0.24143818 -10.123003
v -10.123003 0.24143818 -10.123003
v 10.290338 0.095351346 -10.290338
v -10.290338 0.095351346 -10.290338
v 10.123003 0.24143818 -10.123003
v 10.123003 0.24143818 -10.123003
v 10.290338 0.095351346 10.290338
v 10.290338 0.095351346 -10.290338
v 10.123003 0.24143818 10.123003
v 10.123003 0.24143818 10.123003
v -10.290338 0.095351346 10.290338
v 10.290338 0.095351346 10.290338
v -10.123003 0.24143818 10.123003
v 10.290338 0.095351346 10.290338
v -10.290338 -0.5 10.290338
v 10.290338 -0.5 10.290338
v -10.290338 0.095351346 10.290338
v -7.3335 0.2414382 9.5
v -7.0405 0.2414382 8.814
v -8.152747 0.24143818 8.152747
v 8.152747 0.24143818 8.152747
v -2.932 0.2414386 8.809
v 0.83523256 0.24143818 8.818
v -2.9849439 0.2414386 8.812111
v -2.9144669 0.2414386 8.809357
v -2.8968194 0.2414386 8.81044
v -2.8789845 0.2414386 8.812265
v -6.9715 0.2414382 8.814
v -3.0350509 0.2414386 8.821222
v -2.860889 0.24143839 8.814852
v -7.184985 0.2414382 9.152283
v -6.8169026 0.2414382 9.161718
v -5.2065 0.24143817 8.818
v -5.0085 0.24143817 8.818
v -2.8424602 0.24143839 8.818215
v -1.299 0.2414382 8.818
v -5.2065 0.2414382 9.15431
v -4.973488 0.24143817 8.819781
v -1.2989997 0.24143818 9.012028
v -1.034 0.2414382 8.818
v -0.97392005 0.2414382 8.821635
v 0.825 0.24143817 8.818
v 0.82499975 0.24143818 8.818931
v -2.823625 0.24143839 8.822375
v -0.91961104 0.2414382 8.832079
v -0.8709687 0.2414382 8.84864
v -0.82788885 0.2414382 8.870629
v -0.79026735 0.2414382 8.897355
v -0.75799996 0.2414382 8.928125
v -0.73235667 0.24143818 8.960513
v -4.9419026 0.24143817 8.824917
v -3.0819843 0.24143839 8.8359995
v -2.8043108 0.24143761 8.827347
v -4.913672 0.24143817 8.833094
v -2.7844443 0.24143761 8.833148
v -4.8887224 0.24143817 8.844
v -2.7639532 0.24143761 8.839797
v -3.1254075 0.24143761 8.856112
v -2.742764 0.2414382 8.84731
v -4.866981 0.24143817 8.857323
v -2.7208037 0.2414382 8.855705
v -2.698 0.2414382 8.865
v -3.1649833 0.2414382 8.881222
v -4.848375 0.24143817 8.87275
v -2.698 0.2414382 8.97
v -4.8328314 0.24143817 8.889969
v -3.200375 0.2414382 8.911
v -4.8202777 0.24143817 8.908667
v -2.9711227 0.2414382 8.901271
v -2.913385 0.2414382 8.899461
v -2.933 0.2414382 8.899
v -2.8939953 0.2414382 8.900856
v -2.8747656 0.2414382 8.903203
v -3.0073147 0.2414382 8.907917
v -2.8556297 0.2414382 8.906519
v -2.8365214 0.2414382 8.91082
v -3.0413125 0.2414382 8.918688
v -4.810641 0.24143817 8.928532
v -2.817375 0.2414382 8.916125
v -3.231246 0.2414382 8.945111
v -2.7981243 0.2414382 8.922451
v -3.072852 0.2414382 8.933333
v -2.7787037 0.2414382 8.929814
v -4.8038473 0.24143817 8.94925
v -2.7590468 0.2414382 8.938234
v -3.1016688 0.2414382 8.951604
v -2.739088 0.2414382 8.947727
v -3.2572594 0.2414382 8.983222
v -2.718761 0.2414382 8.958309
v -4.7998247 0.24143817 8.9705105
v -3.1275 0.2414382 8.97325
v -4.7985 0.24143817 8.992
v -3.150081 0.2414382 8.998021
v -3.278078 0.2414382 9.025
v -4.7991905 0.24143817 9.009233
v -3.1691482 0.2414382 9.025666
v -4.8012733 0.24143817 9.025454
v -3.203446 0.24143818 9.185165
v -3.2933657 0.2414382 9.070111
v -4.8047657 0.2414382 9.040688
v -3.1844375 0.2414382 9.055938
v -4.809685 0.2414382 9.054963
v -4.816049 0.2414382 9.068308
v -3.1956851 0.2414382 9.088583
v -4.823875 0.2414382 9.0807495
v -3.3027854 0.2414382 9.118222
v -4.83318 0.2414382 9.092318
v -3.2026274 0.2414382 9.123354
v -4.8439813 0.2414382 9.103037
v -4.856297 0.2414382 9.112938
v -4.8701434 0.2414382 9.122046
v -3.306 0.2414382 9.169
v -4.8855386 0.2414382 9.130391
v -3.205 0.2414382 9.16
v -4.9025 0.2414382 9.138
v -4.9025 0.2414382 9.14
v -4.877846 0.2414382 9.145737
v -4.854935 0.2414382 9.153394
v -4.8338437 0.2414382 9.16289
v -5.2065 0.2414382 9.367269
v -6.6665 0.2414382 9.5
v -4.814648 0.2414382 9.174149
v -3.304377 0.2414382 9.194342
v -4.797425 0.2414382 9.187086
v -4.78225 0.2414382 9.201625
v -4.7692003 0.2414382 9.217685
v -4.758352 0.2414382 9.235186
v -4.749781 0.2414382 9.254046
v -4.7435646 0.2414382 9.27419
v -4.739779 0.2414382 9.295534
v -4.7385 0.2414382 9.318
v -4.738927 0.2414382 9.3247595
v -6.8975 0.2414382 9.211
v -7.0075 0.2414382 8.964
v -7.1095 0.2414382 9.211
v -5.1084995 0.2414382 9.358358
v -4.9905 0.2414382 9.198
v -5.1085 0.2414382 9.198
v -4.965892 0.2414382 9.198901
v -4.943551 0.2414382 9.201547
v -4.9234533 0.2414382 9.205844
v -4.905574 0.2414382 9.211703
v -4.8898892 0.2414382 9.219036
v -4.876375 0.2414382 9.22775
v -4.8650064 0.2414382 9.237756
v -4.855759 0.2414382 9.248963
v -4.8486094 0.2414382 9.261281
v -4.8435326 0.2414382 9.27462
v -4.840504 0.2414382 9.28889
v -4.8395 0.2414382 9.304
v -4.8401766 0.2414382 9.316838
v -4.8423285 0.2414382 9.329708
v -4.8437023 0.2414382 9.334285
v -5.1085 0.2414382 9.11
v -5.0185 0.24143817 8.906
v -5.1085 0.24143817 8.906
v -4.9972525 0.24143817 8.906896
v -4.978435 0.24143817 8.909495
v -4.9619374 0.24143817 8.9136715
v -4.947648 0.24143817 8.919296
v -4.935456 0.24143817 8.92624
v -4.92525 0.24143817 8.934375
v -4.9169188 0.24143817 8.943572
v -4.9103518 0.24143817 8.953704
v -4.9054375 0.24143817 8.964641
v -4.902065 0.24143817 8.976254
v -4.9001226 0.24143817 8.988418
v -4.8995 0.24143817 9.001
v -4.9004807 0.24143817 9.018479
v -4.9034305 0.2414382 9.034421
v -4.9083595 0.2414382 9.048828
v -4.915278 0.2414382 9.061704
v -4.9241962 0.2414382 9.073051
v -4.935125 0.2414382 9.082875
v -4.948075 0.2414382 9.091178
v -4.9630556 0.2414382 9.097963
v -4.980078 0.2414382 9.103234
v -4.9991527 0.2414382 9.106996
v -5.02029 0.2414382 9.109249
v -5.0435 0.2414382 9.11
v -5.1084995 0.2414382 9.358358
v -4.8461404 0.24143817 9.342391
v -4.8437023 0.2414382 9.334285
v -4.851796 0.24143817 9.354667
v -4.85948 0.24143817 9.366318
v -5.1085 0.24143817 9.412
v -4.869375 0.24143817 9.377125
v -4.881666 0.24143817 9.386869
v -4.896537 0.24143817 9.395333
v -4.9141717 0.24143817 9.402297
v -4.934755 0.24143817 9.407541
v -4.9584694 0.24143817 9.410849
v -4.9855 0.24143817 9.412
v -1.2009999 0.24143818 9.0031185
v -0.83937496 0.24143822 8.981125
v -0.85070205 0.24143818 8.9712715
v -0.8185422 0.24143822 9.00556
v -1.201 0.24143814 9.412
v -0.80162954 0.2414382 9.032518
v -0.78857803 0.2414382 9.061672
v -0.77932864 0.2414382 9.0926895
v -0.7738223 0.2414382 9.125242
v -0.77199996 0.24143781 9.159
v -0.77313197 0.24143781 9.181623
v -0.7768055 0.24143781 9.206907
v -0.7834375 0.24143814 9.233969
v -0.79344445 0.24143814 9.261926
v -0.80724305 0.24143814 9.289897
v -0.82525 0.24143814 9.317
v -0.8478819 0.24143814 9.342353
v -0.8755556 0.24143814 9.365074
v -0.9086875 0.24143814 9.384281
v -0.9476944 0.24143814 9.399093
v -0.99299306 0.24143814 9.408627
v -1.0450001 0.24143814 9.412
v -1.2009999 0.24143818 9.0031185
v -1.05 0.2414382 8.906
v -1.201 0.2414382 8.906
v -1.0044068 0.2414382 8.908361
v -0.963088 0.2414382 8.915227
v -0.9259844 0.2414382 8.926266
v -0.893037 0.2414382 8.941148
v -0.8641869 0.2414382 8.959544
v -0.85070205 0.24143818 8.9712715
v 3.2055006 0.24143812 9.114293
v 4.9951043 0.24143809 8.812127
v 8.152747 0.24143818 8.152747
v 5.046 0.24143809 8.809
v 5.065543 0.24143809 8.809281
v 5.0843472 0.24143809 8.810171
v 5.102672 0.24143809 8.811734
v 5.1207776 0.24143809 8.814037
v 5.1389256 0.24143809 8.817145
v 5.157375 0.24143809 8.821125
v 5.1763873 0.24143809 8.826042
v 5.1962223 0.24143809 8.831963
v 5.2171407 0.24143809 8.838953
v 5.239403 0.24143809 8.847078
v 5.263269 0.24143809 8.856405
v 5.289 0.24143809 8.867
v 5.303 0.24143809 9.164
v 4.9466667 0.24143809 8.821264
v 4.9010625 0.24143809 8.836047
v 4.8586664 0.24143809 8.856112
v 4.8198543 0.24143809 8.881092
v 5.289 0.24143809 8.966
v 4.785 0.24143809 8.9106245
v 5.007735 0.24143809 8.901309
v 5.0645185 0.24143809 8.899478
v 5.044 0.24143809 8.899
v 5.085065 0.24143809 8.9009075
v 5.105625 0.24143809 8.903281
v 4.9731297 0.24143809 8.908055
v 5.1261854 0.24143809 8.906592
v 5.1467314 0.24143809 8.910834
v 4.940469 0.24143809 8.918969
v 4.754479 0.24143809 8.944345
v 5.16725 0.24143809 8.916
v 5.187727 0.24143809 8.922082
v 4.910037 0.24143809 8.933778
v 5.208148 0.24143809 8.929074
v 5.2285 0.24143809 8.936969
v 4.882119 0.24143809 8.952211
v 5.2487683 0.24143809 8.945759
v 4.728667 0.24143809 8.981889
v 5.26894 0.24143809 8.955439
v 4.857 0.24143809 8.974
v 4.8349643 0.24143809 8.998872
v 4.7079372 0.24143809 9.022891
v 4.816296 0.24143809 9.026555
v 4.6926665 0.24143809 9.066986
v 4.8012815 0.24143809 9.056781
v 4.7902036 0.24143809 9.089278
v 4.683229 0.24143809 9.113811
v 4.7833486 0.24143809 9.123775
v 4.68 0.24143809 9.163
v 3.2055001 0.24143806 9.183
v 4.781 0.24143809 9.16
v 4.7833366 0.24143809 9.197026
v 5.074 0.24143809 9.164
v 5.074 0.24143809 9.252
v 4.7901945 0.24143809 9.231963
v 4.801344 0.24143809 9.264594
v 5.205 0.24143809 9.252
v 5.205 0.24143809 9.392
v 4.8165555 0.24143809 9.2947035
v 4.835601 0.24143809 9.322078
v 4.85825 0.24143809 9.3465
v 4.8842745 0.24143809 9.367756
v 4.9134445 0.24143809 9.38563
v 4.9455314 0.24143809 9.399906
v 5.193227 0.24143809 9.395682
v 5.1813984 0.24143809 9.399208
v 5.1695 0.24143809 9.402547
v 4.9803057 0.24143809 9.41037
v 5.1575184 0.24143809 9.405666
v 5.1454396 0.24143809 9.408537
v 5.13325 0.24143809 9.411125
v 5.017538 0.24143809 9.416807
v 5.1209354 0.24143809 9.413401
v 5.1084814 0.24143809 9.415334
v 5.095875 0.24143809 9.41689
v 5.057 0.24143809 9.419
v 5.0831017 0.24143809 9.418041
v 5.070148 0.24143809 9.418756
v 5.303 0.24143809 9.164
v 6.7105 0.24143806 8.818
v 8.152747 0.24143818 8.152747
v 7.2885 0.24143809 8.818
v 6.7105 0.24143806 9.5
v 6.8085 0.24143809 8.818
v 6.8085 0.24143806 9.115
v 7.1905 0.24143809 8.818
v 7.1905 0.24143809 9.115
v 5.303 0.24143809 9.453
v 5.2805824 0.24143809 9.462504
v 5.258741 0.24143809 9.471037
v 5.237344 0.24143809 9.478625
v 5.2162595 0.24143809 9.485296
v 5.1953554 0.24143809 9.491078
v 5.1745 0.24143809 9.496
v -10.123003 0.24143818 10.123003
v -7.3335 0.2414382 9.5
v -8.152747 0.24143818 8.152747
v 7.2885 0.24143809 8.818
v 10.123003 0.24143818 10.123003
v 8.152747 0.24143818 8.152747
v 7.2885 0.24143806 9.5
v -0.73235667 0.24143818 8.960513
v 0.825 0.24143809 9.5
v 0.82499975 0.24143818 8.818931
v -0.7309826 0.24143822 8.96225
v -0.7091111 0.24143822 8.999037
v -0.69228125 0.2414382 9.037797
v -3.203446 0.24143818 9.185165
v -1.299 0.24143814 9.5
v -1.2989997 0.24143818 9.012028
v -0.68038887 0.2414382 9.077838
v -0.67332983 0.2414382 9.118469
v 1.202 0.24143814 9.2
v 2.8414998 0.24143812 9.117612
v 1.202 0.24143718 9.1119995
v 2.8415 0.24143806 9.5
v -0.671 0.24143781 9.159
v -0.67382586 0.24143781 9.202472
v 3.2055001 0.24143806 9.183
v 4.6831512 0.24143809 9.211822
v 4.68 0.24143809 9.163
v 2.9395 0.24143806 9.5
v 2.9395 0.24143806 9.183
v -3.2027013 0.24143705 9.197237
v -4.738927 0.2414382 9.3247595
v -3.3036482 0.24143705 9.2057295
v -3.304377 0.2414382 9.194342
v -3.1959445 0.2414395 9.23231
v 0.923 0.24143809 9.412
v 0.923 0.24143809 9.2
v 1.221 0.24143809 9.412
v -0.6821898 0.24143814 9.245023
v 6.8085 0.24143806 9.5
v 7.1905 0.24143809 9.203
v 6.8085 0.24143806 9.203
v 7.1905 0.24143806 9.5
v -3.2965186 0.24143983 9.243838
v 4.692375 0.24143809 9.258074
v -3.1849375 0.24143791 9.265016
v -3.2845 0.24143814 9.282454
v -0.6959219 0.24143814 9.286109
v 4.7073283 0.24143809 9.301437
v -3.169889 0.24143814 9.295148
v -2.691 0.24143814 9.342
v -3.2674813 0.24143814 9.3207035
v -0.71485186 0.24143814 9.325185
v -3.151007 0.24143814 9.322503
v -7.2335 0.2414382 9.5
v -6.8575 0.2414382 9.299
v -7.1475 0.2414382 9.299
v -6.7665 0.2414382 9.5
v 4.727667 0.24143809 9.341593
v -3.2453518 0.24143814 9.357718
v -3.1285 0.24143814 9.346875
v -4.7398386 0.24143817 9.339227
v -0.7388096 0.24143814 9.361706
v -4.7439585 0.24143817 9.360648
v 4.753047 0.24143809 9.37822
v -2.7103877 0.24143814 9.354018
v -2.691 0.24143814 9.449
v -3.1025765 0.24143814 9.368059
v -2.7300184 0.24143814 9.365065
v -3.218 0.24143814 9.392625
v -4.7510157 0.24143817 9.381875
v -0.76762503 0.24143814 9.395125
v -2.7498436 0.24143814 9.375125
v -6.6665 0.2414382 9.5
v -5.2065 0.24143817 9.5
v -5.2065 0.2414382 9.367269
v -3.0734444 0.24143814 9.385852
v -2.7698147 0.24143814 9.384185
v 4.783125 0.24143809 9.411
v -4.7611666 0.24143817 9.402518
v -2.7898831 0.24143814 9.392231
v -3.0413125 0.24143814 9.400047
v -2.81 0.24143814 9.39925
v -3.1853147 0.24143814 9.424553
v -0.8011279 0.24143814 9.424899
v -2.8301167 0.24143814 9.405227
v -3.006389 0.24143814 9.4104395
v -4.7745676 0.24143817 9.42219
v -2.8501852 0.24143814 9.410148
v -2.8701563 0.24143814 9.414
v -2.9688818 0.24143814 9.416826
v 4.8175573 0.24143809 9.439613
v 1.221 0.24143809 9.5
v -2.8899815 0.24143814 9.416768
v -2.9096122 0.24143814 9.41844
v -2.929 0.24143814 9.419
v -4.791375 0.24143817 9.4405
v -3.147185 0.24143814 9.45263
v -0.83914816 0.24143814 9.450481
v 4.856 0.24143809 9.46374
v -4.8117447 0.24143817 9.45706
v -2.7078912 0.24143814 9.457533
v -0.8815156 0.24143814 9.471328
v -3.1035 0.24143814 9.475985
v -4.8358335 0.24143817 9.471481
v -2.7251296 0.24143814 9.465597
v 4.8981094 0.24143809 9.483063
v -2.7428124 0.24143814 9.473141
v -0.9280602 0.24143814 9.486894
v -4.8637967 0.24143817 9.483375
v -2.761037 0.24143814 9.480111
v -3.0541482 0.24143814 9.493746
v -2.7799006 0.24143814 9.486457
v 4.9435415 0.24143809 9.497259
v -4.8957915 0.24143817 9.492352
v -2.7995 0.24143814 9.492125
v -0.9786117 0.24143814 9.496633
v -2.819933 0.24143814 9.497065
v -4.931974 0.24143817 9.498023
v -2.9990184 0.24143814 9.505041
v 5.1535616 0.24143809 9.500088
v 6.7105 0.24143806 9.5
v 5.1745 0.24143809 9.496
v -1.033 0.24143814 9.5
v -2.8412962 0.24143814 9.501223
v 4.991953 0.24143809 9.506012
v -4.9725 0.24143817 9.5
v 5.132407 0.24143809 9.50337
v -2.8636875 0.24143814 9.504547
v 5.110906 0.24143809 9.505875
v -2.8872037 0.24143814 9.506986
v -2.938 0.24143764 9.509
v 5.088926 0.24143809 9.507629
v 5.043 0.24143809 9.509
v -2.911942 0.24143814 9.508488
v 5.0663347 0.24143809 9.508662
v -8.784 0.2414382 5.5
v -8.152747 0.24143818 8.152747
v -8.784 0.2414382 5.407
v -10.123003 0.24143818 10.123003
v -9.216 0.24143817 5.5
v -9.048 0.2414382 6.818
v -8.95 0.2414382 6.818
v -9.048 0.2414382 7.5
v -8.827824 0.24143822 3.3317013
v -8.152747 0.24143818 8.152747
v -8.826 0.24143822 3.302
v -8.833176 0.24143822 3.3596945
v -8.841875 0.24143822 3.3858125
v -8.853741 0.24143817 3.4098887
v -8.868592 0.24143817 3.431757
v -8.88625 0.24143817 3.45125
v -8.906532 0.2414382 3.4682014
v -8.929259 0.2414382 3.4824443
v -10.123003 0.24143818 10.123003
v -9.173751 0.24143817 3.4760191
v -9.186 0.24143817 3.47
v -9.1615095 0.24143817 3.4815695
v -9.1492815 0.24143817 3.4866407
v -8.95425 0.2414382 3.4938126
v -9.137074 0.24143817 3.4912221
v -9.124895 0.24143817 3.4953039
v -8.981324 0.24143817 3.5021389
v -9.11275 0.24143817 3.4988751
v -9.100647 0.24143817 3.5019255
v -9.088593 0.2414382 3.5044446
v -9.010301 0.2414382 3.507257
v -9.076593 0.24143817 3.506422
v -9.064657 0.24143817 3.5078473
v -9.041 0.24143817 3.509
v -9.052791 0.2414382 3.5087101
v -9.202 0.24143817 4.874
v -9.188329 0.24143817 4.863478
v -9.174796 0.24143817 4.8539076
v -9.161375 0.2414382 4.845281
v -9.148037 0.2414382 4.8375926
v -9.134754 0.2414382 4.8308344
v -9.1215 0.2414382 4.825
v -9.108245 0.2414382 4.820082
v -9.094963 0.2414382 4.816074
v -9.081625 0.2414382 4.8129687
v -9.068204 0.2414382 4.810759
v -9.054671 0.2414382 4.8094387
v -9.041 0.2414382 4.809
v -9.011069 0.2414382 4.810785
v -8.982884 0.2414382 4.8160276
v -8.95661 0.2414382 4.8245625
v -8.932407 0.2414382 4.836222
v -8.910441 0.24143817 4.85084
v -8.890875 0.24143817 4.86825
v -8.873871 0.24143817 4.8882847
v -8.859592 0.24143817 4.9107776
v -8.848203 0.2414382 4.9355626
v -8.839866 0.2414382 4.962472
v -9.202 0.24143817 4.9969997
v -9.060273 0.2414382 4.905473
v -9.031623 0.2414382 4.906086
v -9.048 0.2414382 4.9049997
v -9.072602 0.2414382 4.906954
v -9.016069 0.2414382 4.909273
v -9.085 0.2414382 4.909531
v -9.001453 0.2414382 4.914453
v -9.097482 0.2414382 4.913296
v -9.11006 0.2414382 4.9183393
v -8.987889 0.2414382 4.9215183
v -9.12275 0.2414382 4.92475
v -8.975492 0.2414382 4.9303617
v -9.135565 0.2414382 4.932619
v -8.964375 0.2414382 4.940875
v -9.148519 0.2414382 4.942037
v -8.954655 0.2414382 4.952951
v -9.161625 0.2414382 4.9530935
v -8.9464445 0.2414382 4.966481
v -9.174898 0.24143817 4.9658794
v -8.8347435 0.2414382 4.99134
v -9.188352 0.24143817 4.980485
v -8.939859 0.2414382 4.9813595
v -8.935014 0.24143817 4.997477
v -8.833 0.2414382 5.022
v -9.216 0.24143817 5.493
v -8.932022 0.24143817 5.014726
v -8.931 0.24143817 5.033
v -8.834269 0.2414382 5.049436
v -8.931334 0.24143817 5.0467963
v -8.932333 0.24143817 5.059787
v -8.838148 0.2414382 5.076491
v -8.934 0.24143817 5.072125
v -8.936334 0.24143817 5.083963
v -8.84475 0.2414382 5.1035314
v -8.939333 0.24143817 5.0954537
v -8.943 0.24143817 5.10675
v -8.854185 0.2414382 5.1309257
v -8.784 0.2414382 5.407
v -8.947333 0.2414382 5.118005
v -8.952333 0.2414382 5.12937
v -8.958 0.2414382 5.141
v -8.866565 0.24143817 5.159043
v -8.964334 0.2414382 5.153046
v -8.9713335 0.2414382 5.165662
v -8.882 0.24143817 5.18825
v -8.979 0.2414382 5.179
v -8.994415 0.2414382 5.2042375
v -8.900601 0.24143817 5.2189155
v -9.011486 0.2414382 5.2303147
v -8.922482 0.24143817 5.2514076
v -9.029953 0.2414382 5.2570314
v -8.94775 0.24143817 5.2860937
v -9.049556 0.2414382 5.2841854
v -9.070033 0.2414382 5.3115754
v -8.976519 0.2414382 5.323343
v -9.091125 0.2414382 5.339
v -9.008898 0.2414382 5.363522
v -9.112571 0.2414382 5.366258
v -9.045 0.2414382 5.407
v -9.134111 0.2414382 5.393148
v -9.155484 0.24143817 5.419469
v -9.176431 0.24143817 5.445019
v -9.19669 0.24143817 5.469596
v -9.216 0.24143817 5.5
v -8.779 0.2414382 1.276
v -8.152747 0.24143818 8.152747
v -8.779 0.2414382 1.188
v -10.123003 0.24143818 10.123003
v -9.169 0.24143817 2.8379998
v -9.239 0.24143817 1.276
v -8.95 0.2414382 1.276
v -8.95 0.24143817 1.5
v -8.852 0.2414382 1.5
v -8.852 0.24143822 1.276
v -9.158784 0.24143817 2.8332279
v -9.148602 0.24143817 2.8289073
v -9.138406 0.24143817 2.8250313
v -9.128148 0.24143817 2.8215926
v -9.117779 0.24143817 2.8185844
v -9.10725 0.24143817 2.816
v -9.096513 0.24143817 2.813832
v -9.085519 0.24143817 2.812074
v -9.074219 0.24143817 2.8107188
v -9.062565 0.24143817 2.8097591
v -9.0505085 0.24143817 2.8091886
v -9.038 0.24143817 2.809
v -9.008416 0.24143817 2.8104398
v -8.98075 0.2414382 2.814685
v -8.955125 0.2414382 2.821625
v -8.931666 0.24143817 2.8311481
v -8.9105 0.2414382 2.8431435
v -8.89175 0.2414382 2.8575
v -8.875542 0.2414382 2.8741064
v -8.8619995 0.2414382 2.8928518
v -8.85125 0.24143817 2.913625
v -8.843416 0.24143817 2.9363148
v -8.838625 0.24143817 2.9608102
v -9.169 0.24143817 2.931
v -9.062158 0.24143817 2.9021695
v -9.035553 0.2414382 2.9028037
v -9.053 0.24143817 2.902
v -9.071176 0.24143817 2.9026897
v -9.080125 0.24143817 2.903578
v -9.019259 0.24143817 2.9051805
v -9.089074 0.24143817 2.904852
v -9.098093 0.24143817 2.9065282
v -9.004188 0.2414382 2.9090781
v -9.10725 0.24143817 2.908625
v -9.116615 0.24143817 2.911159
v -8.990407 0.24143817 2.9144444
v -9.126259 0.24143817 2.914148
v -9.13625 0.24143817 2.9176095
v -8.977988 0.24143817 2.9212275
v -9.146657 0.24143817 2.9215603
v -8.967 0.2414382 2.929375
v -9.157551 0.24143817 2.926018
v -8.957512 0.24143817 2.9388351
v -9.186 0.24143817 3.364
v -9.07 0.24143817 3.103
v -8.949593 0.24143817 2.9495556
v -8.943313 0.24143817 2.9614844
v -8.837 0.24143817 2.987
v -8.938741 0.24143817 2.9745693
v -8.935946 0.2414382 2.9887586
v -8.837528 0.24143817 3.0053265
v -8.935 0.2414382 3.004
v -8.935938 0.2414382 3.0189722
v -8.839139 0.24143817 3.022361
v -8.93875 0.2414382 3.032861
v -8.841875 0.24143817 3.0381875
v -8.943438 0.2414382 3.045625
v -8.8457775 0.24143817 3.0528889
v -8.95 0.24143817 3.0572221
v -8.850889 0.24143817 3.0665486
v -8.958438 0.24143817 3.067611
v -8.85725 0.24143817 3.07925
v -8.828537 0.24143822 3.2671528
v -8.96875 0.2414382 3.07675
v -8.980937 0.24143817 3.084597
v -8.8649025 0.24143817 3.0910764
v -8.83175 0.24143822 3.2501094
v -8.995 0.2414382 3.0911112
v -8.873889 0.2414382 3.102111
v -8.836296 0.24143817 3.2335556
v -9.010938 0.24143817 3.09625
v -9.02875 0.24143817 3.0999722
v -9.048437 0.2414382 3.102236
v -8.88425 0.2414382 3.1124375
v -8.842204 0.24143817 3.2176683
v -9.07 0.24143817 3.193
v -8.896028 0.2414382 3.122139
v -8.8495 0.24143817 3.202625
v -8.909264 0.2414382 3.1312985
v -8.86837 0.24143817 3.1757777
v -8.858212 0.24143817 3.1886024
v -8.924 0.2414382 3.1399999
v -8.907787 0.2414382 3.1462622
v -8.893129 0.2414382 3.1544306
v -8.88 0.2414382 3.164328
v -9.025505 0.2414382 3.1950555
v -9.046751 0.24143817 3.1929133
v -9.006266 0.2414382 3.1992812
v -8.989037 0.2414382 3.2054443
v -8.973823 0.24143817 3.2133994
v -8.960625 0.24143817 3.223
v -8.949449 0.2414382 3.2341008
v -8.940296 0.2414382 3.2465556
v -8.933172 0.2414382 3.2602186
v -8.928079 0.2414382 3.2749443
v -8.82663 0.24143822 3.2845087
v -8.92502 0.2414382 3.2905867
v -8.826 0.24143822 3.302
v -8.924 0.2414382 3.307
v -8.924885 0.2414382 3.3230093
v -8.927495 0.2414382 3.3379908
v -8.931766 0.2414382 3.351875
v -8.93763 0.2414382 3.3645926
v -9.186 0.24143817 3.47
v -9.17304 0.24143817 3.3723755
v -8.945022 0.2414382 3.376074
v -9.160157 0.24143817 3.3800046
v -8.953875 0.2414382 3.38625
v -9.147344 0.24143817 3.3868906
v -8.964125 0.2414382 3.395051
v -9.134593 0.24143817 3.393037
v -9.121897 0.24143817 3.3984473
v -8.975703 0.24143817 3.4024074
v -9.10925 0.24143817 3.403125
v -8.988547 0.24143817 3.40825
v -9.096644 0.24143817 3.4070735
v -9.084074 0.2414382 3.4102962
v -9.002588 0.2414382 3.4125092
v -9.071531 0.24143817 3.412797
v -9.017761 0.2414382 3.4151158
v -9.05901 0.24143814 3.4145787
v -9.046501 0.2414382 3.4156454
v -9.034 0.24143817 3.416
v -10.123003 0.24143818 10.123003
v -9.2 0.24143814 -0.533
v -10.123003 0.24143818 -10.123003
v -8.812 0.24143817 -0.709
v -8.152747 0.24143818 8.152747
v -8.152747 0.24143818 -8.152747
v -8.813924 0.24143814 -0.67824185
v -8.81956 0.24143814 -0.64910185
v -8.828703 0.24143814 -0.62178123
v -8.841148 0.24143814 -0.59648144
v -8.85669 0.24143814 -0.57340395
v -8.875125 0.24143814 -0.55275
v -8.896247 0.24143814 -0.534721
v -8.919852 0.24143814 -0.5195185
v -9.185486 0.24143814 -0.5258715
v -9.171389 0.24143814 -0.51947224
v -8.945734 0.24143814 -0.50734377
v -8.779 0.2414382 1.188
v -9.157625 0.24143814 -0.51378125
v -9.144111 0.24143814 -0.50877774
v -9.130764 0.24143814 -0.50444096
v -8.97369 0.24143814 -0.49839813
v -9.1175 0.24143817 -0.50075
v -9.104236 0.24143817 -0.49768406
v -9.003513 0.24143814 -0.4928831
v -9.090889 0.24143817 -0.49522227
v -9.077375 0.24143817 -0.49334377
v -9.239 0.24143817 1.231
v -9.063611 0.24143817 -0.49202782
v -9.035 0.24143814 -0.491
v -9.049514 0.24143817 -0.4912535
v -8.894 0.24143817 0.80899996
v -8.852 0.24143817 0.80899996
v -8.852 0.24143817 1.0011063
v -8.852 0.24143822 1.188
v -9.239 0.24143817 1.276
v -9.108 0.24143817 1.188
v -8.95 0.24143817 0.99399996
v -8.952 0.24143817 0.99399996
v -8.95 0.24143814 1.188
v -9.2 0.24143814 -0.533
v -9.206 0.24143814 -2.733
v -10.123003 0.24143818 -10.123003
v -8.785 0.24143814 -2.695
v -8.812 0.24143817 -0.709
v -8.152747 0.24143818 -8.152747
v -9.205099 0.24143814 -2.715735
v -9.204173 0.24143814 -2.6979885
v -9.2 0.24143814 -0.634
v -9.198801 0.24143814 -2.665074
v -8.786873 0.24143814 -2.6676683
v -8.792319 0.24143814 -2.6413472
v -9.190047 0.24143814 -2.6344376
v -8.801078 0.24143814 -2.6162968
v -9.178074 0.24143814 -2.6062593
v -8.812889 0.24143814 -2.5927777
v -9.163046 0.24143814 -2.58072
v -8.827492 0.24143814 -2.5710504
v -9.145125 0.24143814 -2.558
v -8.8446245 0.24143814 -2.551375
v -9.1244755 0.24143814 -2.53828
v -8.86403 0.24143814 -2.534012
v -9.101259 0.24143814 -2.5217407
v -8.885445 0.24143814 -2.5192223
v -9.075641 0.24143814 -2.5085626
v -8.908609 0.24143814 -2.5072656
v -9.047782 0.24143814 -2.498926
v -8.933264 0.24143814 -2.4984028
v -8.813939 0.24143817 -0.73985124
v -9.149 0.24143814 -1.182
v -9.017848 0.24143814 -2.4930117
v -8.959147 0.24143814 -2.4928942
v -8.846 0.24143817 -1.182
v -8.986 0.24143814 -2.491
v -9.149 0.24143814 -0.827
v -8.846 0.24143817 -1.0940001
v -9.06 0.24143814 -0.923
v -9.06 0.24143817 -1.0940001
v -9.02277 0.24143817 -0.9230862
v -8.988157 0.24143817 -0.91902316
v -8.956282 0.24143817 -0.9110781
v -8.927259 0.24143817 -0.8995185
v -8.90121 0.24143817 -0.88461167
v -8.87825 0.24143817 -0.866625
v -8.858499 0.24143817 -0.8458258
v -8.842074 0.24143817 -0.8224815
v -8.829094 0.24143817 -0.7968594
v -8.819675 0.24143817 -0.76922685
v -9.112787 0.24143817 -0.8338629
v -9.048375 0.24143814 -0.8356719
v -9.079213 0.24143817 -0.8366528
v -9.0203705 0.24143814 -0.83122224
v -8.9952965 0.24143814 -0.8236059
v -8.97325 0.24143814 -0.813125
v -8.954329 0.24143814 -0.8000816
v -8.93863 0.24143814 -0.78477776
v -8.92625 0.24143814 -0.76751566
v -8.917287 0.24143814 -0.74859726
v -8.911838 0.24143814 -0.72832465
v -8.91 0.24143814 -0.707
v -8.9113035 0.24143814 -0.6905052
v -8.915097 0.24143814 -0.674625
v -8.921203 0.24143814 -0.6595156
v -8.929444 0.24143814 -0.6453333
v -8.939644 0.24143814 -0.63223433
v -9.18773 0.24143814 -0.62608385
v -8.951625 0.24143814 -0.6203749
v -9.175422 0.24143814 -0.61883795
v -8.96521 0.24143814 -0.60991144
v -9.163078 0.24143814 -0.6122656
v -9.150703 0.24143814 -0.60637033
v -8.980222 0.24143814 -0.60099995
v -9.138302 0.24143814 -0.60115564
v -9.125875 0.24143814 -0.596625
v -8.996485 0.24143814 -0.59379685
v -9.113428 0.24143817 -0.5927818
v -9.01382 0.24143814 -0.5884583
v -9.100963 0.24143817 -0.58962965
v -9.088485 0.24143817 -0.58717185
v -9.03205 0.24143814 -0.5851406
v -9.075995 0.24143817 -0.585412
v -9.063499 0.24143817 -0.58435357
v -9.051 0.24143817 -0.584
v -8.76 0.24143814 -5.182
v -8.785 0.24143814 -2.695
v -8.152747 0.24143818 -8.152747
v -9.069 0.24143809 -4.491
v -8.786676 0.24143814 -2.7226534
v -9.206 0.24143814 -2.733
v -9.156 0.24143809 -4.529
v -9.201 0.24143809 -5.089
v -8.906 0.24143814 -5.089
v -9.204009 0.24143814 -2.77568
v -9.19807 0.24143814 -2.8181064
v -9.188234 0.24143814 -2.8601093
v -9.174556 0.24143814 -2.9015186
v -9.157085 0.24143814 -2.9421637
v -9.135875 0.24143814 -2.981875
v -9.110977 0.24143814 -3.020482
v -9.082444 0.24143814 -3.0578148
v -9.050328 0.24143814 -3.0937033
v -9.014681 0.24143814 -3.127977
v -8.9755535 0.24143814 -3.160466
v -8.933 0.24143814 -3.191
v -8.874 0.24143814 -3.1160002
v -8.791578 0.24143814 -2.748977
v -8.897744 0.24143814 -3.1011314
v -8.920871 0.24143814 -3.0846343
v -8.799516 0.24143814 -2.7737656
v -8.943219 0.24143814 -3.0666718
v -8.810296 0.24143814 -2.796815
v -8.964629 0.24143814 -3.0474074
v -8.984943 0.24143814 -3.027004
v -8.8237295 0.24143814 -2.8179195
v -9.004 0.24143814 -3.005625
v -8.839625 0.24143814 -2.836875
v -9.02164 0.24143814 -2.9834335
v -8.857791 0.24143814 -2.8534763
v -9.0377035 0.24143814 -2.9605925
v -8.878037 0.24143814 -2.8675184
v -9.0520315 0.24143814 -2.9372656
v -8.900172 0.24143814 -2.8787968
v -9.064463 0.24143814 -2.9136157
v -8.949345 0.24143814 -2.8922424
v -8.924005 0.24143814 -2.8871064
v -9.074839 0.24143814 -2.8898063
v -8.987042 0.24143814 -2.8937166
v -8.976 0.24143814 -2.894
v -8.997676 0.24143814 -2.892898
v -9.007906 0.24143814 -2.8915937
v -9.01774 0.24143814 -2.8898518
v -9.027186 0.24143814 -2.887721
v -9.083 0.24143814 -2.866
v -9.076082 0.24143814 -2.8694918
v -9.068824 0.24143814 -2.8729353
v -9.061218 0.24143814 -2.8762813
v -9.053259 0.24143814 -2.8794816
v -9.044939 0.24143814 -2.8824873
v -9.03625 0.24143814 -2.88525
v -8.785827 0.24143814 -2.7086365
v -9.006126 0.24143814 -2.8008265
v -8.980123 0.24143814 -2.8000798
v -8.996 0.24143814 -2.801
v -9.015597 0.24143814 -2.8002777
v -9.024547 0.24143814 -2.7993126
v -8.96506 0.24143814 -2.797389
v -9.033112 0.24143814 -2.797889
v -9.041426 0.24143814 -2.7959652
v -8.950922 0.24143814 -2.7930312
v -9.049625 0.24143814 -2.7935
v -9.057845 0.24143814 -2.7904515
v -8.937815 0.24143814 -2.787111
v -9.066222 0.24143814 -2.7867777
v -8.925847 0.24143814 -2.7797327
v -9.07489 0.24143814 -2.7824376
v -9.083986 0.24143814 -2.7773888
v -8.915125 0.24143814 -2.771
v -9.093644 0.24143814 -2.7715902
v -9.104 0.24143814 -2.765
v -8.905758 0.24143814 -2.7610173
v -9.108614 0.24143814 -2.737911
v -8.897852 0.24143814 -2.749889
v -8.891516 0.24143814 -2.7377188
v -9.109662 0.24143814 -2.7127037
v -8.886856 0.24143814 -2.724611
v -8.883982 0.24143814 -2.7106702
v -9.107453 0.24143814 -2.6894689
v -8.883 0.24143814 -2.696
v -8.8839035 0.24143814 -2.6797216
v -9.102296 0.24143814 -2.6682963
v -8.88656 0.24143814 -2.66444
v -9.094501 0.24143814 -2.6492765
v -8.890891 0.24143814 -2.6502345
v -8.896814 0.24143814 -2.637185
v -9.084375 0.24143814 -2.6325
v -8.904253 0.24143814 -2.6253722
v -9.072228 0.24143814 -2.6180568
v -8.913125 0.24143814 -2.614875
v -9.058371 0.24143814 -2.6060371
v -8.923351 0.24143814 -2.6057737
v -9.043109 0.24143814 -2.5965312
v -8.934852 0.24143814 -2.598148
v -8.947547 0.24143814 -2.5920782
v -9.026754 0.24143814 -2.5896297
v -8.961356 0.24143814 -2.5876436
v -9.009615 0.24143814 -2.5854225
v -8.976201 0.24143814 -2.5849242
v -8.992 0.24143814 -2.584
v -9.206 0.24143814 -2.733
v -9.218 0.24143809 -6.685
v -10.123003 0.24143818 -10.123003
v -9.21604 0.24143809 -6.658285
v -8.78392 0.24143814 -6.657305
v -8.76 0.24143814 -5.182
v -8.782 0.24143814 -6.684
v -9.210315 0.24143809 -6.6327825
v -8.789528 0.24143814 -6.6318564
v -9.201062 0.24143809 -6.608703
v -8.7985935 0.24143814 -6.6078596
v -9.201 0.24143814 -5.182
v -9.188519 0.24143809 -6.5862594
v -8.810889 0.24143814 -6.5855184
v -9.172919 0.24143809 -6.5656624
v -8.826184 0.24143814 -6.5650387
v -9.1545 0.24143809 -6.547125
v -8.84425 0.24143814 -6.546625
v -9.133497 0.24143809 -6.530858
v -8.864858 0.24143814 -6.5304823
v -9.110148 0.24143809 -6.517074
v -8.887777 0.24143809 -6.5168147
v -9.084687 0.24143809 -6.5059843
v -8.912781 0.24143809 -6.505828
v -9.057352 0.24143809 -6.497801
v -8.939639 0.24143809 -6.497727
v -9.028378 0.24143809 -6.4927354
v -8.968122 0.24143809 -6.492716
v -8.998 0.24143809 -6.491
v -9.201 0.24143809 -5.089
v -9.218 0.24143809 -6.685
v -9.217663 0.24143809 -6.6939244
v -10.123003 0.24143818 -10.123003
v -9.217333 0.24143809 -6.7026067
v -9.202 0.24143809 -6.995
v -9.20016 0.24143809 -7.022384
v -9.194782 0.24143809 -7.0484076
v -9.186078 0.24143809 -7.072875
v -9.174259 0.24143809 -7.0955925
v -9.159537 0.24143809 -7.116366
v -9.142125 0.24143809 -7.135
v -8.152747 0.24143818 -8.152747
v -9.122233 0.24143809 -7.151301
v -9.100074 0.24143809 -7.1650743
v -9.075859 0.24143809 -7.176125
v -9.049801 0.24143809 -7.1842594
v -9.022111 0.24143809 -7.1892824
v -8.993 0.24143809 -7.191
v -8.964888 0.24143809 -7.1892624
v -8.938181 0.24143809 -7.1841807
v -8.913078 0.24143809 -7.1759534
v -8.889778 0.24143809 -7.1647778
v -8.868478 0.24143809 -7.1508527
v -8.849375 0.24143814 -7.134375
v -8.832668 0.24143814 -7.1155434
v -8.818556 0.24143814 -7.0945554
v -8.807235 0.24143814 -7.0716095
v -8.7989025 0.24143814 -7.0469027
v -8.793758 0.24143814 -7.0206337
v -8.792 0.24143814 -6.993
v -8.782 0.24143814 -6.684
v -8.76 0.24143814 -5.182
v -9.201067 0.24143809 -7.0088806
v -8.792868 0.24143814 -7.006627
v -9.20138 0.24143809 -6.9806304
v -8.792564 0.24143814 -6.9801593
v -9.199542 0.24143809 -6.966542
v -8.794269 0.24143814 -6.96719
v -8.782666 0.24143814 -6.7010913
v -8.797125 0.24143814 -6.954172
v -9.196516 0.24143809 -6.9527655
v -8.801148 0.24143814 -6.941185
v -9.192333 0.24143809 -6.9393334
v -8.806352 0.24143814 -6.9283094
v -9.215328 0.24143809 -6.719435
v -9.187026 0.24143809 -6.926276
v -8.81275 0.24143814 -6.915625
v -8.784662 0.24143814 -6.717815
v -9.180625 0.24143809 -6.9136252
v -8.820356 0.24143814 -6.903211
v -9.211985 0.24143809 -6.7355
v -9.1731615 0.24143809 -6.9014115
v -8.8291855 0.24143814 -6.891148
v -8.787984 0.24143814 -6.7340937
v -9.207296 0.24143809 -6.750815
v -9.164667 0.24143809 -6.8896666
v -8.83925 0.24143814 -6.8795156
v -8.792629 0.24143814 -6.7498517
v -9.155171 0.24143809 -6.878422
v -8.850565 0.24143814 -6.8683934
v -8.805875 0.24143814 -6.7795
v -8.798594 0.24143814 -6.7650127
v -9.201261 0.24143809 -6.7653937
v -9.193875 0.24143809 -6.77925
v -9.144709 0.24143809 -6.867708
v -8.863144 0.24143814 -6.8578615
v -8.814468 0.24143814 -6.793237
v -9.185135 0.24143809 -6.792398
v -9.133307 0.24143809 -6.8575573
v -8.877 0.24143809 -6.848
v -8.8618965 0.24143814 -6.8391585
v -8.848088 0.24143814 -6.829185
v -8.835578 0.24143814 -6.8181562
v -8.82437 0.24143814 -6.806148
v -9.175037 0.24143809 -6.804852
v -9.163578 0.24143809 -6.816625
v -9.150755 0.24143809 -6.8277316
v -9.136563 0.24143809 -6.8381853
v -9.121 0.24143809 -6.848
v -8.782329 0.24143814 -6.692428
v -9.015945 0.24143809 -6.799097
v -8.981183 0.24143809 -6.799059
v -8.998 0.24143809 -6.8
v -9.032731 0.24143809 -6.7964444
v -8.965301 0.24143809 -6.7963057
v -9.048282 0.24143809 -6.792125
v -8.950453 0.24143809 -6.791844
v -9.062518 0.24143809 -6.7862225
v -8.936741 0.24143809 -6.7857776
v -9.075367 0.24143809 -6.7788196
v -8.924265 0.24143809 -6.7782116
v -9.08675 0.24143809 -6.77
v -8.913125 0.24143809 -6.76925
v -9.096591 0.24143809 -6.759847
v -8.903423 0.24143809 -6.7589965
v -9.104815 0.24143809 -6.7484446
v -8.895259 0.24143809 -6.7475557
v -9.111343 0.24143809 -6.735875
v -8.888735 0.24143809 -6.735031
v -9.116102 0.24143809 -6.7222223
v -8.883949 0.24143809 -6.7215276
v -9.119013 0.24143809 -6.7075696
v -8.881004 0.24143809 -6.7071495
v -9.12 0.24143809 -6.692
v -8.88 0.24143809 -6.692
v -9.118976 0.24143809 -6.6766405
v -8.880853 0.24143809 -6.6779013
v -8.883403 0.24143809 -6.6642084
v -9.1159725 0.24143809 -6.662125
v -8.887641 0.24143809 -6.651078
v -9.1110935 0.24143809 -6.6485467
v -8.893556 0.24143809 -6.6386666
v -9.1044445 0.24143809 -6.636
v -8.901137 0.24143809 -6.62713
v -9.096128 0.24143809 -6.624578
v -8.910375 0.24143809 -6.616625
v -9.08625 0.24143809 -6.614375
v -8.921259 0.24143809 -6.6073074
v -9.074913 0.24143809 -6.6054845
v -8.933778 0.24143809 -6.5993333
v -9.0622225 0.24143809 -6.598
v -8.947922 0.24143809 -6.5928593
v -9.048282 0.24143809 -6.5920157
v -8.96368 0.24143809 -6.588042
v -9.033195 0.24143809 -6.587625
v -8.981044 0.24143809 -6.5850363
v -9.017066 0.24143809 -6.584922
v -9.0 0.24143809 -6.584
v -9.010799 0.24143809 -7.0971775
v -8.98012 0.24143809 -7.0971003
v -8.995 0.24143809 -7.098
v -9.025643 0.24143809 -7.0947547
v -8.966042 0.24143809 -7.0944676
v -9.0394535 0.24143809 -7.090797
v -8.952859 0.24143809 -7.0902033
v -9.052148 0.24143809 -7.0853705
v -8.940666 0.24143809 -7.0844073
v -9.063649 0.24143809 -7.0785413
v -8.929557 0.24143809 -7.0771813
v -9.073875 0.24143809 -7.070375
v -8.919625 0.24143809 -7.068625
v -9.082747 0.24143809 -7.060938
v -8.910963 0.24143809 -7.05884
v -9.090185 0.24143809 -7.0502963
v -8.9036665 0.24143809 -7.047926
v -9.096109 0.24143809 -7.0385156
v -8.897828 0.24143809 -7.0359845
v -9.10044 0.24143809 -7.025662
v -8.893541 0.24143809 -7.0231156
v -9.103097 0.24143809 -7.0118017
v -8.890901 0.24143809 -7.009421
v -9.104 0.24143809 -6.997
v -8.89 0.24143809 -6.995
v -9.103003 0.24143809 -6.98319
v -8.890979 0.24143809 -6.981439
v -9.100101 0.24143809 -6.969852
v -8.893828 0.24143809 -6.968347
v -9.095437 0.24143809 -6.957125
v -8.898422 0.24143809 -6.955859
v -9.0891485 0.24143809 -6.945148
v -8.90463 0.24143809 -6.9441113
v -9.081372 0.24143809 -6.93406
v -8.912324 0.24143809 -6.933238
v -9.07225 0.24143809 -6.924
v -8.921375 0.24143809 -6.923375
v -9.061919 0.24143809 -6.9151063
v -8.931656 0.24143809 -6.914658
v -9.050518 0.24143809 -6.9075184
v -8.943037 0.24143809 -6.9072223
v -9.038187 0.24143809 -6.901375
v -8.955391 0.24143809 -6.901203
v -9.025064 0.24143809 -6.896815
v -8.968588 0.24143809 -6.896736
v -9.01129 0.24143809 -6.8939767
v -8.9825 0.24143809 -6.8939567
v -8.997 0.24143809 -6.893
vn -1.6635759 -0.2664287 -1.6734397
vn -0.26591456 -1.6685784 -0.26586938
vn -1.6588483 -0.26754522 -1.6780891
vn -0.26654935 -1.6544302 -0.26918328
vn -1.6780891 -0.26654935 -1.6588483
vn -0.26754522 -1.6544302 -0.26918328
vn -1.6824903 -0.26774096 -1.650356
vn -0.27130783 -1.6866081 -0.26945746
vn -1.6466608 -0.273883 -1.6904051
vn -0.2716658 -1.6433794 -0.27687383
vn -1.6433794 -0.27687383 -1.6938472
vn -0.2743342 -1.6904051 -0.2716658
vn -1.6405463 -0.28024435 -1.6405463
vn -0.28024435 -1.696897 -0.27743053
vn -1.6938472 -0.2743342 -1.6381965
vn -0.28395927 -1.669074 -0.28192317
vn -1.669074 -0.28192317 -1.6995194
vn -0.28092194 -1.696897 -0.27743053
vn -1.6663582 -0.28220797 -1.6716473
vn -0.2819438 -1.6995194 -0.28092194
vn -1.6638215 -0.2827599 -1.6740978
vn -0.28227043 -1.6363647 -0.28798342
vn -1.6614766 -0.2835672 -1.7016783
vn -0.28477573 -1.6764085 -0.2828865
vn -1.6593375 -0.28461766 -1.6785626
vn -0.2837758 -1.6574168 -0.28589904
vn -1.680543 -0.2849214 -1.7016783
vn -0.28477573 -1.6785626 -0.2837758
vn -1.6557281 -0.28739977 -1.6823323
vn -0.28630686 -1.680543 -0.2849214
vn -1.6350856 -0.2922809 -1.7033379
vn -0.2889607 -1.6542838 -0.28910732
vn -1.6839137 -0.28791595 -1.6530981
vn -0.29100943 -1.6852701 -0.28973174
vn -1.6521835 -0.2930944 -1.6343937
vn -0.29681683 -1.6863844 -0.2917379
vn -1.704462 -0.29344368 -1.6515532
vn -0.29534996 -1.6872399 -0.2939179
vn -1.6512206 -0.29776394 -1.6878188
vn -0.2962556 -1.704462 -0.29344368
vn -1.6872399 -0.2939179 -1.6343243
vn -0.3015554 -1.705015 -0.29819262
vn -1.6511986 -0.3003242 -1.6881044
vn -0.29873395 -1.705015 -0.29819262
vn -1.6878188 -0.2962556 -1.6514955
vn -0.30269623 -1.6345608 -0.30402756
vn -1.6880579 -0.30108118 -1.7050338
vn -0.30041194 -1.6345608 -0.30402756
vn -1.6521161 -0.30497003 -1.6514955
vn -0.30269623 -1.6876855 -0.30336428
vn -1.635005 -0.30644011 -1.6521161
vn -0.30497003 -1.7048571 -0.30266368
vn -1.6530349 -0.30712247 -1.6870065
vn -0.30555916 -1.6870065 -0.30555916
vn -1.7044826 -0.30493402 -1.7048571
vn -0.30266368 -1.6356514 -0.30878806
vn -1.6542273 -0.30913067 -1.6860425
vn -0.30764127 -1.7044826 -0.30493402
vn -1.7039065 -0.30720985 -1.6364934
vn -0.3110664 -1.6542273 -0.30913067
vn -1.6356514 -0.30878806 -1.6364934
vn -0.3110664 -1.6556678 -0.31097245
vn -1.6848145 -0.30958533 -1.703126
vn -0.30947685 -1.6375263 -0.31326973
vn -1.657331 -0.31262434 -1.6833436
vn -0.31136775 -1.6833436 -0.31136775
vn -1.7021377 -0.31172204 -1.703126
vn -0.30947685 -1.6387441 -0.3153932
vn -1.6591923 -0.31406462 -1.6816502
vn -0.31296396 -1.7021377 -0.31172204
vn -1.6816502 -0.31296396 -1.7009387
vn -0.31393135 -1.661226 -0.31526995
vn -1.6797557 -0.31434917 -1.7009387
vn -0.31393135 -1.640141 -0.3174317
vn -1.6634073 -0.31621766 -1.6776807
vn -0.3154986 -1.6995258 -0.31609106
vn -1.6417115 -0.31938004 -1.6634073
vn -0.31621766 -1.640141 -0.3174317
vn -1.6417115 -0.31938004 -1.6657104
vn -0.31688535 -1.6754463 -0.31638813
vn -1.6681106 -0.31725 -1.673073
vn -0.316993 -1.6705825 -0.3172891
vn -1.6705825 -0.3172891 -1.6995258
vn -0.31609106 -1.673073 -0.316993
vn -1.6978962 -0.31818807 -1.6434498
vn -0.3212335 -1.6434498 -0.3212335
vn -1.6960464 -0.3202083 -1.6978962
vn -0.31818807 -1.6453505 -0.32298613
vn -1.6960464 -0.3202083 -1.6939731
vn -0.3221377 -1.647407 -0.32463312
vn -1.691674 -0.3239634 -1.649615
vn -0.32616973 -1.647021 -0.32800293
vn -1.6943574 -0.3253516 -1.647021
vn -0.32800293 -1.6968277 -0.32694638
vn -1.6943574 -0.3253516 -1.6446693
vn -0.329934 -1.6968277 -0.32694638
vn -1.6446693 -0.329934 -1.6990838
vn -0.32873487 -1.6425595 -0.33196473
vn -1.6425595 -0.33196473 -1.7011242
vn -0.3307042 -1.6990838 -0.32873487
vn -1.6406906 -0.33409834 -1.6712506
vn -0.3333342 -1.6712506 -0.3333342
vn -1.7029476 -0.3328408 -1.7011242
vn -0.3307042 -1.6390626 -0.3363371
vn -1.6681657 -0.33365226 -1.6741581
vn -0.33334458 -1.7029476 -0.3328408
vn -1.6652961 -0.33426142 -1.6769207
vn -0.33367562 -1.6741581 -0.33334458
vn -1.6626549 -0.33514678 -1.6795204
vn -0.33431065 -1.6769207 -0.33367562
vn -1.7045531 -0.33513188 -1.6376748
vn -0.33868337 -1.660254 -0.33629322
vn -1.6819386 -0.33523285 -1.6581063
vn -0.33768606 -1.6841576 -0.3364246
vn -1.7045531 -0.33513188 -1.6819386
vn -0.33523285 -1.6841576 -0.3364246
vn -1.7059393 -0.337564 -1.6365271
vn -0.3411392 -1.6581063 -0.33768606
vn -1.6376748 -0.33868337 -1.6365271
vn -0.3411392 -1.656224 -0.3393097
vn -1.6861589 -0.3378688 -1.6546192
vn -0.3411491 -1.6879237 -0.3395493
vn -1.6356184 -0.34370768 -1.7071044
vn -0.34012425 -1.653305 -0.3431896
vn -1.6894345 -0.3414483 -1.6349485
vn -0.34639084 -1.653305 -0.3431896
vn -1.6356184 -0.34370768 -1.7080474
vn -0.34279943 -1.6349485 -0.34639084
vn -1.6522932 -0.3454162 -1.6906724
vn -0.34354877 -1.6515961 -0.34781313
vn -1.6345174 -0.34919095 -1.6515961
vn -0.34781313 -1.6916194 -0.3458339
vn -1.7087672 -0.3455763 -1.6345174
vn -0.34919095 -1.651227 -0.35036612
vn -1.6922569 -0.3482864 -1.6343243
vn -0.3521111 -1.7092624 -0.34844196
vn -1.6343243 -0.3521111 -1.6511977
vn -0.3530599 -1.651227 -0.35036612
vn -1.6925669 -0.35088944 -1.6343682
vn -0.35515285 -1.6511977 -0.3530599
vn -1.709532 -0.35138297 -1.6515129
vn -0.35569882 -1.6925473 -0.35332847
vn -1.6349475 -0.35974157 -1.7094419
vn -0.35600328 -1.6922317 -0.3557124
vn -1.6521618 -0.35817456 -1.6916199
vn -0.35801482 -1.6531255 -0.36047196
vn -1.6361649 -0.36408734 -1.7087054
vn -0.36044216 -1.6907125 -0.3602085
vn -1.6543853 -0.3625753 -1.6895099
vn -0.36226618 -1.6559219 -0.36446953
vn -1.6379776 -0.3681556 -1.7073598
vn -0.36466193 -1.6880126 -0.364161
vn -1.7073598 -0.36466193 -1.6895099
vn -0.36226618 -1.6577168 -0.3661394
vn -1.6862206 -0.36586618 -1.6880126
vn -0.364161 -1.6597514 -0.36756968
vn -1.6403427 -0.37191224 -1.7054422
vn -0.36862516 -1.6841347 -0.3673544
vn -1.7054422 -0.36862516 -1.6862206
vn -0.36586618 -1.6620066 -0.3687458
vn -1.6817553 -0.36859858 -1.6841347
vn -0.3673544 -1.6403427 -0.37191224
vn -1.6644635 -0.36965132 -1.6620066
vn -0.3687458 -1.6790824 -0.3695717
vn -1.667104 -0.37027216 -1.6644635
vn -0.36965132 -1.6761167 -0.3702469
vn -1.6699085 -0.3705926 -1.6432176
vn -0.37532246 -1.6761167 -0.3702469
vn -1.7029908 -0.3722949 -1.6728585
vn -0.3705969 -1.7029908 -0.3722949
vn -1.6465602 -0.37835252 -1.6465602
vn -0.37835252 -1.7000434 -0.37563324
vn -1.6503277 -0.38096726 -1.7000434
vn -0.37563324 -1.6966372 -0.3786031
vn -1.6544769 -0.38313293 -1.6544769
vn -0.38313293 -1.6928098 -0.38116693
vn -1.6966372 -0.3786031 -1.6589658
vn -0.38481486 -1.6928098 -0.38116693
vn -1.6589658 -0.38481486 -1.6885993
vn -0.38328743 -1.6637516 -0.38597894
vn -1.6885993 -0.38328743 -1.6840429
vn -0.38492727 -1.668792 -0.38659048
vn -1.6791785 -0.3860488 -1.6740437
vn -0.38661504 -0.28466251 -0.28588247
vn -0.2955816 -0.29088986 -0.2955816
vn -0.28588247 -0.28466251 -0.29088986
vn -0.28466251 -0.28115547 -0.2955816
vn -0.28115547 -0.28466251 -0.27674985
vn -0.2955816 -0.27674985 -0.28466251
vn -0.27270627 -0.2955816 -0.27270627
vn -0.28466251 -0.26906562 -0.2955816
vn -0.26906562 -0.28466251 -0.26586938
vn -0.2955816 -0.26586938 0.042911917
vn -0.269305 0.053830832 -0.26586938
vn 0.05383098 -0.269305 0.04291174
vn -0.26586938 0.04291174 -0.27308178
vn 0.05383098 -0.27308178 0.04291174
vn -0.2771659 0.053830832 -0.2771659
vn 0.04291174 -0.28152204 0.053830832
vn -0.28152204 0.04291174 -0.2861154
vn 0.053830832 -0.2861154 0.042911917
vn -0.28915787 0.053830832 -0.2891574
vn 0.042911917 -0.28765774 0.042911917
vn -0.29207587 0.053830832 -0.29207587
vn 0.042911917 -0.29487205 0.05383098
vn -0.29487205 0.04291174 -0.29754925
vn 0.053830832 -0.29754925 0.042911917
vn -0.30010986 0.05383098 -0.30010986
vn 0.04291174 -0.30255568 0.05383098
vn -0.30255568 0.04291174 -0.30488956
vn 0.05383098 -0.30488956 0.04291174
vn -0.30711377 0.05383098 -0.30711377
vn 0.042911917 -0.30923128 0.053830832
vn -0.30923128 1.0759335 -0.26586938
vn 1.0781022 -0.2767918 1.0759335
vn -0.2767918 1.0781022 -0.26586938
vn 1.0735261 -0.26586938 1.0735258
vn -0.2767918 1.0708792 -0.26586938
vn 1.0708792 -0.2767918 1.0935608
vn -0.2767918 1.0914283 -0.26586938
vn 1.0935608 -0.26586938 1.0914283
vn -0.2767918 1.0955378 -0.2767918
vn 1.0955378 -0.26586938 1.097353
vn -0.2767918 1.097353 -0.26586938
vn 0.031992316 -0.30835938 0.021073222
vn -0.31022763 0.021073222 -0.30835962
vn 0.031992316 -0.31022763 0.031992495
vn -0.30639732 0.021073401 -0.30639768
vn 0.031992316 -0.3043468 0.021073222
vn -0.3043468 0.031992495 -0.30221272
vn 0.021073401 -0.30221307 0.031992495
vn -0.30000043 0.021073401 -0.30000043
vn 0.031992316 -0.2977147 0.021073222
vn -0.2977147 0.031992316 -0.29536128
vn 0.021073222 -0.29536128 0.031992316
vn -0.2929449 0.021073222 -0.2929449
vn 0.031992495 -0.29047084 0.021073401
vn -0.29047084 0.031992316 -0.28573287
vn 0.021073401 -0.28573287 0.031992316
vn -0.2880695 0.031992495 -0.28120327
vn 0.021073401 -0.28120327 0.031992316
vn -0.27691698 0.021073222 -0.27691698
vn 0.031992316 -0.27290928 0.021073222
vn -0.27290928 0.031992316 -0.26921487
vn 0.021073222 -0.26921487 0.031992316
vn -0.26586938 0.021073401 -0.26586938
vn -0.120875776 -0.3130374 -0.13179466
vn -0.3164065 -0.13179481 -0.3130374
vn -0.120875776 -0.3164065 -0.120875865
vn -0.30926657 -0.13179466 -0.30926692
vn -0.120875865 -0.30513048 -0.13179481
vn -0.30513084 -0.120875865 -0.30066442
vn -0.13179481 -0.30066442 -0.120875865
vn -0.29590464 -0.13179481 -0.29590464
vn -0.120875865 -0.29088616 -0.13179481
vn -0.29088652 -0.120875865 -0.28602672
vn -0.13179481 -0.28602672 -0.120875865
vn -0.2813964 -0.13179481 -0.28139675
vn -0.120875865 -0.27703047 -0.13179481
vn -0.2770307 -0.120875865 -0.27296412
vn -0.13179481 -0.27296412 -0.120875865
vn -0.2692318 -0.13179481 -0.26923215
vn -0.120875776 -0.26586938 -0.13179481
vn -0.26586938 0.031992644 -0.26909518
vn 0.04291156 -0.26586938 0.04291174
vn -0.26909518 0.031992644 -0.26586938
vn 0.031992495 -0.27269757 0.04291156
vn -0.27269757 0.031992495 -0.27664232
vn 0.04291156 -0.27664232 0.031992495
vn -0.28089523 0.04291156 -0.28089523
vn 0.031992644 -0.28542316 0.04291174
vn -0.28542316 0.031992495 -0.29019165
vn 0.04291174 -0.29019165 0.031992644
vn -0.28784013 0.031992495 -0.29240954
vn 0.04291156 -0.29240954 0.031992495
vn -0.2946514 0.04291156 -0.29465175
vn 0.031992495 -0.2969036 0.04291174
vn -0.2969036 0.031992495 -0.29915202
vn 0.04291156 -0.29915202 0.031992495
vn -0.3013829 0.04291156 -0.3013829
vn 0.031992495 -0.3035829 0.04291174
vn -0.3035829 0.031992495 -0.30573773
vn 0.04291156 -0.30573773 0.031992495
vn -0.3078339 0.04291156 -0.3078339
vn 0.031992644 -0.30985785 0.04291174
vn -0.30985785 1.0894849 -0.26586938
vn 1.0914283 -0.2767918 1.0894849
vn -0.2767918 1.0914283 -0.26586938
vn 1.0873228 -0.26586938 1.0873228
vn -0.2767918 1.0849394 -0.26586938
vn 1.0849394 -0.2767918 1.0609903
vn -0.26586938 1.0636317 -0.2767918
vn 1.0609907 -0.2767918 1.0636317
vn -0.26586938 1.058568 -0.26586938
vn 1.058568 -0.2767918 1.0563657
vn -0.26586938 1.0563657 -0.2767918
vn -0.033522338 -0.2679255 -0.022603422
vn -0.26586938 -0.022603303 -0.2679255
vn -0.033522338 -0.26586938 -0.033522338
vn -0.2701397 -0.022603422 -0.2701397
vn -0.033522338 -0.2724986 -0.022603303
vn -0.2724986 -0.033522338 -0.27498865
vn -0.022603303 -0.2749889 -0.033522338
vn -0.2775973 -0.022603303 -0.2775973
vn -0.033522338 -0.2803111 -0.022603303
vn -0.2803111 -0.033522338 -0.28311658
vn -0.022603303 -0.28311658 -0.03352222
vn -0.2860011 -0.022603303 -0.2860011
vn -0.033522338 -0.28895116 -0.022603303
vn -0.28895116 -0.033522338 -0.28749657
vn -0.033522338 -0.29356313 -0.022603422
vn -0.29356313 -0.033522338 -0.29796565
vn -0.022603303 -0.29796565 -0.033522338
vn -0.3021226 -0.022603303 -0.3021226
vn -0.033522338 -0.3059988 -0.022603303
vn -0.3059988 -0.033522338 -0.30955803
vn -0.022603303 -0.30955803 -0.033522338
vn -0.31276488 -0.022603422 -0.31276488
vn -0.28466251 -0.31909096 -0.2955816
vn -0.32263517 -0.2955816 -0.31909096
vn -0.28466251 -0.32263517 -0.28466251
vn -0.31514573 -0.2955816 -0.31514525
vn -0.28466251 -0.31083775 -0.2955816
vn -0.31083775 -0.28466251 -0.30620754
vn -0.2955816 -0.30620754 -0.28466251
vn -0.30129385 -0.2955816 -0.30129385
vn -0.28466251 -0.29613662 -0.2955816
vn -0.29613662 0.49059677 -0.28419757
vn 0.50151587 -0.28163671 0.50151587
vn -0.2841972 0.49059677 -0.28163636
vn 0.49059677 -0.2865783 0.50151587
vn -0.2865783 0.49059677 -0.28876567
vn 0.50151587 -0.28876567 0.49059677
vn -0.29074562 0.50151587 -0.29074562
vn 0.49059677 -0.2925043 0.50151587
vn -0.2925043 0.54519284 -0.26751232
vn 0.55611193 -0.26586938 0.55611193
vn -0.26751232 0.54519284 -0.26586938
vn 0.54519284 -0.26936078 0.55611193
vn -0.26936078 0.54519284 -0.2714038
vn 0.55611193 -0.2714038 0.54519284
vn -0.27362967 0.55611193 -0.27362967
vn 0.54519284 -0.27602708 0.55611193
vn -0.27602708 0.54519284 -0.278584
vn 0.55611193 -0.278584 0.54519284
vn -0.280967 0.55611193 -0.280967
vn 0.54519284 -0.28326535 0.55611193
vn -0.28326535 0.54519284 -0.2854557
vn 0.55611193 -0.2854557 0.54519284
vn -0.28751445 0.55611193 -0.2875142
vn 0.54519284 -0.28941667 0.55611193
vn -0.28941667 0.54519284 -0.29113984
vn 0.55611193 -0.29113984 0.52335435
vn -0.2676878 0.53427345 -0.26586938
vn 0.53427345 -0.26768816 0.52335435
vn -0.26586938 0.5233547 -0.2696861
vn 0.53427345 -0.2696861 0.52335435
vn -0.27183914 0.53427345 -0.27183914
vn 0.52335435 -0.27412224 0.53427345
vn -0.2741226 0.5233547 -0.27651167
vn 0.53427345 -0.27651167 0.52335435
vn -0.27898216 0.53427345 -0.27898216
vn 0.5233547 -0.28148115 0.53427345
vn -0.28148115 0.52335435 -0.2838719
vn 0.53427345 -0.28387153 0.52335435
vn -0.28613234 0.53427345 -0.2861321
vn 0.52335435 -0.2882409 0.53427345
vn -0.2882409 0.52335435 -0.29017603
vn 0.53427345 -0.29017603 0.52335435
vn -0.29191613 0.53427345 -0.29191613
vn 0.5670314 -0.28916883 0.5561123
vn -0.29093838 0.5561123 -0.28916883
vn 0.5670314 -0.29093838 0.5670314
vn -0.28723502 0.5561123 -0.28723502
vn 0.5670314 -0.2851616 0.5561123
vn -0.28516197 0.5670314 -0.28297293
vn 0.5561123 -0.28297293 0.5670314
vn -0.2806933 0.5561123 -0.2806933
vn 0.5670314 -0.2783463 0.5561123
vn -0.2783463 0.5670314 -0.27586555
vn 0.5561123 -0.27586555 0.5670314
vn -0.2735231 0.5561123 -0.2735231
vn 0.5670314 -0.27133572 0.5561123
vn -0.27133536 0.5670314 -0.26931953
vn 0.5561123 -0.26931953 0.5670314
vn -0.26749206 0.5561123 -0.26749206
vn 0.5670314 -0.26586938 0.5561123
vn -0.26586938 0.49059677 -0.2675917
vn 0.50151587 -0.26586938 0.50151587
vn -0.2675917 0.49059677 -0.26586938
vn 0.49059677 -0.269516 0.50151587
vn -0.269516 0.49059677 -0.27162623
vn 0.50151587 -0.27162623 0.49059677
vn -0.27390623 0.50151587 -0.27390623
vn 0.49059677 -0.27633917 0.50151587
vn -0.27633917 0.49059677 -0.27890933
vn 0.50151587 -0.27890933 0.41416234
vn -0.2865448 0.42508143 -0.2836485
vn 0.42508143 -0.2865448 0.41416234
vn -0.2836485 0.41416234 -0.28922594
vn 0.42508143 -0.28922594 0.41416234
vn -0.2916788 0.42508125 -0.29167914
vn 0.41416234 -0.29389107 0.42508143
vn -0.29389107 0.41416234 -0.29584873
vn 0.42508143 -0.29584873 0.4905966
vn -0.29097056 0.47967753 -0.29273856
vn 0.47967753 -0.29097056 0.4905966
vn -0.29273856 0.4905966 -0.2889893
vn 0.47967753 -0.2889893 0.4905966
vn -0.2868092 0.47967735 -0.28680897
vn 0.49059644 -0.2844448 0.47967735
vn -0.2844448 0.4905966 -0.28191018
vn 0.47967735 -0.28191018 0.4905966
vn -0.2792207 0.47967735 -0.27922034
vn 0.4905966 -0.27657008 0.47967735
vn -0.27657008 0.49059644 -0.2740687
vn 0.47967735 -0.2740687 0.4905966
vn -0.2717315 0.47967735 -0.2717315
vn 0.4905966 -0.26957536 0.47967753
vn -0.26957536 0.4905966 -0.26761603
vn 0.47967735 -0.26761603 0.4905966
vn -0.26586938 0.47967735 -0.26586938
vn 0.40324342 -0.2678616 0.41416234
vn -0.26586938 0.41416234 -0.26786137
vn 0.40324342 -0.26586938 0.40324342
vn -0.27008188 0.41416234 -0.27008188
vn 0.40324342 -0.2725122 0.41416234
vn -0.2725122 0.40324324 -0.27513385
vn 0.41416234 -0.2751335 0.40324342
vn -0.2779286 0.41416234 -0.2779286
vn 0.40324324 -0.2808783 0.41416234
vn -0.2808783 0.40324342 -0.2841463
vn 0.41416234 -0.2841463 0.40324342
vn -0.28713202 0.41416234 -0.28713202
vn 0.40324342 -0.28983307 0.41416234
vn -0.28983307 0.40324342 -0.29224873
vn 0.41416234 -0.29224873 0.40324342
vn -0.29437828 0.41416234 -0.29437828
vn 0.40324342 -0.29621994 0.41416234
vn -0.29621994 0.51243526 -0.29029465
vn 0.50151587 -0.2921766 0.50151587
vn -0.290295 0.51243496 -0.2921766
vn 0.51243526 -0.2882476 0.50151616
vn -0.28824782 0.51243526 -0.28606188
vn 0.50151616 -0.28606188 0.51243526
vn -0.2837652 0.50151616 -0.2837652
vn 0.51243496 -0.28138375 0.50151587
vn -0.28138375 0.51243496 -0.2789452
vn 0.50151587 -0.2789452 0.51243526
vn -0.27633953 0.50151616 -0.27633977
vn 0.51243526 -0.27388167 0.50151616
vn -0.27388167 0.51243496 -0.27158833
vn 0.50151587 -0.27158833 0.51243526
vn -0.26947665 0.50151616 -0.26947713
vn 0.51243496 -0.2675649 0.50151616
vn -0.2675649 0.51243526 -0.26586938
vn 0.50151616 -0.26586938 0.41416234
vn -0.26780057 0.42508143 -0.26586938
vn 0.42508143 -0.2678008 0.41416234
vn -0.26586938 0.41416234 -0.26996124
vn 0.42508143 -0.26996124 0.41416234
vn -0.27233434 0.42508125 -0.2723341
vn 0.41416234 -0.27490187 0.42508143
vn -0.27490187 0.41416234 -0.27764654
vn 0.42508143 -0.27764654 0.41416234
vn -0.28055096 0.42508143 -0.28055096
vn -1.7856526 -0.3691237 -1.709532
vn -0.38518143 -1.7856526 -0.38518143
vn -1.7347329 -0.3691237 -1.7628682
vn -0.26586938 -1.7778852 -0.27243042
vn -1.7628682 -0.26586938 -1.7347329
vn -0.3691237 -0.7110213 -0.36435413
vn -0.7001022 -0.26586938 -0.7001022
vn -0.36435413 -0.7110214 -0.26586938
vn -0.14271405 -0.26586938 -0.15363315
vn -0.3168049 -0.153633 -0.26586938
vn -0.14271384 -0.3168049 0.8509286
vn -0.26586938 0.8400095 -0.28191185
vn 0.8400095 -0.26586938 0.8509286
vn -0.28191185 -0.53088033 -0.341995
vn -0.51996124 -0.26586938 -0.51996124
vn -0.341995 -0.53088033 -0.26586938
vn -0.90166754 -0.38564765 -0.8907485
vn -0.26586938 -0.8907485 -0.38564765
vn -0.90166754 -0.26586938 0.981958
vn -0.26586938 0.9710389 -0.2809242
vn 0.9710389 -0.26586938 0.981958
vn -0.2809242 -1.503423 -0.37900722
vn -1.4880015 -0.36767375 -1.4951016
vn -0.38254118 -1.5112414 -0.37501407
vn -1.5185411 -0.37058854 -1.4925629
vn -0.3660673 -1.4970815 -0.36416316
vn -1.5253072 -0.36575758 -1.5015249
vn -0.36198235 -1.5058591 -0.35954678
vn -1.5315247 -0.36054742 -1.510052
vn -0.35687792 -1.5140698 -0.35399735
vn -1.537178 -0.35498536 -1.51788
vn -0.35092604 -1.5214493 -0.34768593
vn -1.5422521 -0.3490976 -1.5247445
vn -0.3442979 -1.5467312 -0.34291112
vn -1.5277326 -0.34078395 -1.5303805
vn -0.33716536 -1.5506012 -0.33645248
vn -1.5154467 -0.33450246 -1.5091534
vn -0.3328278 -1.513576 -0.33413243
vn -1.5172684 -0.33476686 -1.5190406
vn -0.334934 -1.50508 -0.33100402
vn -1.5207627 -0.3350129 -1.522434
vn -0.33501124 -1.5326555 -0.3334632
vn -1.524054 -0.3349378 -1.5013804
vn -0.32870245 -1.5256219 -0.3348012
vn -1.5271366 -0.3346094 -1.5013804
vn -0.32870245 -1.5256219 -0.3348012
vn -1.5285983 -0.33437145 -1.5271366
vn -0.3346094 -1.5285983 -0.33437145
vn -1.4980792 -0.32596505 -1.5300057
vn -0.33409524 -1.4980792 -0.32596505
vn -1.5313585 -0.33378983 -1.5326555
vn -0.3334632 -1.4952004 -0.3228333
vn -1.4952004 -0.3228333 -1.5538464
vn -0.32974815 -1.5506012 -0.33645248
vn -1.5538464 -0.32974815 -1.492769
vn -0.3193493 -1.4908087 -0.31555438
vn -1.492769 -0.3193493 -1.5564511
vn -0.3228253 -1.5253332 -0.3200171
vn -1.5253332 -0.3200171 -1.5237894
vn -0.31984103 -1.5237894 -0.31984103
vn -1.4908087 -0.31555438 -1.5221739
vn -0.3195752 -1.5204618 -0.31922126
vn -1.5204618 -0.31922126 -1.4893446
vn -0.31149054 -1.5178223 -0.31846547
vn -1.4893446 -0.31149054 -1.5153875
vn -0.31744242 -1.5178223 -0.31846547
vn -1.5268295 -0.32010126 -1.5283024
vn -0.3200916 -1.5131712 -0.31617355
vn -1.5153875 -0.31744242 -1.4884008
vn -0.30719948 -1.5297766 -0.31998658
vn -1.5312762 -0.31978416 -1.5111876
vn -0.3146801 -1.532826 -0.3194821
vn -1.5094512 -0.31298423 -1.4884008
vn -0.30719948 -1.5111876 -0.3146801
vn -1.53445 -0.31907868 -1.5361729
vn -0.31857228 -1.5079756 -0.31110764
vn -1.5094512 -0.31298423 -1.538019
vn -0.31796074 -1.5584009 -0.3157103
vn -1.538019 -0.31796074 -1.5564511
vn -0.3228253 -1.4880015 -0.30272317
vn -1.5584009 -0.3157103 -1.5400121
vn -0.31724226 -1.5067756 -0.30907118
vn -1.5418136 -0.31285334 -1.5058653
vn -0.3068974 -1.5052583 -0.3046074
vn -1.4881715 -0.29810286 -1.5429435
vn -0.3086462 -1.5049696 -0.30222297
vn -1.559417 -0.3097428 -1.5050123
vn -0.29976547 -1.5050123 -0.29976547
vn -1.488935 -0.29338098 -1.4881715
vn -0.29810286 -1.5434504 -0.30464828
vn -1.5054021 -0.29725683 -1.488935
vn -0.29338098 -1.559757 -0.30399466
vn -1.5061698 -0.29454875 -1.4902842
vn -0.2888471 -1.5433824 -0.30088615
vn -1.507195 -0.29207456 -1.542789
vn -0.29738712 -1.492197 -0.28461897
vn -1.5594416 -0.29850197 -1.508462
vn -0.28984535 -1.509953 -0.28787112
vn -1.541718 -0.29417753 -1.4946194
vn -0.28072977 -1.5116525 -0.28616226
vn -1.5584908 -0.29330182 -1.541718
vn -0.29417753 -1.5594416 -0.29850197
vn -1.5584908 -0.29330182 -1.5402186
vn -0.29128468 -1.5135436 -0.2847296
vn -1.5383391 -0.2887354 -1.497498
vn -0.27721453 -1.51561 -0.28358316
vn -1.5569258 -0.2884307 -1.5383391
vn -0.2887354 -1.5569258 -0.2884307
vn -1.5361285 -0.28655672 -1.5178354
vn -0.28273344 -1.5202029 -0.28219128
vn -1.5336351 -0.28477514 -1.5007792
vn -0.27410662 -1.5226963 -0.2819667
vn -1.5007792 -0.27410662 -1.5202029
vn -0.28219128 -1.5309081 -0.28341794
vn -1.5252993 -0.28207004 -1.5226963
vn -0.2819667 -1.5279951 -0.28251195
vn -1.5547671 -0.28392506 -1.5547671
vn -0.28392506 -1.5044086 -0.27144003
vn -1.5520351 -0.27982163 -1.5044086
vn -0.27144003 -1.5520351 -0.27982163
vn -1.5083334 -0.26924908 -1.5487509
vn -0.27615666 -1.5083334 -0.26924908
vn -1.5487509 -0.27615666 -1.5124996
vn -0.26756752 -1.5449345 -0.27296734
vn -1.5124996 -0.26756752 -1.5168529
vn -0.26642966 -1.540607 -0.2702899
vn -1.5213404 -0.26586938 -1.5357893
vn -0.26816106 -1.525908 -0.26592064
vn -1.5305018 -0.26661742 0.8618477
vn -0.27393484 0.8727668 -0.26995635
vn 0.8727668 -0.27393484 0.8618477
vn -0.26995635 0.8618477 -0.27777815
vn 0.8727668 -0.27777815 0.8618477
vn -0.28145826 0.8727668 -0.28145826
vn 0.392324 -0.2694229 0.40324324
vn -0.26586938 0.40324306 -0.2694229
vn 0.39232415 -0.26586938 0.392324
vn -0.2731433 0.40324306 -0.2731433
vn 0.392324 -0.27700186 0.40324306
vn -0.27700186 0.39232415 -0.2809701
vn 0.40324324 -0.2809701 0.392324
vn -0.2850194 0.40324324 -0.2850194
vn 0.392324 -0.28912163 0.40324324
vn -0.28912163 0.392324 -0.29324841
vn 0.40324324 -0.29324841 0.392324
vn -0.29737115 0.40324324 -0.29737115
vn 0.07566932 -0.2670498 0.08658841
vn -0.26586938 0.08658841 -0.2670498
vn 0.07566932 -0.26586938 0.07566932
vn -0.2682891 0.08658826 -0.2682891
vn 0.07566932 -0.2695887 0.08658841
vn -0.2695887 0.07566932 -0.2709496
vn 0.08658841 -0.27094984 0.07566932
vn -0.27237415 0.08658841 -0.2723739
vn 0.07566932 -0.27386308 0.08658841
vn -0.27386272 0.07566932 -0.27541757
vn 0.08658826 -0.27541757 0.07566932
vn -0.27704 0.08658841 -0.27704
vn 0.07566932 -0.27873063 0.08658826
vn -0.27873087 0.07566932 -0.2804916
vn 0.08658841 -0.2804916 0.07566932
vn -0.2823236 0.08658841 -0.2823236
vn 0.07566932 -0.2842288 0.08658841
vn -0.2842288 0.07566932 -0.28883672
vn 0.08658826 -0.2888372 0.07566932
vn -0.29323137 0.08658826 -0.29323173
vn 0.07566932 -0.29737842 0.08658841
vn -0.29737842 0.07566932 -0.30124402
vn 0.08658841 -0.30124402 0.07566932
vn -0.30479455 0.08658826 -0.3047948
vn 0.07566932 -0.3079965 0.08658841
vn -0.30799603 -0.0662801 -0.31192255
vn -0.07719919 -0.315171 -0.07719919
vn -0.31192255 -0.0662801 -0.31517124
vn -0.0662801 -0.30829918 -0.07719919
vn -0.30829883 -0.0662801 -0.30433583
vn -0.07719919 -0.30433583 -0.0662801
vn -0.3000679 -0.07719919 -0.3000679
vn -0.0662801 -0.29553032 -0.07719907
vn -0.29553032 -0.0662801 -0.29075825
vn -0.07719919 -0.29075825 -0.0662801
vn -0.29311144 -0.0662801 -0.28603625
vn -0.07719919 -0.28603625 -0.0662801
vn -0.2814834 -0.07719919 -0.2814834
vn -0.0662801 -0.27714503 -0.07719919
vn -0.27714503 -0.0662801 -0.27306604
vn -0.07719919 -0.27306604 -0.0662801
vn -0.2692926 -0.07719919 -0.2692926
vn -0.0662801 -0.26586938 -0.07719919
vn -0.26586938 -0.21914765 -0.31442523
vn -0.23006675 -0.3177607 -0.23006675
vn -0.31442523 -0.21914765 -0.3177607
vn -0.21914765 -0.31074047 -0.23006675
vn -0.31074047 -0.21914765 -0.30675125
vn -0.23006675 -0.30675125 -0.21914765
vn -0.30250216 -0.23006675 -0.30250192
vn -0.21914765 -0.29803777 -0.23006675
vn -0.29803777 -0.21914765 -0.2934029
vn -0.23006675 -0.2934029 -0.21914765
vn -0.28790188 -0.23006675 -0.28790188
vn -0.21914765 -0.28272843 -0.23006675
vn -0.28272843 -0.21914765 -0.27790976
vn -0.23006675 -0.27790976 -0.21914765
vn -0.27347493 -0.23006675 -0.27347493
vn -0.21914765 -0.2694521 -0.23006675
vn -0.26945186 -0.21914765 -0.26586938
vn -0.23006675 -0.26586938 -0.7219405
vn -0.26965356 -0.7110214 -0.26586938
vn -0.7110214 -0.26965356 -0.7219405
vn -0.26586938 -0.72194076 -0.2739458
vn -0.7110214 -0.2739458 -0.72194076
vn -0.27871633 -0.71102166 -0.27871633
vn -0.7219405 -0.28393507 -0.7110214
vn -0.28393507 -0.7219405 -0.28957248
vn -0.7110214 -0.28957248 -0.7219405
vn -0.29559827 -0.7110214 -0.29559827
vn -0.72194076 -0.29262686 -0.7219405
vn -0.30297565 -0.7110214 -0.30297565
vn -0.72194076 -0.31033897 -0.7110214
vn -0.31033897 -0.7219405 -0.31765866
vn -0.7110214 -0.31765866 -0.7219405
vn -0.32490492 -0.71102166 -0.32490492
vn -0.7219405 -0.33204794 -0.7110214
vn -0.33204794 -0.7219405 -0.33905816
vn -0.71102166 -0.33905816 -0.72194076
vn -0.3459053 -0.71102166 -0.3459053
vn -0.7219405 -0.3525604 -0.7110214
vn -0.3525604 -0.72194076 -0.35899317
vn -0.7110214 -0.35899317 -0.7219405
vn -0.36517406 -0.71102166 -0.36517406
vn 0.99287736 -0.2730937 0.98195827
vn -0.2797191 0.98195827 -0.2730937
vn 0.99287736 -0.2797191 0.99287707
vn -0.26586938 0.981958 -0.26586938
vn 1.0037965 -0.26586938 0.99287736
vn -0.27872896 0.99287736 -0.26586938
vn 1.0037965 -0.27872896 0.8727668
vn -0.26586938 0.8618477 -0.26586938
vn 0.44691977 -0.28512836 0.45783883
vn -0.2825768 0.45783883 -0.28512836
vn 0.44691977 -0.28257716 0.44691977
vn -0.2874949 0.45783883 -0.2874949
vn 0.44691977 -0.28966188 0.45783883
vn -0.28966188 0.44691977 -0.2916174
vn 0.45783883 -0.29161692 0.44691977
vn -0.2933464 0.45783883 -0.2933464
vn 0.47967717 -0.29090846 0.4687581
vn -0.29278576 0.4687581 -0.2909081
vn 0.47967717 -0.29278612 0.47967717
vn -0.28881454 0.4687581 -0.28881454
vn 0.47967735 -0.2865188 0.46875826
vn -0.2865188 0.47967735 -0.28403568
vn 0.46875826 -0.28403568 0.47967735
vn -0.28137946 0.4687581 -0.28137946
vn 0.47967717 -0.2785647 0.4687581
vn -0.2785647 0.47967735 -0.2760414
vn 0.46875826 -0.2760414 0.47967735
vn -0.27365828 0.46875826 -0.27365828
vn 0.47967735 -0.2714324 0.46875826
vn -0.2714324 0.47967735 -0.2693807
vn 0.46875826 -0.2693807 0.47967735
vn -0.26752067 0.46875826 -0.26752067
vn 0.47967735 -0.26586938 0.46875826
vn -0.26586938 0.34864715 -0.2677281
vn 0.3595664 -0.26586938 0.35956624
vn -0.2677281 0.34864715 -0.26586938
vn 0.3486473 -0.26980114 0.3595664
vn -0.26980114 0.3486473 -0.27206922
vn 0.35956624 -0.27206922 0.3486473
vn -0.27451408 0.35956624 -0.27451408
vn 0.3486473 -0.27711713 0.35956624
vn -0.27711713 0.3486473 -0.27985942
vn 0.3595664 -0.27985942 0.3486473
vn -0.28160787 0.3595664 -0.28160787
vn 0.3486473 -0.28324282 0.3595664
vn -0.28324282 0.3486473 -0.28478718
vn 0.35956624 -0.28478718 0.3486473
vn -0.28626466 0.3595664 -0.28626466
vn 0.3486473 -0.2876985 0.3595664
vn -0.28769827 0.3486473 -0.28911233
vn 0.35956624 -0.28911233 0.3486473
vn -0.29052854 0.35956624 -0.29052854
vn 0.3486473 -0.29197216 0.35956624
vn -0.29197216 0.3486473 -0.29346466
vn 0.3595664 -0.29346466 0.3486473
vn -0.29503083 0.3595664 -0.29503083
vn 0.3486473 -0.29669356 0.3595664
vn -0.29669356 0.3486473 -0.29847574
vn 0.35956624 -0.29847574 0.5342738
vn -0.27055347 0.54519284 -0.26586938
vn 0.54519284 -0.27055347 0.5342738
vn -0.26586938 0.5342738 -0.2749071
vn 0.54519284 -0.2749071 0.53427345
vn -0.27891564 0.54519284 -0.27891564
vn 0.5342738 -0.2825632 0.54519284
vn -0.28256357 0.5342738 -0.2858355
vn 0.54519284 -0.2858355 0.5342738
vn -0.2887168 0.54519284 -0.2887168
vn 0.5342738 -0.29119194 0.54519284
vn -0.29119194 0.44691992 -0.26830888
vn 0.45783883 -0.26586938 0.45783883
vn -0.26830888 0.44691977 -0.26586938
vn 0.44691992 -0.27098107 0.45783883
vn -0.27098155 0.44691977 -0.27383184
vn 0.45783883 -0.2738315 0.44691977
vn -0.27680707 0.45783883 -0.27680707
vn 0.44691977 -0.2798531 0.45783883
vn -0.2798531 -1.3614787 -0.32716572
vn -1.376841 -0.2810638 -1.3614787
vn -0.26586938 -1.4137795 -0.26586938
vn -1.4137795 -0.2810638 -1.376841
vn -0.3105898 -1.3892418 -0.31127644
vn -1.3832674 -0.3105749 -1.3947438
vn -0.3126483 -1.3997532 -0.31464422
vn -1.4042497 -0.31721807 -1.3677294
vn -0.32598066 -1.4082128 -0.32032394
vn -1.3735247 -0.32549882 -1.411622
vn -0.323915 -1.3788475 -0.32566833
vn -1.4144571 -0.32794595 -1.3836814
vn -0.32643664 -1.3880095 -0.32775164
vn -1.3918147 -0.32956147 -1.4166976
vn -0.3323698 -1.3950809 -0.33181357
vn -1.3977906 -0.33445585 -1.3977906
vn -0.33445585 -1.4183233 -0.33714104
vn -1.4166976 -0.3323698 -1.3999274
vn -0.33743644 -1.4183233 -0.33714104
vn -1.4193134 -0.34221327 -1.4014746
vn -0.34070325 -1.4024153 -0.34420347
vn -1.4196482 -0.34754038 -1.4027325
vn -0.3478856 -1.4193159 -0.35285115
vn -1.4025074 -0.35073364 -1.4018526
vn -0.35347557 -1.4183433 -0.3578825
vn -1.4007987 -0.3560847 -1.3993762
vn -0.35853314 -1.4167651 -0.36259985
vn -1.3976157 -0.36079502 -1.3526757
vn -0.37792945 -1.3547938 -0.36185718
vn -1.3526757 -0.36049032 -1.3955476
vn -0.3628428 -1.3569181 -0.36310828
vn -1.414617 -0.3669685 -1.3932027
vn -0.36464953 -1.3590488 -0.3642428
vn -1.3611846 -0.36526108 -1.3906114
vn -0.3661883 -1.3633255 -0.36616135
vn -1.3654703 -0.3669436 -1.3878043
vn -0.36743188 -1.3676187 -0.36760724
vn -1.4119341 -0.37095308 -1.3848122
vn -0.3683536 -1.4119341 -0.37095308
vn -1.3878043 -0.36743188 -1.3697705
vn -0.36815166 -1.3719243 -0.36857605
vn -1.3816655 -0.36892653 -1.3740801
vn -0.3688798 -1.3526757 -0.37792945
vn -1.3762369 -0.36906242 -1.3740801
vn -0.3688798 -1.3783946 -0.3691237
vn -1.3816655 -0.36892653 -1.3762369
vn -0.36906242 -1.4087521 -0.37451923
vn -1.4051062 -0.37763238 -1.4010317
vn -0.38025737 -1.3551809 -0.3791604
vn -1.4010317 -0.38025737 -1.3576143
vn -0.38026547 -1.3551809 -0.3791604
vn -1.3965644 -0.38235927 -1.3599899
vn -0.381248 -1.3623228 -0.3821118
vn -1.3646265 -0.3828609 -1.3917389
vn -0.38390398 -1.3669158 -0.38349795
vn -1.3692056 -0.38402724 -1.3692056
vn -0.38402724 -1.3865913 -0.38485646
vn -1.3917389 -0.38390398 -1.3715092
vn -0.38445234 -1.3865913 -0.38485646
vn -1.3738418 -0.3847766 -1.3762177
vn -0.38500404 -1.3811562 -0.38518143
vn -1.3786511 -0.38513756 0.42508143
vn -0.29539418 0.4360005 -0.26586938
vn 0.4360005 -0.29539418 0.42508143
vn -0.26586938 0.392324 -0.29104042
vn 0.3814049 -0.29746652 0.3814049
vn -0.29104006 0.392324 -0.29746652
vn 0.392324 -0.28504932 0.3814049
vn -0.28504932 0.392324 -0.2795155
vn 0.3814049 -0.27951515 0.392324
vn -0.2744596 0.3814049 -0.27445984
vn 0.392324 -0.26990378 0.3814049
vn -0.26990378 0.392324 -0.26586938
vn 0.3814049 -0.26586938 -0.26282433
vn -0.26943016 -0.25190523 -0.26586938
vn -0.25190508 -0.26943016 -0.26282433
vn -0.26586938 -0.26282412 -0.27343607
vn -0.25190508 -0.27343607 -0.26282433
vn -0.2778399 -0.25190508 -0.2778399
vn -0.26282433 -0.28259683 -0.25190508
vn -0.28259683 -0.26282433 -0.28766
vn -0.25190523 -0.28766 -0.26282433
vn -0.29298377 -0.25190508 -0.29298377
vn -0.26282433 -0.2982973 -0.25190523
vn -0.2982973 -0.26282412 -0.30333734
vn -0.25190508 -0.30333734 -0.26282433
vn -0.30806828 -0.25190508 -0.30806828
vn -0.26282433 -0.31245553 -0.25190508
vn -0.31245553 -0.26282412 -0.3164637
vn -0.25190508 -0.3164637 -0.26282412
vn -0.3200581 -0.25190508 -0.3200581
vn -0.27374342 -0.31831503 -0.28466251
vn -0.32194626 -0.28466251 -0.31831503
vn -0.27374342 -0.32194626 -0.27374342
vn -0.31425238 -0.28466251 -0.31425238
vn -0.27374342 -0.3097943 -0.28466251
vn -0.3097943 -0.27374342 -0.30497503
vn -0.28466251 -0.30497503 -0.27374342
vn -0.29983032 -0.28466251 -0.29983032
vn -0.27374342 -0.29439545 -0.28466251
vn -0.29439545 -0.27374342 -0.29188883
vn -0.28466251 -0.29188883 -0.27374342
vn -0.28945422 -0.28466251 -0.28945422
vn -0.27374342 -0.28707647 -0.28466251
vn -0.2870767 -0.27374342 -0.28474188
vn -0.28466251 -0.28474188 -0.27374342
vn -0.28243494 -0.28466251 -0.28243494
vn -0.27374342 -0.28014183 -0.28466251
vn -0.28014183 -0.27374342 -0.27784896
vn -0.28466251 -0.27784848 -0.27374342
vn -0.2755406 -0.28466251 -0.2755406
vn -0.27374342 -0.27320242 -0.28466251
vn -0.27320242 -0.27374342 -0.27082098
vn -0.28466251 -0.27082098 -0.27374342
vn -0.2683817 -0.28466251 -0.26838136
vn -0.27374342 -0.26586938 -0.28466251
vn -0.26586938 0.69806105 -0.28329206
vn 0.70898014 -0.26586938 0.70898014
vn -0.28329206 0.69806105 -0.26586938
vn 0.05383098 -0.26801884 0.064750075
vn -0.26586938 0.064750075 -0.26801848
vn 0.05383098 -0.26586938 0.05383098
vn -0.27017236 0.064750075 -0.27017236
vn 0.05383098 -0.2723291 0.064750075
vn -0.27232873 0.05383098 -0.2744882
vn 0.064750075 -0.27448845 0.05383098
vn -0.27664995 0.064750075 -0.27664948
vn 0.05383098 -0.27881265 0.064750075
vn -0.27881265 0.05383098 -0.28097677
vn 0.064750075 -0.28097677 0.05383098
vn -0.28314114 0.064750075 -0.28314114
vn 0.05383098 -0.28530455 0.064750075
vn -0.28530478 0.05383098 -0.2874676
vn 0.064750075 -0.2874676 0.05383098
vn -0.28962898 0.064750075 -0.28962874
vn 0.05383098 -0.2917881 0.064750075
vn -0.2917881 0.05383098 -0.2950549
vn 0.064750075 -0.29505444 0.05383098
vn -0.29818833 0.064750075 -0.29818833
vn 0.05383098 -0.30115962 0.064750075
vn -0.30115962 0.05383098 -0.3039384
vn 0.064750075 -0.3039384 0.05383098
vn -0.30649436 0.064750075 -0.30649436
vn 0.05383098 -0.30879807 0.064750075
vn -0.3087976 0.43600067 -0.26800513
vn 0.4469196 -0.26586938 0.44691977
vn -0.26800513 0.43600067 -0.26586938
vn 0.4360005 -0.27034175 0.44691977
vn -0.27034175 0.43600067 -0.2728505
vn 0.4469196 -0.2728505 0.43600067
vn -0.27550268 0.44691977 -0.27550268
vn 0.43600067 -0.2782706 0.4469196
vn -0.2782706 0.43600067 -0.2811259
vn 0.4469196 -0.2811259 0.4360005
vn -0.28479052 0.44691977 -0.28479052
vn 0.43600067 -0.28824663 0.44691977
vn -0.28824663 0.43600067 -0.2914425
vn 0.4469196 -0.2914425 0.43600067
vn -0.29432702 0.44691977 -0.29432702
vn 0.26129445 -0.2995057 0.2503754
vn -0.3022294 0.2503754 -0.2995057
vn 0.26129445 -0.3022294 0.26129445
vn -0.29622722 0.2503754 -0.29622722
vn 0.26129445 -0.2924112 0.2503754
vn -0.2924112 0.26129445 -0.28807545
vn 0.2503754 -0.28807545 0.26129445
vn -0.28323615 0.2503754 -0.28323615
vn 0.26129445 -0.27791035 0.2503754
vn -0.27791035 0.26129445 -0.27211595
vn 0.2503754 -0.27211595 0.26129445
vn -0.26586938 0.2503754 -0.26586938
vn -0.33433545 -0.26586938 -0.34525448
vn -0.3271072 -0.34525448 -0.26586938
vn -0.33433545 -0.3271072 -0.24098584
vn -0.3181734 -0.23006675 -0.26586938
vn -0.23006675 -0.3181734 -0.24098584
vn -0.26586938 0.91644347 -0.28106308
vn 0.92736256 -0.26586938 0.92736256
vn -0.28106308 0.91644347 -0.26586938
vn 0.20669886 -0.26586938 0.19577977
vn -0.3028195 0.19577977 -0.26586938
vn 0.20669886 -0.3028195 -1.0746348
vn -0.33873415 -1.1414348 -0.26586938
vn -1.1341852 -0.26586938 -1.124174
vn -0.29781246 -1.124174 -0.29781246
vn -1.1245191 -0.29781246 -1.1414348
vn -0.26586938 -1.1245191 -0.29781246
vn -1.1414348 -0.3313098 -1.097247
vn -0.3313098 -1.1245191 -0.3313098
vn -1.1540353 -0.3313098 -1.0746348
vn -0.33873415 -1.1540353 -0.3465042
vn -1.1540353 -0.3313098 -1.0746348
vn -0.3465042 -2.2877142 3.2877145
vn -2.2877142 3.2877145 -2.2877142
vn 3.2877145 -0.31249726 -0.26586938
vn -0.2955816 -0.30454636 -0.31249726
vn -0.3045466 -2.2877142 3.2877145
vn -0.2955816 -0.26586938 0.91644347
vn -0.26586938 0.9055244 -0.28106344
vn 0.9055244 -0.26586938 0.91644347
vn -0.28106344 1.0037965 -0.27847362
vn 1.0147156 -0.26586938 1.0147156
vn -0.27847362 1.0037965 -0.26586938
vn 0.17394128 -0.30454493 0.18486053
vn -0.26586938 0.18486035 -0.30454493
vn 0.17394128 -0.26586938 0.774495
vn -0.28279018 0.7854141 -0.26586938
vn 0.7854141 -0.28279018 0.774495
vn -0.26586938 0.18486053 -0.30450964
vn 0.19577977 -0.26586938 0.19577977
vn -0.30450964 0.18486053 -0.26586938
vn -0.09903756 -0.26586938 -0.10995662
vn -0.31576908 -0.10995662 -0.26586938
vn -0.09903756 -0.31576908 -0.55271864
vn -0.2736318 -0.5417994 -0.26586938
vn -0.54179955 -0.2736318 -0.5527184
vn -0.26586938 -0.5527184 -0.3490275
vn -0.5417994 -0.3490275 1.0636317
vn -0.26586938 1.0708792 -0.2767918
vn 1.0636317 -0.2767918 1.0708792
vn -0.26586938 -0.42168865 -0.33130717
vn -0.41076934 -0.26586938 -0.41076955
vn -0.33130717 -0.42168865 -0.29903805
vn -0.42168865 -0.26586938 1.0147156
vn -0.27847028 1.0256346 -0.26586938
vn 1.0256346 -0.27847075 1.0147156
vn -0.26586938 0.33772823 -0.26586938
vn 0.326809 -0.29933453 0.326809
vn -0.26586938 0.33772823 -0.29933453
vn 1.103111 -0.26586938 1.1034564
vn -0.2767918 1.103111 -0.2767918
vn 1.1034564 -0.26586938 0.3158899
vn -0.29960275 0.326809 -0.26586938
vn 0.326809 -0.29960275 0.3158899
vn -0.26586938 0.45783883 -0.29314327
vn 0.46875793 -0.26586938 0.46875793
vn -0.29314327 0.45783883 -0.26586938
vn -1.3111959 -0.26597166 -1.3184645
vn -0.26595283 -1.3133528 -0.26586938
vn -1.3091189 -0.26613724 -1.3071139
vn -0.2663679 -1.3232611 -0.266531
vn -1.305172 -0.26666498 -1.3032849
vn -0.26702952 -1.3014449 -0.26746345
vn -1.3277206 -0.26758575 -1.2996428
vn -0.2679683 -1.2978706 -0.26854515
vn -1.2961203 -0.2691959 -1.3318208
vn -0.26909852 -1.294383 -0.26992178
vn -1.2926503 -0.27072394 -1.3355393
vn -0.27105057 -1.2909145 -0.27160454
vn -1.3355393 -0.27105057 -1.2926503
vn -0.27072394 -1.291433 -0.28765404
vn -1.2933803 -0.28673053 -1.2909145
vn -0.27160454 -1.2952349 -0.28590035
vn -1.2970085 -0.28516066 -1.2987125
vn -0.28450763 -1.3003597 -0.28393805
vn -1.3003597 -0.28393805 -1.3019613
vn -0.28344846 -1.3019613 -0.28344846
vn -1.3388541 -0.27342343 -1.3035295
vn -0.28303552 -1.3050758 -0.28269577
vn -1.341743 -0.27619886 -1.3066128
vn -0.28242588 -1.3081517 -0.282223
vn -1.3097047 -0.28208268 -1.3441837
vn -0.2793584 -1.3097047 -0.28208268
vn -1.3112833 -0.28200257 -1.3441837
vn -0.2793584 -1.3112833 -0.28200257
vn -1.314298 -0.2820438 -1.3461542
vn -0.28288317 -1.3171223 -0.28236318
vn -1.3197441 -0.2829517 -1.3221514
vn -0.28380108 -1.3476322 -0.28675544
vn -1.3243316 -0.28490233 -1.3476322
vn -0.28675544 -1.3221514 -0.28380108
vn -1.3262727 -0.28624701 -1.3243316
vn -0.28490233 -1.3279624 -0.28782678
vn -1.3485953 -0.29095602 -1.3293886
vn -0.28963268 -1.3305383 -0.29165626
vn -1.3490217 -0.29546666 -1.3314002
vn -0.29388905 -1.3319613 -0.296322
vn -1.3490326 -0.29863226 -1.3322095
vn -0.29894698 -1.3490326 -0.29863226
vn -1.3319613 -0.296322 -1.3321311
vn -0.30153608 -1.3321311 -0.30153608
vn -1.3488499 -0.3015809 -1.3317233
vn -0.30394876 -1.348466 -0.3043276
vn -1.3309859 -0.30617762 -1.3478749
vn -0.30688643 -1.3299186 -0.30821538
vn -1.3470689 -0.3092723 -1.3285208
vn -0.3100555 -1.3460424 -0.31149983
vn -1.3267927 -0.3116902 -1.324734
vn -0.3131125 -1.3460424 -0.31149983
vn -1.3267927 -0.3116902 -1.324734
vn -0.3131125 -1.3447882 -0.31358337
vn -1.3223442 -0.31431484 -1.3432994
vn -0.3155378 -1.3196232 -0.31529093
vn -1.3432994 -0.3155378 -1.3223442
vn -0.31431484 -1.316571 -0.3160323
vn -1.3196232 -0.31529093 -1.3131871
vn -0.31653285 -1.316571 -0.3160323
vn -1.3131871 -0.31653285 -1.3415697
vn -0.3173778 -1.3094714 -0.3167851
vn -1.3099736 -0.3323171 -1.3395917
vn -0.31911755 -1.3099736 -0.3323171
vn -1.3373595 -0.32077217 -1.3395917
vn -0.31911755 -1.3348656 -0.322356
vn -1.3373595 -0.32077217 -1.3376975
vn -0.32334638 -1.3402718 -0.32467437
vn -1.3425919 -0.32630897 -1.3446623
vn -0.32822013 -1.3464863 -0.33037663
vn -1.3139837 -0.33217216 -1.3480675
vn -0.33274806 -1.3176608 -0.33242345
vn -1.3210037 -0.33304548 -1.3240104
vn -0.33401287 -1.3480675 -0.33274806
vn -1.3210037 -0.33304548 -1.3240104
vn -0.33401287 -1.3494099 -0.33530354
vn -1.3266795 -0.33530092 -1.3290099
vn -0.33688414 -1.3505177 -0.33801246
vn -1.3309999 -0.3387375 -1.3513944
vn -0.34084368 -1.3326485 -0.3408358
vn -1.3339535 -0.34315407 -1.3339535
vn -0.34315407 -1.3520436 -0.34376717
vn -1.3513944 -0.34084368 -1.3349143
vn -0.34566712 -1.3520436 -0.34376717
vn -1.3524694 -0.3467517 -1.3355291
vn -0.3483492 -1.3355291 -0.3483492
vn -1.3526757 -0.3497666 -1.3524694
vn -0.3467517 -1.3357967 -0.35117626
vn -1.3357967 -0.35117626 -1.3525267
vn -0.35490263 -1.3526757 -0.3497666
vn -1.3357332 -0.35394382 -1.3353666
vn -0.35654402 -1.3517596 -0.3597635
vn -1.3347073 -0.35896397 -1.3337665
vn -0.3611915 -1.3504045 -0.36431932
vn -1.2915055 -0.38076758 -1.2931969
vn -0.36384737 -1.2909145 -0.36247456
vn -1.3325552 -0.36321402 -1.2915055
vn -0.38076758 -1.2954621 -0.36509228
vn -1.2931969 -0.36384737 -1.3310846
vn -0.36501956 -1.3504045 -0.36431932
vn -1.3325552 -0.36321402 -1.2977111
vn -0.36620927 -1.3310846 -0.36501956
vn -1.3484914 -0.3685404 -1.3293655
vn -0.36659527 -1.2999451 -0.36719882
vn -1.3021656 -0.36806154 -1.327409
vn -0.3679297 -1.3043735 -0.36879826
vn -1.3252258 -0.36900973 -1.3065703
vn -0.36940944 -1.3087566 -0.3698957
vn -1.3228271 -0.36982286 -1.3460512
vn -0.37239742 -1.3109347 -0.37025714
vn -1.320224 -0.37035728 -1.3131049
vn -0.37049484 -1.3152688 -0.37060905
vn -1.3174272 -0.37060046 -1.3174272
vn -0.37060046 -1.3152688 -0.37060905
vn -1.3460512 -0.37239742 -1.3431137
vn -0.37585974 -1.339709 -0.37889814
vn -1.3358678 -0.38148308 -1.2936523
vn -0.38173795 -1.2957951 -0.3826275
vn -1.2979329 -0.3834344 -1.3316196
vn -0.38358426 -1.3000644 -0.38415694
vn -1.3021883 -0.38479352 -1.3269954
vn -0.38517213 -1.3043035 -0.38534188
vn -1.3064086 -0.38580084 -1.3085023
vn -0.38616848 -1.3269954 -0.38517213
vn -1.3064086 -0.38580084 -1.3085023
vn -0.38616848 -1.3220248 -0.38621688
vn -1.3105834 -0.38644266 -1.3126506
vn -0.38662195 -1.3167382 -0.3866892
vn -1.3147025 -0.3867048 -0.14271384
vn -0.2693541 -0.13179481 -0.2676134
vn -0.13179481 -0.2693541 -0.14271384
vn -0.2676134 -0.14271384 -0.2710991
vn -0.13179481 -0.27109885 -0.14271384
vn -0.27285576 -0.13179481 -0.27285612
vn -0.14271384 -0.274634 -0.13179481
vn -0.274634 -0.14271384 -0.2764411
vn -0.13179481 -0.2764411 -0.14271384
vn -0.27828598 -0.13179481 -0.27828622
vn -0.14271384 -0.28017712 -0.13179481
vn -0.28017688 -0.14271384 -0.28212214
vn -0.13179496 -0.28212214 -0.14271384
vn -0.2841301 -0.13179496 -0.2841301
vn -0.14271384 -0.28620875 -0.13179496
vn -0.2862091 -0.14271384 -0.2883675
vn -0.13179481 -0.2883675 -0.14271384
vn -0.29347992 -0.13179481 -0.29347992
vn -0.14271384 -0.29827237 -0.13179481
vn -0.29827237 -0.14271384 -0.3027234
vn -0.13179481 -0.3027234 -0.14271384
vn -0.30681074 -0.13179481 -0.30681038
vn -0.14271384 -0.31051207 -0.13179481
vn -0.31051207 -0.14271384 -0.31380534
vn -0.13179481 -0.31380534 -0.14271384
vn -0.31666934 -0.13179481 -0.31666934
vn 0.119345665 -0.26908517 0.13026494
vn -0.26586938 0.13026494 -0.26908517
vn 0.119345844 -0.26586938 0.119345665
vn -0.27265537 0.13026494 -0.27265537
vn 0.119345844 -0.27656114 0.13026494
vn -0.27656114 0.119345844 -0.2807833
vn 0.13026494 -0.2807833 0.119345844
vn -0.28530252 0.13026509 -0.28530252
vn 0.119345844 -0.28846765 0.13026494
vn -0.28846788 0.119345844 -0.29141128
vn 0.13026494 -0.29141128 0.119345844
vn -0.29414797 0.13026494 -0.2941482
vn 0.119345844 -0.2966926 0.13026509
vn -0.2966926 0.119345844 -0.29905868
vn 0.13026494 -0.29905868 0.119345665
vn -0.3012612 0.13026494 -0.3012612
vn 0.119345844 -0.30331504 0.13026494
vn -0.30331504 0.119345844 -0.30523384
vn 0.13026494 -0.30523384 0.119345844
vn -0.3070327 0.13026509 -0.3070327
vn 1.0801271 -0.27679205 1.0781026
vn -0.26586938 1.0801268 -0.26586938
vn 1.0781026 -0.27679205 1.0824034
vn -0.2767918 1.0824034 -0.26586938
vn 1.0849394 -0.2767918 1.0849394
vn -0.26586938 1.0535433 -0.26586938
vn 1.0563657 -0.2767918 1.053543
vn -0.2767918 1.0563657 -0.26586938
vn 1.0509815 -0.26586938 1.0509812
vn -0.2767918 1.0486765 -0.26586938
vn 1.0486765 -0.2767918 1.0466241
vn -0.26586938 1.0466241 -0.2767918
vn -0.04444161 -0.26806808 -0.033522516
vn -0.26586938 -0.033522516 -0.26806808
vn -0.04444161 -0.26586938 -0.04444161
vn -0.27047598 -0.033522516 -0.27047598
vn -0.04444161 -0.2730621 -0.033522338
vn -0.2730621 -0.04444161 -0.27579618
vn -0.033522338 -0.27579618 -0.04444161
vn -0.27864742 -0.033522516 -0.27864742
vn -0.04444161 -0.28158545 -0.033522516
vn -0.28158545 -0.04444161 -0.28457904
vn -0.033522516 -0.28457904 -0.04444179
vn -0.28759813 -0.033522516 -0.28759813
vn -0.04444161 -0.29272926 -0.033522338
vn -0.29272926 -0.04444161 -0.29757047
vn -0.033522338 -0.29757047 -0.04444161
vn -0.3020934 -0.033522338 -0.3020934
vn -0.04444161 -0.30626833 -0.033522516
vn -0.30626833 -0.04444161 -0.31006682
vn -0.033522516 -0.31006682 -0.04444179
vn -0.3134594 -0.033522516 -0.3134594
vn -0.21914765 -0.2693565 -0.20822856
vn -0.26586938 -0.20822856 -0.26935673
vn -0.21914765 -0.26586938 -0.21914765
vn -0.27326846 -0.20822856 -0.27326846
vn -0.21914765 -0.27757335 -0.20822856
vn -0.27757335 -0.21914765 -0.28224087
vn -0.20822856 -0.28224087 -0.21914765
vn -0.28723955 -0.20822856 -0.28723955
vn -0.21914765 -0.29253888 -0.20822856
vn -0.29253888 -0.21914765 -0.29457498
vn -0.20822856 -0.29457498 -0.21914765
vn -0.29662442 -0.20822856 -0.29662466
vn -0.21914765 -0.29868674 -0.20822856
vn -0.29868674 -0.21914765 -0.30076015
vn -0.20822856 -0.30076015 -0.21914765
vn -0.3028438 -0.20822856 -0.3028438
vn -0.21914765 -0.30493617 -0.20822856
vn -0.30493617 -0.21914765 -0.3070364
vn -0.20822856 -0.3070364 -0.21914765
vn -0.30914295 -0.20822856 -0.30914295
vn -0.21914765 -0.3112545 -0.20822856
vn -0.3112545 -0.21914765 -0.31337047
vn -0.20822856 -0.31337047 -0.21914765
vn -0.31548858 -0.20822856 -0.31548893
vn -0.21914765 -0.31760883 -0.20822856
vn -0.31760883 0.6762229 -0.28415442
vn 0.687142 -0.26586938 0.687142
vn -0.28415442 0.6762229 -0.26586938
vn 0.14118418 -0.26813984 0.15210328
vn -0.26586962 0.15210328 -0.26813984
vn 0.14118418 -0.26586938 0.14118418
vn -0.27039385 0.15210328 -0.27039385
vn 0.14118418 -0.27263308 0.15210328
vn -0.27263284 0.14118418 -0.27485836
vn 0.15210328 -0.27485836 0.14118418
vn -0.27707124 0.15210328 -0.27707124
vn 0.14118418 -0.27927327 0.15210328
vn -0.27927327 0.14118418 -0.28146458
vn 0.15210328 -0.28146482 0.14118418
vn -0.2836473 0.15210328 -0.28364754
vn 0.14118418 -0.28582227 0.15210328
vn -0.28582263 0.14118418 -0.28799105
vn 0.15210328 -0.28799105 0.14118418
vn -0.29015446 0.15210328 -0.29015446
vn 0.14118418 -0.2923138 0.15210328
vn -0.29231358 0.14118418 -0.29511333
vn 0.15210328 -0.29511333 0.14118418
vn -0.29772234 0.15210328 -0.2977221
vn 0.14118418 -0.30012906 0.15210328
vn -0.30012906 0.14118418 -0.30232334
vn 0.15210328 -0.3023231 0.14118418
vn -0.30429268 0.15210328 -0.30429268
vn 0.14118418 -0.30602717 0.15210328
vn -0.30602717 0.52335435 -0.2903266
vn 0.51243526 -0.2921487 0.51243526
vn -0.2903266 0.52335435 -0.2921487
vn 0.52335435 -0.28829002 0.51243526
vn -0.28829002 0.52335435 -0.28605223
vn 0.51243526 -0.28605223 0.5233547
vn -0.2836249 0.51243526 -0.2836249
vn 0.52335435 -0.28102088 0.51243526
vn -0.28102088 0.52335435 -0.2782526
vn 0.51243526 -0.2782526 0.52335435
vn -0.275429 0.51243526 -0.275429
vn 0.52335435 -0.27275372 0.51243526
vn -0.27275372 0.5233547 -0.270252
vn 0.51243526 -0.270252 0.52335435
vn -0.26794863 0.51243526 -0.26794863
vn 0.52335435 -0.26586938 0.51243526
vn -0.26586938 0.6543844 -0.2847805
vn 0.64346564 -0.2867198 0.6434653
vn -0.2847805 0.65438473 -0.2867198
vn 0.65438473 -0.28249335 0.64346564
vn -0.28249335 0.6543844 -0.27985942
vn 0.6434653 -0.27985942 0.6543844
vn -0.2768792 0.6434653 -0.2768792
vn 0.65438473 -0.2735536 0.6434653
vn -0.2735536 0.6543844 -0.2698834
vn 0.6434653 -0.2698834 0.6543844
vn -0.26586938 0.6434653 -0.26586938
vn 0.8727668 -0.28139448 0.8836862
vn -0.26586938 0.8836858 -0.28139448
vn 0.8727671 -0.26586938 0.65438473
vn -0.2695887 0.6653038 -0.26586938
vn 0.6653038 -0.26958847 0.65438473
vn -0.26586962 0.65438473 -0.27297807
vn 0.6653038 -0.27297807 0.65438473
vn -0.27603805 0.66530347 -0.27603805
vn 0.65438473 -0.27876878 0.6653038
vn -0.27876878 0.65438473 -0.28117037
vn 0.66530347 -0.28117037 0.65438473
vn -0.28324318 0.6653038 -0.28324282
vn 0.6543844 -0.2849872 0.66530347
vn -0.28498685 0.62162715 -0.28623462
vn 0.61070806 -0.28809 0.61070806
vn -0.28623462 0.62162715 -0.28809047
vn 0.62162715 -0.2841847 0.61070806
vn -0.2841847 0.62162715 -0.28194737
vn 0.61070806 -0.28194737 0.62162715
vn -0.27953053 0.61070806 -0.27953053
vn 0.62162715 -0.27694058 0.61070806
vn -0.27694058 0.62162715 -0.2743187
vn 0.61070806 -0.2743187 0.62162715
vn -0.27189207 0.61070806 -0.27189207
vn 0.62162715 -0.26966953 0.61070806
vn -0.26966906 0.62162715 -0.26765895
vn 0.61070806 -0.26765895 0.62162715
vn -0.26586938 0.61070806 -0.26586938
vn 0.2394563 -0.26751566 0.2503754
vn -0.26586938 0.2503752 -0.26751566
vn 0.2394563 -0.26586938 0.2394563
vn -0.26942015 0.2503754 -0.26942015
vn 0.2394563 -0.27157032 0.2503754
vn -0.27157032 0.2394563 -0.27395415
vn 0.2503754 -0.27395415 0.2394563
vn -0.27655983 0.2503754 -0.27656007
vn 0.2394563 -0.2793753 0.2503754
vn -0.27937555 0.2394563 -0.2823887
vn 0.2503754 -0.2823887 0.23945612
vn -0.28396964 0.2503754 -0.28396964
vn 0.2394563 -0.28552628 0.2503754
vn -0.28552628 0.2394563 -0.28707075
vn 0.2503754 -0.28707075 0.2394563
vn -0.28861475 0.2503754 -0.28861475
vn 0.2394563 -0.29017043 0.2503754
vn -0.29017067 0.2394563 -0.29174995
vn 0.2503754 -0.29174995 0.2394563
vn -0.29336464 0.2503754 -0.29336464
vn 0.2394563 -0.29502726 0.2503752
vn -0.29502726 0.2394563 -0.29674935
vn 0.2503754 -0.29674935 0.2394563
vn -0.29854286 0.2503754 -0.29854286
vn 0.2394563 -0.3004198 0.2503754
vn -0.3004198 0.2394563 -0.30239248
vn 0.2503754 -0.30239248 0.8509286
vn -0.28191185 0.8618477 -0.26586938
vn 0.8618477 -0.28191185 0.8509286
vn -0.26586938 -0.13179481 -0.26586938
vn -0.14271384 -0.26586938 -1.5876038
vn -0.2659452 -1.59513 -0.26617742
vn -1.5899637 -0.26586938 -1.585268
vn -0.26617312 -1.5829513 -0.2665546
vn -1.5829513 -0.2665546 -1.5999949
vn -0.2670827 -1.59513 -0.26617742
vn -1.5806491 -0.26709068 -1.5999949
vn -0.2670827 -1.5806491 -0.26709068
vn -1.6045301 -0.2685566 -1.5783565
vn -0.26778293 -1.5760686 -0.26863194
vn -1.6045301 -0.2685566 -1.5783565
vn -0.26778293 -1.6087079 -0.2705698
vn -1.5737808 -0.26963925 -1.5714881
vn -0.2708063 -1.6124995 -0.2730937
vn -1.5691857 -0.2721336 -1.5668693
vn -0.2736231 -1.6158767 -0.27609956
vn -1.5645335 -0.2752757 -1.5621736
vn -0.27709246 -1.5621736 -0.27709246
vn -1.6188116 -0.27955902 -1.6158767
vn -0.27609956 -1.5621736 -0.29833055
vn -1.5645294 -0.29547882 -1.5645294
vn -0.29547882 -1.5668516 -0.29295683
vn -1.5691428 -0.2907493 -1.5714049
vn -0.28884006 -1.5736408 -0.28721404
vn -1.5758529 -0.28585517 -1.5780432
vn -0.28474855 -1.5802145 -0.2838776
vn -1.5823689 -0.28322744 -1.5845089
vn -0.28278255 -1.5866368 -0.28252697
vn -1.6188116 -0.27955902 -1.5887554
vn -0.2824452 -1.6212764 -0.28344285
vn -1.5915823 -0.2826326 -1.6212764
vn -0.28344285 -1.5887554 -0.2824452
vn -1.5942669 -0.28318298 -1.5967898
vn -0.2840773 -1.5967898 -0.2840773
vn -1.6232424 -0.2877221 -1.5991311
vn -0.28529716 -1.6012712 -0.28682423
vn -1.60319 -0.28863978 -1.6246812
vn -0.29236865 -1.6048677 -0.29072475
vn -1.6062849 -0.2930609 -1.6255655
vn -0.29735315 -1.6074216 -0.29562974
vn -1.608258 -0.29841292 -1.6258664
vn -0.3026471 -1.6087742 -0.30139112
vn -1.6089506 -0.30454636 -1.6258664
vn -0.3026471 -1.6087742 -0.30139112
vn -1.6089506 -0.30454636 -1.6256473
vn -0.30738425 -1.6088932 -0.30692863
vn -1.6087205 -0.30917144 -1.6256473
vn -0.30738425 -1.6088932 -0.30692863
vn -1.6087205 -0.30917144 -1.6249778
vn -0.31205583 -1.6084328 -0.31130207
vn -1.6080301 -0.31334615 -1.6080301
vn -0.31334615 -1.6238382 -0.31672478
vn -1.6249778 -0.31205583 -1.6075122
vn -0.31533003 -1.6238382 -0.31672478
vn -1.6068795 -0.31728053 -1.6222098
vn -0.32145476 -1.6061316 -0.31922388
vn -1.6052685 -0.3211863 -1.6042902
vn -0.32319415 -1.6200728 -0.32630968
vn -1.6031971 -0.32527423 -1.6019888
vn -0.32745254 -1.6174085 -0.33135295
vn -1.6006653 -0.32975554 -1.5980046
vn -0.33411324 -1.6141977 -0.33664787
vn -1.595058 -0.3386159 -1.6104212
vn -0.3422581 -1.5918705 -0.34322917
vn -1.6060596 -0.3482473 -1.5884869
vn -0.34791756 -1.6060596 -0.3482473
vn -1.5918705 -0.34322917 -1.5849524
vn -0.35264683 -1.5884869 -0.34791756
vn -1.5849524 -0.35264683 -1.6010938
vn -0.35467863 -1.5813117 -0.35738242
vn -1.6010938 -0.35467863 -1.5955048
vn -0.3616165 -1.57761 -0.36208868
vn -1.5892732 -0.3691237 -1.5738919
vn -0.36673164 -1.5702026 -0.37127638
vn -1.6343243 -0.3691237 -1.6343243
vn -0.38518143 -1.566587 -0.37568808
vn -1.5630901 -0.3799317 -1.559757
vn -0.38397276 -1.559757 -0.38518143
vn -0.689183 -0.36300802 -0.7001022
vn -0.3642156 -0.7001022 -0.36300802
vn -0.6891831 -0.3642156 -0.6891831
vn -0.35882497 -0.7001022 -0.35882497
vn -0.6891831 -0.3544327 -0.7001022
vn -0.3544327 -0.6891831 -0.34986758
vn -0.7001022 -0.34986758 -0.6891831
vn -0.3451662 -0.7001022 -0.3451662
vn -0.6891831 -0.34036517 -0.7001022
vn -0.34036517 -0.6891831 -0.33550167
vn -0.7001022 -0.33550167 -0.6891831
vn -0.33061194 -0.7001022 -0.33061194
vn -0.6891831 -0.3257327 -0.7001023
vn -0.3257327 -0.6891831 -0.3209008
vn -0.7001022 -0.3209008 -0.6891831
vn -0.31615293 -0.700102 -0.31615293
vn -0.6891831 -0.31152606 -0.7001022
vn -0.31152606 -0.6891831 -0.3070563
vn -0.7001022 -0.3070563 -0.6891831
vn -0.30469775 -0.7001022 -0.30469775
vn -0.6891831 -0.30246854 -0.7001022
vn -0.30246854 -0.6891831 -0.30034304
vn -0.7001022 -0.30034304 -0.6891831
vn -0.2982943 -0.7001022 -0.2982943
vn -0.6891831 -0.29629612 -0.7001022
vn -0.29629612 -0.689183 -0.29432178
vn -0.7001022 -0.29432178 -0.6891831
vn -0.2923454 -0.7001022 -0.2923454
vn -0.6891831 -0.2903409 -0.7001022
vn -0.2903409 -0.6891831 -0.2882812
vn -0.7001022 -0.2882812 -0.689183
vn -0.28614032 -0.7001022 -0.28614032
vn -0.6891831 -0.28389192 -0.7001022
vn -0.28389192 -0.6891831 -0.2815094
vn -0.7001022 -0.2815094 -0.6891831
vn -0.27836502 -0.7001022 -0.27836502
vn -0.6891831 -0.27541196 -0.7001022
vn -0.27541196 -0.6891831 -0.272668
vn -0.7001022 -0.272668 -0.6891831
vn -0.27015138 -0.7001022 -0.27015138
vn -0.6891831 -0.26787925 -0.7001022
vn -0.26787925 -0.6891831 -0.26586938
vn -0.700102 -0.26586938 0.26129445
vn -0.26779783 0.27221355 -0.26586938
vn 0.27221355 -0.26779783 0.26129445
vn -0.26586938 0.26129445 -0.26994598
vn 0.27221355 -0.26994598 0.26129445
vn -0.27229452 0.27221355 -0.27229452
vn 0.26129445 -0.2748227 0.27221355
vn -0.27482247 0.26129445 -0.27751088
vn 0.27221355 -0.27751088 0.26129445
vn -0.28033972 0.27221355 -0.28033972
vn 0.26129445 -0.2824582 0.27221355
vn -0.2824582 0.26129445 -0.2845857
vn 0.27221355 -0.28458607 0.26129445
vn -0.2867242 0.27221355 -0.2867242
vn 0.26129445 -0.28887606 0.27221355
vn -0.28887606 0.26129445 -0.2910434
vn 0.27221355 -0.2910434 0.26129445
vn -0.2932291 0.27221355 -0.2932291
vn 0.26129445 -0.2954347 0.27221355
vn -0.29543495 0.26129445 -0.2976632
vn 0.27221355 -0.2976632 0.26129445
vn -0.2999164 0.27221355 -0.2999164
vn 0.26129445 -0.3021971 0.27221355
vn -0.30219746 1.0998945 -0.2767918
vn 1.097353 -0.26586938 1.0998945
vn -0.26586938 1.097353 -0.2767918
vn 1.1027658 -0.2767918 1.1027658
vn -0.26586938 0.62162715 -0.28708673
vn 0.6325462 -0.26586938 0.6325462
vn -0.28708673 0.62162715 -0.26586938
vn -0.25190493 -0.26818764 -0.24098605
vn -0.26586938 -0.24098584 -0.26818728
vn -0.25190493 -0.26586938 -0.25190493
vn -0.27048564 -0.24098584 -0.27048564
vn -0.25190493 -0.27276802 -0.24098584
vn -0.27276802 -0.25190493 -0.27504015
vn -0.24098584 -0.27504015 -0.25190493
vn -0.2773062 -0.24098605 -0.2773062
vn -0.25190493 -0.27957106 -0.24098584
vn -0.27957106 -0.25190493 -0.28183937
vn -0.24098584 -0.28183937 -0.25190493
vn -0.2841165 -0.24098584 -0.2841165
vn -0.25190493 -0.28640676 -0.24098584
vn -0.28640652 -0.25190493 -0.2887144
vn -0.24098584 -0.2887149 -0.25190493
vn -0.29104543 -0.24098584 -0.29104543
vn -0.25190493 -0.2934035 -0.24098584
vn -0.2934035 -0.25190493 -0.29857743
vn -0.24098584 -0.29857707 -0.25190493
vn -0.30346322 -0.24098584 -0.30346322
vn -0.25190493 -0.30803263 -0.24098584
vn -0.30803263 -0.25190493 -0.3122568
vn -0.24098584 -0.3122568 -0.25190493
vn -0.31610632 -0.24098584 -0.31610632
vn -0.25190493 -0.3195529 -0.24098584
vn -0.3195529 -0.67826366 -0.2693026
vn -0.66734457 -0.26586938 -0.66734457
vn -0.2693026 -0.67826366 -0.26586938
vn -0.6782639 -0.2731645 -0.6673448
vn -0.2731645 -0.6782639 -0.27742648
vn -0.6673448 -0.27742648 -0.6782639
vn -0.28206015 -0.6673448 -0.28205967
vn -0.6782639 -0.28703666 -0.66734457
vn -0.28703666 -0.6782639 -0.2923274
vn -0.66734457 -0.2923274 -0.6782639
vn -0.2970667 -0.6673448 -0.2970667
vn -0.67826366 -0.30174375 -0.66734457
vn -0.30174375 -0.67826366 -0.30642247
vn -0.66734457 -0.30642247 -0.6782639
vn -0.31116676 -0.66734457 -0.31116676
vn -0.67826366 -0.31604028 -0.66734457
vn -0.31604028 -0.67826366 -0.3211069
vn -0.66734457 -0.3211069 -0.6782639
vn -0.32642996 -0.66734457 -0.32642996
vn -0.6782639 -0.3320732 -0.6673448
vn -0.3320732 -0.6782639 -0.33810043
vn -0.66734457 -0.3381008 -0.6782639
vn -0.34457564 -0.66734457 -0.34457564
vn -0.6782639 -0.3515625 -0.66734457
vn -0.3515625 -0.67826366 -0.35912442
vn -0.66734457 -0.35912442 0.021073222
vn -0.26586938 0.010153979 -0.31092322
vn 0.010154158 -0.26586938 0.021073222
vn -0.31092322 0.8290905 -0.2819264
vn 0.8400095 -0.26586938 0.8400095
vn -0.2819264 0.8290905 -0.26586938
vn -0.4981229 -0.26586938 -0.5090419
vn -0.3404596 -0.5090419 -0.26586938
vn -0.4981227 -0.3404596 -1.0746348
vn -0.26586938 -1.057719 -0.3836274
vn -1.0746348 -0.3836274 -1.057719
vn -0.26586938 -0.82266784 -0.38351548
vn -0.8117486 -0.26586938 -0.8117486
vn -0.38351548 -0.8226674 -0.26586938
vn 0.8072523 -0.26586962 0.7963332
vn -0.28278613 0.7963332 -0.26586938
vn 0.8072523 -0.28278613 -0.8335869
vn -0.38362288 -0.82266784 -0.26586938
vn -0.82266784 -0.38362288 -0.8335869
vn -0.26586938 0.75265646 -0.26586938
vn 0.7417374 -0.28279054 0.7417374
vn -0.26586938 0.75265646 -0.28279054
vn -1.9662019 -0.26586938 -1.9492865
vn -0.3836274 -1.9662019 -0.3836274
vn -1.9662019 -0.26586938 -1.9492865
vn -0.3323456 -1.9492865 -0.3836274
vn -1.8833497 -0.3323456 -1.8664339
vn -0.3836274 -1.8833497 -0.3836274
vn -1.8833497 -0.3323456 -1.8664339
vn -0.26586938 -1.8664339 -0.3836274
vn -1.9492865 -0.31715083 -1.9492865
vn -0.31715083 -1.9492865 -0.3323456
vn -1.8833497 -0.31715083 -1.9492865
vn -0.26586938 -1.8833497 -0.26586938
vn -1.8664339 -0.26586938 -1.8833497
vn -0.31715083 -0.17547134 -0.31710243
vn -0.16455224 -0.26586938 -0.16455224
vn -0.31710243 -0.17547134 -0.26586938
vn -0.43260753 -0.26586938 -0.4435267
vn -0.33182693 -0.44352677 -0.26586938
vn -0.43260768 -0.33182693 -0.17547134
vn -0.26586938 -0.18639022 -0.31714916
vn -0.18639043 -0.26586962 -0.17547134
vn -0.31714916 0.774495 -0.26586938
vn 0.76357555 -0.28279018 0.76357555
vn -0.26586938 0.774495 -0.28279018
vn -0.80082935 -0.38351548 -0.78991044
vn -0.26586938 -0.7899102 -0.38351548
vn -0.80082935 -0.26586938 0.8072523
vn -0.28278613 0.8181714 -0.26586938
vn 0.8181714 -0.2827859 0.8072523
vn -0.26586938 -0.18639043 -0.26586938
vn -0.19730946 -0.31714916 -0.19730946
vn -0.26586938 -0.18639043 -0.31714916
vn -0.43260753 -0.33181024 -0.42168865
vn -0.26586938 -0.42168865 -0.33181024
vn -0.43260753 -0.26586938 -0.15363315
vn -0.26586938 -0.16455224 -0.31710243
vn -0.16455224 -0.26586938 -0.15363315
vn -0.31710196 0.8181714 -0.28278613
vn 0.8290905 -0.26586938 0.8290905
vn -0.28278613 0.8181714 -0.26586938
vn -0.844506 -0.38362288 -0.8335869
vn -0.26586938 -0.8335869 -0.38362288
vn -0.844506 -0.26586938 0.7963332
vn -0.26586938 0.7854141 -0.28279018
vn 0.7854141 -0.26586938 0.7963332
vn -0.28279018 -2.230533 -0.38658845
vn -2.218365 -0.38650632 -2.2217321
vn -0.38671374 -2.21513 -0.3862003
vn -2.211983 -0.38578153 -2.2088802
vn -0.38523722 -2.2389588 -0.38540637
vn -2.2057765 -0.38455367 -2.2026277
vn -0.3837173 -2.1993897 -0.3827145
vn -2.2469418 -0.38322735 -2.1960177
vn -0.3815322 -2.192468 -0.3801564
vn -2.2544148 -0.38011146 -2.1886957
vn -0.3785739 -2.1846564 -0.37677133
vn -2.2613096 -0.37611842 -2.1846564
vn -0.37677133 -2.2544148 -0.38011146
vn -2.2613096 -0.37611842 -2.180306
vn -0.37473488 -2.2157438 -0.37054467
vn -2.212218 -0.36996806 -2.2087002
vn -0.36923003 -2.205192 -0.36833143
vn -2.2016962 -0.36727333 -2.198215
vn -0.366058 -2.1947508 -0.36468577
vn -2.191306 -0.36315882 -2.187883
vn -0.36147785 -2.1844835 -0.35964453
vn -2.1811109 -0.35765982 -2.2675593
vn -0.37130833 -2.2228084 -0.3712077
vn -2.2192748 -0.37095833 -2.22908
vn -0.371104 -2.2351015 -0.37022197
vn -2.2408214 -0.36860514 -2.2730958
vn -0.3657403 -2.2461886 -0.36629856
vn -2.251152 -0.36334586 -2.2778513
vn -0.35947502 -2.2778513 -0.35947502
vn -2.2556603 -0.35979247 -2.251152
vn -0.36334586 -2.2596617 -0.35568166
vn -2.2817585 -0.35257173 -2.2596617
vn -0.35568166 -2.2817585 -0.35257173
vn -2.2631054 -0.35105872 -2.28475
vn -0.3450905 -2.2631054 -0.35105872
vn -2.2659397 -0.34596777 -2.268114
vn -0.34045267 -2.286758 -0.3370912
vn -2.2695763 -0.33455896 -2.2877142
vn -0.32863355 -2.2877142 -0.32863355
vn -2.2702758 -0.3283298 -2.2695763
vn -0.33455896 -2.2701738 -0.32192504
vn -2.2875679 -0.32018757 -2.2701738
vn -0.32192504 -2.2205052 -0.31008005
vn -2.180306 -0.32339597 -2.2197897
vn -0.3252579 -2.1979182 -0.30901504
vn -2.1826549 -0.27355063 -2.2692752
vn -0.31584322 -2.2863533 -0.31213522
vn -2.2676182 -0.31012464 -2.1990561
vn -0.28486848 -2.2841275 -0.30453432
vn -2.2841275 -0.30453432 -2.2652402
vn -0.30480778 -2.2676182 -0.31012464
vn -2.262179 -0.29993165 -2.2652402
vn -0.30480778 -2.2809472 -0.29744315
vn -2.2584722 -0.29553533 -2.2768688
vn -0.29091978 -2.2768688 -0.29091978
vn -2.2541578 -0.29165745 -2.2584722
vn -0.29553533 -2.2492738 -0.2883377
vn -2.2541578 -0.29165745 -2.2719493
vn -0.2850213 -2.2438574 -0.2856146
vn -2.201116 -0.28432918 -2.2031841
vn -0.2838174 -2.2052627 -0.2833382
vn -2.2379467 -0.28352726 -2.2073538
vn -0.28289747 -2.2094598 -0.28250074
vn -2.2115827 -0.28215337 -2.1826549
vn -0.27355063 -2.2094598 -0.28250074
vn -2.2315795 -0.2821139 -2.2662451
vn -0.2798066 -2.2137244 -0.28186107
vn -2.215887 -0.28162873 -2.2137244
vn -0.28186107 -2.2180736 -0.2814629
vn -2.2247934 -0.281415 -2.2202852
vn -0.28136826 -2.2225244 -0.2813506
vn -2.2662451 -0.2798066 -2.2247934
vn -0.281415 -2.259813 -0.27533257
vn -2.1865973 -0.27209377 -2.1904325
vn -0.27079964 -2.2527096 -0.2716577
vn -2.2527096 -0.2716577 -2.1941833
vn -0.26966512 -2.1904325 -0.27079964
vn -2.197873 -0.26868582 -2.2449918
vn -0.26884007 -2.197873 -0.26868582
vn -2.2015243 -0.26785862 -2.2051601
vn -0.267179 -2.2088034 -0.26664436
vn -2.2367158 -0.26693654 -2.2124777
vn -0.26625013 -2.2162051 -0.26599336
vn -2.220009 -0.26586938 -2.2279387
vn -0.26600623 -2.2239125 -0.26587462
vn -0.6455059 -0.27349544 -0.6345868
vn -0.26973164 -0.6345868 -0.27349544
vn -0.64550614 -0.26973164 -0.6455059
vn -0.27718353 -0.63458705 -0.27718353
vn -0.6455059 -0.28081822 -0.6345868
vn -0.28081822 -0.6455059 -0.28442264
vn -0.6345867 -0.28442216 -0.6455059
vn -0.28801918 -0.6345868 -0.28801918
vn -0.6455059 -0.29163098 -0.6345868
vn -0.29163098 -0.6455059 -0.2952808
vn -0.6345868 -0.29528046 -0.64550614
vn -0.29899085 -0.6345868 -0.29899085
vn -0.6455059 -0.30278468 -0.6345867
vn -0.30278468 -0.6455059 -0.3066845
vn -0.6345868 -0.3066845 -0.6455058
vn -0.31071317 -0.6345868 -0.31071317
vn -0.6455058 -0.31952965 -0.6345868
vn -0.31952965 -0.6455059 -0.32789612
vn -0.6345867 -0.32789612 -0.6455058
vn -0.33575296 -0.6345867 -0.33575296
vn -0.64550555 -0.3430407 -0.6345867
vn -0.3430407 -0.6455058 -0.34969914
vn -0.6345868 -0.34969914 -0.6455058
vn -0.35566926 -0.6345867 -0.35566926
vn -0.6018294 -0.27129722 -0.5909103
vn -0.26586938 -0.5909103 -0.27129722
vn -0.6018293 -0.26586938 -0.6018294
vn -0.27742422 -0.5909103 -0.27742422
vn -0.6018293 -0.28419793 -0.5909103
vn -0.28419757 -0.6018294 -0.29156542
vn -0.5909103 -0.29156542 -0.6018294
vn -0.29947436 -0.5909103 -0.29947436
vn -0.6018294 -0.30787253 -0.5909103
vn -0.30787253 -0.6018294 -0.31638217
vn -0.5909103 -0.31638193 -0.6018294
vn -0.32453036 -0.5909103 -0.32453036
vn -0.6018294 -0.3322519 -0.5909103
vn -0.3322519 -0.6018294 -0.33948123
vn -0.5909103 -0.33948123 -0.6018293
vn -0.34615195 -0.5909103 -0.34615195
vn -0.6018294 -0.35219884 -0.5909103
vn -0.35219884 -0.6236676 -0.2717688
vn -0.6127486 -0.26586938 -0.6127486
vn -0.2717688 -0.6236676 -0.26586938
vn -0.6236676 -0.27836967 -0.6127486
vn -0.2783693 -0.6236676 -0.2856083
vn -0.6127486 -0.2856083 -0.6236676
vn -0.29342222 -0.6127486 -0.29342222
vn -0.6236676 -0.30174708 -0.6127486
vn -0.30174708 -0.6236676 -0.3105204
vn -0.6127486 -0.3105204 -0.6236676
vn -0.31389523 -0.6127486 -0.31389523
vn -0.6236676 -0.31714463 -0.6127486
vn -0.31714463 -0.6236676 -0.32031393
vn -0.6127486 -0.32031393 -0.6236676
vn -0.32344842 -0.6127486 -0.32344866
vn -0.6236675 -0.3265934 -0.6127486
vn -0.3265934 -0.6236676 -0.32979405
vn -0.6127486 -0.32979405 -0.6236676
vn -0.33309567 -0.6127486 -0.33309567
vn -0.6236676 -0.33654284 -0.6127486
vn -0.33654284 -0.6236676 -0.34018135
vn -0.6127486 -0.34018135 -0.6236676
vn -0.3440566 -0.6127486 -0.3440566
vn -0.6236676 -0.34821332 -0.6127486
vn -0.34821332 -0.6236676 -0.352697
vn -0.6127486 -0.352697 0.7417374
vn -0.26586938 0.73081833 -0.28296268
vn 0.73081833 -0.26586938 0.7417374
vn -0.28296268 -0.4981227 -0.26934218
vn -0.48720366 -0.26586938 -0.48720366
vn -0.26934218 -0.4981227 -0.26586938
vn -0.4981227 -0.2728336 -0.4872038
vn -0.2728336 -0.4981227 -0.27634084
vn -0.48720366 -0.27634084 -0.4981229
vn -0.27986145 -0.48720366 -0.27986145
vn -0.4981229 -0.28339362 -0.4872038
vn -0.28339362 -0.4981227 -0.2869346
vn -0.48720366 -0.2869346 -0.4981229
vn -0.2904818 -0.48720366 -0.2904818
vn -0.4981227 -0.29403293 -0.48720366
vn -0.29403293 -0.4981227 -0.29758573
vn -0.4872038 -0.29758573 -0.4981229
vn -0.30113792 -0.48720366 -0.30113792
vn -0.4981227 -0.30468678 -0.48720366
vn -0.30468678 -0.4981229 -0.30823004
vn -0.4872038 -0.30823004 -0.4981227
vn -0.31449008 -0.48720366 -0.31449008
vn -0.4981227 -0.32045913 -0.48720366
vn -0.32045913 -0.4981227 -0.32608867
vn -0.48720366 -0.32608867 -0.4981227
vn -0.3313303 -0.48720366 -0.3313303
vn -0.4981227 -0.33613467 -0.48720366
vn -0.33613467 -0.4981227 -0.3404529
vn -0.48720366 -0.3404529 -0.3998503
vn -0.27019715 -0.38893116 -0.26586938
vn -0.38893116 -0.27019715 -0.3998503
vn -0.26586938 -0.3998501 -0.27500558
vn -0.38893116 -0.27500522 -0.3998503
vn -0.28024697 -0.38893116 -0.2802472
vn -0.3998503 -0.28587484 -0.38893116
vn -0.28587508 -0.3998503 -0.29184163
vn -0.38893116 -0.29184127 -0.3998501
vn -0.29809952 -0.38893116 -0.29809952
vn -0.3998503 -0.30448914 -0.38893116
vn -0.30448914 -0.3998501 -0.31051075
vn -0.38893116 -0.31051075 -0.3998503
vn -0.31612802 -0.388931 -0.31612766
vn -0.3998503 -0.3213036 -0.38893116
vn -0.3213036 -0.3998501 -0.3260007
vn -0.38893116 -0.3260007 -0.3998503
vn -0.33018327 -0.38893116 -0.33018327
vn -0.3234162 -0.27044582 -0.31249726
vn -0.26586938 -0.31249726 -0.27044582
vn -0.3234162 -0.26586938 -0.3234162
vn -0.27555192 -0.31249726 -0.27555227
vn -0.3234162 -0.28114748 -0.31249726
vn -0.28114748 -0.3234162 -0.28719187
vn -0.31249726 -0.28719187 -0.3234162
vn -0.29364443 -0.31249726 -0.29364443
vn -0.3234162 -0.3004651 -0.31249726
vn -0.3004651 -0.3234162 -0.30273342
vn -0.31249726 -0.30273342 -0.3234162
vn -0.30496693 -0.31249726 -0.3049667
vn -0.3234162 -0.30716693 -0.31249726
vn -0.3071673 -0.3234162 -0.30933702
vn -0.31249726 -0.30933702 -0.3234162
vn -0.3114791 -0.31249726 -0.3114791
vn -0.3234162 -0.313596 -0.31249726
vn -0.313596 -0.3234162 -0.31569004
vn -0.31249726 -0.31569004 -0.3234162
vn -0.3177637 -0.31249726 -0.3177637
vn -0.3234162 -0.31981945 -0.31249726
vn -0.31981945 -0.3234162 -0.3218602
vn -0.31249726 -0.3218602 -0.3234162
vn -0.32388806 -0.31249726 -0.32388806
vn -0.3234162 -0.32590592 -0.31249726
vn -0.32590556 0.5779508 -0.26586938
vn 0.5670317 -0.2900195 0.5670317
vn -0.26586938 0.5779508 -0.2900195
vn 0.59978896 -0.28848815 0.61070806
vn -0.26586938 0.61070806 -0.28848815
vn 0.59978896 -0.26586938 0.96011984
vn -0.28104913 0.9710389 -0.26586938
vn 0.9710389 -0.28104913 0.96011984
vn -0.26586938 0.16302234 -0.30539942
vn 0.17394143 -0.26586938 0.17394143
vn -0.30539942 0.16302234 -0.26586938
vn -0.07719919 -0.26586938 -0.088118285
vn -0.31576812 -0.088118285 -0.26586938
vn -0.07719919 -0.31576812 -0.6345868
vn -0.26586938 -0.6455059 -0.26586938
vn -1.2909145 -0.26586938 -1.2739987
vn -0.36843276 -1.2909145 -0.3836274
vn -1.2280847 -0.3836274 -1.2739987
vn -0.36843276 -1.2280847 -0.36843276
vn -1.2280847 -0.3836274 -1.2739987
vn -0.33579874 -1.2739987 -0.32060432
vn -1.2280847 -0.33579874 -1.2280847
vn -0.32060432 -1.2739987 -0.26586938
vn 0.33772823 -0.29850173 0.34864715
vn -0.26586938 0.34864715 -0.29850197
vn 0.33772808 -0.26586938 -7.649362E-4
vn -0.31178617 0.010153979 -0.26586938
vn 0.010153979 -0.31178617 -7.647574E-4
vn -0.26586938 0.94920075 -0.28106308
vn 0.96011984 -0.26586938 0.96011984
vn -0.28106308 0.94920075 -0.26586938
vn 0.94920075 -0.26920056 -0.01168403
vn -0.31179786 -7.649362E-4 -0.26586938
vn -7.649362E-4 -0.31179786 -0.01168403
vn -0.26586938 -0.26282433 -0.26586938
vn -0.27374342 -0.32060242 -0.27374342
vn -0.26586938 -0.26282433 -0.32060266
vn 0.76357555 -0.26586938 0.75265646
vn -0.28279018 0.75265646 -0.26586938
vn 0.7635759 -0.28279018 -0.7680721
vn -0.38351512 -0.757153 -0.26586938
vn -0.757153 -0.38351512 -0.7680721
vn -0.33183193 -0.7680721 -0.26586938
vn -0.388931 -0.32870305 -0.37801197
vn -0.26586938 -0.37801197 -0.32870305
vn -0.38893116 -0.26586938 0.92736256
vn -0.28106308 0.93828166 -0.26586938
vn 0.93828166 -0.28106308 0.92736256
vn -0.26586938 -0.022603124 -0.31179786
vn -0.011684209 -0.26586938 -0.011684209
vn -0.31179786 -0.022603124 -0.26586938
vn -1.4196482 -0.3836274 -1.4365637
vn -0.2810638 -1.4196483 -0.26586938
vn -1.486448 -0.26586938 -1.486448
vn -0.2810638 -1.4196482 -0.3836274
vn -1.4365637 -0.31663322 -1.4365637
vn -0.2810638 -1.4365637 -0.33182752
vn -1.4365637 -0.31663322 -1.4847218
vn -0.31663322 -1.4847218 -0.33182752
vn -1.4365637 -0.36843276 -1.4880015
vn -0.36843276 -1.4365637 -0.36843276
vn -1.4880015 -0.3836274 -1.4880015
vn -0.36843276 0.2722137 -0.30143714
vn 0.2831326 -0.26586938 0.2831326
vn -0.30143714 0.27221355 -0.26586938
vn -0.055360526 -0.3140304 -0.04444161
vn -0.26586938 -0.04444161 -0.3140304
vn -0.055360705 -0.26586938 0.93828166
vn -0.28106308 0.94920075 -0.26586938
vn 0.94920075 -0.28106308 0.93828195
vn -0.26586938 -0.055360705 -0.26586938
vn -0.06627998 -0.31404233 -0.06627998
vn -0.26586938 -0.055360705 -0.31404233
vn 0.21761796 -0.3024733 0.22853702
vn -0.26586962 0.22853702 -0.30247355
vn 0.21761796 -0.26586938 -0.20822856
vn -0.3173101 -0.19730967 -0.26586938
vn -0.19730967 -0.3173101 -0.20822856
vn -0.26586938 0.8946053 -0.28106344
vn 0.9055244 -0.26586938 0.9055244
vn -0.28106344 0.8946053 -0.26586938
vn -0.45444587 -0.26586938 -0.46536496
vn -0.33424425 -0.46536496 -0.26586938
vn -0.45444587 -0.33424425 -0.7899102
vn -0.38351548 -0.77899104 -0.26586938
vn -0.77899104 -0.38351548 -0.7899102
vn -0.26586938 -0.7899102 -0.38335466
vn -0.45444572 -0.3326733 -0.44352677
vn -0.26586938 -0.44352677 -0.3326733
vn -0.45444587 -0.26586938 -0.45444587
vn -0.26763558 0.8836862 -0.28106344
vn 0.8946053 -0.26586938 0.8946053
vn -0.28106344 0.8836862 -0.26586938
vn -0.09903756 -0.31576908 -0.088118464
vn -0.26586938 -0.088118464 -0.31576908
vn -0.09903756 -0.26586938 -2.074601
vn -0.26586938 -2.0576851 -0.36843276
vn -2.074601 -0.3836274 -2.0288594
vn -0.3836274 -2.018489 -0.38299966
vn -2.0576851 -0.36843276 -2.0091147
vn -0.3811965 -2.018489 -0.38299966
vn -2.0007186 -0.3783369 -2.0091147
vn -0.3811965 -1.9932826 -0.3745401
vn -1.9867886 -0.3699255 -2.031621
vn -0.36843276 -2.0237513 -0.36802506
vn -1.9812192 -0.3646127 -2.0576851
vn -0.2810638 -2.0166192 -0.36683965
vn -1.9812192 -0.3646127 -2.0237513
vn -0.36802506 -2.010215 -0.36493373
vn -2.0166192 -0.36683965 -2.0045278
vn -0.36236382 -2.010215 -0.36493373
vn -2.0045278 -0.36236382 -1.976556
vn -0.3587203 -1.999548 -0.3591876
vn -1.9952654 -0.35546124 -1.9727806
vn -0.3523686 -1.9916694 -0.35124207
vn -1.9698756 -0.34567606 -1.9887502
vn -0.34658766 -1.9864975 -0.34155357
vn -1.9678228 -0.3387624 -1.9849008
vn -0.33619785 -1.9666045 -0.33174682
vn -1.9839503 -0.33057702 -1.9662019
vn -0.32474852 -1.9836355 -0.32474852
vn -1.983831 -0.32084203 -1.96669
vn -0.31724226 -1.984465 -0.31647635
vn -1.984465 -0.31647635 -1.9681333
vn -0.30989504 -1.96669 -0.31724226
vn -1.98561 -0.31180382 -1.9873374
vn -0.30697656 -1.9681333 -0.30989504
vn -1.98561 -0.31180382 -1.970504
vn -0.3028009 -1.9897189 -0.3021469
vn -1.9737713 -0.2960539 -1.9928272
vn -0.29746723 -1.9737713 -0.2960539
vn -1.9897189 -0.3021469 -1.9967337
vn -0.2930895 -1.9928272 -0.29746723
vn -1.9779067 -0.28974795 -2.0015104
vn -0.28916645 -1.9779067 -0.28974795
vn -1.9967337 -0.2930895 -2.0015104
vn -0.28916645 -1.9828805 -0.2839775
vn -2.007229 -0.2858498 -2.0139623
vn -0.28329265 -2.0139623 -0.28329265
vn -1.9886634 -0.2788365 -1.9828805
vn -0.2839775 -2.0217812 -0.28164625
vn -1.9886634 -0.2788365 -2.0307581
vn -0.2810638 -2.0217812 -0.28164625
vn -2.074601 -0.26586938 -2.0576851
vn -0.2810638 -2.0307581 -0.2810638
vn -1.9952261 -0.2744193 -2.0025392
vn -0.2708199 -1.9952261 -0.2744193
vn -2.0105731 -0.2681322 -2.0025392
vn -0.2708199 -2.0192988 -0.26645064
vn -2.0286868 -0.26586938 -2.0192988
vn -0.26645064 -0.689183 -0.32199907
vn -0.6782639 -0.3116138 -0.6782639
vn -0.32199907 -0.689183 -0.3116138
vn -0.689183 -0.3314154 -0.6782639
vn -0.3314154 -0.689183 -0.3398776
vn -0.6782639 -0.3398776 -0.689183
vn -0.34740138 -0.6782639 -0.34740138
vn -0.689183 -0.35400128 -0.6782639
vn -0.35400128 -0.689183 -0.3596933
vn -0.6782639 -0.3596933 -0.53088033
vn -0.34066534 -0.5417994 -0.3465159
vn -0.5417994 -0.34066534 -0.53088033
vn -0.34096265 -0.53088033 -0.3465159
vn -0.53088033 -0.3343469 -0.5417994
vn -0.3343469 -0.53088033 -0.3276806
vn -0.5417994 -0.3276801 -0.53088033
vn -0.3207848 -0.5417994 -0.3207848
vn -0.53088033 -0.31378007 -0.5417994
vn -0.31378007 -0.53088045 -0.30678582
vn -0.5417994 -0.30678582 -0.53088045
vn -0.29927564 -0.5417994 -0.29927564
vn -0.53088033 -0.29191613 -0.5417994
vn -0.29191613 -0.53088033 -0.28480148
vn -0.5417994 -0.284801 -0.53088033
vn -0.2780254 -0.5417994 -0.2780254
vn -0.53088033 -0.27168334 -0.5417994
vn -0.27168334 -0.53088033 -0.26586938
vn -0.5417994 -0.26586938 -0.66734445
vn -0.27162814 -0.65642536 -0.26586938
vn -0.6564255 -0.27162814 -0.66734457
vn -0.26586938 -0.66734457 -0.2781706
vn -0.6564255 -0.2781706 -0.66734445
vn -0.28546762 -0.65642536 -0.28546762
vn -0.66734457 -0.29349065 -0.65642536
vn -0.29349065 -0.66734445 -0.3022107
vn -0.6564255 -0.3022107 -0.66734445
vn -0.31159878 -0.65642536 -0.31159878
vn -0.66734445 -0.35752726 -0.65642536
vn -0.35752726 -0.7680721 -0.26586938
vn -0.77899104 -0.38351548 -0.77899104
vn -0.26586938 -0.7680721 -0.38351548
vn -0.7680721 -0.29933953 -0.6782639
vn -0.26586938 -0.689183 -0.26586938
vn -0.33433524 -0.3017621 -0.3234162
vn -0.29279804 -0.3234162 -0.3017621
vn -0.33433524 -0.29279804 -0.33433524
vn -0.30954373 -0.3234162 -0.30954373
vn -0.33433524 -0.31621838 -0.3234162
vn -0.31621838 -0.33433545 -0.3218615
vn -0.3234163 -0.3218615 -0.33433524
vn -0.32654858 -0.3234162 -0.32654858
vn -0.35617363 -0.32370162 -0.36709267
vn -0.32824576 -0.36709267 -0.32370162
vn -0.35617363 -0.32824576 -0.35617363
vn -0.31889057 -0.36709267 -0.31889057
vn -0.35617363 -0.31396163 -0.36709267
vn -0.31396163 -0.35617363 -0.30906343
vn -0.36709267 -0.30906343 -0.35617378
vn -0.30434513 -0.36709267 -0.3043456
vn -0.35617378 -0.29995632 -0.36709267
vn -0.29995632 -0.35617378 -0.29604518
vn -0.36709267 -0.29604518 -0.35617363
vn -0.29023576 -0.36709267 -0.29023576
vn -0.35617363 -0.28466177 -0.36709267
vn -0.28466177 -0.35617363 -0.27938092
vn -0.36709267 -0.27938092 -0.35617363
vn -0.27444983 -0.36709267 -0.2744503
vn -0.35617363 -0.26992726 -0.36709267
vn -0.26992726 -0.35617363 -0.26586938
vn -0.36709267 -0.26586938 -0.37801197
vn -0.27017236 -0.36709288 -0.26586938
vn -0.36709288 -0.27017236 -0.37801197
vn -0.2678337 -0.37801197 -0.26586938
vn -0.37801197 -0.27516937 -0.36709288
vn -0.27516937 -0.37801197 -0.2808714
vn -0.36709297 -0.2808714 -0.37801197
vn -0.28728724 -0.36709297 -0.28728724
vn -0.37801197 -0.2944274 -0.36709288
vn -0.2944274 -0.37801197 -0.30230176
vn -0.36709288 -0.30230176 -0.37801197
vn -0.32837403 -0.36709288 -0.32837403
vn -0.6345867 -0.35323477 -0.6236676
vn -0.26586938 -0.6236676 -0.35323477
vn -0.6345867 -0.2826376 -0.6345867
vn -0.26586938 -0.3234162 -0.26586938
vn -0.33433545 -0.26586938 -2.1239908
vn -0.38630438 -2.11182 -0.3866011
vn -2.1148453 -0.38670707 -2.1239908
vn -0.38630438 -2.108777 -0.38636947
vn -2.11182 -0.3866011 -2.1057036
vn -0.38600922 -2.108777 -0.38636947
vn -2.1326618 -0.38485813 -2.1057036
vn -0.38600922 -2.102587 -0.38551664
vn -2.0994148 -0.38488936 -2.0961747
vn -0.38412356 -2.1407998 -0.38242579
vn -2.0928538 -0.38321614 -2.0894396
vn -0.38216424 -2.0859199 -0.38096452
vn -2.148345 -0.37906373 -2.0859199
vn -0.38096452 -2.1407998 -0.38242579
vn -2.148345 -0.37906373 -2.082282
vn -0.37961364 -2.0785131 -0.37810862
vn -2.074601 -0.37644637 -2.155239
vn -0.37482858 -2.1085186 -0.37075233
vn -2.1052058 -0.3702984 -2.1019115
vn -0.3696773 -2.0986245 -0.36888635
vn -2.0986245 -0.36888635 -2.0953333
vn -0.36792195 -2.074601 -0.37644637
vn -2.0953333 -0.36792195 -2.092027
vn -0.36678112 -2.0886939 -0.3654604
vn -2.0853224 -0.36395705 -2.0819018
vn -0.3622675 -2.0784204 -0.360389
vn -2.074867 -0.35831785 -2.1614227
vn -0.36977732 -2.1152458 -0.37117147
vn -2.1118617 -0.3710425 -2.1218312
vn -0.37087595 -2.1280944 -0.36982012
vn -2.1339893 -0.368047 -2.1668372
vn -0.363966 -2.13947 -0.36559796
vn -2.1444898 -0.36251676 -2.1714232
vn -0.35745215 -2.1490028 -0.358845
vn -2.1529627 -0.3546257 -2.1751223
vn -0.35029233 -2.1751223 -0.35029233
vn -2.1563237 -0.3499012 -2.1529627
vn -0.3546257 -2.177875 -0.34254265
vn -2.1563237 -0.3499012 -2.159039
vn -0.3447137 -2.1610632 -0.33910608
vn -2.1796227 -0.3342601 -2.1623492
vn -0.33312058 -2.180306 -0.3255018
vn -2.1623492 -0.33312058 -2.1796227
vn -0.3342601 -2.1628516 -0.32679987
vn -2.180306 -0.3255018 -2.162549
vn -0.3203647 -2.1628516 -0.32679987
vn -2.1799932 -0.3191545 -2.1614718
vn -0.3142922 -2.1788592 -0.31255686
vn -2.1596549 -0.3086182 -2.1768825
vn -0.30585992 -2.157134 -0.3033775
vn -2.1740422 -0.29921293 -2.1539445
vn -0.2986071 -2.1703167 -0.2927661
vn -2.1501217 -0.29434228 -2.0779774
vn -0.29205 -2.0748718 -0.2756021
vn -2.074601 -0.2940755 -2.1457012
vn -0.29061937 -2.0813935 -0.29019237
vn -2.1656845 -0.28667045 -2.0848405
vn -0.2885058 -2.0748718 -0.2756021
vn -2.0813935 -0.29019237 -2.1407185
vn -0.28747368 -2.0883102 -0.28699207
vn -2.0848405 -0.2885058 -2.0917943
vn -0.28565383 -2.0883102 -0.28699207
vn -2.1352086 -0.28494132 -2.095284
vn -0.28449297 -2.0917943 -0.28565383
vn -2.160124 -0.28107548 -2.0987713
vn -0.28351235 -2.1292074 -0.28305864
vn -2.1022475 -0.2827134 -2.105704
vn -0.282099 -2.1227503 -0.28186107
vn -2.1091325 -0.2816713 -2.112525
vn -0.2814324 -2.1091325 -0.2816713
vn -2.1158726 -0.28138483 -2.112525
vn -0.2814324 -2.1536145 -0.2761314
vn -2.0778089 -0.27417183 -2.146134
vn -0.27198875 -2.0808043 -0.2728232
vn -2.0838754 -0.27156568 -2.0870383
vn -0.27040863 -2.1376612 -0.26879716
vn -2.09031 -0.26936078 -2.0937073
vn -0.2684319 -2.0972462 -0.2676307
vn -2.128175 -0.26670718 -2.1009438
vn -0.26696706 -2.1048167 -0.2664497
vn -2.1088817 -0.26608837 -2.1176536
vn -0.26586938 -2.1176536 -0.26586938
vn -2.113155 -0.26589155 -2.1088817
vn -0.26608837 -0.4762844 -0.33291197
vn -0.48720336 -0.3364308 -0.48720345
vn -0.33291197 -0.4762844 -0.3364308
vn -0.4762844 -0.3294574 -0.48720345
vn -0.3294574 -0.4762844 -0.32605612
vn -0.48720345 -0.32605612 -0.4762844
vn -0.32269633 -0.48720345 -0.32269633
vn -0.4762844 -0.3193668 -0.48720345
vn -0.3193668 -0.4762844 -0.3160565
vn -0.48720345 -0.3160565 -0.4762844
vn -0.3127532 -0.48720345 -0.3127532
vn -0.4762844 -0.30944633 -0.48720345
vn -0.30944633 -0.4762845 -0.3061242
vn -0.48720345 -0.3061242 -0.4762844
vn -0.30277503 -0.48720345 -0.30277503
vn -0.4762845 -0.2993877 -0.48720345
vn -0.29938793 -0.4762844 -0.29280734
vn -0.48720345 -0.29280734 -0.4762844
vn -0.2865641 -0.48720345 -0.2865641
vn -0.4762844 -0.2807032 -0.48720336
vn -0.2807032 -0.4762844 -0.27527046
vn -0.48720345 -0.27527046 -0.4762844
vn -0.27031052 -0.48720345 -0.27031052
vn -0.4762844 -0.26586938 -0.48720345
vn -0.26586938 -0.39985046 -0.32606936
vn -0.41076955 -0.33038068 -0.41076955
vn -0.32606936 -0.39985046 -0.33038068
vn -0.39985046 -0.32126737 -0.41076955
vn -0.321267 -0.39985046 -0.3160174
vn -0.41076955 -0.31601703 -0.39985046
vn -0.31036353 -0.41076955 -0.3103639
vn -0.39985046 -0.30434954 -0.41076955
vn -0.30434954 -0.39985046 -0.2980188
vn -0.41076955 -0.2980188 -0.3998506
vn -0.29159272 -0.41076955 -0.29159272
vn -0.39985046 -0.29367602 -0.3998503
vn -0.2855475 -0.41076955 -0.2855475
vn -0.39985046 -0.27991724 -0.41076955
vn -0.279917 -0.39985046 -0.27473772
vn -0.41076955 -0.27473736 -0.39985046
vn -0.27004337 -0.41076955 -0.27004302
vn -0.39985046 -0.26586938 -0.41076955
vn -0.26586938 -0.519961 -0.27042818
vn -0.50904214 -0.26586938 -0.5090419
vn -0.27042818 -0.51996124 -0.26586938
vn -0.51996124 -0.27552724 -0.50904214
vn -0.27552724 -0.519961 -0.2811303
vn -0.50904214 -0.2811303 -0.51996124
vn -0.2872001 -0.50904214 -0.2872001
vn -0.51996124 -0.29369998 -0.50904214
vn -0.29369998 -0.51996124 -0.3005929
vn -0.50904214 -0.3005929 -0.519961
vn -0.30393744 -0.5090419 -0.30393744
vn -0.519961 -0.30731952 -0.5090419
vn -0.30731952 -0.51996124 -0.3107307
vn -0.50904214 -0.3107307 -0.51996124
vn -0.31416297 -0.50904214 -0.31416297
vn -0.519961 -0.31760752 -0.5090419
vn -0.31760752 -0.519961 -0.32105637
vn -0.50904214 -0.32105637 -0.519961
vn -0.32450116 -0.50904214 -0.32450116
vn -0.51996124 -0.3279338 -0.50904214
vn -0.3279338 -0.51996124 -0.33134508
vn -0.50904214 -0.33134508 -0.51996124
vn -0.3347273 -0.50904214 -0.3347273
vn -0.519961 -0.33807218 -0.5090419
vn -0.33807218 -0.519961 -0.34137154
vn -0.50904214 -0.34137154 0.6762229
vn -0.26586938 0.6653038 -0.28434372
vn 0.6653038 -0.26586938 0.6762229
vn -0.28434372 -0.65642524 -0.2687782
vn -0.64550626 -0.26586938 -0.64550614
vn -0.2687782 -0.65642524 -0.26586938
vn -0.65642536 -0.27174783 -0.64550614
vn -0.27174783 -0.65642524 -0.27479422
vn -0.64550626 -0.27479458 -0.65642524
vn -0.27793503 -0.64550626 -0.27793503
vn -0.65642524 -0.28118634 -0.64550614
vn -0.28118634 -0.65642524 -0.2845658
vn -0.64550614 -0.2845658 -0.65642524
vn -0.2880894 -0.64550614 -0.2880894
vn -0.65642524 -0.2917745 -0.64550626
vn -0.2917745 -0.65642524 -0.29563773
vn -0.64550614 -0.29563773 -0.65642524
vn -0.29969597 -0.64550614 -0.29969597
vn -0.65642524 -0.30396605 -0.64550614
vn -0.30396605 -0.65642524 -0.308465
vn -0.64550626 -0.308465 -0.65642524
vn -0.3190043 -0.64550614 -0.3190043
vn -0.65642524 -0.32853293 -0.64550626
vn -0.32853293 -0.65642536 -0.3370695
vn -0.64550614 -0.3370695 -0.65642524
vn -0.34463263 -0.64550614 -0.34463263
vn -0.65642524 -0.35124075 -0.64550626
vn -0.35124075 -0.65642524 -0.35691214
vn -0.64550614 -0.35691214 -0.56363773
vn -0.27168465 -0.55271864 -0.26586938
vn -0.55271864 -0.27168465 -0.56363773
vn -0.26586938 -0.56363773 -0.27790308
vn -0.55271864 -0.27790308 -0.56363773
vn -0.28437304 -0.55271864 -0.28437304
vn -0.5636381 -0.29094338 -0.55271864
vn -0.29094338 -0.5636375 -0.29746342
vn -0.55271864 -0.29746342 -0.56363773
vn -0.303782 -0.55271864 -0.303782
vn -0.56363773 -0.2994225 -0.56363773
vn -0.3125652 -0.55271864 -0.3125652
vn -0.56363773 -0.32093573 -0.55271876
vn -0.32093573 -0.56363785 -0.32883263
vn -0.55271876 -0.32883263 -0.56363773
vn -0.33619618 -0.55271876 -0.33619618
vn -0.56363785 -0.34296632 -0.55271876
vn -0.34296632 -0.56363785 -0.34908295
vn -0.55271876 -0.34908295 -0.6127486
vn -0.27186048 -0.60182965 -0.26586938
vn -0.60182965 -0.27186048 -0.6127485
vn -0.26586938 -0.6127486 -0.2785926
vn -0.60182977 -0.2785926 -0.6127486
vn -0.28600872 -0.60182965 -0.28600872
vn -0.6127485 -0.2940519 -0.6018294
vn -0.2940519 -0.6127486 -0.302665
vn -0.60182965 -0.302665 -0.6127485
vn -0.3117919 -0.60182965 -0.3117919
vn -0.6127486 -0.31482005 -0.60182965
vn -0.31482005 -0.6127485 -0.31787062
vn -0.60182965 -0.31787062 -0.6127485
vn -0.3209567 -0.6018294 -0.3209567
vn -0.6127486 -0.32409048 -0.60182965
vn -0.32409048 -0.6127486 -0.32728505
vn -0.60182965 -0.32728505 -0.6127485
vn -0.33055282 -0.60182965 -0.33055282
vn -0.6127485 -0.33390653 -0.60182965
vn -0.33390653 -0.6127485 -0.33735895
vn -0.60182965 -0.33735895 -0.6127485
vn -0.3409226 -0.6018294 -0.3409226
vn -0.6127486 -0.34460998 -0.60182965
vn -0.34460998 -0.6127486 -0.34843397
vn -0.60182965 -0.34843397 -0.6127485
vn -0.35240722 -0.60182965 -0.35240722
vn 0.687142 -0.2839985 0.69806105
vn -0.26586938 0.69806105 -0.2839985
vn 0.687142 -0.26586938 -0.48720345
vn -0.34002566 -0.4762845 -0.34002566
vn -1.8664339 -0.26586938 -1.8495181
vn -0.36843276 -1.8664339 -0.3836274
vn -1.832257 -0.3836274 -1.8262136
vn -0.38331974 -1.8207617 -0.38243318
vn -1.8158889 -0.3810215 -1.8115823
vn -0.37913823 -1.8078296 -0.37683785
vn -1.8046181 -0.37417388 -1.8019352
vn -0.37120104 -1.8339832 -0.36843276
vn -1.8339832 -0.36843276 -1.7997682
vn -0.3679725 -1.8019352 -0.37120104
vn -1.8495181 -0.33320904 -1.8303156
vn -0.36827826 -1.8270676 -0.36782932
vn -1.7997682 -0.3679725 -1.8303156
vn -0.36827826 -1.7981048 -0.36454225
vn -1.82422 -0.3671081 -1.8217535
vn -0.36613703 -1.819649 -0.36493802
vn -1.8178873 -0.36353326 -1.7969322
vn -0.36096513 -1.8164494 -0.3619455
vn -1.815316 -0.3601961 -1.7962377
vn -0.35729408 -1.8144677 -0.3583076
vn -1.8138855 -0.35630226 -1.7960091
vn -0.35358357 -1.8135502 -0.35420203
vn -1.7960091 -0.35358357 -1.8138855
vn -0.35630226 -1.8134427 -0.35202932
vn -1.7961283 -0.3506081 -1.813612
vn -0.34901154 -1.7961283 -0.3506081
vn -1.8134427 -0.35202932 -1.7964878
vn -0.34780717 -1.8141212 -0.34625888
vn -1.7970908 -0.34517694 -1.8149719
vn -0.34377122 -1.7979398 -0.34271204
vn -1.8161662 -0.3415482 -1.7990382
vn -0.34040773 -1.8177056 -0.33958888
vn -1.800389 -0.3382597 -1.8195918
vn -0.3378924 -1.8019953 -0.336262
vn -1.8218272 -0.33645868 -1.8019953
vn -0.336262 -1.8195918 -0.3378924
vn -1.8244131 -0.33528733 -1.8218272
vn -0.33645868 -1.8038595 -0.33441138
vn -1.8273513 -0.33437705 -1.8059855
vn -0.33270192 -1.8306437 -0.33372784
vn -1.8342922 -0.33333862 -1.8382983
vn -0.33320904 -1.8664339 -0.26586938
vn -1.8495181 -0.31801426 -1.8495181
vn -0.33320904 -1.8495181 -0.31801426
vn -1.8083756 -0.33112907 -1.811033
vn -0.32968807 -1.8139606 -0.3283744
vn -1.8139606 -0.32802916 -1.8139606
vn -0.3283744 -1.809705 -0.32703853
vn -1.8139606 -0.32802916 -1.8057504
vn -0.3257165 -1.8021097 -0.3240764
vn -1.7987964 -0.3221327 -1.8021097
vn -0.3240764 -1.7958236 -0.31989884
vn -1.7987964 -0.3221327 -1.82915
vn -0.31801426 -1.7932043 -0.31738853
vn -1.8495181 -0.2810638 -1.8249025
vn -0.3178587 -1.8210464 -0.31740212
vn -1.8175774 -0.31666005 -1.7909517
vn -0.3146156 -1.814491 -0.31564808
vn -1.8117838 -0.3143823 -1.7890792
vn -0.31159377 -1.8094511 -0.31287766
vn -1.8074887 -0.31114984 -1.7875998
vn -0.3083371 -1.8058925 -0.3092147
vn -1.8046584 -0.3070879 -1.7865269
vn -0.30485892 -1.8037822 -0.30478454
vn -1.7858734 -0.30117357 -1.8032594
vn -0.30232072 -1.803086 -0.2997117
vn -1.7856526 -0.29729438 -1.8032029
vn -0.29749513 -1.8035743 -0.29527283
vn -1.7858837 -0.29362917 -1.8042324
vn -0.29308283 -1.7865949 -0.28993046
vn -1.8052087 -0.2909633 -1.7865949
vn -0.28993046 -1.8042324 -0.29308283
vn -1.806535 -0.28895175 -1.8052087
vn -0.2909633 -1.787813 -0.28626525
vn -1.8082428 -0.28708577 -1.8103645
vn -0.2854029 -1.7895651 -0.28270113
vn -1.8129311 -0.28394175 -1.8159752
vn -0.2827394 -1.8195281 -0.28183377
vn -1.7918782 -0.2793045 -1.8236215
vn -0.28126252 -1.8282871 -0.2810638
vn -1.7918782 -0.2793045 -1.8282871
vn -0.2810638 -1.7947793 -0.27614284
vn -1.7982953 -0.27328348 -1.7947793
vn -0.27614284 -1.8024533 -0.27079344
vn -1.8072801 -0.26873994 -1.8128028
vn -0.26718998 -1.8190482 -0.26621068
vn -1.8128028 -0.26718998 -1.8260434
vn -0.26586938 -1.8190482 -0.26621068
vn -0.35617343 -0.30609918 -0.34525448
vn -0.300048 -0.34525448 -0.30609894
vn -0.35617363 -0.300048 -0.35617363
vn -0.3115716 -0.34525448 -0.3115716
vn -0.35617363 -0.3164773 -0.34525448
vn -0.3164773 -0.35617363 -0.32082736
vn -0.34525448 -0.32082736 -0.35617343
vn -0.32463312 -0.34525448 -0.32463312
vn -0.35617363 -0.32790613 -0.34525448
vn -0.32790613 0.15210328 -0.26881874
vn 0.16302234 -0.26586938 0.16302234
vn -0.26881874 0.15210328 -0.26586938
vn 0.15210328 -0.27202797 0.16302234
vn -0.27202797 0.15210342 -0.2754432
vn 0.16302234 -0.2754432 0.15210328
vn -0.2790097 0.16302234 -0.27901006
vn 0.15210328 -0.28267455 0.16302234
vn -0.28267455 0.15210328 -0.2863829
vn 0.16302234 -0.2863829 0.15210328
vn -0.28935957 0.16302234 -0.28935957
vn 0.15210328 -0.29216337 0.16302234
vn -0.29216337 0.15210328 -0.29479897
vn 0.16302234 -0.29479897 0.15210328
vn -0.2972715 0.16302234 -0.2972715
vn 0.15210328 -0.2995851 0.16302234
vn -0.2995851 0.15210328 -0.30174518
vn 0.16302234 -0.30174518 0.15210328
vn -0.3037567 0.16302234 -0.3037567
vn 0.15210328 -0.305624 0.16302234
vn -0.305624 1.0445069 -0.26586938
vn 1.0466241 -0.27679205 1.0445069
vn -0.27679205 1.0466241 -0.26586938
vn 1.0421247 -0.26586938 1.0421251
vn -0.2767918 1.0394748 -0.26586938
vn 1.0394748 -0.2767918 1.0365537
vn -0.26586938 1.0365537 -0.27679205
vn 1.103111 -0.2767918 1.1027658
vn -0.26586938 1.103111 -0.26586938
vn 1.1027658 -0.2767918 0.6434653
vn -0.28259254 0.63254654 -0.28687108
vn 0.63254654 -0.28259277 0.64346564
vn -0.28687108 0.6434653 -0.27860725
vn 0.63254654 -0.2786076 0.6434653
vn -0.27492905 0.63254654 -0.2749288
vn 0.6434653 -0.27157068 0.6325462
vn -0.27157068 0.64346564 -0.26854622
vn 0.63254654 -0.26854658 0.6434653
vn -0.26586938 0.6325462 -0.26586938
vn 0.119345665 -0.30437422 0.10842675
vn -0.30712748 0.10842675 -0.30437422
vn 0.119345665 -0.30712748 0.119345665
vn -0.30136895 0.1084266 -0.30136895
vn 0.119345665 -0.29812574 0.1084266
vn -0.29812574 0.119345665 -0.294657
vn 0.1084266 -0.294657 0.119345665
vn -0.2909776 0.10842675 -0.2909776
vn 0.119345665 -0.2871008 0.10842675
vn -0.28710032 0.119345665 -0.2834339
vn 0.10842675 -0.28343356 0.119345665
vn -0.28593254 0.119345665 -0.27972853
vn 0.1084266 -0.2797289 0.119345665
vn -0.27605295 0.10842675 -0.27605295
vn 0.119345665 -0.27247334 0.1084266
vn -0.27247334 0.119345665 -0.26905668
vn 0.10842675 -0.26905668 0.119345665
vn -0.26586938 0.1084266 -0.26586938
vn -0.4762842 -0.269372 -0.46536517
vn -0.26586938 -0.46536517 -0.269372
vn -0.4762842 -0.26586938 -0.4762842
vn -0.2735188 -0.46536517 -0.2735188
vn -0.47628406 -0.2783364 -0.46536517
vn -0.2783364 -0.4762842 -0.28385293
vn -0.46536496 -0.28385293 -0.4762842
vn -0.29009557 -0.46536517 -0.29009557
vn -0.47628406 -0.297091 -0.46536517
vn -0.297091 -0.47628406 -0.3374946
vn -0.46536517 -0.3374946 -0.80082935
vn -0.26586938 -0.8117484 -0.38351548
vn -0.8117486 -0.26586938 -0.80082935
vn -0.38351548 -0.80082935 -0.3238834
vn -0.80082935 -0.3606192 -0.34525433
vn -0.26586938 -0.35617363 -0.26586938
vn 0.3595664 -0.281093 0.37048548
vn -0.2770896 0.37048548 -0.281093
vn 0.3595664 -0.2770896 0.3595664
vn -0.28473294 0.37048548 -0.28473294
vn 0.3595664 -0.2880106 0.37048548
vn -0.2880106 0.3595664 -0.29092813
vn 0.37048548 -0.29092813 0.3595664
vn -0.2934873 0.37048548 -0.2934873
vn 0.3595664 -0.29568958 0.37048548
vn -0.29568982 0.3595664 -0.29753733
vn 0.37048548 -0.29753733 0.59978896
vn -0.28775835 0.58886987 -0.28978324
vn 0.58886987 -0.28775835 0.59978896
vn -0.28978324 0.59978896 -0.28548527
vn 0.58886987 -0.28548527 0.59978896
vn -0.28296304 0.58886987 -0.28296304
vn 0.59978896 -0.2801907 0.58886987
vn -0.2801907 0.59978896 -0.27716827
vn 0.58886987 -0.27716827 0.59978896
vn -0.27500224 0.58886987 -0.27500224
vn 0.59978896 -0.27291894 0.58886987
vn -0.27291894 0.59978896 -0.27094102
vn 0.58886987 -0.27094102 0.59978896
vn -0.2690916 0.58886987 -0.26909125
vn 0.59978896 -0.2673931 0.58886987
vn -0.2673931 0.59978896 -0.26586938
vn 0.58886987 -0.26586938 0.37048566
vn -0.26763833 0.38140476 -0.26586938
vn 0.38140476 -0.26763833 0.37048566
vn -0.26586938 0.37048566 -0.26974964
vn 0.38140476 -0.26974964 0.37048566
vn -0.27222168 0.38140476 -0.27222168
vn 0.37048566 -0.275074 0.38140476
vn -0.275074 0.37048566 -0.27832544
vn 0.38140476 -0.27832544 0.37048566
vn -0.28199458 0.3814049 -0.28199458
vn 0.37048566 -0.2975347 0.38140476
vn -0.2975347 0.2831326 -0.30109143
vn 0.2940517 -0.26586938 0.2940517
vn -0.30109143 0.2831326 -0.26586938
vn 0.37048548 -0.26586938 0.35956657
vn -0.26586938 0.13026509 -0.2917632
vn 0.14118418 -0.28710175 0.14118418
vn -0.2917632 0.13026509 -0.28710175
vn 0.13026509 -0.29584384 0.14118418
vn -0.29584336 0.13026509 -0.299376
vn 0.14118418 -0.299376 0.13026494
vn -0.30239248 0.14118418 -0.30239248
vn 0.13026509 -0.3049258 0.14118418
vn -0.3049258 0.13026509 -0.3070091
vn 0.141184 -0.3070091 0.5779508
vn -0.2678082 0.58886987 -0.26586938
vn 0.58886987 -0.2678082 0.5779508
vn -0.26586938 0.5779508 -0.26987576
vn 0.58886987 -0.26987576 0.5779508
vn -0.27203596 0.58886987 -0.27203596
vn 0.5779508 -0.27425253 0.58886987
vn -0.27425253 0.5779508 -0.273453
vn 0.5779508 -0.27648902 0.58886987
vn -0.27648878 0.5779508 -0.2787087
vn 0.58886987 -0.2787087 0.5779508
vn -0.28130734 0.58886987 -0.28130734
vn 0.5779508 -0.28374624 0.58886987
vn -0.28374624 0.5779508 -0.28600907
vn 0.58886987 -0.28600907 0.5779508
vn -0.28807974 0.58886987 -0.28807974
vn 0.5779508 -0.2899437 0.58886987
vn -0.2899437 0.08658841 -0.2678411
vn 0.09750733 -0.26586938 0.09750751
vn -0.26784062 0.08658841 -0.26586938
vn 0.08658841 -0.2701819 0.09750751
vn -0.2701819 0.08658859 -0.2728963
vn 0.09750751 -0.2728963 0.08658841
vn -0.27598858 0.09750751 -0.27598858
vn 0.08658841 -0.27946258 0.09750751
vn -0.27946258 0.08658841 -0.28332222
vn 0.09750751 -0.28332222 0.08658841
vn -0.2875719 0.09750751 -0.2875719
vn 0.08658841 -0.3079462 0.09750751
vn -0.3079462 0.20669886 -0.30281818
vn 0.21761796 -0.26586938 0.21761796
vn -0.30281818 0.20669904 -0.26586938
vn 0.20669886 -0.29355645 0.14118418
vn -0.26586938 0.13026509 -0.26586938
vn 1.2647041 -0.20808291 1.3271888
vn -0.32653165 1.3152788 -0.32653165
vn 1.3209747 -0.30063188 1.3798345
vn -0.20808291 1.2647041 -0.20808291
vn 1.3033687 -0.25798345 1.3209747
vn -0.30063188 1.3399619 -0.25798345
vn 1.2968093 -0.24278903 1.3033687
vn -0.25798345 1.3468663 -0.24278903
vn 1.2819648 -0.20808291 1.3625734
vn -0.20808291 0.3049708 -0.2998562
vn 0.31588972 -0.26586938 0.3158899
vn -0.2998562 0.3049708 -0.26586938
vn -0.10995662 -0.26586938 -0.120875776
vn -0.31594157 -0.120875776 -0.26586938
vn -0.10995662 -0.31594157 0.2940517
vn -0.30070496 0.3049708 -0.26586938
vn 0.3049708 -0.30070496 0.2940517
vn -0.26586938 0.73081833 -0.26586938
vn 0.71989924 -0.2831354 0.71989924
vn -0.26586938 0.73081833 -0.2831354
vn -0.9125867 -0.38641334 -0.9016678
vn -0.26586938 -0.90166754 -0.38641334
vn -0.9125869 -0.26586938 -0.9125869
vn -0.32697034 1.0256346 -0.27778006
vn 1.0365537 -0.26586938 1.0365537
vn -0.27778006 1.0256346 -0.26586938
vn -0.8554252 -0.38384914 -0.844506
vn -0.26586962 -0.844506 -0.38384914
vn -0.8554252 -0.26586938 -0.8554252
vn -0.3256706 0.70898014 -0.2831354
vn 0.71989924 -0.26586938 0.71989924
vn -0.2831354 0.70898014 -0.26586938
vn 0.09750751 -0.30764818 0.1084266
vn -0.26586938 0.1084266 -0.30764818
vn 0.09750751 -0.26586938 0.064750254
vn -0.3086717 0.07566932 -0.26586938
vn 0.07566917 -0.3086717 0.064750075
vn -0.26586938 0.23945612 -0.26586938
vn 0.2285372 -0.30246496 0.22853702
vn -0.26586938 0.23945612 -0.30246496
vn 1.4899598 1.684032 1.4899598
vn 1.7490869 1.6047885 2.947518
vn 1.4899598 2.030446 1.4899598
vn 2.0932965 1.4388169 2.0932965
vn 1.4747701 1.7490869 1.438244
vn 2.030446 1.4747701 2.0932965
vn 1.4392127 1.6991864 1.4747701
vn 1.6991864 1.4392127 1.7473605
vn 1.4421471 2.0473673 1.4747701
vn 2.0473673 1.4421471 2.0932965
vn 1.944874 0.13211316 2.2849581
vn 3.2877145 2.2849586 -0.20808291
vn 1.9448738 2.947518 1.6047893
vn 0.13211316 1.9448735 3.2877145
vn 1.9448738 -0.20808291 1.6047889
vn 2.947518 2.727807 -0.26573038
vn 2.83057 3.2877145 2.8305702
vn -0.26573038 2.7278068 3.2877145
vn 1.2647041 -0.26586902 -2.2877142
vn 3.2877142 1.2647038 3.2877145
vn -2.287714 -0.26586938 2.422572
vn 0.24482065 2.2849586 0.13211316
vn 2.422572 0.3625791 2.6250432
vn -0.20808291 2.4394877 0.24482065
vn 3.2570958 0.5250939 3.272405
vn 3.2877145 3.272405 0.5250938
vn 3.2570958 3.2877145 3.2570963
vn -2.2374556 3.272405 0.52509344
vn 3.2724051 -2.2374556 3.2570958
vn 0.5250938 3.287714 3.2877145
vn 3.2724051 0.5257858 3.272405
vn 3.2877142 3.2877142 0.5257858
vn 2.9333334 -0.262483 3.036097
vn 3.2877145 3.0360968 -0.262483
vn 2.9333336 3.2877142 2.6250434
vn -0.2658229 2.7278066 3.2877145
vn 2.7278066 -0.2658229 2.6250434
vn 3.2877145 3.2570958 3.2877145
vn 3.2307305 0.498684 3.23073
vn 3.2613404 3.2570958 0.47230965
vn 3.177998 3.2877145 3.1516325
vn 0.498684 3.1516323 3.2613404
vn 3.1779983 0.47230965 3.204364
vn 3.2877145 3.1779985 0.498684
vn 3.1779983 3.2613404 3.2043645
vn 0.47230965 3.23073 3.2877145
vn 3.2043648 0.498684 3.2043645
vn 3.2613404 3.23073 0.47230965
vn 3.1779983 -2.2877145 3.1933074
vn 0.47230965 3.1933074 -2.2877145
vn 3.1779983 0.47230965 3.1227486
vn -0.23697603 3.151632 3.2877145
vn 3.151632 -0.26586902 3.1227486
vn 3.2588215 3.0649815 -0.23697603
vn 3.0938644 3.2877145 3.093865
vn -0.26586902 3.0649812 3.2588215
vn 3.0938652 -0.23697603 3.1227484
vn 3.2877145 3.1227486 -0.26586902
vn 3.093865 3.2588215 3.0649807
vn 3.2588215 3.0360975 -0.26586902
vn 3.036097 3.2877145 3.0649812
vn -0.23697603 2.8305702 -0.26493263
vn 2.9333334 3.2877145 2.9333336
vn -0.26493263 2.8305702 3.2877145
vn 1.3722403 0.27356946 1.4906504
vn 0.3241604 1.6047889 0.13211316
vn 1.6047885 2.947518 1.4915135
vn 1.0335588 1.4899598 1.684032
vn 1.4909765 1.0244172 1.4914516
vn 1.0365862 1.4912648 1.0396334
vn 1.4909499 1.0427129 1.4906504
vn 0.33607447 1.4894036 1.0157654
vn 1.4905032 1.0458374 1.4322599
vn 0.2992127 1.4306312 0.36276817
vn 1.4899598 0.64083004 1.4899598
vn 0.67501795 1.4899226 1.0490193
vn 1.4899598 1.3155224 1.4319096
vn 0.64083004 1.4896525 0.68106335
vn 1.4564688 1.3155224 1.4899598
vn 1.361279 1.4893324 1.3716527
vn 1.4899598 1.6822652 1.4897994
vn 1.6822652 1.4892048 1.0522716
vn 1.4875296 1.3810301 1.484671
vn 1.389429 1.4808755 1.3968673
vn 1.4762626 1.4033635 1.4709511
vn 1.408935 1.4653608 1.4133626
vn 1.4887658 0.6865171 1.486853
vn 1.0076618 1.4883465 1.0556064
vn 1.4873544 0.6913914 1.4873451
vn 1.0590367 1.4854722 0.69569945
vn 1.4861976 1.0625749 1.4833815
vn 1.0001639 1.4849006 1.0662336
vn 1.4831725 0.69945335 1.4834517
vn 1.0700254 1.4818472 1.0739627
vn 1.4790471 0.99333054 1.4805096
vn 0.70266604 1.4637231 1.0739627
vn 1.4775374 0.7053499 1.4739071
vn 0.9872197 1.4743098 0.7075175
vn 1.4755867 1.0268036 1.475899
vn 1.0367731 1.4759784 1.0333862
vn 1.475658 1.0401208 1.475253
vn 1.0434413 1.4744395 1.0205547
vn 1.4746807 1.0467454 1.4739383
vn 1.0500448 1.4725801 1.0146844
vn 1.470881 0.7091814 1.4730225
vn 1.0533508 1.4680194 0.98188925
vn 1.4719307 1.0566747 1.4700521
vn 1.0092386 1.4706596 1.060028
vn 1.4673048 0.7103545 1.4692063
vn 1.063422 1.4668987 1.0042627
vn 1.4675677 1.0668681 1.461441
vn 0.97739756 1.4657413 1.070378
vn 1.463635 0.7110491 1.4631621
vn 0.9998027 1.459926 0.7112777
vn 1.4588865 0.99590373 1.4542296
vn 0.97380304 1.4569514 0.7111586
vn 1.4541147 0.9926114 1.4541515
vn 0.710799 1.4265838 0.98668945
vn 1.4464431 0.9711632 1.4515219
vn 0.71019584 1.4488896 0.9899714
vn 1.4490577 0.7093464 1.4467545
vn 0.7082476 1.4432547 0.98802936
vn 1.4446069 0.70689636 1.4381386
vn 0.96953684 1.44261 0.7052897
vn 1.437253 0.9868307 1.44076
vn 0.70342475 1.4390509 0.70129824
vn 1.4374787 0.6989074 1.429374
vn 0.96898186 1.4360384 0.6962491
vn 1.4309276 0.9864211 1.434725
vn 0.6933205 1.4343797 0.6933205
vn 1.4333894 0.6975774 1.4320678
vn 0.7015334 1.4304285 0.7051751
vn 1.3951509 0.64083004 1.3722403
vn 0.38873744 1.4284854 0.70848954
vn 1.4249996 0.969262 1.4262521
vn 0.71146345 1.4237425 0.7140837
vn 1.4209706 0.7163368 1.4179498
vn 0.7182099 1.4146941 0.7196899
vn 1.4112173 0.7207633 1.4075332
vn 0.72141683 1.4036553 0.72163767
vn 1.4024885 0.72156405 -0.9873526
vn -0.26586938 -0.9873526 -0.3125559
vn -1.0207808 -0.280761 -1.0484601
vn -0.3123163 -1.0207808 -0.29194164
vn -1.0207808 -0.3123163 -1.0209363
vn -0.2876929 -1.021393 -0.2838354
vn -1.0221347 -0.28036523 -1.023146
vn -0.27727795 -1.0244117 -0.27456987
vn -1.0259159 -0.27223635 -1.0276428
vn -0.2702732 -1.0295775 -0.26867652
vn -1.0317035 -0.26744223 -1.0340061
vn -0.26656556 -1.0364692 -0.26604247
vn -1.0390774 -0.26586938 -1.0412933
vn -0.26598597 -1.0435148 -0.26635754
vn -1.0443048 -0.2665949 -0.757153
vn -0.30195642 -0.72194076 -0.28641653
vn -0.72194076 -0.30195642 -0.72209525
vn -0.28274763 -0.7225441 -0.27949858
vn -0.72326475 -0.2766502 -0.7242358
vn -0.2741828 -0.7254341 -0.27207744
vn -0.72683847 -0.27031553 -0.728426
vn -0.2688769 -0.7301748 -0.267743
vn -0.7320626 -0.26689458 -0.7340674
vn -0.266312 -0.7361667 -0.26597667
vn -0.7383386 -0.26586938 -0.74135554
vn -0.26603854 -0.7441074 -0.26654792
vn -0.7465942 -0.26739907 -0.7488165
vn -0.26859343 -0.75077546 -0.27013338
vn -0.7524711 -0.27202034 -0.753904
vn -0.27425647 -0.7550754 -0.2768433
vn -0.7559853 -0.2797823 -0.75663435
vn -0.28307605 -0.7570234 -0.28672552
vn -0.757153 -0.29073298 -1.0484601
vn -0.3123163 -1.0457039 -0.26701593
vn -1.0443048 -0.2665949 -1.0478227
vn -0.26799226 -1.049834 -0.26931918
vn -1.057719 -0.3123163 -1.0516993
vn -0.27102768 -1.0533813 -0.27314985
vn -1.0548424 -0.27571774 -1.0560445
vn -0.27876246 -1.0569496 -0.28231668
vn -1.0575204 -0.28641117 -1.057719
vn -0.29107857 -1.2280846 -0.33646905
vn -1.1656648 -0.34026682 -1.1676201
vn -0.34196806 -1.162069 -0.33604765
vn -1.2280846 -0.26586938 -1.1591494
vn -0.33139288 -1.1568967 -0.3263588
vn -1.1553001 -0.3210032 -1.1543498
vn -0.3153826 -1.1540353 -0.30955362
vn -1.1542306 -0.30564725 -1.1548648
vn -0.30128193 -1.1560093 -0.29660916
vn -1.1577368 -0.29178178 -1.1601185
vn -0.28695226 -1.1632267 -0.28227234
vn -1.1671332 -0.27789474 -1.1719099
vn -0.27397168 -1.1776289 -0.27065516
vn -1.1843617 -0.26809788 -1.1921808
vn -0.2664516 -1.2011576 -0.26586938
vn -1.2280846 -0.33646905 -1.2020206
vn -0.353238 -1.2280846 -0.353238
vn -1.1941509 -0.35283065 -1.1870189
vn -0.35164487 -1.1806145 -0.34973907
vn -1.1749275 -0.34716952 -1.1699476
vn -0.34399283 -1.1676201 -0.34196806
vn 1.4388169 2.0932965 1.4909737
vn 2.4023004 1.6047885 2.947518
vn 1.4915135 2.4110885 1.491465
vn 2.414463 1.4913111 2.4177098
vn 1.4910415 2.4208739 1.4906437
vn 2.424 1.4901074 2.4271336
vn 1.4894205 2.430319 1.4885718
vn 2.4336019 1.4875499 2.4370267
vn 1.4863431 2.4406385 1.4849408
vn 2.4444828 1.4833307 2.4486036
vn 1.4815019 2.4530463 1.430237
vn 2.4554634 1.4893966 2.3939369
vn 1.4868447 2.3860626 1.4833815
vn 2.3787422 1.4790697 2.3720407
vn 1.4644136 2.4530463 1.4739718
vn 2.3660226 1.47558 2.4044814
vn 1.475896 2.414286 1.4759784
vn 2.4107432 1.4756495 2.4178338
vn 1.4752396 2.4213836 1.4744155
vn 2.3985062 1.474668 2.424934
vn 1.473936 2.4284813 1.4725316
vn 2.3928668 1.4681516 2.3607526
vn 1.473044 2.4320242 1.4719943
vn 2.4355597 1.4699757 2.387612
vn 1.4707875 2.439086 1.4694247
vn 2.4426 1.4667938 2.382792
vn 1.4679077 2.4460998 1.461671
vn 2.3562958 1.4662367 2.4495826
vn 1.4630328 2.3784547 1.4587396
vn 2.3746498 1.4545939 2.3527164
vn 1.4539615 2.3714266 1.4469827
vn 2.3500798 1.448744 2.368834
vn 1.4431348 2.3669212 1.4389004
vn 2.3484502 1.4371803 2.3657374
vn 1.4304096 2.3478928 1.4269577
vn 2.0932965 1.4309276 2.3653321
vn 1.4245363 2.3657353 1.430237
vn 2.415923 1.4150473 2.415923
vn 1.4185061 2.3669195 1.4128736
vn 2.3688445 1.4150473 2.4385424
vn 1.3908823 2.4385424 1.4076763
vn 2.3714714 1.4029515 2.3747597
vn 1.3987356 2.3786702 1.3950667
vn 2.383164 1.3919815 2.3882008
vn 1.3895173 2.393741 1.3902465
vn 2.4365096 1.389638 2.4344673
vn 1.3890617 2.4324126 1.3877112
vn 2.3997452 1.3885231 2.4303439
vn 1.3880275 2.4282584 1.3875809
vn 2.4261537 1.3866003 2.406174
vn 1.3871881 2.4240272 1.3868544
vn 2.421877 1.386586 2.4197001
vn 1.3862218 2.412988 1.3863872
vn 2.4174948 1.386264 2.415258
vn 1.430237 2.4554634 1.4899598
vn 2.698491 1.6047885 2.947518
vn 1.4899598 2.798292 1.37224
vn 2.6984909 1.4899598 2.7154124
vn 1.4386946 2.7154124 1.4899598
vn 2.7813706 1.4386946 2.7813706
vn 1.380353 2.4554634 1.3787123
vn 2.451593 1.3772397 2.4478216
vn 1.3759297 2.444127 1.3747783
vn 2.4404864 1.3737803 2.436877
vn 1.3729305 2.433276 1.2647043
vn -0.20808291 1.3722403 0.27356946
vn 1.6047889 0.13211316 1.4899598
vn 2.798292 1.2647041 3.2877145
vn 1.6047885 2.947518 1.37224
vn 2.798292 1.4653608 1.4133626
vn 1.3722403 1.6822652 1.4897994
vn 1.6822652 1.465061 1.4136
vn 1.4587114 1.4173762 1.4520208
vn 1.4202821 1.4265838 0.98668945
vn 1.3722403 1.3155224 1.4564688
vn 1.3155224 1.4451094 1.4223356
vn 1.438096 1.4235544 1.4240233
vn 1.7473605 1.438244 2.030446
vn 1.4392127 1.7473605 1.3722403
vn 2.030446 1.4311001 1.4239569
vn 1.4235966 1.4234688 1.4269577
vn 2.0932965 1.4219825 2.3484368
vn 1.4304096 2.3478928 1.3722403
vn 2.0473673 1.4269577 2.0473673
vn 1.4245002 0.98681784 1.4024885
vn 0.72156405 1.4230343 0.96938777
vn 1.4249996 0.969262 1.418446
vn 0.98798466 1.3874301 1.6991864
vn 1.4240233 1.6991864 1.3874301
vn 1.7506411 1.4162517 1.4220247
vn 1.37224 2.7154121 1.4235052
vn 2.7813706 1.4235052 2.7154124
vn 1.37224 2.7813706 1.4164563
vn 0.97061884 1.4139992 2.3500295
vn 1.4128008 0.9898852 1.409791
vn 0.97269404 1.4091599 1.4196537
vn 1.4065139 2.3526113 1.4075996
vn 0.9924835 1.3995125 1.0751714
vn 1.4031883 0.9756326 1.402415
vn 1.416385 1.402878 0.9957439
vn 1.3722403 0.29083586 1.406935
vn 0.35575855 1.406935 0.30568534
vn 1.3722403 0.37147105 1.3995827
vn 2.356123 1.3967996 0.9794536
vn 1.3986712 0.99963003 1.3999912
vn 0.7214065 1.3961112 1.4122484
vn 1.3962938 0.7206952 1.3932606
vn 2.3605053 1.3974383 1.0718237
vn 1.3810432 1.0751714 1.3950146
vn 1.004106 1.3955314 1.0684342
vn 1.3907743 0.9841764 1.3926299
vn 0.7194767 1.3903425 1.4072729
vn 1.393795 1.0650111 1.3722403
vn 0.38873744 1.3722403 0.64082986
vn 1.3951509 0.64083004 1.3919433
vn 1.0091362 1.3922311 1.0615628
vn 1.3876026 2.365699 1.3890663
vn 0.7177241 1.3908423 1.0580976
vn 1.3894931 1.0146844 1.3896307
vn 1.0546241 1.3852633 0.98982006
vn 1.3852035 1.4014881 1.3885992
vn 1.0511507 1.3876992 1.0207145
vn 1.385671 0.7154101 1.3877498
vn 1.0476856 1.3870847 1.0442371
vn 1.3865969 1.0271907 1.3826636
vn 2.371644 1.3722403 1.7506411
vn 1.3866069 1.0408139 1.3863184
vn 1.0374244 1.3862218 1.0340768
vn 1.3825103 0.71250796 1.3804168
vn 0.9964037 1.3807876 1.3949232
vn 1.3784989 2.378282 1.379652
vn 0.7089908 1.3795706 1.0722549
vn 1.3771893 1.3876079 1.3763857
vn 1.0039468 1.3771629 0.7048315
vn 1.3781786 1.0692782 1.3751637
vn 2.385553 1.3768765 1.066225
vn 1.3745024 1.3795712 1.3751099
vn 0.7000032 1.3756732 1.0630784
vn 1.3733196 1.0124679 1.3745779
vn 1.0598212 1.3727136 2.3933973
vn 1.3735605 0.6944787 1.3735998
vn 1.056437 1.3728216 1.3708427
vn 1.3727471 1.0529089 1.3725816
vn 0.6882312 1.3713703 1.0219872
vn 1.372225 2.4296608 1.37224
vn 2.6984909 1.3729305 2.433276
vn 1.3722403 1.3614516 1.3720293
vn 1.0492203 1.3712025 2.4017563
vn 1.3722403 0.6812338 1.3716584
vn 2.4260077 1.3714553 1.0453541
vn 1.3712264 2.4222956 1.3710346
vn 1.0412936 1.3706867 1.0325229
vn 1.3709233 2.4185 1.3706867
vn 2.4105704 1.3707751 1.0370221
vn 1.3707452 2.4145994 2.3939188
vn 0.59015286 2.2849586 0.13211316
vn 2.3939188 0.60621077 2.6250432
vn -0.20808291 2.4684856 0.59015286
vn 2.4394877 0.3625791 2.422572
vn 0.3625791 2.4394877 0.24482065
vn 2.401483 0.96454436 2.2849586
vn 0.13211316 2.4011683 0.96967274
vn 2.402407 0.95971096 2.4039083
vn 0.95520115 2.4059565 0.95104396
vn 2.40852 0.9472681 2.411568
vn 0.9439024 2.415069 0.9409754
vn 2.4189918 0.93851614 2.6250432
vn -0.20808291 2.4611933 0.93962556
vn 2.4633074 0.9406649 2.4590802
vn 0.9386672 2.4569697 0.93779147
vn 2.4233053 0.93655324 2.4548626
vn 0.9370006 2.4527602 0.93629575
vn 2.4279788 0.93511546 2.450664
vn 0.9356791 2.448575 0.93515235
vn 2.4464939 0.93471736 2.43298
vn 0.9342318 2.444423 0.93437606
vn 2.4423625 0.93412983 2.4382794
vn 0.9339309 2.4403145 0.93398094
vn 2.4660695 0.6982417 2.4637096
vn 0.7000585 2.4613736 0.701711
vn 2.459057 0.70320046 2.4567547
vn 0.7045281 2.454462 0.70569503
vn 2.4521744 0.7067025 2.4498863
vn 0.70755154 2.4475937 0.7082436
vn 2.4452918 0.7087798 2.442975
vn 0.7091613 2.4406393 0.70938927
vn 2.4382794 0.709465 2.433113
vn 0.7091568 2.428248 0.7082516
vn 2.4237127 0.7067779 2.4195352
vn 0.7047647 2.4157436 0.7022407
vn 2.4123662 0.69923455 2.4094312
vn 0.6957752 2.4069667 0.69189155
vn 2.4050007 0.68761194 2.4035616
vn 0.6829656 2.4660695 0.67700386
vn 2.4416058 0.69280744 2.4366605
vn 0.6927016 2.4394877 0.6928892
vn 2.4437342 0.69255173 2.4339762
vn 0.69215125 2.4458742 0.6921067
vn 2.4314532 0.6912568 2.4480286
vn 0.69145656 2.4501996 0.69058585
vn 2.429112 0.6900369 2.45239
vn 0.6894789 2.4269717 0.68851
vn 2.454602 0.6881202 2.425053
vn 0.68669474 2.456838 0.686494
vn 2.4233754 0.68460953 2.4591002
vn 0.684585 2.421958 0.6822733
vn 2.4613912 0.68237734 2.4026773
vn 0.6779811 2.4637136 0.67985535
vn 2.4208214 0.6797043 2.419985
vn 0.6769215 2.4023767 0.6726872
vn 2.4684856 0.5913615 2.4194686
vn 0.67394304 2.4192922 0.6707878
vn 2.4025953 0.6679499 2.4193497
vn 0.6684057 2.4195225 0.6661627
vn 2.403265 0.6632785 2.4198098
vn 0.6640322 2.4202127 0.66198826
vn 2.4044049 0.6586094 2.4207304
vn 0.66000414 2.4213636 0.65805376
vn 2.4060333 0.65387946 2.3939188
vn 0.60621077 2.4221115 0.65611035
vn 2.4229746 0.654148 2.4239526
vn 0.6521399 2.40817 0.6490246
vn 2.425046 0.65005994 2.4262543
vn 0.64788175 2.4108343 0.64398146
vn 2.4275775 0.64557856 2.4302382
vn 0.641221 2.414045 0.63868654
vn 2.4331849 0.6367182 2.417822
vn 0.6330763 2.4363725 0.63210523
vn 2.4221833 0.62708724 2.4397562
vn 0.62741673 2.4432907 0.6226873
vn 2.4271493 0.6206554 2.4469314
vn 0.617952 2.4327383 0.6137179
vn 2.450633 0.6132455 2.4389696
vn 0.60621077 2.454351 0.6086025
vn 2.4580402 0.6040578 2.4616559
vn 0.5996463 2.4651527 0.5954025
vn 2.4684856 0.59015286 2.3930557
vn 1.319494 2.2849586 0.13211316
vn 2.3930557 1.3346887 2.6250432
vn -0.20808291 2.4603732 1.0497898
vn 2.472456 1.319494 2.422572
vn 1.319494 2.422572 1.2808168
vn 2.405656 1.2808168 2.405656
vn 1.319494 2.4586098 1.0506139
vn 2.4568522 1.0513597 2.4550924
vn 1.052029 2.453322 1.0526228
vn 2.451532 1.0531421 2.4497144
vn 1.0535884 2.4478612 1.0539627
vn 2.4459636 1.0542663 2.444013
vn 1.0545003 2.4420016 1.054666
vn 2.4399204 1.0547645 2.4377615
vn 1.054797 2.432655 1.0545485
vn 2.4278796 1.0538154 2.4234564
vn 1.0526172 2.4194071 1.0509729
vn 2.4157536 1.0489017 2.4125175
vn 1.0464227 2.4097197 1.0435555
vn 2.407382 1.0403187 2.4055264
vn 1.036732 2.4041746 1.0328141
vn 2.4033473 1.0285845 2.4603732
vn 1.0337319 2.4419312 1.0387099
vn 2.4373388 1.0386004 2.4403508
vn 1.0387392 2.443488 1.03862
vn 2.4450324 1.0384667 2.4345267
vn 1.0381899 2.4465773 1.0382469
vn 2.448134 1.0379573 2.431925
vn 1.0375171 2.4497144 1.0375953
vn 2.4513311 1.0371575 2.4295464
vn 1.0365903 2.4529958 1.0366415
vn 2.4547203 1.036044 2.4274027
vn 1.0354192 2.4565165 1.0353618
vn 2.425506 1.0340123 2.4583972
vn 1.0345922 2.4238687 1.0323789
vn 2.4633074 0.9589673 2.4432847
vn 1.0040333 2.4225013 1.030528
vn 2.4214172 1.0284683 2.4030669
vn 1.0240624 2.4206283 1.0262089
vn 2.420146 1.0237589 2.403158
vn 1.0208981 2.4199827 1.0211272
vn 2.4201446 1.0185419 2.4034362
vn 1.017957 2.42063 1.0161439
vn 2.4039083 1.0152242 2.421439
vn 1.01394 2.404582 1.0126858
vn 2.422572 1.0119376 2.4054642
vn 1.0103271 2.4240284 1.0101438
vn 2.4065623 1.0081341 2.401606
vn 0.9756896 2.4258082 1.0085657
vn 2.427912 1.0072107 2.4078832
vn 1.0060921 2.4021606 0.97863245
vn 2.430339 1.0060861 2.409434
vn 1.0041869 2.4029453 0.98149073
vn 2.4330902 1.0051987 2.4361649
vn 1.0045561 2.439563 1.0041652
vn 2.4112227 1.0024037 2.4039652
vn 0.9842339 2.4432847 0.98849326
vn 2.4132555 1.0007286 2.4052246
vn 0.9868313 2.4155402 0.999147
vn 2.4084818 0.99146706 2.4067285
vn 0.9892526 2.418084 0.99764454
vn 2.4152853 0.9965634 2.4127555
vn 0.995153 2.4104893 0.993444
vn 2.4356048 0.9881383 2.439272
vn 0.9885082 2.4322839 0.98740876
vn 2.42931 0.9863447 2.4266837
vn 0.984971 2.4244056 0.9833134
vn 2.4224765 0.98139656 2.420897
vn 0.97924614 2.419667 0.976887
vn 2.418788 0.9743444 2.401277
vn 0.97269285 2.4182599 0.97164345
vn 2.4011683 0.96967274 2.418084
vn 0.96880937 2.4182367 0.96604514
vn 2.4186873 0.9634583 2.4194243
vn 0.961061 2.4204366 0.95886517
vn 2.4633074 0.9406649 2.4610705
vn 0.95752126 2.4217124 0.9568827
vn 2.458847 0.95620394 2.4232404
vn 0.9551256 2.456635 0.95501506
vn 2.4250097 0.953606 2.4544342
vn 0.95395374 2.4522429 0.9530196
vn 2.4270084 0.9523357 2.45006
vn 0.9522119 2.4292254 0.95132697
vn 2.447884 0.95153016 2.4457145
vn 0.9509737 2.4316487 0.9505915
vn 2.4435494 0.95054185 2.4342678
vn 0.9501414 2.441388 0.9502343
vn 2.4392288 0.95005 2.437071
vn 0.94998884 2.6250432 -0.20808291
vn 2.465724 1.6318469 2.6250432
vn 3.2877145 2.3987517 1.6622362
vn 2.2849586 0.13211316 2.2849586
vn 2.947518 2.3990836 1.6569252
vn 2.4000566 1.6518939 2.401635
vn 1.6471764 2.403783 1.642808
vn 2.4064655 1.6388233 2.4096475
vn 1.6352571 2.4132934 1.6321441
vn 2.417368 1.6295191 2.4632187
vn 1.6306161 2.4607854 1.6295111
vn 2.4218354 1.627417 2.3930557
vn 1.3346887 2.4584098 1.6285285
vn 2.456077 1.6276646 2.4537735
vn 1.6269157 2.426661 1.6258724
vn 2.4514837 1.6262785 2.4491944
vn 1.6257491 2.4318087 1.6249201
vn 2.4468904 1.625324 2.444558
vn 1.6249995 2.472456 1.3272641
vn 2.442182 1.6247724 2.4372435
vn 1.6245949 2.4397488 1.6246387
vn 2.4129057 1.4001291 2.405656
vn 1.4001291 2.405656 1.3669589
vn 2.405656 1.3346887 2.472456
vn 1.319494 -0.5909103 -0.26586938
vn -0.5636381 -0.29936635 -0.5639832
vn -0.29936635 -0.5636381 -0.26586938
vn 2.465724 1.6318469 2.46676
vn 2.011712 2.6250432 3.2877145
vn 2.3940911 2.0051508 2.3987517
vn 1.6622362 2.2849586 2.947518
vn 2.4666045 2.0087311 2.4664445
vn 2.0056667 2.465724 1.6492863
vn 2.465517 1.9999838 2.3944147
vn 2.0004318 2.3953547 1.995887
vn 2.4640064 1.994694 2.3968663
vn 1.9915614 2.4619396 1.9898283
vn 2.3989053 1.9875007 2.4593456
vn 1.9854186 2.4014256 1.983749
vn 2.4562523 1.9814957 2.404383
vn 1.9803517 2.4526877 1.9780908
vn 2.4077327 1.9773537 2.4486806
vn 1.9752347 2.4114287 1.9748001
vn 2.4442585 1.9729593 2.4154272
vn 1.9727354 2.4394498 1.9712955
vn 2.419683 1.9712052 2.3990862
vn 1.6675631 2.4569213 1.7439071
vn 2.4342828 1.9702744 2.4241507
vn 1.970254 2.4046204 1.7439071
vn 2.4287856 1.969927 2.4569213
vn 1.6826108 2.4046204 1.7287126
vn 2.441559 1.6991867 2.441559
vn 1.7287126 2.4351325 1.6992016
vn 2.4291582 1.6985 2.4236562
vn 1.697128 2.4186463 1.6951321
vn 2.4141502 1.6925583 2.4101872
vn 1.6894526 2.4067779 1.6858612
vn 2.4039428 1.6818305 2.4017024
vn 1.6774064 2.4000766 1.6726352
vn 2.4506702 1.6837957 2.439552
vn 1.684108 2.4448752 1.6842774
vn 2.4347186 1.6833397 2.4303904
vn 1.6820247 2.426585 1.6802149
vn 2.4233189 1.6779628 2.4206092
vn 1.6753203 2.4184723 1.6723397
vn 2.416925 1.6690732 2.4159846
vn 1.6655729 2.4156675 1.6618909
vn 2.4158926 1.6590427 2.416547
vn 1.6563008 2.4176009 1.6536919
vn 2.4190235 1.6512431 2.4207842
vn 1.6489813 2.463606 1.6479193
vn 2.4228523 1.6469336 2.4614816
vn 1.6466682 2.4251971 1.6451269
vn 2.459351 1.6455333 2.457215
vn 1.6445154 2.4277883 1.6435883
vn 2.4550745 1.643615 2.4529295
vn 1.6428328 2.4305954 1.6423444
vn 2.4507809 1.6421692 2.4335876
vn 1.6414227 2.4486294 1.6416249
vn 2.4464757 1.6412005 2.4367344
vn 1.6408498 2.44432 1.6408967
vn 2.4421628 1.6407138 2.4400053
vn 1.6406529 2.389776 2.4345713
vn 2.3940911 2.0051508 2.2849586
vn 2.947518 2.4431124 2.3152592
vn 2.3943806 2.0099256 2.46676
vn 2.011712 2.4581292 2.3218203
vn 2.4658968 2.4185133 2.4149768
vn 2.4185133 2.466416 2.0190816
vn 2.4653907 2.0264072 2.4636934
vn 2.0336595 2.461332 2.0408096
vn 2.4583166 2.0478277 2.4546554
vn 2.0546846 2.450358 2.0613506
vn 2.445433 2.0677967 2.4398894
vn 2.0739934 2.433736 2.0799112
vn 2.4269824 2.085521 2.4196374
vn 2.0907934 2.4094534 2.0778432
vn 2.3952267 2.014471 2.413552
vn 2.075276 2.417544 2.0724275
vn 2.396597 2.018751 2.4214015
vn 2.069326 2.3984575 2.0227308
vn 2.4250968 2.0659997 2.4286034
vn 2.0624769 2.4007761 2.0263748
vn 2.4318929 2.0587854 2.40352
vn 2.0296478 2.4349375 2.0549536
vn 2.4066556 2.0325143 2.43771
vn 2.0510097 2.4101503 2.034939
vn 2.4401836 2.046982 2.413971
vn 2.0368865 2.442329 2.0428984
vn 2.4224584 2.039208 2.4180849
vn 2.038321 2.4441202 2.0387874
vn 2.4289656 2.0394626 2.4270594
vn 2.0395114 2.4308012 2.0393212
vn 2.4325666 2.0390959 2.4342642
vn 2.0387952 2.435895 2.0384274
vn 2.445529 2.0346768 2.444335
vn 2.0352798 2.443082 2.0358741
vn 2.4417691 2.036452 2.440395
vn 2.0370045 2.4389594 2.0375235
vn 2.4374595 2.0380006 2.3942337
vn 2.0075054 -0.9501153 -0.28472233
vn -0.9496871 -0.2891934 -0.9500285
vn -0.28646863 -0.95012987 -0.28308392
vn -0.9500668 -0.28153133 -0.9490501
vn -0.29175758 -0.9499202 -0.2800393
vn -0.9496847 -0.27858472 -0.9481367
vn -0.29414296 -0.9493546 -0.27714372
vn -0.9489242 -0.27569246 -0.9469662
vn -0.29633296 -0.94838804 -0.274207
vn -0.9455575 -0.29830956 -0.94774055
vn -0.2726637 -0.94697577 -0.2710383
vn -0.9439299 -0.30005622 -0.94608825
vn -0.2693076 -0.94507265 -0.2674476
vn -0.9421028 -0.30155504 -0.9404603
vn -0.26634026 -0.94009507 -0.30278862
vn -0.93792605 -0.30374002 -0.93613124
vn -0.26586938 -0.935615 -0.30439174
vn -0.93318087 -0.30472636 -0.9321041
vn -0.26598203 -0.9306431 -0.30472636
vn -0.9278498 -0.30438304 -0.9283983
vn -0.26662636 -0.92524856 -0.30374908
vn -0.9250326 -0.26775026 -0.9228519
vn -0.30283952 -0.9206729 -0.30166864
vn -0.92202675 -0.26930118 -0.9187242
vn -0.300251 -0.91939926 -0.27122772
vn -0.9170184 -0.29860163 -0.9171696
vn -0.2734766 -0.91556877 -0.2967348
vn -0.9153566 -0.2759962 -0.91438794
vn -0.2946657 -0.91348875 -0.2924086
vn -0.9139796 -0.2787342 -0.91288406
vn -0.28997827 -0.9130575 -0.28163862
vn -0.9125869 -0.28738952 -0.91260964
vn -0.28465724 2.46676 2.011712
vn 2.4688313 2.6940882 2.6250432
vn 3.2877145 2.4684927 2.6894755
vn 2.3939047 2.6893063 2.389776
vn 2.4345713 2.3935735 2.6939156
vn 2.4675047 2.6850722 2.394873
vn 2.6849122 2.4659076 2.6809144
vn 2.3964376 2.680769 2.4658968
vn 2.4345713 2.4637425 2.6770391
vn 2.39856 2.6769114 2.4610496
vn 2.6734827 2.4011998 2.6733751
vn 2.4578702 2.670282 2.4043183
vn 2.6701958 2.454245 2.667473
vn 2.4078755 2.6674085 2.450215
vn 2.6650932 2.4118316 2.6650484
vn 2.44582 2.6631784 2.4161475
vn 2.6631513 2.4411018 2.6617653
vn 2.4207833 2.6617527 2.4361007
vn 2.6608908 2.4256997 2.6608875
vn 2.430857 2.6605911 2.4658968
vn 2.4185133 2.4688313 2.6940882
vn 2.468773 2.6956294 2.6250432
vn 3.2877145 2.468716 2.6971283
vn 2.4660695 2.7476146 2.4657516
vn 2.7523432 2.4648235 2.7568364
vn 2.463321 2.761061 2.461281
vn 2.764984 2.45874 2.7685704
vn 2.4557345 2.7717881 2.2849586
vn 2.947518 2.452301 2.7746027
vn 2.4484758 2.7769809 2.4442964
vn 2.778889 2.4397984 2.7802935
vn 2.435019 2.7811608 2.4299939
vn 2.7814572 2.4251416 2.7811573
vn 2.4205317 2.7802799 2.416199
vn 2.7788591 2.4121768 2.7769299
vn 2.4085004 2.7745252 2.405203
vn 2.77168 2.4023192 2.7684286
vn 2.3998833 2.7648046 2.3979292
vn 2.7608428 2.3964908 2.7565768
vn 2.395603 2.7520409 2.3952994
vn 2.7472694 2.3935735 2.6939156
vn 2.389776 2.4345713 2.4659083
vn 2.7500114 2.3954494 2.7496223
vn 2.4659624 2.7451336 2.395397
vn 2.7450523 2.465645 2.742701
vn 2.395691 2.7428129 2.3936884
vn 2.6968668 2.3961842 2.740565
vn 2.4651227 2.7403224 2.3968787
vn 2.7383227 2.4644008 2.738003
vn 2.3977766 2.7360995 2.46837
vn 2.7000341 2.4634845 2.7357485
vn 2.398881 2.7339094 2.394033
vn 2.6997545 2.46238 2.7335641
vn 2.400194 2.731766 2.4677927
vn 2.702808 2.4610915 2.7314553
vn 2.401718 2.7296832 2.3946064
vn 2.7025652 2.4669836 2.7054524
vn 2.4596252 2.7294273 2.4034553
vn 2.7276745 2.3954082 2.705286
vn 2.4579864 2.7274857 2.4054084
vn 2.7257543 2.3976946 2.7104053
vn 2.3964376 2.7079039 2.4659417
vn 2.7079697 2.464667 2.7103622
vn 2.45618 2.725636 2.4075794
vn 2.7239356 2.3991778 2.7127771
vn 2.4631581 2.7126324 2.4542124
vn 2.7238832 2.4099712 2.722233
vn 2.4073641 2.7207062 2.4049807
vn 2.7189841 2.4028213 2.7170799
vn 2.4008868 2.7150064 2.4614153
vn 2.7147827 2.4594371 2.7168155
vn 2.457224 2.7187333 2.4547744
vn 2.7205384 2.4520879 2.722233
vn 2.3936303 2.695371 -0.9873526
vn -0.2848184 -0.9870185 -0.29081142
vn -0.98733926 -0.28792095 -0.9870535
vn -0.2818992 -0.98639446 -0.29352355
vn -0.9864557 -0.27917755 -0.98548543
vn -0.2960415 -0.98557234 -0.27666748
vn -0.9843108 -0.29834843 -0.98441744
vn -0.27438247 -0.9828892 -0.30042815
vn -0.9830046 -0.27233696 -0.9812397
vn -0.3022642 -0.98134756 -0.27054453
vn -0.9793809 -0.30384016 -0.97945964
vn -0.26901913 -0.97733235 -0.30513978
vn -0.9773549 -0.2677753 -0.9751122
vn -0.30614674 -0.97504675 -0.2668258
vn -0.97273976 -0.3068446 -0.97254854
vn -0.266186 -0.9702338 -0.30721688
vn -0.9698745 -0.26586938 -0.9676134
vn -0.30724704 -0.96721756 -0.26590097
vn -0.96519154 -0.30696726 -0.96285546
vn -0.30639863 -0.9646876 -0.26628184
vn -0.96063256 -0.30554426 -0.96230114
vn -0.2669952 -0.95854896 -0.30440736
vn -0.96007633 -0.26802313 -0.95663214
vn -0.3029914 -0.9580292 -0.26934946
vn -0.9549084 -0.30130017 -0.95617765
vn -0.27095628 -0.95340526 -0.29933572
vn -0.95453846 -0.27282715 -0.95214874
vn -0.29710197 -0.95312905 -0.27494442
vn -0.9511661 -0.29460263 -0.9519663
vn -0.27729154 -0.9504842 -0.2918403
vn -0.9510673 -0.27985144 -0.95012987
vn -0.28881812 -0.9504496 -0.28260672
vn -0.95012987 -0.28554046 -0.8907485
vn -0.28306532 -0.89038664 -0.28835058
vn -0.89071083 -0.285797 -0.89049995
vn -0.28048062 -0.88977337 -0.29074597
vn -0.88997525 -0.2780559 -0.8888891
vn -0.29296887 -0.88918483 -0.27580738
vn -0.8877523 -0.29500365 -0.88813937
vn -0.27374804 -0.8863814 -0.29683542
vn -0.8868489 -0.27189338 -0.88479483
vn -0.29844952 -0.88532436 -0.27025735
vn -0.88301104 -0.29983068 -0.8835761
vn -0.26885533 -0.88104856 -0.30096388
vn -0.8816142 -0.26770043 -0.8789253
vn -0.30183387 -0.8794496 -0.26680815
vn -0.8766601 -0.3024261 -0.8770926
vn -0.26619303 -0.8742715 -0.30272555
vn -0.8745535 -0.26586938 -0.8717774
vn -0.30271685 -0.87216365 -0.2658844
vn -0.86945283 -0.30239415 -0.86983335
vn -0.26623225 -0.8672305 -0.30175447
vn -0.8675884 -0.26689124 -0.86513174
vn -0.30082095 -0.8654541 -0.26783872
vn -0.86317897 -0.29961753 -0.86345595
vn -0.26905227 -0.8613935 -0.29816866
vn -0.86161953 -0.2705096 -0.8597979
vn -0.2964971 -0.85997045 -0.27218843
vn -0.8584132 -0.29462683 -0.858534
vn -0.27406645 -0.85726166 -0.29258132
vn -0.85733557 -0.27612114 -0.85636544
vn -0.2903844 -0.8564013 -0.27833045
vn -0.8557459 -0.28805983 -0.8557559
vn -0.2806716 -0.85542524 -0.28563118
f 1//1 2//2 3//3
f 4//4 2//2 1//1
f 4//4 5//5 2//2
f 6//6 7//7 8//8
f 9//9 10//10 5//5
f 11//11 10//10 9//9
f 11//11 12//12 10//10
f 13//13 12//12 11//11
f 13//13 14//14 12//12
f 15//15 14//14 13//13
f 16//16 17//17 18//18
f 19//19 17//17 16//16
f 20//20 21//21 22//22
f 23//23 21//21 20//20
f 23//23 24//24 21//21
f 25//25 26//26 27//27
f 23//23 28//28 24//24
f 29//29 30//30 24//24
f 23//23 31//31 28//28
f 32//32 30//30 29//29
f 33//33 31//31 23//23
f 33//33 34//34 31//31
f 32//32 35//35 30//30
f 36//36 35//35 32//32
f 33//33 37//37 34//34
f 38//38 35//35 36//36
f 33//33 39//39 37//37
f 40//40 41//41 42//42
f 33//33 43//43 39//39
f 44//44 35//35 45//45
f 46//46 43//43 33//33
f 44//44 47//47 35//35
f 46//46 48//48 43//43
f 49//49 47//47 44//44
f 46//46 50//50 48//48
f 51//51 47//47 49//49
f 46//46 52//52 50//50
f 53//53 52//52 46//46
f 54//54 47//47 51//51
f 54//54 55//55 47//47
f 53//53 56//56 52//52
f 57//57 55//55 54//54
f 53//53 58//58 56//56
f 59//59 60//60 61//61
f 62//62 58//58 53//53
f 59//59 63//63 60//60
f 62//62 64//64 58//58
f 65//65 66//66 67//67
f 62//62 68//68 64//64
f 69//69 68//68 62//62
f 70//70 66//66 65//65
f 70//70 71//71 66//66
f 72//72 73//73 74//74
f 75//75 71//71 70//70
f 76//76 77//77 69//69
f 75//75 78//78 71//71
f 76//76 79//79 77//77
f 80//80 78//78 75//75
f 81//81 82//82 83//83
f 84//84 79//79 76//76
f 84//84 85//85 79//79
f 86//86 87//87 80//80
f 86//86 88//88 87//87
f 89//89 90//90 91//91
f 92//92 93//93 85//85
f 94//94 88//88 86//86
f 94//94 95//95 88//88
f 96//96 93//93 92//92
f 96//96 97//97 93//93
f 98//98 95//95 94//94
f 99//99 100//100 101//101
f 102//102 97//97 96//96
f 102//102 103//103 97//97
f 104//104 105//105 98//98
f 106//106 107//107 100//100
f 102//102 108//108 103//103
f 109//109 110//110 104//104
f 111//111 108//108 102//102
f 111//111 112//112 108//108
f 113//113 110//110 109//109
f 113//113 114//114 110//110
f 115//115 116//116 117//117
f 118//118 119//119 112//112
f 120//120 114//114 113//113
f 118//118 121//121 119//119
f 122//122 114//114 120//120
f 118//118 123//123 121//121
f 124//124 125//125 126//126
f 118//118 114//114 123//123
f 118//118 127//127 114//114
f 128//128 127//127 118//118
f 129//129 130//130 131//131
f 132//132 133//133 128//128
f 132//132 134//134 133//133
f 135//135 134//134 132//132
f 135//135 136//136 134//134
f 137//137 136//136 135//135
f 138//138 136//136 137//137
f 138//138 139//139 136//136
f 140//140 141//141 142//142
f 143//143 144//144 138//138
f 145//145 146//146 141//141
f 147//147 146//146 145//145
f 148//148 149//149 150//150
f 151//151 149//149 148//148
f 151//151 152//152 149//149
f 153//153 154//154 155//155
f 156//156 152//152 151//151
f 156//156 157//157 152//152
f 158//158 159//159 152//152
f 156//156 160//160 157//157
f 161//161 154//154 162//162
f 156//156 163//163 160//160
f 164//164 159//159 165//165
f 164//164 166//166 159//159
f 167//167 163//163 156//156
f 167//167 168//168 163//163
f 169//169 166//166 164//164
f 167//167 170//170 168//168
f 171//171 172//172 173//173
f 174//174 175//175 166//166
f 176//176 177//177 178//178
f 179//179 180//180 170//170
f 181//181 175//175 174//174
f 179//179 182//182 180//180
f 183//183 175//175 181//181
f 184//184 182//182 179//179
f 183//183 185//185 175//175
f 184//184 186//186 182//182
f 187//187 185//185 183//183
f 188//188 189//189 190//190
f 187//187 191//191 185//185
f 192//192 193//193 186//186
f 194//194 191//191 187//187
f 192//192 195//195 193//193
f 196//196 197//197 188//188
f 198//198 191//191 194//194
f 198//198 199//199 191//191
f 200//200 201//201 195//195
f 202//202 199//199 198//198
f 203//203 201//201 200//200
f 202//202 204//204 199//199
f 205//205 206//206 207//207
f 208//208 204//204 202//202
f 209//209 210//210 203//203
f 208//208 211//211 204//204
f 209//209 212//212 210//210
f 213//213 211//211 208//208
f 214//214 212//212 209//209
f 213//213 215//215 211//211
f 216//216 215//215 213//213
f 214//214 217//217 212//212
f 218//218 215//215 216//216
f 214//214 219//219 217//217
f 220//220 219//219 214//214
f 218//218 221//221 215//215
f 222//222 221//221 218//218
f 220//220 223//223 219//219
f 224//224 221//221 222//222
f 220//220 225//225 223//223
f 226//226 225//225 220//220
f 224//224 227//227 221//221
f 228//228 229//229 230//230
f 226//226 231//231 225//225
f 232//232 227//227 233//233
f 226//226 234//234 231//231
f 235//235 234//234 226//226
f 232//232 236//236 227//227
f 237//237 238//238 239//239
f 235//235 240//240 234//234
f 241//241 236//236 242//242
f 243//243 244//244 245//245
f 246//246 236//236 241//241
f 235//235 247//247 248//248
f 249//249 236//236 246//246
f 235//235 250//250 247//247
f 251//251 250//250 235//235
f 252//252 253//253 238//238
f 254//254 255//255 249//249
f 251//251 254//254 250//250
f 251//251 255//255 254//254
f 256//256 255//255 251//251
f 257//257 258//258 253//253
f 259//259 260//260 256//256
f 259//259 261//261 260//260
f 262//262 261//261 259//259
f 263//263 264//264 265//265
f 266//266 267//267 262//262
f 268//268 269//269 264//264
f 270//270 271//271 266//266
f 270//270 272//272 271//271
f 273//273 272//272 270//270
f 273//273 274//274 272//272
f 275//275 274//274 273//273
f 276//276 277//277 278//278
f 276//276 279//279 277//277
f 280//280 278//278 281//281
f 280//280 276//276 278//278
f 282//282 281//281 283//283
f 282//282 280//280 281//281
f 284//284 283//283 285//285
f 284//284 282//282 283//283
f 286//286 285//285 287//287
f 286//286 284//284 285//285
f 288//288 287//287 289//289
f 288//288 286//286 287//287
f 290//290 291//291 292//292
f 290//290 293//293 291//291
f 294//294 292//292 295//295
f 294//294 290//290 292//292
f 296//296 295//295 297//297
f 296//296 294//294 295//295
f 298//298 297//297 299//299
f 298//298 296//296 297//297
f 300//300 299//299 301//301
f 300//300 298//298 299//299
f 302//302 301//301 303//303
f 302//302 300//300 301//301
f 304//304 300//300 302//302
f 305//305 303//303 306//306
f 305//305 302//302 303//303
f 307//307 306//306 308//308
f 307//307 305//305 306//306
f 309//309 308//308 310//310
f 309//309 307//307 308//308
f 311//311 310//310 312//312
f 311//311 309//309 310//310
f 313//313 312//312 314//314
f 313//313 311//311 312//312
f 315//315 314//314 316//316
f 315//315 313//313 314//314
f 317//317 316//316 318//318
f 317//317 315//315 316//316
f 319//319 318//318 320//320
f 319//319 317//317 318//318
f 321//321 322//322 323//323
f 321//321 324//324 322//322
f 325//325 323//323 326//326
f 325//325 321//321 323//323
f 327//327 326//326 328//328
f 327//327 325//325 326//326
f 329//329 330//330 331//331
f 329//329 332//332 330//330
f 333//333 331//331 334//334
f 333//333 329//329 331//331
f 335//335 334//334 336//336
f 335//335 333//333 334//334
f 337//337 338//338 339//339
f 337//337 340//340 338//338
f 341//341 339//339 342//342
f 341//341 337//337 339//339
f 343//343 342//342 344//344
f 343//343 341//341 342//342
f 345//345 344//344 346//346
f 345//345 343//343 344//344
f 347//347 346//346 348//348
f 347//347 345//345 346//346
f 349//349 348//348 350//350
f 349//349 347//347 348//348
f 351//351 350//350 352//352
f 351//351 349//349 350//350
f 353//353 352//352 354//354
f 353//353 351//351 352//352
f 355//355 354//354 356//356
f 355//355 353//353 354//354
f 357//357 356//356 358//358
f 357//357 355//355 356//356
f 359//359 355//355 357//357
f 360//360 358//358 361//361
f 360//360 357//357 358//358
f 362//362 361//361 363//363
f 362//362 360//360 361//361
f 364//364 363//363 365//365
f 364//364 362//362 363//363
f 366//366 365//365 367//367
f 366//366 364//364 365//365
f 368//368 367//367 369//369
f 368//368 366//366 367//367
f 370//370 371//371 372//372
f 370//370 373//373 371//371
f 374//374 372//372 375//375
f 374//374 370//370 372//372
f 376//376 375//375 377//377
f 376//376 374//374 375//375
f 378//378 377//377 379//379
f 378//378 376//376 377//377
f 380//380 379//379 381//381
f 380//380 378//378 379//379
f 382//382 381//381 383//383
f 382//382 380//380 381//381
f 384//384 383//383 385//385
f 384//384 382//382 383//383
f 386//386 385//385 387//387
f 386//386 384//384 385//385
f 388//388 387//387 389//389
f 388//388 386//386 387//387
f 390//390 389//389 391//391
f 390//390 388//388 389//389
f 392//392 391//391 393//393
f 392//392 390//390 391//391
f 394//394 393//393 395//395
f 394//394 392//392 393//393
f 396//396 397//397 398//398
f 396//396 399//399 397//397
f 400//400 398//398 401//401
f 400//400 396//396 398//398
f 402//402 401//401 403//403
f 402//402 400//400 401//401
f 404//404 403//403 405//405
f 404//404 402//402 403//403
f 406//406 405//405 407//407
f 406//406 404//404 405//405
f 408//408 407//407 409//409
f 408//408 406//406 407//407
f 410//410 406//406 408//408
f 411//411 409//409 412//412
f 411//411 408//408 409//409
f 413//413 412//412 414//414
f 413//413 411//411 412//412
f 415//415 414//414 416//416
f 415//415 413//413 414//414
f 417//417 416//416 418//418
f 417//417 415//415 416//416
f 419//419 418//418 420//420
f 419//419 417//417 418//418
f 421//421 420//420 422//422
f 421//421 419//419 420//420
f 423//423 422//422 424//424
f 423//423 421//421 422//422
f 425//425 424//424 426//426
f 425//425 423//423 424//424
f 427//427 426//426 428//428
f 427//427 425//425 426//426
f 429//429 430//430 431//431
f 429//429 432//432 430//430
f 433//433 431//431 434//434
f 433//433 429//429 431//431
f 435//435 434//434 436//436
f 435//435 433//433 434//434
f 437//437 438//438 439//439
f 437//437 440//440 438//438
f 441//441 439//439 442//442
f 441//441 437//437 439//439
f 443//443 442//442 444//444
f 443//443 441//441 442//442
f 445//445 446//446 447//447
f 445//445 448//448 446//446
f 449//449 447//447 450//450
f 449//449 445//445 447//447
f 451//451 450//450 452//452
f 451//451 449//449 450//450
f 453//453 452//452 454//454
f 453//453 451//451 452//452
f 455//455 454//454 456//456
f 455//455 453//453 454//454
f 457//457 456//456 458//458
f 457//457 455//455 456//456
f 459//459 458//458 460//460
f 459//459 457//457 458//458
f 461//461 460//460 462//462
f 461//461 459//459 460//460
f 463//463 462//462 464//464
f 463//463 461//461 462//462
f 465//465 461//461 463//463
f 466//466 464//464 467//467
f 466//466 463//463 464//464
f 468//468 467//467 469//469
f 468//468 466//466 467//467
f 470//470 469//469 471//471
f 470//470 468//468 469//469
f 472//472 471//471 473//473
f 472//472 470//470 471//471
f 474//474 473//473 475//475
f 474//474 472//472 473//473
f 476//476 475//475 477//477
f 476//476 474//474 475//475
f 478//478 479//479 480//480
f 478//478 481//481 479//479
f 482//482 480//480 483//483
f 482//482 478//478 480//480
f 484//484 483//483 485//485
f 484//484 482//482 483//483
f 486//486 485//485 487//487
f 486//486 484//484 485//485
f 488//488 487//487 489//489
f 488//488 486//486 487//487
f 490//490 489//489 491//491
f 490//490 488//488 489//489
f 279//279 491//491 277//277
f 279//279 490//490 491//491
f 492//492 493//493 494//494
f 492//492 495//495 493//493
f 496//496 494//494 497//497
f 496//496 492//492 494//494
f 498//498 497//497 499//499
f 498//498 496//496 497//497
f 500//500 499//499 501//501
f 500//500 498//498 499//499
f 502//502 501//501 503//503
f 502//502 500//500 501//501
f 504//504 505//505 506//506
f 504//504 507//507 505//505
f 508//508 506//506 509//509
f 508//508 504//504 506//506
f 510//510 509//509 511//511
f 510//510 508//508 509//509
f 512//512 511//511 513//513
f 512//512 510//510 511//511
f 514//514 513//513 515//515
f 514//514 512//512 513//513
f 516//516 515//515 517//517
f 516//516 514//514 515//515
f 518//518 517//517 519//519
f 518//518 516//516 517//517
f 520//520 519//519 521//521
f 520//520 518//518 519//519
f 522//522 521//521 523//523
f 522//522 520//520 521//521
f 524//524 523//523 525//525
f 524//524 522//522 523//523
f 526//526 525//525 527//527
f 526//526 524//524 525//525
f 528//528 527//527 529//529
f 528//528 526//526 527//527
f 530//530 531//531 532//532
f 530//530 533//533 531//531
f 534//534 532//532 535//535
f 534//534 530//530 532//532
f 536//536 535//535 537//537
f 536//536 534//534 535//535
f 538//538 537//537 539//539
f 538//538 536//536 537//537
f 540//540 539//539 541//541
f 540//540 538//538 539//539
f 542//542 541//541 543//543
f 542//542 540//540 541//541
f 544//544 543//543 545//545
f 544//544 542//542 543//543
f 546//546 545//545 547//547
f 546//546 544//544 545//545
f 548//548 547//547 549//549
f 548//548 546//546 547//547
f 550//550 549//549 551//551
f 550//550 548//548 549//549
f 552//552 551//551 553//553
f 552//552 550//550 551//551
f 554//554 553//553 555//555
f 554//554 552//552 553//553
f 556//556 557//557 558//558
f 556//556 559//559 557//557
f 560//560 558//558 561//561
f 560//560 556//556 558//558
f 562//562 561//561 563//563
f 562//562 560//560 561//561
f 564//564 563//563 565//565
f 564//564 562//562 563//563
f 566//566 565//565 567//567
f 566//566 564//564 565//565
f 568//568 567//567 569//569
f 568//568 566//566 567//567
f 570//570 569//569 571//571
f 570//570 568//568 569//569
f 572//572 571//571 573//573
f 572//572 570//570 571//571
f 574//574 573//573 575//575
f 574//574 572//572 573//573
f 576//576 575//575 577//577
f 576//576 574//574 575//575
f 578//578 577//577 579//579
f 578//578 576//576 577//577
f 580//580 579//579 581//581
f 580//580 578//578 579//579
f 582//582 583//583 584//584
f 582//582 585//585 583//583
f 586//586 584//584 587//587
f 586//586 582//582 584//584
f 588//588 587//587 589//589
f 588//588 586//586 587//587
f 590//590 589//589 591//591
f 590//590 588//588 589//589
f 592//592 591//591 593//593
f 592//592 590//590 591//591
f 594//594 593//593 595//595
f 594//594 592//592 593//593
f 495//495 595//595 493//493
f 495//495 594//594 595//595
f 596//596 597//597 598//598
f 596//596 599//599 597//597
f 600//600 598//598 601//601
f 600//600 596//596 598//598
f 602//602 601//601 603//603
f 602//602 600//600 601//601
f 604//604 603//603 605//605
f 604//604 602//602 603//603
f 606//606 605//605 607//607
f 606//606 604//604 605//605
f 608//608 609//609 610//610
f 608//608 611//611 609//609
f 612//612 610//610 613//613
f 612//612 608//608 610//610
f 614//614 613//613 615//615
f 614//614 612//612 613//613
f 616//616 615//615 617//617
f 616//616 614//614 615//615
f 618//618 617//617 619//619
f 618//618 616//616 617//617
f 620//620 619//619 621//621
f 620//620 618//618 619//619
f 622//622 621//621 623//623
f 622//622 620//620 621//621
f 624//624 623//623 625//625
f 624//624 622//622 623//623
f 626//626 625//625 627//627
f 626//626 624//624 625//625
f 628//628 627//627 629//629
f 628//628 626//626 627//627
f 630//630 629//629 631//631
f 630//630 628//628 629//629
f 632//632 631//631 633//633
f 632//632 630//630 631//631
f 634//634 635//635 636//636
f 634//634 637//637 635//635
f 638//638 636//636 639//639
f 638//638 634//634 636//636
f 640//640 639//639 641//641
f 640//640 638//638 639//639
f 642//642 641//641 643//643
f 642//642 640//640 641//641
f 644//644 643//643 645//645
f 644//644 642//642 643//643
f 646//646 645//645 647//647
f 646//646 644//644 645//645
f 648//648 647//647 649//649
f 648//648 646//646 647//647
f 650//650 649//649 651//651
f 650//650 648//648 649//649
f 652//652 651//651 653//653
f 652//652 650//650 651//651
f 654//654 653//653 655//655
f 654//654 652//652 653//653
f 656//656 655//655 657//657
f 656//656 654//654 655//655
f 658//658 657//657 659//659
f 658//658 656//656 657//657
f 660//660 661//661 662//662
f 660//660 663//663 661//661
f 664//664 662//662 665//665
f 664//664 660//660 662//662
f 666//666 665//665 667//667
f 666//666 664//664 665//665
f 668//668 667//667 669//669
f 668//668 666//666 667//667
f 670//670 669//669 671//671
f 670//670 668//668 669//669
f 672//672 671//671 673//673
f 672//672 670//670 671//671
f 674//674 673//673 675//675
f 674//674 672//672 673//673
f 676//676 675//675 677//677
f 676//676 674//674 675//675
f 678//678 677//677 679//679
f 678//678 676//676 677//677
f 680//680 679//679 681//681
f 680//680 678//678 679//679
f 682//682 681//681 683//683
f 682//682 680//680 681//681
f 684//684 683//683 685//685
f 684//684 682//682 683//683
f 686//686 687//687 688//688
f 686//686 689//689 687//687
f 690//690 688//688 691//691
f 690//690 686//686 688//688
f 692//692 691//691 693//693
f 692//692 690//690 691//691
f 694//694 693//693 695//695
f 694//694 692//692 693//693
f 696//696 695//695 697//697
f 696//696 694//694 695//695
f 698//698 697//697 699//699
f 698//698 696//696 697//697
f 599//599 699//699 597//597
f 599//599 698//698 699//699
f 700//700 701//701 702//702
f 700//700 703//703 701//701
f 703//703 704//704 701//701
f 705//705 706//706 707//707
f 708//708 709//709 710//710
f 708//708 711//711 709//709
f 712//712 713//713 714//714
f 712//712 715//715 713//713
f 716//716 717//717 718//718
f 716//716 719//719 717//717
f 720//720 721//721 722//722
f 720//720 723//723 721//721
f 724//724 725//725 726//726
f 724//724 727//727 725//725
f 728//728 729//729 730//730
f 728//728 731//731 729//729
f 732//732 733//733 734//734
f 735//735 733//733 732//732
f 736//736 733//733 735//735
f 736//736 737//737 733//733
f 736//736 738//738 737//737
f 739//739 738//738 736//736
f 739//739 740//740 738//738
f 739//739 741//741 740//740
f 742//742 741//741 739//739
f 742//742 743//743 741//741
f 742//742 744//744 743//743
f 745//745 744//744 742//742
f 745//745 746//746 744//744
f 745//745 747//747 746//746
f 748//748 747//747 745//745
f 748//748 749//749 747//747
f 750//750 749//749 748//748
f 750//750 751//751 749//749
f 750//750 752//752 751//751
f 753//753 752//752 750//750
f 754//754 755//755 756//756
f 757//757 755//755 754//754
f 758//758 755//755 757//757
f 758//758 759//759 755//755
f 760//760 759//759 758//758
f 761//761 759//759 760//760
f 753//753 762//762 752//752
f 763//763 759//759 761//761
f 763//763 764//764 759//759
f 765//765 764//764 763//763
f 766//766 767//767 768//768
f 769//769 764//764 770//770
f 771//771 772//772 767//767
f 773//773 774//774 769//769
f 775//775 774//774 773//773
f 762//762 774//774 775//775
f 776//776 777//777 772//772
f 753//753 778//778 762//762
f 779//779 777//777 780//780
f 781//781 782//782 778//778
f 779//779 783//783 784//784
f 785//785 786//786 781//781
f 787//787 788//788 779//779
f 789//789 790//790 781//781
f 789//789 791//791 790//790
f 791//791 792//792 790//790
f 793//793 794//794 783//783
f 795//795 796//796 792//792
f 797//797 794//794 798//798
f 785//785 799//799 786//786
f 785//785 800//800 799//799
f 801//801 796//796 802//802
f 801//801 803//803 796//796
f 785//785 804//804 800//800
f 785//785 805//805 804//804
f 806//806 803//803 801//801
f 785//785 807//807 805//805
f 808//808 809//809 810//810
f 785//785 811//811 807//807
f 785//785 812//812 811//811
f 813//813 803//803 814//814
f 785//785 815//815 812//812
f 816//816 817//817 818//818
f 813//813 819//819 803//803
f 820//820 821//821 815//815
f 822//822 819//819 813//813
f 820//820 823//823 821//821
f 824//824 819//819 822//822
f 825//825 819//819 824//824
f 825//825 826//826 819//819
f 820//820 827//827 823//823
f 828//828 826//826 825//825
f 829//829 827//827 820//820
f 830//830 826//826 828//828
f 831//831 832//832 833//833
f 829//829 834//834 827//827
f 835//835 836//836 830//830
f 837//837 834//834 829//829
f 838//838 836//836 835//835
f 838//838 839//839 836//836
f 837//837 840//840 834//834
f 841//841 839//839 838//838
f 837//837 842//842 840//840
f 841//841 843//843 839//839
f 844//844 842//842 837//837
f 845//845 843//843 841//841
f 846//846 843//843 845//845
f 844//844 847//847 842//842
f 846//846 848//848 843//843
f 849//849 848//848 846//846
f 850//850 851//851 852//852
f 853//853 854//854 847//847
f 855//855 848//848 849//849
f 853//853 856//856 854//854
f 855//855 857//857 848//848
f 858//858 857//857 855//855
f 859//859 860//860 850//850
f 861//861 862//862 856//856
f 863//863 857//857 858//858
f 864//864 857//857 863//863
f 861//861 865//865 862//862
f 864//864 866//866 857//857
f 867//867 868//868 869//869
f 861//861 870//870 865//865
f 871//871 866//866 872//872
f 861//861 873//873 870//870
f 873//873 866//866 871//871
f 861//861 866//866 873//873
f 874//874 866//866 861//861
f 875//875 876//876 868//868
f 877//877 878//878 874//874
f 879//879 880//880 876//876
f 881//881 882//882 877//877
f 883//883 884//884 880//880
f 885//885 886//886 881//881
f 885//885 887//887 886//886
f 888//888 887//887 885//885
f 888//888 889//889 887//887
f 890//890 889//889 888//888
f 890//890 891//891 889//889
f 892//892 891//891 890//890
f 893//893 894//894 895//895
f 893//893 896//896 894//894
f 897//897 895//895 898//898
f 897//897 893//893 895//895
f 899//899 898//898 900//900
f 899//899 897//897 898//898
f 901//901 902//902 903//903
f 901//901 904//904 902//902
f 905//905 903//903 906//906
f 905//905 901//901 903//903
f 907//907 906//906 908//908
f 907//907 905//905 906//906
f 909//909 908//908 910//910
f 909//909 907//907 908//908
f 911//911 910//910 912//912
f 911//911 909//909 910//910
f 913//913 912//912 914//914
f 913//913 911//911 912//912
f 915//915 914//914 916//916
f 915//915 913//913 914//914
f 917//917 916//916 918//918
f 917//917 915//915 916//916
f 919//919 920//920 921//921
f 919//919 922//922 920//920
f 923//923 921//921 924//924
f 923//923 919//919 921//921
f 925//925 924//924 926//926
f 925//925 923//923 924//924
f 927//927 926//926 928//928
f 927//927 925//925 926//926
f 929//929 928//928 930//930
f 929//929 927//927 928//928
f 931//931 930//930 932//932
f 931//931 929//929 930//930
f 933//933 932//932 934//934
f 933//933 931//931 932//932
f 935//935 934//934 936//936
f 935//935 933//933 934//934
f 937//937 936//936 938//938
f 937//937 935//935 936//936
f 939//939 938//938 940//940
f 939//939 937//937 938//938
f 941//941 940//940 942//942
f 941//941 939//939 940//940
f 943//943 942//942 944//944
f 943//943 941//941 942//942
f 945//945 944//944 946//946
f 945//945 943//943 944//944
f 947//947 946//946 948//948
f 947//947 945//945 946//946
f 949//949 948//948 950//950
f 949//949 947//947 948//948
f 951//951 950//950 952//952
f 951//951 949//949 950//950
f 953//953 952//952 954//954
f 953//953 951//951 952//952
f 955//955 954//954 956//956
f 955//955 953//953 954//954
f 957//957 958//958 959//959
f 957//957 960//960 958//958
f 961//961 959//959 962//962
f 961//961 957//957 959//959
f 963//963 962//962 964//964
f 963//963 961//961 962//962
f 965//965 964//964 966//966
f 965//965 963//963 964//964
f 967//967 966//966 968//968
f 967//967 965//965 966//966
f 969//969 968//968 970//970
f 969//969 967//967 968//968
f 971//971 967//967 969//969
f 972//972 970//970 973//973
f 972//972 969//969 970//970
f 974//974 973//973 975//975
f 974//974 972//972 973//973
f 976//976 975//975 977//977
f 976//976 974//974 975//975
f 978//978 977//977 979//979
f 978//978 976//976 977//977
f 980//980 979//979 981//981
f 980//980 978//978 979//979
f 982//982 981//981 983//983
f 982//982 980//980 981//981
f 984//984 985//985 986//986
f 984//984 987//987 985//985
f 988//988 986//986 989//989
f 988//988 984//984 986//986
f 990//990 989//989 991//991
f 990//990 988//988 989//989
f 992//992 991//991 993//993
f 992//992 990//990 991//991
f 994//994 993//993 995//995
f 994//994 992//992 993//993
f 996//996 995//995 997//997
f 996//996 994//994 995//995
f 998//998 997//997 999//999
f 998//998 996//996 997//997
f 1000//1000 999//999 1001//1001
f 1000//1000 998//998 999//999
f 1002//1002 1001//1001 1003//1003
f 1002//1002 1000//1000 1001//1001
f 1004//1004 1003//1003 1005//1005
f 1004//1004 1002//1002 1003//1003
f 1006//1006 1005//1005 1007//1007
f 1006//1006 1004//1004 1005//1005
f 1008//1008 1007//1007 1009//1009
f 1008//1008 1006//1006 1007//1007
f 1010//1010 1011//1011 1012//1012
f 1010//1010 1013//1013 1011//1011
f 1014//1014 1012//1012 1015//1015
f 1014//1014 1010//1010 1012//1012
f 1016//1016 1015//1015 1017//1017
f 1016//1016 1014//1014 1015//1015
f 1018//1018 1017//1017 1019//1019
f 1018//1018 1016//1016 1017//1017
f 1020//1020 1019//1019 1021//1021
f 1020//1020 1018//1018 1019//1019
f 1022//1022 1021//1021 1023//1023
f 1022//1022 1020//1020 1021//1021
f 1024//1024 1020//1020 1022//1022
f 1025//1025 1023//1023 1026//1026
f 1025//1025 1022//1022 1023//1023
f 1027//1027 1026//1026 1028//1028
f 1027//1027 1025//1025 1026//1026
f 1029//1029 1028//1028 1030//1030
f 1029//1029 1027//1027 1028//1028
f 1031//1031 1030//1030 1032//1032
f 1031//1031 1029//1029 1030//1030
f 1033//1033 1032//1032 1034//1034
f 1033//1033 1031//1031 1032//1032
f 1035//1035 1034//1034 1036//1036
f 1035//1035 1033//1033 1034//1034
f 1037//1037 1036//1036 1038//1038
f 1037//1037 1035//1035 1036//1036
f 1039//1039 1038//1038 1040//1040
f 1039//1039 1037//1037 1038//1038
f 1041//1041 1040//1040 1042//1042
f 1041//1041 1039//1039 1040//1040
f 1043//1043 1042//1042 1044//1044
f 1043//1043 1041//1041 1042//1042
f 1045//1045 1046//1046 1047//1047
f 1045//1045 1048//1048 1046//1046
f 1049//1049 1047//1047 1050//1050
f 1049//1049 1045//1045 1047//1047
f 1051//1051 1052//1052 1053//1053
f 1051//1051 1054//1054 1052//1052
f 896//896 1055//1055 894//894
f 896//896 1056//1056 1055//1055
f 1057//1057 1058//1058 1059//1059
f 1057//1057 1060//1060 1058//1058
f 1061//1061 1059//1059 1062//1062
f 1061//1061 1057//1057 1059//1059
f 1063//1063 1062//1062 1064//1064
f 1063//1063 1061//1061 1062//1062
f 1065//1065 1064//1064 1066//1066
f 1065//1065 1063//1063 1064//1064
f 1067//1067 1066//1066 1068//1068
f 1067//1067 1065//1065 1066//1066
f 1069//1069 1070//1070 1071//1071
f 1069//1069 1072//1072 1070//1070
f 1073//1073 1071//1071 1074//1074
f 1073//1073 1069//1069 1071//1071
f 1075//1075 1074//1074 1076//1076
f 1075//1075 1073//1073 1074//1074
f 1077//1077 1076//1076 1078//1078
f 1077//1077 1075//1075 1076//1076
f 1079//1079 1078//1078 1080//1080
f 1079//1079 1077//1077 1078//1078
f 1081//1081 1080//1080 1082//1082
f 1081//1081 1079//1079 1080//1080
f 1083//1083 1082//1082 1084//1084
f 1083//1083 1081//1081 1082//1082
f 1085//1085 1084//1084 1086//1086
f 1085//1085 1083//1083 1084//1084
f 1087//1087 1086//1086 1088//1088
f 1087//1087 1085//1085 1086//1086
f 1089//1089 1088//1088 1090//1090
f 1089//1089 1087//1087 1088//1088
f 1091//1091 1090//1090 1092//1092
f 1091//1091 1089//1089 1090//1090
f 1093//1093 1092//1092 1094//1094
f 1093//1093 1091//1091 1092//1092
f 1095//1095 1096//1096 1097//1097
f 1095//1095 1098//1098 1096//1096
f 1099//1099 1097//1097 1100//1100
f 1099//1099 1095//1095 1097//1097
f 1101//1101 1100//1100 1102//1102
f 1101//1101 1099//1099 1100//1100
f 1103//1103 1102//1102 1104//1104
f 1103//1103 1101//1101 1102//1102
f 1105//1105 1104//1104 1106//1106
f 1105//1105 1103//1103 1104//1104
f 1107//1107 1106//1106 1108//1108
f 1107//1107 1105//1105 1106//1106
f 1109//1109 1108//1108 1110//1110
f 1109//1109 1107//1107 1108//1108
f 1111//1111 1110//1110 1112//1112
f 1111//1111 1109//1109 1110//1110
f 1113//1113 1112//1112 1114//1114
f 1113//1113 1111//1111 1112//1112
f 1115//1115 1114//1114 1116//1116
f 1115//1115 1113//1113 1114//1114
f 1117//1117 1116//1116 1118//1118
f 1117//1117 1115//1115 1116//1116
f 1119//1119 1118//1118 1120//1120
f 1119//1119 1117//1117 1118//1118
f 1121//1121 1120//1120 1122//1122
f 1121//1121 1119//1119 1120//1120
f 1123//1123 1122//1122 1124//1124
f 1123//1123 1121//1121 1122//1122
f 1125//1125 1124//1124 1126//1126
f 1125//1125 1123//1123 1124//1124
f 1127//1127 1126//1126 1128//1128
f 1127//1127 1125//1125 1126//1126
f 1129//1129 1128//1128 1130//1130
f 1129//1129 1127//1127 1128//1128
f 1131//1131 1130//1130 1132//1132
f 1131//1131 1129//1129 1130//1130
f 1133//1133 1134//1134 1135//1135
f 1133//1133 1136//1136 1134//1134
f 1137//1137 1135//1135 1138//1138
f 1137//1137 1133//1133 1135//1135
f 1139//1139 1138//1138 1140//1140
f 1139//1139 1137//1137 1138//1138
f 1141//1141 1140//1140 1142//1142
f 1141//1141 1139//1139 1140//1140
f 1143//1143 1142//1142 1144//1144
f 1143//1143 1141//1141 1142//1142
f 1145//1145 1144//1144 1146//1146
f 1145//1145 1143//1143 1144//1144
f 1147//1147 1146//1146 1148//1148
f 1147//1147 1145//1145 1146//1146
f 1149//1149 1150//1150 1151//1151
f 1149//1149 1152//1152 1150//1150
f 1153//1153 1151//1151 1154//1154
f 1153//1153 1149//1149 1151//1151
f 1155//1155 1154//1154 1156//1156
f 1155//1155 1153//1153 1154//1154
f 1157//1157 1156//1156 1158//1158
f 1157//1157 1155//1155 1156//1156
f 1159//1159 1158//1158 1160//1160
f 1159//1159 1157//1157 1158//1158
f 1060//1060 1160//1160 1058//1058
f 1060//1060 1159//1159 1160//1160
f 1161//1161 1162//1162 1163//1163
f 1162//1162 1164//1164 1163//1163
f 1162//1162 1165//1165 1164//1164
f 1161//1161 1166//1166 1162//1162
f 1166//1166 1167//1167 1168//1168
f 1161//1161 1167//1167 1166//1166
f 1161//1161 1169//1169 1167//1167
f 1161//1161 1170//1170 1169//1169
f 1161//1161 1171//1171 1170//1170
f 1161//1161 1172//1172 1171//1171
f 1172//1172 1173//1173 1171//1171
f 1172//1172 1174//1174 1173//1173
f 1174//1174 1175//1175 1173//1173
f 1174//1174 1176//1176 1175//1175
f 1176//1176 1177//1177 1175//1175
f 1178//1178 1177//1177 1176//1176
f 1179//1179 1177//1177 1178//1178
f 1180//1180 1177//1177 1179//1179
f 1180//1180 1181//1181 1177//1177
f 1182//1182 1181//1181 1180//1180
f 1183//1183 1181//1181 1182//1182
f 1184//1184 1185//1185 1186//1186
f 1187//1187 1188//1188 1183//1183
f 1187//1187 1189//1189 1188//1188
f 1190//1190 1189//1189 1187//1187
f 1191//1191 1189//1189 1190//1190
f 1191//1191 1192//1192 1189//1189
f 1193//1193 1192//1192 1191//1191
f 1193//1193 1194//1194 1192//1192
f 1195//1195 1194//1194 1193//1193
f 1196//1196 1194//1194 1195//1195
f 1196//1196 1197//1197 1194//1194
f 1198//1198 1197//1197 1196//1196
f 1199//1199 1197//1197 1198//1198
f 1199//1199 1200//1200 1197//1197
f 1201//1201 1200//1200 1199//1199
f 1202//1202 1203//1203 1204//1204
f 1205//1205 1200//1200 1201//1201
f 1202//1202 1206//1206 1203//1203
f 1205//1205 1207//1207 1200//1200
f 1208//1208 1207//1207 1205//1205
f 1202//1202 1209//1209 1206//1206
f 1202//1202 1210//1210 1209//1209
f 1211//1211 1207//1207 1208//1208
f 1202//1202 1212//1212 1210//1210
f 1202//1202 1213//1213 1212//1212
f 1214//1214 1207//1207 1211//1211
f 1202//1202 1215//1215 1213//1213
f 1214//1214 1216//1216 1207//1207
f 1217//1217 1218//1218 1219//1219
f 1202//1202 1220//1220 1215//1215
f 1202//1202 1221//1221 1220//1220
f 1222//1222 1218//1218 1217//1217
f 1202//1202 1223//1223 1221//1221
f 1224//1224 1225//1225 1226//1226
f 1227//1227 1216//1216 1228//1228
f 1202//1202 1227//1227 1229//1229
f 1202//1202 1216//1216 1227//1227
f 1202//1202 1230//1230 1216//1216
f 1202//1202 1231//1231 1230//1230
f 1202//1202 1232//1232 1231//1231
f 1233//1233 1234//1234 1224//1224
f 1235//1235 1232//1232 1236//1236
f 1235//1235 1237//1237 1232//1232
f 1238//1238 1237//1237 1235//1235
f 1239//1239 1237//1237 1238//1238
f 1240//1240 1237//1237 1239//1239
f 1240//1240 1241//1241 1237//1237
f 1242//1242 1241//1241 1240//1240
f 1243//1243 1241//1241 1242//1242
f 1244//1244 1245//1245 1246//1246
f 1247//1247 1248//1248 1243//1243
f 1249//1249 1248//1248 1247//1247
f 1250//1250 1248//1248 1249//1249
f 1250//1250 1251//1251 1248//1248
f 1252//1252 1251//1251 1250//1250
f 1253//1253 1254//1254 1255//1255
f 1253//1253 1256//1256 1254//1254
f 1257//1257 1258//1258 1259//1259
f 1257//1257 1260//1260 1258//1258
f 1261//1261 1259//1259 1262//1262
f 1261//1261 1257//1257 1259//1259
f 1263//1263 1262//1262 1264//1264
f 1263//1263 1261//1261 1262//1262
f 1265//1265 1264//1264 1266//1266
f 1265//1265 1263//1263 1264//1264
f 1267//1267 1266//1266 1268//1268
f 1267//1267 1265//1265 1266//1266
f 1269//1269 1268//1268 1270//1270
f 1269//1269 1267//1267 1268//1268
f 1271//1271 1272//1272 1273//1273
f 1271//1271 1274//1274 1272//1272
f 1275//1275 1273//1273 1276//1276
f 1275//1275 1271//1271 1273//1273
f 1277//1277 1276//1276 1278//1278
f 1277//1277 1275//1275 1276//1276
f 1279//1279 1278//1278 1280//1280
f 1279//1279 1277//1277 1278//1278
f 1281//1281 1280//1280 1282//1282
f 1281//1281 1279//1279 1280//1280
f 1283//1283 1282//1282 1284//1284
f 1283//1283 1281//1281 1282//1282
f 1285//1285 1284//1284 1286//1286
f 1285//1285 1283//1283 1284//1284
f 1287//1287 1286//1286 1288//1288
f 1287//1287 1285//1285 1286//1286
f 1289//1289 1288//1288 1290//1290
f 1289//1289 1287//1287 1288//1288
f 1291//1291 1290//1290 1292//1292
f 1291//1291 1289//1289 1290//1290
f 1293//1293 1292//1292 1294//1294
f 1293//1293 1291//1291 1292//1292
f 1295//1295 1294//1294 1296//1296
f 1295//1295 1293//1293 1294//1294
f 1297//1297 1298//1298 1299//1299
f 1297//1297 1300//1300 1298//1298
f 1301//1301 1299//1299 1302//1302
f 1301//1301 1297//1297 1299//1299
f 1303//1303 1302//1302 1304//1304
f 1303//1303 1301//1301 1302//1302
f 1305//1305 1304//1304 1306//1306
f 1305//1305 1303//1303 1304//1304
f 1307//1307 1306//1306 1308//1308
f 1307//1307 1305//1305 1306//1306
f 1309//1309 1308//1308 1310//1310
f 1309//1309 1307//1307 1308//1308
f 1311//1311 1310//1310 1312//1312
f 1311//1311 1309//1309 1310//1310
f 1313//1313 1312//1312 1314//1314
f 1313//1313 1311//1311 1312//1312
f 1315//1315 1314//1314 1316//1316
f 1315//1315 1313//1313 1314//1314
f 1317//1317 1316//1316 1318//1318
f 1317//1317 1315//1315 1316//1316
f 1319//1319 1318//1318 1320//1320
f 1319//1319 1317//1317 1318//1318
f 1321//1321 1320//1320 1322//1322
f 1321//1321 1319//1319 1320//1320
f 1323//1323 1322//1322 1324//1324
f 1323//1323 1321//1321 1322//1322
f 1325//1325 1324//1324 1326//1326
f 1325//1325 1323//1323 1324//1324
f 1327//1327 1326//1326 1328//1328
f 1327//1327 1325//1325 1326//1326
f 1329//1329 1328//1328 1330//1330
f 1329//1329 1327//1327 1328//1328
f 1331//1331 1330//1330 1332//1332
f 1331//1331 1329//1329 1330//1330
f 1333//1333 1332//1332 1334//1334
f 1333//1333 1331//1331 1332//1332
f 1335//1335 1336//1336 1337//1337
f 1335//1335 1338//1338 1336//1336
f 1339//1339 1340//1340 1341//1341
f 1339//1339 1342//1342 1340//1340
f 1343//1343 1341//1341 1344//1344
f 1343//1343 1339//1339 1341//1341
f 1345//1345 1344//1344 1346//1346
f 1345//1345 1343//1343 1344//1344
f 1347//1347 1346//1346 1348//1348
f 1347//1347 1345//1345 1346//1346
f 1349//1349 1348//1348 1350//1350
f 1349//1349 1347//1347 1348//1348
f 1351//1351 1350//1350 1352//1352
f 1351//1351 1349//1349 1350//1350
f 1353//1353 1352//1352 1354//1354
f 1353//1353 1351//1351 1352//1352
f 1355//1355 1354//1354 1356//1356
f 1355//1355 1353//1353 1354//1354
f 1357//1357 1356//1356 1358//1358
f 1357//1357 1355//1355 1356//1356
f 1359//1359 1358//1358 1360//1360
f 1359//1359 1357//1357 1358//1358
f 1361//1361 1360//1360 1362//1362
f 1361//1361 1359//1359 1360//1360
f 1363//1363 1362//1362 1364//1364
f 1363//1363 1361//1361 1362//1362
f 1365//1365 1364//1364 1366//1366
f 1365//1365 1363//1363 1364//1364
f 1367//1367 1366//1366 1368//1368
f 1367//1367 1365//1365 1366//1366
f 1369//1369 1368//1368 1370//1370
f 1369//1369 1367//1367 1368//1368
f 1371//1371 1370//1370 1372//1372
f 1371//1371 1369//1369 1370//1370
f 1373//1373 1372//1372 1374//1374
f 1373//1373 1371//1371 1372//1372
f 1375//1375 1374//1374 1376//1376
f 1375//1375 1373//1373 1374//1374
f 1377//1377 1378//1378 1379//1379
f 1377//1377 1380//1380 1378//1378
f 1381//1381 1379//1379 1382//1382
f 1381//1381 1377//1377 1379//1379
f 1383//1383 1382//1382 1384//1384
f 1383//1383 1381//1381 1382//1382
f 1385//1385 1384//1384 1386//1386
f 1385//1385 1383//1383 1384//1384
f 1387//1387 1386//1386 1388//1388
f 1387//1387 1385//1385 1386//1386
f 1389//1389 1388//1388 1390//1390
f 1389//1389 1387//1387 1388//1388
f 1391//1391 1390//1390 1392//1392
f 1391//1391 1389//1389 1390//1390
f 1393//1393 1392//1392 1394//1394
f 1393//1393 1391//1391 1392//1392
f 1395//1395 1394//1394 1396//1396
f 1395//1395 1393//1393 1394//1394
f 1397//1397 1396//1396 1398//1398
f 1397//1397 1395//1395 1396//1396
f 1399//1399 1400//1400 1401//1401
f 1399//1399 1402//1402 1400//1400
f 1403//1403 1401//1401 1404//1404
f 1403//1403 1399//1399 1401//1401
f 1405//1405 1404//1404 1406//1406
f 1405//1405 1403//1403 1404//1404
f 1407//1407 1406//1406 1408//1408
f 1407//1407 1405//1405 1406//1406
f 1409//1409 1408//1408 1410//1410
f 1409//1409 1407//1407 1408//1408
f 1411//1411 1410//1410 1412//1412
f 1411//1411 1409//1409 1410//1410
f 1413//1413 1412//1412 1414//1414
f 1413//1413 1411//1411 1412//1412
f 1415//1415 1414//1414 1416//1416
f 1415//1415 1413//1413 1414//1414
f 1417//1417 1418//1418 1419//1419
f 1417//1417 1420//1420 1418//1418
f 1421//1421 1422//1422 1423//1423
f 1421//1421 1424//1424 1422//1422
f 1425//1425 1426//1426 1427//1427
f 1425//1425 1428//1428 1426//1426
f 1429//1429 1430//1430 1431//1431
f 1429//1429 1432//1432 1430//1430
f 1433//1433 1434//1434 1435//1435
f 1433//1433 1436//1436 1434//1434
f 1437//1437 1438//1438 1439//1439
f 1440//1440 1441//1441 1434//1434
f 1433//1433 1442//1442 1436//1436
f 1443//1443 1441//1441 1440//1440
f 1433//1433 1443//1443 1442//1442
f 1433//1433 1441//1441 1443//1443
f 1433//1433 1444//1444 1441//1441
f 1445//1445 1446//1446 1447//1447
f 1448//1448 1446//1446 1445//1445
f 1449//1449 1450//1450 1451//1451
f 1452//1452 1453//1453 1454//1454
f 1455//1455 1450//1450 1449//1449
f 1452//1452 1456//1456 1453//1453
f 1457//1457 1458//1458 1459//1459
f 1457//1457 1460//1460 1458//1458
f 1461//1461 1462//1462 1463//1463
f 1461//1461 1464//1464 1462//1462
f 1465//1465 1466//1466 1467//1467
f 1465//1465 1468//1468 1466//1466
f 1469//1469 1470//1470 1471//1471
f 1469//1469 1472//1472 1470//1470
f 1473//1473 1474//1474 1475//1475
f 1473//1473 1476//1476 1474//1474
f 1477//1477 1478//1478 1479//1479
f 1477//1477 1480//1480 1478//1478
f 1481//1481 1482//1482 1483//1483
f 1481//1481 1484//1484 1482//1482
f 1485//1485 1483//1483 1486//1486
f 1485//1485 1481//1481 1483//1483
f 1487//1487 1488//1488 1489//1489
f 1487//1487 1490//1490 1488//1488
f 1491//1491 1492//1492 1493//1493
f 1491//1491 1494//1494 1492//1492
f 1494//1494 1495//1495 1492//1492
f 1496//1496 1497//1497 1498//1498
f 1496//1496 1499//1499 1497//1497
f 1500//1500 1501//1501 1502//1502
f 1500//1500 1503//1503 1501//1501
f 1504//1504 1505//1505 1506//1506
f 1504//1504 1507//1507 1505//1505
f 1508//1508 1509//1509 1510//1510
f 1508//1508 1511//1511 1509//1509
f 1512//1512 1513//1513 1514//1514
f 1512//1512 1515//1515 1513//1513
f 1516//1516 1517//1517 1518//1518
f 1519//1519 1517//1517 1516//1516
f 1520//1520 1517//1517 1519//1519
f 1520//1520 1521//1521 1517//1517
f 1522//1522 1521//1521 1520//1520
f 1523//1523 1521//1521 1522//1522
f 1524//1524 1521//1521 1523//1523
f 1524//1524 1525//1525 1521//1521
f 1526//1526 1525//1525 1524//1524
f 1527//1527 1525//1525 1526//1526
f 1528//1528 1525//1525 1527//1527
f 1528//1528 1529//1529 1525//1525
f 1530//1530 1529//1529 1528//1528
f 1531//1531 1529//1529 1530//1530
f 1531//1531 1532//1532 1529//1529
f 1533//1533 1534//1534 1535//1535
f 1536//1536 1537//1537 1538//1538
f 1537//1537 1539//1539 1538//1538
f 1539//1539 1540//1540 1538//1538
f 1540//1540 1541//1541 1538//1538
f 1541//1541 1532//1532 1538//1538
f 1541//1541 1542//1542 1532//1532
f 1543//1543 1544//1544 1534//1534
f 1545//1545 1546//1546 1532//1532
f 1545//1545 1547//1547 1546//1546
f 1547//1547 1548//1548 1546//1546
f 1548//1548 1549//1549 1546//1546
f 1548//1548 1550//1550 1549//1549
f 1550//1550 1551//1551 1549//1549
f 1551//1551 1552//1552 1549//1549
f 1552//1552 1553//1553 1549//1549
f 1554//1554 1555//1555 1556//1556
f 1557//1557 1558//1558 1553//1553
f 1558//1558 1559//1559 1553//1553
f 1560//1560 1559//1559 1558//1558
f 1561//1561 1559//1559 1560//1560
f 1562//1562 1559//1559 1561//1561
f 1562//1562 1563//1563 1559//1559
f 1564//1564 1565//1565 1566//1566
f 1567//1567 1563//1563 1568//1568
f 1569//1569 1563//1563 1567//1567
f 1569//1569 1570//1570 1563//1563
f 1571//1571 1570//1570 1569//1569
f 1572//1572 1570//1570 1571//1571
f 1572//1572 1573//1573 1570//1570
f 1574//1574 1573//1573 1572//1572
f 1575//1575 1573//1573 1574//1574
f 1575//1575 1576//1576 1573//1573
f 1577//1577 1578//1578 1579//1579
f 1580//1580 1578//1578 1577//1577
f 1581//1581 1582//1582 1576//1576
f 1583//1583 1582//1582 1581//1581
f 1583//1583 1584//1584 1582//1582
f 1585//1585 1584//1584 1583//1583
f 1585//1585 1586//1586 1584//1584
f 1587//1587 1586//1586 1585//1585
f 1587//1587 1588//1588 1586//1586
f 1589//1589 1588//1588 1587//1587
f 1589//1589 1590//1590 1588//1588
f 1591//1591 1590//1590 1589//1589
f 1592//1592 1593//1593 1594//1594
f 1595//1595 1596//1596 1590//1590
f 1597//1597 1596//1596 1595//1595
f 1597//1597 1598//1598 1596//1596
f 1599//1599 1600//1600 1601//1601
f 1602//1602 1598//1598 1603//1603
f 1604//1604 1600//1600 1605//1605
f 1606//1606 1607//1607 1598//1598
f 1608//1608 1607//1607 1606//1606
f 1609//1609 1607//1607 1608//1608
f 1609//1609 1610//1610 1607//1607
f 1611//1611 1612//1612 1613//1613
f 1609//1609 1614//1614 1615//1615
f 1609//1609 1616//1616 1614//1614
f 1609//1609 1617//1617 1616//1616
f 1609//1609 1618//1618 1617//1617
f 1609//1609 1619//1619 1618//1618
f 1609//1609 1620//1620 1619//1619
f 1609//1609 1621//1621 1620//1620
f 1621//1621 1622//1622 1620//1620
f 1623//1623 1622//1622 1621//1621
f 1624//1624 1622//1622 1623//1623
f 1625//1625 1626//1626 1627//1627
f 1628//1628 1629//1629 1622//1622
f 1630//1630 1629//1629 1628//1628
f 1631//1631 1629//1629 1630//1630
f 1631//1631 1632//1632 1629//1629
f 1633//1633 1632//1632 1631//1631
f 1633//1633 1634//1634 1632//1632
f 1635//1635 1634//1634 1633//1633
f 1636//1636 1634//1634 1635//1635
f 1637//1637 1638//1638 1639//1639
f 1640//1640 1641//1641 1636//1636
f 1640//1640 1642//1642 1641//1641
f 1643//1643 1642//1642 1640//1640
f 1644//1644 1645//1645 1646//1646
f 1647//1647 1645//1645 1644//1644
f 1648//1648 1649//1649 1650//1650
f 1651//1651 1649//1649 1648//1648
f 1652//1652 1649//1649 1651//1651
f 1652//1652 1653//1653 1649//1649
f 1654//1654 1653//1653 1652//1652
f 1655//1655 1653//1653 1654//1654
f 1655//1655 1656//1656 1653//1653
f 1657//1657 1658//1658 1659//1659
f 1660//1660 1656//1656 1655//1655
f 1661//1661 1662//1662 1663//1663
f 1664//1664 1665//1665 1666//1666
f 1661//1661 1667//1667 1662//1662
f 1668//1668 1669//1669 1656//1656
f 1670//1670 1669//1669 1668//1668
f 1661//1661 1671//1671 1667//1667
f 1661//1661 1672//1672 1671//1671
f 1673//1673 1669//1669 1670//1670
f 1661//1661 1674//1674 1672//1672
f 1675//1675 1669//1669 1673//1673
f 1661//1661 1676//1676 1674//1674
f 1661//1661 1677//1677 1676//1676
f 1678//1678 1669//1669 1675//1675
f 1678//1678 1679//1679 1669//1669
f 1661//1661 1680//1680 1677//1677
f 1681//1681 1679//1679 1678//1678
f 1661//1661 1682//1682 1680//1680
f 1661//1661 1683//1683 1682//1682
f 1684//1684 1679//1679 1681//1681
f 1657//1657 1685//1685 1686//1686
f 1657//1657 1687//1687 1685//1685
f 1661//1661 1688//1688 1679//1679
f 1661//1661 1689//1689 1688//1688
f 1661//1661 1690//1690 1689//1689
f 1691//1691 1690//1690 1661//1661
f 1692//1692 1690//1690 1691//1691
f 1693//1693 1690//1690 1692//1692
f 1693//1693 1694//1694 1690//1690
f 1695//1695 1694//1694 1693//1693
f 1696//1696 1694//1694 1695//1695
f 1696//1696 1697//1697 1694//1694
f 1698//1698 1697//1697 1696//1696
f 1699//1699 1697//1697 1698//1698
f 1700//1700 1701//1701 1702//1702
f 1703//1703 1704//1704 1697//1697
f 1705//1705 1704//1704 1703//1703
f 1706//1706 1704//1704 1705//1705
f 1706//1706 1707//1707 1704//1704
f 1708//1708 1707//1707 1706//1706
f 1709//1709 1710//1710 1711//1711
f 1709//1709 1712//1712 1710//1710
f 1713//1713 1711//1711 1714//1714
f 1713//1713 1709//1709 1711//1711
f 1715//1715 1714//1714 1716//1716
f 1715//1715 1713//1713 1714//1714
f 1717//1717 1716//1716 1718//1718
f 1717//1717 1715//1715 1716//1716
f 1719//1719 1718//1718 1720//1720
f 1719//1719 1717//1717 1718//1718
f 1721//1721 1720//1720 1722//1722
f 1721//1721 1719//1719 1720//1720
f 1723//1723 1722//1722 1724//1724
f 1723//1723 1721//1721 1722//1722
f 1725//1725 1724//1724 1726//1726
f 1725//1725 1723//1723 1724//1724
f 1727//1727 1726//1726 1728//1728
f 1727//1727 1725//1725 1726//1726
f 1729//1729 1728//1728 1730//1730
f 1729//1729 1727//1727 1728//1728
f 1731//1731 1730//1730 1732//1732
f 1731//1731 1729//1729 1730//1730
f 1733//1733 1732//1732 1734//1734
f 1733//1733 1731//1731 1732//1732
f 1735//1735 1734//1734 1736//1736
f 1735//1735 1733//1733 1734//1734
f 1737//1737 1736//1736 1738//1738
f 1737//1737 1735//1735 1736//1736
f 1739//1739 1738//1738 1740//1740
f 1739//1739 1737//1737 1738//1738
f 1741//1741 1740//1740 1742//1742
f 1741//1741 1739//1739 1740//1740
f 1743//1743 1742//1742 1744//1744
f 1743//1743 1741//1741 1742//1742
f 1745//1745 1744//1744 1746//1746
f 1745//1745 1743//1743 1744//1744
f 1747//1747 1748//1748 1749//1749
f 1747//1747 1750//1750 1748//1748
f 1751//1751 1749//1749 1752//1752
f 1751//1751 1747//1747 1749//1749
f 1753//1753 1752//1752 1754//1754
f 1753//1753 1751//1751 1752//1752
f 1755//1755 1754//1754 1756//1756
f 1755//1755 1753//1753 1754//1754
f 1757//1757 1756//1756 1758//1758
f 1757//1757 1755//1755 1756//1756
f 1759//1759 1758//1758 1760//1760
f 1759//1759 1757//1757 1758//1758
f 1761//1761 1760//1760 1762//1762
f 1761//1761 1759//1759 1760//1760
f 1763//1763 1762//1762 1764//1764
f 1763//1763 1761//1761 1762//1762
f 1765//1765 1764//1764 1766//1766
f 1765//1765 1763//1763 1764//1764
f 1767//1767 1766//1766 1768//1768
f 1767//1767 1765//1765 1766//1766
f 1769//1769 1768//1768 1770//1770
f 1769//1769 1767//1767 1768//1768
f 1771//1771 1770//1770 1772//1772
f 1771//1771 1769//1769 1770//1770
f 1773//1773 1772//1772 1774//1774
f 1773//1773 1771//1771 1772//1772
f 1775//1775 1774//1774 1776//1776
f 1775//1775 1773//1773 1774//1774
f 1777//1777 1778//1778 1779//1779
f 1777//1777 1780//1780 1778//1778
f 1781//1781 1779//1779 1782//1782
f 1781//1781 1777//1777 1779//1779
f 1783//1783 1782//1782 1784//1784
f 1783//1783 1781//1781 1782//1782
f 1785//1785 1786//1786 1787//1787
f 1785//1785 1788//1788 1786//1786
f 1789//1789 1787//1787 1790//1790
f 1789//1789 1785//1785 1787//1787
f 1791//1791 1790//1790 1792//1792
f 1791//1791 1789//1789 1790//1790
f 1793//1793 1792//1792 1794//1794
f 1793//1793 1791//1791 1792//1792
f 1795//1795 1796//1796 1797//1797
f 1795//1795 1798//1798 1796//1796
f 1799//1799 1797//1797 1800//1800
f 1799//1799 1795//1795 1797//1797
f 1801//1801 1800//1800 1802//1802
f 1801//1801 1799//1799 1800//1800
f 1803//1803 1802//1802 1804//1804
f 1803//1803 1801//1801 1802//1802
f 1805//1805 1804//1804 1806//1806
f 1805//1805 1803//1803 1804//1804
f 1807//1807 1806//1806 1808//1808
f 1807//1807 1805//1805 1806//1806
f 1809//1809 1808//1808 1810//1810
f 1809//1809 1807//1807 1808//1808
f 1811//1811 1810//1810 1812//1812
f 1811//1811 1809//1809 1810//1810
f 1813//1813 1812//1812 1814//1814
f 1813//1813 1811//1811 1812//1812
f 1815//1815 1814//1814 1816//1816
f 1815//1815 1813//1813 1814//1814
f 1817//1817 1816//1816 1818//1818
f 1817//1817 1815//1815 1816//1816
f 1819//1819 1818//1818 1820//1820
f 1819//1819 1817//1817 1818//1818
f 1821//1821 1820//1820 1822//1822
f 1821//1821 1819//1819 1820//1820
f 1823//1823 1822//1822 1824//1824
f 1823//1823 1821//1821 1822//1822
f 1825//1825 1826//1826 1827//1827
f 1825//1825 1828//1828 1826//1826
f 1829//1829 1827//1827 1830//1830
f 1829//1829 1825//1825 1827//1827
f 1831//1831 1830//1830 1832//1832
f 1831//1831 1829//1829 1830//1830
f 1833//1833 1832//1832 1834//1834
f 1833//1833 1831//1831 1832//1832
f 1835//1835 1834//1834 1836//1836
f 1835//1835 1833//1833 1834//1834
f 1837//1837 1836//1836 1838//1838
f 1837//1837 1835//1835 1836//1836
f 1839//1839 1838//1838 1840//1840
f 1839//1839 1837//1837 1838//1838
f 1841//1841 1840//1840 1842//1842
f 1841//1841 1839//1839 1840//1840
f 1843//1843 1842//1842 1844//1844
f 1843//1843 1841//1841 1842//1842
f 1845//1845 1844//1844 1846//1846
f 1845//1845 1843//1843 1844//1844
f 1847//1847 1846//1846 1848//1848
f 1847//1847 1845//1845 1846//1846
f 1849//1849 1848//1848 1850//1850
f 1849//1849 1847//1847 1848//1848
f 1851//1851 1850//1850 1852//1852
f 1851//1851 1849//1849 1850//1850
f 1853//1853 1852//1852 1854//1854
f 1853//1853 1851//1851 1852//1852
f 1855//1855 1854//1854 1856//1856
f 1855//1855 1853//1853 1854//1854
f 1857//1857 1856//1856 1858//1858
f 1857//1857 1855//1855 1856//1856
f 1859//1859 1858//1858 1860//1860
f 1859//1859 1857//1857 1858//1858
f 1861//1861 1860//1860 1862//1862
f 1861//1861 1859//1859 1860//1860
f 1863//1863 1864//1864 1865//1865
f 1863//1863 1866//1866 1864//1864
f 1867//1867 1868//1868 1869//1869
f 1867//1867 1870//1870 1868//1868
f 1871//1871 1869//1869 1872//1872
f 1871//1871 1867//1867 1869//1869
f 1873//1873 1872//1872 1874//1874
f 1873//1873 1871//1871 1872//1872
f 1875//1875 1874//1874 1876//1876
f 1875//1875 1873//1873 1874//1874
f 1877//1877 1876//1876 1878//1878
f 1877//1877 1875//1875 1876//1876
f 1879//1879 1878//1878 1880//1880
f 1879//1879 1877//1877 1878//1878
f 1881//1881 1880//1880 1882//1882
f 1881//1881 1879//1879 1880//1880
f 1883//1883 1882//1882 1884//1884
f 1883//1883 1881//1881 1882//1882
f 1885//1885 1884//1884 1886//1886
f 1885//1885 1883//1883 1884//1884
f 1887//1887 1886//1886 1888//1888
f 1887//1887 1885//1885 1886//1886
f 1889//1889 1888//1888 1890//1890
f 1889//1889 1887//1887 1888//1888
f 1891//1891 1890//1890 1892//1892
f 1891//1891 1889//1889 1890//1890
f 1893//1893 1892//1892 1894//1894
f 1893//1893 1891//1891 1892//1892
f 1895//1895 1894//1894 1896//1896
f 1895//1895 1893//1893 1894//1894
f 1897//1897 1896//1896 1898//1898
f 1897//1897 1895//1895 1896//1896
f 1899//1899 1898//1898 1900//1900
f 1899//1899 1897//1897 1898//1898
f 1901//1901 1900//1900 1902//1902
f 1901//1901 1899//1899 1900//1900
f 1903//1903 1902//1902 1904//1904
f 1903//1903 1901//1901 1902//1902
f 1905//1905 1906//1906 1907//1907
f 1905//1905 1908//1908 1906//1906
f 1909//1909 1907//1907 1910//1910
f 1909//1909 1905//1905 1907//1907
f 1911//1911 1910//1910 1912//1912
f 1911//1911 1909//1909 1910//1910
f 1913//1913 1912//1912 1914//1914
f 1913//1913 1911//1911 1912//1912
f 1915//1915 1914//1914 1916//1916
f 1915//1915 1913//1913 1914//1914
f 1917//1917 1916//1916 1918//1918
f 1917//1917 1915//1915 1916//1916
f 1919//1919 1918//1918 1920//1920
f 1919//1919 1917//1917 1918//1918
f 1921//1921 1920//1920 1922//1922
f 1921//1921 1919//1919 1920//1920
f 1923//1923 1922//1922 1924//1924
f 1923//1923 1921//1921 1922//1922
f 1925//1925 1924//1924 1926//1926
f 1925//1925 1923//1923 1924//1924
f 1927//1927 1926//1926 1928//1928
f 1927//1927 1925//1925 1926//1926
f 1929//1929 1930//1930 1931//1931
f 1929//1929 1932//1932 1930//1930
f 1933//1933 1931//1931 1934//1934
f 1933//1933 1929//1929 1931//1931
f 1935//1935 1934//1934 1936//1936
f 1935//1935 1933//1933 1934//1934
f 1937//1937 1936//1936 1938//1938
f 1937//1937 1935//1935 1936//1936
f 1939//1939 1938//1938 1940//1940
f 1939//1939 1937//1937 1938//1938
f 1941//1941 1940//1940 1942//1942
f 1941//1941 1939//1939 1940//1940
f 1943//1943 1942//1942 1944//1944
f 1943//1943 1941//1941 1942//1942
f 1945//1945 1946//1946 1947//1947
f 1945//1945 1948//1948 1946//1946
f 1949//1949 1950//1950 1951//1951
f 1949//1949 1952//1952 1950//1950
f 1953//1953 1951//1951 1954//1954
f 1953//1953 1949//1949 1951//1951
f 1955//1955 1954//1954 1956//1956
f 1955//1955 1953//1953 1954//1954
f 1957//1957 1956//1956 1958//1958
f 1957//1957 1955//1955 1956//1956
f 1959//1959 1958//1958 1960//1960
f 1959//1959 1957//1957 1958//1958
f 1961//1961 1960//1960 1962//1962
f 1961//1961 1959//1959 1960//1960
f 1963//1963 1962//1962 1964//1964
f 1963//1963 1961//1961 1962//1962
f 1965//1965 1966//1966 1967//1967
f 1965//1965 1968//1968 1966//1966
f 1969//1969 1967//1967 1970//1970
f 1969//1969 1965//1965 1967//1967
f 1971//1971 1970//1970 1972//1972
f 1971//1971 1969//1969 1970//1970
f 1973//1973 1972//1972 1974//1974
f 1973//1973 1971//1971 1972//1972
f 1975//1975 1974//1974 1976//1976
f 1975//1975 1973//1973 1974//1974
f 1977//1977 1976//1976 1978//1978
f 1977//1977 1975//1975 1976//1976
f 1979//1979 1978//1978 1980//1980
f 1979//1979 1977//1977 1978//1978
f 1981//1981 1980//1980 1982//1982
f 1981//1981 1979//1979 1980//1980
f 1983//1983 1982//1982 1984//1984
f 1983//1983 1981//1981 1982//1982
f 1985//1985 1984//1984 1986//1986
f 1985//1985 1983//1983 1984//1984
f 1987//1987 1988//1988 1989//1989
f 1987//1987 1990//1990 1988//1988
f 1991//1991 1989//1989 1992//1992
f 1991//1991 1987//1987 1989//1989
f 1993//1993 1992//1992 1994//1994
f 1993//1993 1991//1991 1992//1992
f 1995//1995 1994//1994 1996//1996
f 1995//1995 1993//1993 1994//1994
f 1997//1997 1996//1996 1998//1998
f 1997//1997 1995//1995 1996//1996
f 1999//1999 1998//1998 2000//2000
f 1999//1999 1997//1997 1998//1998
f 2001//2001 2000//2000 2002//2002
f 2001//2001 1999//1999 2000//2000
f 2003//2003 2002//2002 2004//2004
f 2003//2003 2001//2001 2002//2002
f 2005//2005 2004//2004 2006//2006
f 2005//2005 2003//2003 2004//2004
f 2007//2007 2006//2006 2008//2008
f 2007//2007 2005//2005 2006//2006
f 2009//2009 2008//2008 2010//2010
f 2009//2009 2007//2007 2008//2008
f 2011//2011 2010//2010 2012//2012
f 2011//2011 2009//2009 2010//2010
f 2013//2013 2012//2012 2014//2014
f 2013//2013 2011//2011 2012//2012
f 2015//2015 2014//2014 2016//2016
f 2015//2015 2013//2013 2014//2014
f 2017//2017 2016//2016 2018//2018
f 2017//2017 2015//2015 2016//2016
f 2019//2019 2018//2018 2020//2020
f 2019//2019 2017//2017 2018//2018
f 2021//2021 2020//2020 2022//2022
f 2021//2021 2019//2019 2020//2020
f 2023//2023 2022//2022 2024//2024
f 2023//2023 2021//2021 2022//2022
f 2025//2025 2024//2024 2026//2026
f 2025//2025 2023//2023 2024//2024
f 2027//2027 2028//2028 2029//2029
f 2027//2027 2030//2030 2028//2028
f 1712//1712 2031//2031 1710//1710
f 1712//1712 2032//2032 2031//2031
f 2033//2033 2034//2034 2035//2035
f 2036//2036 2034//2034 2033//2033
f 2037//2037 2034//2034 2036//2036
f 2038//2038 2039//2039 2040//2040
f 2041//2041 2042//2042 2037//2037
f 2043//2043 2044//2044 2039//2039
f 2045//2045 2044//2044 2043//2043
f 2046//2046 2047//2047 2048//2048
f 2046//2046 2049//2049 2047//2047
f 2050//2050 2049//2049 2046//2046
f 2051//2051 2049//2049 2050//2050
f 2051//2051 2052//2052 2049//2049
f 2053//2053 2052//2052 2051//2051
f 2054//2054 2052//2052 2053//2053
f 2054//2054 2055//2055 2052//2052
f 2056//2056 2055//2055 2054//2054
f 2057//2057 2055//2055 2056//2056
f 2058//2058 2059//2059 2060//2060
f 2061//2061 2062//2062 2058//2058
f 2063//2063 2064//2064 2057//2057
f 2064//2064 2065//2065 2057//2057
f 2065//2065 2066//2066 2057//2057
f 2066//2066 2067//2067 2057//2057
f 2067//2067 2068//2068 2057//2057
f 2068//2068 2069//2069 2057//2057
f 2069//2069 2070//2070 2057//2057
f 2070//2070 2071//2071 2057//2057
f 2071//2071 2072//2072 2057//2057
f 2072//2072 2073//2073 2057//2057
f 2073//2073 2074//2074 2057//2057
f 2073//2073 2075//2075 2074//2074
f 2075//2075 2076//2076 2074//2074
f 2077//2077 2078//2078 2079//2079
f 2080//2080 2078//2078 2077//2077
f 2081//2081 2078//2078 2080//2080
f 2082//2082 2083//2083 2076//2076
f 2084//2084 2083//2083 2082//2082
f 2085//2085 2083//2083 2084//2084
f 2086//2086 2083//2083 2085//2085
f 2086//2086 2087//2087 2083//2083
f 2088//2088 2087//2087 2086//2086
f 2089//2089 2087//2087 2088//2088
f 2089//2089 2090//2090 2087//2087
f 2091//2091 2090//2090 2089//2089
f 2092//2092 2090//2090 2091//2091
f 2092//2092 2093//2093 2090//2090
f 2094//2094 2093//2093 2092//2092
f 2095//2095 2096//2096 2097//2097
f 2098//2098 2099//2099 2093//2093
f 2100//2100 2099//2099 2098//2098
f 2101//2101 2102//2102 2103//2103
f 2104//2104 2105//2105 2099//2099
f 2106//2106 2105//2105 2104//2104
f 2107//2107 2105//2105 2106//2106
f 2108//2108 2109//2109 2110//2110
f 2111//2111 2112//2112 2107//2107
f 2113//2113 2112//2112 2111//2111
f 2113//2113 2114//2114 2112//2112
f 2115//2115 2114//2114 2113//2113
f 2116//2116 2114//2114 2115//2115
f 2117//2117 2114//2114 2116//2116
f 2117//2117 2118//2118 2114//2114
f 2119//2119 2118//2118 2117//2117
f 2120//2120 2118//2118 2119//2119
f 2120//2120 2121//2121 2118//2118
f 2122//2122 2121//2121 2120//2120
f 2123//2123 2121//2121 2122//2122
f 2123//2123 2124//2124 2121//2121
f 2125//2125 2124//2124 2123//2123
f 2125//2125 2126//2126 2124//2124
f 2127//2127 2126//2126 2125//2125
f 2127//2127 2128//2128 2126//2126
f 2129//2129 2130//2130 2131//2131
f 2132//2132 2128//2128 2133//2133
f 2134//2134 2135//2135 2130//2130
f 2136//2136 2137//2137 2132//2132
f 2136//2136 2138//2138 2137//2137
f 2139//2139 2138//2138 2136//2136
f 2139//2139 2140//2140 2138//2138
f 2141//2141 2140//2140 2139//2139
f 2142//2142 2140//2140 2141//2141
f 2142//2142 2143//2143 2140//2140
f 2142//2142 2144//2144 2143//2143
f 2145//2145 2144//2144 2142//2142
f 2146//2146 2144//2144 2145//2145
f 2147//2147 2144//2144 2146//2146
f 2148//2148 2144//2144 2147//2147
f 2149//2149 2150//2150 2151//2151
f 2149//2149 2152//2152 2150//2150
f 2153//2153 2151//2151 2154//2154
f 2153//2153 2149//2149 2151//2151
f 2155//2155 2154//2154 2156//2156
f 2155//2155 2153//2153 2154//2154
f 2157//2157 2156//2156 2158//2158
f 2157//2157 2155//2155 2156//2156
f 2159//2159 2158//2158 2160//2160
f 2159//2159 2157//2157 2158//2158
f 2161//2161 2160//2160 2162//2162
f 2161//2161 2159//2159 2160//2160
f 2163//2163 2162//2162 2164//2164
f 2163//2163 2161//2161 2162//2162
f 2165//2165 2164//2164 2166//2166
f 2165//2165 2163//2163 2164//2164
f 2167//2167 2166//2166 2168//2168
f 2167//2167 2165//2165 2166//2166
f 2169//2169 2168//2168 2170//2170
f 2169//2169 2167//2167 2168//2168
f 2171//2171 2170//2170 2172//2172
f 2171//2171 2169//2169 2170//2170
f 2173//2173 2172//2172 2174//2174
f 2173//2173 2171//2171 2172//2172
f 2175//2175 2174//2174 2176//2176
f 2175//2175 2173//2173 2174//2174
f 2177//2177 2176//2176 2178//2178
f 2177//2177 2175//2175 2176//2176
f 2179//2179 2178//2178 2180//2180
f 2179//2179 2177//2177 2178//2178
f 2181//2181 2180//2180 2182//2182
f 2181//2181 2179//2179 2180//2180
f 2183//2183 2182//2182 2184//2184
f 2183//2183 2181//2181 2182//2182
f 2185//2185 2184//2184 2186//2186
f 2185//2185 2183//2183 2184//2184
f 2187//2187 2186//2186 2188//2188
f 2187//2187 2185//2185 2186//2186
f 2189//2189 2188//2188 2190//2190
f 2189//2189 2187//2187 2188//2188
f 2191//2191 2190//2190 2192//2192
f 2191//2191 2189//2189 2190//2190
f 2193//2193 2192//2192 2194//2194
f 2193//2193 2191//2191 2192//2192
f 2195//2195 2194//2194 2196//2196
f 2195//2195 2193//2193 2194//2194
f 2197//2197 2196//2196 2198//2198
f 2197//2197 2195//2195 2196//2196
f 2199//2199 2198//2198 2200//2200
f 2199//2199 2197//2197 2198//2198
f 2201//2201 2200//2200 2202//2202
f 2201//2201 2199//2199 2200//2200
f 2203//2203 2202//2202 2204//2204
f 2203//2203 2201//2201 2202//2202
f 2205//2205 2204//2204 2206//2206
f 2205//2205 2203//2203 2204//2204
f 2207//2207 2206//2206 2208//2208
f 2207//2207 2205//2205 2206//2206
f 2209//2209 2208//2208 2210//2210
f 2209//2209 2207//2207 2208//2208
f 2211//2211 2210//2210 2212//2212
f 2211//2211 2209//2209 2210//2210
f 2213//2213 2214//2214 2215//2215
f 2213//2213 2216//2216 2214//2214
f 2217//2217 2215//2215 2218//2218
f 2217//2217 2213//2213 2215//2215
f 2219//2219 2218//2218 2220//2220
f 2219//2219 2217//2217 2218//2218
f 2221//2221 2220//2220 2222//2222
f 2221//2221 2219//2219 2220//2220
f 2223//2223 2222//2222 2224//2224
f 2223//2223 2221//2221 2222//2222
f 2225//2225 2224//2224 2226//2226
f 2225//2225 2223//2223 2224//2224
f 2227//2227 2226//2226 2228//2228
f 2227//2227 2225//2225 2226//2226
f 2229//2229 2228//2228 2230//2230
f 2229//2229 2227//2227 2228//2228
f 2231//2231 2230//2230 2232//2232
f 2231//2231 2229//2229 2230//2230
f 2233//2233 2232//2232 2234//2234
f 2233//2233 2231//2231 2232//2232
f 2235//2235 2234//2234 2236//2236
f 2235//2235 2233//2233 2234//2234
f 2237//2237 2236//2236 2238//2238
f 2237//2237 2235//2235 2236//2236
f 2239//2239 2238//2238 2240//2240
f 2239//2239 2237//2237 2238//2238
f 2241//2241 2240//2240 2242//2242
f 2241//2241 2239//2239 2240//2240
f 2243//2243 2242//2242 2244//2244
f 2243//2243 2241//2241 2242//2242
f 2245//2245 2244//2244 2246//2246
f 2245//2245 2243//2243 2244//2244
f 2247//2247 2248//2248 2249//2249
f 2247//2247 2250//2250 2248//2248
f 2251//2251 2249//2249 2252//2252
f 2251//2251 2247//2247 2249//2249
f 2253//2253 2254//2254 2255//2255
f 2253//2253 2256//2256 2254//2254
f 2257//2257 2258//2258 2259//2259
f 2257//2257 2260//2260 2258//2258
f 2261//2261 2259//2259 2262//2262
f 2261//2261 2257//2257 2259//2259
f 2263//2263 2262//2262 2264//2264
f 2263//2263 2261//2261 2262//2262
f 2265//2265 2264//2264 2266//2266
f 2265//2265 2263//2263 2264//2264
f 2267//2267 2266//2266 2268//2268
f 2267//2267 2265//2265 2266//2266
f 2269//2269 2268//2268 2270//2270
f 2269//2269 2267//2267 2268//2268
f 2271//2271 2270//2270 2272//2272
f 2271//2271 2269//2269 2270//2270
f 2273//2273 2272//2272 2274//2274
f 2273//2273 2271//2271 2272//2272
f 2275//2275 2274//2274 2276//2276
f 2275//2275 2273//2273 2274//2274
f 2277//2277 2276//2276 2278//2278
f 2277//2277 2275//2275 2276//2276
f 2279//2279 2278//2278 2280//2280
f 2279//2279 2277//2277 2278//2278
f 2281//2281 2280//2280 2282//2282
f 2281//2281 2279//2279 2280//2280
f 2283//2283 2282//2282 2284//2284
f 2283//2283 2281//2281 2282//2282
f 2285//2285 2284//2284 2286//2286
f 2285//2285 2283//2283 2284//2284
f 2287//2287 2286//2286 2288//2288
f 2287//2287 2285//2285 2286//2286
f 2289//2289 2288//2288 2290//2290
f 2289//2289 2287//2287 2288//2288
f 2291//2291 2290//2290 2292//2292
f 2291//2291 2289//2289 2290//2290
f 2293//2293 2292//2292 2294//2294
f 2293//2293 2291//2291 2292//2292
f 2295//2295 2296//2296 2297//2297
f 2295//2295 2298//2298 2296//2296
f 2299//2299 2297//2297 2300//2300
f 2299//2299 2295//2295 2297//2297
f 2301//2301 2300//2300 2302//2302
f 2301//2301 2299//2299 2300//2300
f 2303//2303 2302//2302 2304//2304
f 2303//2303 2301//2301 2302//2302
f 2305//2305 2304//2304 2306//2306
f 2305//2305 2303//2303 2304//2304
f 2307//2307 2306//2306 2308//2308
f 2307//2307 2305//2305 2306//2306
f 2309//2309 2308//2308 2310//2310
f 2309//2309 2307//2307 2308//2308
f 2311//2311 2310//2310 2312//2312
f 2311//2311 2309//2309 2310//2310
f 2313//2313 2312//2312 2314//2314
f 2313//2313 2311//2311 2312//2312
f 2315//2315 2314//2314 2316//2316
f 2315//2315 2313//2313 2314//2314
f 2317//2317 2316//2316 2318//2318
f 2317//2317 2315//2315 2316//2316
f 2319//2319 2318//2318 2320//2320
f 2319//2319 2317//2317 2318//2318
f 2321//2321 2320//2320 2322//2322
f 2321//2321 2319//2319 2320//2320
f 2323//2323 2322//2322 2324//2324
f 2323//2323 2321//2321 2322//2322
f 2325//2325 2324//2324 2326//2326
f 2325//2325 2323//2323 2324//2324
f 2327//2327 2326//2326 2328//2328
f 2327//2327 2325//2325 2326//2326
f 2329//2329 2328//2328 2330//2330
f 2329//2329 2327//2327 2328//2328
f 2331//2331 2330//2330 2332//2332
f 2331//2331 2329//2329 2330//2330
f 2333//2333 2334//2334 2335//2335
f 2333//2333 2336//2336 2334//2334
f 2337//2337 2338//2338 2339//2339
f 2337//2337 2340//2340 2338//2338
f 2341//2341 2342//2342 2343//2343
f 2341//2341 2344//2344 2342//2342
f 2345//2345 2346//2346 2347//2347
f 2345//2345 2348//2348 2346//2346
f 2349//2349 2350//2350 2351//2351
f 2349//2349 2352//2352 2350//2350
f 2353//2353 2354//2354 2355//2355
f 2353//2353 2356//2356 2354//2354
f 2357//2357 2358//2358 2359//2359
f 2357//2357 2360//2360 2358//2358
f 2361//2361 2362//2362 2363//2363
f 2361//2361 2364//2364 2362//2362
f 2365//2365 2366//2366 2367//2367
f 2368//2368 2369//2369 2370//2370
f 2371//2371 2372//2372 2373//2373
f 2374//2374 2375//2375 2376//2376
f 2368//2368 2377//2377 2369//2369
f 2378//2378 2374//2374 2379//2379
f 2378//2378 2380//2380 2374//2374
f 2380//2380 2375//2375 2374//2374
f 2368//2368 2381//2381 2377//2377
f 2382//2382 2383//2383 2384//2384
f 2385//2385 2386//2386 2387//2387
f 2385//2385 2388//2388 2386//2386
f 2389//2389 2390//2390 2391//2391
f 2389//2389 2392//2392 2390//2390
f 2393//2393 2394//2394 2395//2395
f 2393//2393 2396//2396 2394//2394
f 2397//2397 2398//2398 2399//2399
f 2397//2397 2400//2400 2398//2398
f 2401//2401 2402//2402 2403//2403
f 2401//2401 2404//2404 2402//2402
f 2405//2405 2406//2406 2407//2407
f 2405//2405 2408//2408 2406//2406
f 2409//2409 2410//2410 2411//2411
f 2409//2409 2412//2412 2410//2410
f 2413//2413 2414//2414 2415//2415
f 2413//2413 2416//2416 2414//2414
f 2417//2417 2418//2418 2419//2419
f 2417//2417 2420//2420 2418//2418
f 2421//2421 2422//2422 2423//2423
f 2421//2421 2424//2424 2422//2422
f 2425//2425 2426//2426 2427//2427
f 2425//2425 2428//2428 2426//2426
f 2429//2429 2430//2430 2431//2431
f 2429//2429 2432//2432 2430//2430
f 2433//2433 2434//2434 2435//2435
f 2433//2433 2436//2436 2434//2434
f 2433//2433 2437//2437 2436//2436
f 2433//2433 2438//2438 2437//2437
f 2439//2439 2438//2438 2433//2433
f 2439//2439 2440//2440 2438//2438
f 2439//2439 2441//2441 2440//2440
f 2439//2439 2442//2442 2441//2441
f 2443//2443 2442//2442 2439//2439
f 2443//2443 2444//2444 2442//2442
f 2443//2443 2445//2445 2444//2444
f 2446//2446 2445//2445 2443//2443
f 2446//2446 2447//2447 2445//2445
f 2446//2446 2448//2448 2447//2447
f 2449//2449 2450//2450 2451//2451
f 2452//2452 2453//2453 2448//2448
f 2452//2452 2454//2454 2453//2453
f 2454//2454 2455//2455 2453//2453
f 2455//2455 2456//2456 2453//2453
f 2456//2456 2457//2457 2453//2453
f 2457//2457 2458//2458 2453//2453
f 2458//2458 2459//2459 2453//2453
f 2459//2459 2460//2460 2453//2453
f 2460//2460 2461//2461 2453//2453
f 2461//2461 2462//2462 2453//2453
f 2462//2462 2463//2463 2453//2453
f 2463//2463 2464//2464 2453//2453
f 2465//2465 2466//2466 2452//2452
f 2466//2466 2467//2467 2452//2452
f 2467//2467 2454//2454 2452//2452
f 2465//2465 2468//2468 2466//2466
f 2465//2465 2469//2469 2468//2468
f 2465//2465 2470//2470 2469//2469
f 2471//2471 2470//2470 2465//2465
f 2471//2471 2472//2472 2470//2470
f 2471//2471 2473//2473 2472//2472
f 2474//2474 2473//2473 2471//2471
f 2475//2475 2476//2476 2477//2477
f 2475//2475 2478//2478 2476//2476
f 2479//2479 2480//2480 2474//2474
f 2481//2481 2482//2482 2478//2478
f 2483//2483 2484//2484 2479//2479
f 2483//2483 2485//2485 2484//2484
f 2483//2483 2486//2486 2485//2485
f 2487//2487 2486//2486 2483//2483
f 2487//2487 2488//2488 2486//2486
f 2489//2489 2488//2488 2487//2487
f 2490//2490 2491//2491 2492//2492
f 2490//2490 2493//2493 2491//2491
f 2494//2494 2495//2495 2489//2489
f 2496//2496 2497//2497 2498//2498
f 2496//2496 2499//2499 2497//2497
f 2499//2499 2500//2500 2497//2497
f 2494//2494 2501//2501 2495//2495
f 2502//2502 2501//2501 2494//2494
f 2502//2502 2503//2503 2501//2501
f 2504//2504 2500//2500 2499//2499
f 2505//2505 2503//2503 2502//2502
f 2506//2506 2507//2507 2508//2508
f 2505//2505 2509//2509 2510//2510
f 2511//2511 2509//2509 2505//2505
f 2511//2511 2512//2512 2509//2509
f 2513//2513 2512//2512 2511//2511
f 2514//2514 2515//2515 2516//2516
f 2513//2513 2517//2517 2518//2518
f 2519//2519 2517//2517 2513//2513
f 2519//2519 2520//2520 2517//2517
f 2521//2521 2500//2500 2504//2504
f 2522//2522 2500//2500 2521//2521
f 2523//2523 2500//2500 2522//2522
f 2519//2519 2524//2524 2520//2520
f 2525//2525 2500//2500 2523//2523
f 2526//2526 2500//2500 2525//2525
f 2527//2527 2528//2528 2529//2529
f 2519//2519 2530//2530 2524//2524
f 2531//2531 2530//2530 2519//2519
f 2532//2532 2528//2528 2527//2527
f 2533//2533 2500//2500 2534//2534
f 2535//2535 2500//2500 2533//2533
f 2531//2531 2536//2536 2530//2530
f 2537//2537 2500//2500 2535//2535
f 2538//2538 2500//2500 2537//2537
f 2536//2536 2500//2500 2538//2538
f 2539//2539 2528//2528 2540//2540
f 2541//2541 2500//2500 2531//2531
f 2541//2541 2542//2542 2500//2500
f 2541//2541 2543//2543 2542//2542
f 2544//2544 2543//2543 2541//2541
f 2545//2545 2546//2546 2547//2547
f 2545//2545 2548//2548 2546//2546
f 2549//2549 2550//2550 2544//2544
f 2549//2549 2551//2551 2550//2550
f 2549//2549 2552//2552 2551//2551
f 2549//2549 2553//2553 2552//2552
f 2554//2554 2553//2553 2549//2549
f 2554//2554 2555//2555 2553//2553
f 2554//2554 2556//2556 2555//2555
f 2554//2554 2557//2557 2556//2556
f 2558//2558 2557//2557 2554//2554
f 2558//2558 2559//2559 2557//2557
f 2560//2560 2561//2561 2562//2562
f 2560//2560 2563//2563 2561//2561
f 2564//2564 2562//2562 2565//2565
f 2564//2564 2560//2560 2562//2562
f 2566//2566 2565//2565 2567//2567
f 2566//2566 2564//2564 2565//2565
f 2568//2568 2567//2567 2569//2569
f 2568//2568 2566//2566 2567//2567
f 2570//2570 2569//2569 2571//2571
f 2570//2570 2568//2568 2569//2569
f 2572//2572 2571//2571 2573//2573
f 2572//2572 2570//2570 2571//2571
f 2574//2574 2573//2573 2575//2575
f 2574//2574 2572//2572 2573//2573
f 2576//2576 2575//2575 2577//2577
f 2576//2576 2574//2574 2575//2575
f 2578//2578 2577//2577 2579//2579
f 2578//2578 2576//2576 2577//2577
f 2580//2580 2579//2579 2581//2581
f 2580//2580 2578//2578 2579//2579
f 2582//2582 2581//2581 2583//2583
f 2582//2582 2580//2580 2581//2581
f 2584//2584 2583//2583 2585//2585
f 2584//2584 2582//2582 2583//2583
f 2586//2586 2585//2585 2587//2587
f 2586//2586 2584//2584 2585//2585
f 2588//2588 2587//2587 2589//2589
f 2588//2588 2586//2586 2587//2587
f 2590//2590 2589//2589 2591//2591
f 2590//2590 2588//2588 2589//2589
f 2592//2592 2591//2591 2593//2593
f 2592//2592 2590//2590 2591//2591
f 2594//2594 2593//2593 2595//2595
f 2594//2594 2592//2592 2593//2593
f 2596//2596 2597//2597 2598//2598
f 2596//2596 2599//2599 2597//2597
f 2600//2600 2598//2598 2601//2601
f 2600//2600 2596//2596 2598//2598
f 2602//2602 2601//2601 2603//2603
f 2602//2602 2600//2600 2601//2601
f 2604//2604 2603//2603 2605//2605
f 2604//2604 2602//2602 2603//2603
f 2606//2606 2605//2605 2607//2607
f 2606//2606 2604//2604 2605//2605
f 2608//2608 2607//2607 2609//2609
f 2608//2608 2606//2606 2607//2607
f 2610//2610 2609//2609 2611//2611
f 2610//2610 2608//2608 2609//2609
f 2612//2612 2611//2611 2613//2613
f 2612//2612 2610//2610 2611//2611
f 2614//2614 2613//2613 2615//2615
f 2614//2614 2612//2612 2613//2613
f 2616//2616 2615//2615 2617//2617
f 2616//2616 2614//2614 2615//2615
f 2618//2618 2617//2617 2619//2619
f 2618//2618 2616//2616 2617//2617
f 2620//2620 2619//2619 2621//2621
f 2620//2620 2618//2618 2619//2619
f 2622//2622 2623//2623 2624//2624
f 2622//2622 2625//2625 2623//2623
f 2626//2626 2624//2624 2627//2627
f 2626//2626 2622//2622 2624//2624
f 2628//2628 2627//2627 2629//2629
f 2628//2628 2626//2626 2627//2627
f 2630//2630 2629//2629 2631//2631
f 2630//2630 2628//2628 2629//2629
f 2632//2632 2631//2631 2633//2633
f 2632//2632 2630//2630 2631//2631
f 2634//2634 2633//2633 2635//2635
f 2634//2634 2632//2632 2633//2633
f 2636//2636 2635//2635 2637//2637
f 2636//2636 2634//2634 2635//2635
f 2638//2638 2637//2637 2639//2639
f 2638//2638 2636//2636 2637//2637
f 2640//2640 2639//2639 2641//2641
f 2640//2640 2638//2638 2639//2639
f 2642//2642 2641//2641 2643//2643
f 2642//2642 2640//2640 2641//2641
f 2644//2644 2643//2643 2645//2645
f 2644//2644 2642//2642 2643//2643
f 2646//2646 2645//2645 2647//2647
f 2646//2646 2644//2644 2645//2645
f 2648//2648 2647//2647 2649//2649
f 2648//2648 2646//2646 2647//2647
f 2650//2650 2649//2649 2651//2651
f 2650//2650 2648//2648 2649//2649
f 2652//2652 2651//2651 2653//2653
f 2652//2652 2650//2650 2651//2651
f 2654//2654 2653//2653 2655//2655
f 2654//2654 2652//2652 2653//2653
f 2656//2656 2655//2655 2657//2657
f 2656//2656 2654//2654 2655//2655
f 2658//2658 2657//2657 2659//2659
f 2658//2658 2656//2656 2657//2657
f 2660//2660 2661//2661 2662//2662
f 2660//2660 2663//2663 2661//2661
f 2664//2664 2665//2665 2666//2666
f 2664//2664 2667//2667 2665//2665
f 2668//2668 2666//2666 2669//2669
f 2668//2668 2664//2664 2666//2666
f 2670//2670 2669//2669 2671//2671
f 2670//2670 2668//2668 2669//2669
f 2672//2672 2671//2671 2673//2673
f 2672//2672 2670//2670 2671//2671
f 2674//2674 2673//2673 2675//2675
f 2674//2674 2672//2672 2673//2673
f 2676//2676 2675//2675 2677//2677
f 2676//2676 2674//2674 2675//2675
f 2678//2678 2677//2677 2679//2679
f 2678//2678 2676//2676 2677//2677
f 2680//2680 2679//2679 2681//2681
f 2680//2680 2678//2678 2679//2679
f 2682//2682 2681//2681 2683//2683
f 2682//2682 2680//2680 2681//2681
f 2684//2684 2683//2683 2685//2685
f 2684//2684 2682//2682 2683//2683
f 2686//2686 2685//2685 2687//2687
f 2686//2686 2684//2684 2685//2685
f 2688//2688 2687//2687 2689//2689
f 2688//2688 2686//2686 2687//2687
f 2690//2690 2689//2689 2691//2691
f 2690//2690 2688//2688 2689//2689
f 2692//2692 2691//2691 2693//2693
f 2692//2692 2690//2690 2691//2691
f 2694//2694 2693//2693 2695//2695
f 2694//2694 2692//2692 2693//2693
f 2696//2696 2695//2695 2697//2697
f 2696//2696 2694//2694 2695//2695
f 2698//2698 2697//2697 2699//2699
f 2698//2698 2696//2696 2697//2697
f 2700//2700 2699//2699 2701//2701
f 2700//2700 2698//2698 2699//2699
f 2702//2702 2703//2703 2704//2704
f 2702//2702 2705//2705 2703//2703
f 2706//2706 2704//2704 2707//2707
f 2706//2706 2702//2702 2704//2704
f 2708//2708 2707//2707 2709//2709
f 2708//2708 2706//2706 2707//2707
f 2710//2710 2709//2709 2711//2711
f 2710//2710 2708//2708 2709//2709
f 2712//2712 2711//2711 2713//2713
f 2712//2712 2710//2710 2711//2711
f 2714//2714 2713//2713 2715//2715
f 2714//2714 2712//2712 2713//2713
f 2716//2716 2715//2715 2717//2717
f 2716//2716 2714//2714 2715//2715
f 2718//2718 2717//2717 2719//2719
f 2718//2718 2716//2716 2717//2717
f 2720//2720 2719//2719 2721//2721
f 2720//2720 2718//2718 2719//2719
f 2722//2722 2721//2721 2723//2723
f 2722//2722 2720//2720 2721//2721
f 2724//2724 2723//2723 2725//2725
f 2724//2724 2722//2722 2723//2723
f 2726//2726 2725//2725 2727//2727
f 2726//2726 2724//2724 2725//2725
f 2728//2728 2729//2729 2730//2730
f 2728//2728 2731//2731 2729//2729
f 2732//2732 2730//2730 2733//2733
f 2732//2732 2728//2728 2730//2730
f 2734//2734 2733//2733 2735//2735
f 2734//2734 2732//2732 2733//2733
f 2736//2736 2735//2735 2737//2737
f 2736//2736 2734//2734 2735//2735
f 2738//2738 2737//2737 2739//2739
f 2738//2738 2736//2736 2737//2737
f 2740//2740 2739//2739 2741//2741
f 2740//2740 2738//2738 2739//2739
f 2742//2742 2741//2741 2743//2743
f 2742//2742 2740//2740 2741//2741
f 2744//2744 2743//2743 2745//2745
f 2744//2744 2742//2742 2743//2743
f 2746//2746 2745//2745 2747//2747
f 2746//2746 2744//2744 2745//2745
f 2748//2748 2747//2747 2749//2749
f 2748//2748 2746//2746 2747//2747
f 2750//2750 2749//2749 2751//2751
f 2750//2750 2748//2748 2749//2749
f 2752//2752 2751//2751 2753//2753
f 2752//2752 2750//2750 2751//2751
f 2754//2754 2753//2753 2755//2755
f 2754//2754 2752//2752 2753//2753
f 2756//2756 2755//2755 2757//2757
f 2756//2756 2754//2754 2755//2755
f 2758//2758 2757//2757 2759//2759
f 2758//2758 2756//2756 2757//2757
f 2760//2760 2759//2759 2761//2761
f 2760//2760 2758//2758 2759//2759
f 2762//2762 2761//2761 2763//2763
f 2762//2762 2760//2760 2761//2761
f 2764//2764 2763//2763 2765//2765
f 2764//2764 2762//2762 2763//2763
f 2766//2766 2767//2767 2768//2768
f 2766//2766 2769//2769 2767//2767
f 2770//2770 2771//2771 2772//2772
f 2770//2770 2773//2773 2771//2771
f 2774//2774 2775//2775 2776//2776
f 2774//2774 2777//2777 2775//2775
f 2778//2778 2779//2779 2780//2780
f 2778//2778 2781//2781 2779//2779
f 2782//2782 2783//2783 2784//2784
f 2782//2782 2785//2785 2783//2783
f 2563//2563 2786//2786 2561//2561
f 2563//2563 2787//2787 2786//2786
f 2788//2788 2789//2789 2790//2790
f 2789//2789 2791//2791 2790//2790
f 2792//2792 2793//2793 2794//2794
f 2788//2788 2795//2795 2789//2789
f 2788//2788 2796//2796 2795//2795
f 2796//2796 2797//2797 2795//2795
f 2796//2796 2798//2798 2797//2797
f 2788//2788 2799//2799 2796//2796
f 2800//2800 2801//2801 2802//2802
f 2800//2800 2803//2803 2801//2801
f 2804//2804 2805//2805 2806//2806
f 2804//2804 2807//2807 2805//2805
f 2808//2808 2809//2809 2810//2810
f 2808//2808 2811//2811 2809//2809
f 2808//2808 2812//2812 2811//2811
f 2813//2813 2814//2814 2815//2815
f 2813//2813 2816//2816 2814//2814
f 2817//2817 2818//2818 2819//2819
f 2817//2817 2820//2820 2818//2818
f 2821//2821 2822//2822 2823//2823
f 2821//2821 2824//2824 2822//2822
f 2825//2825 2826//2826 2827//2827
f 2825//2825 2828//2828 2826//2826
f 2828//2828 2829//2829 2826//2826
f 2830//2830 2831//2831 2832//2832
f 2830//2830 2833//2833 2831//2831
f 2834//2834 2835//2835 2836//2836
f 2834//2834 2837//2837 2835//2835
f 2838//2838 2839//2839 2840//2840
f 2838//2838 2841//2841 2839//2839
f 2842//2842 2843//2843 2844//2844
f 2843//2843 2845//2845 2844//2844
f 2843//2843 2846//2846 2845//2845
f 2847//2847 2848//2848 2849//2849
f 2842//2842 2850//2850 2851//2851
f 2850//2850 2852//2852 2851//2851
f 2850//2850 2853//2853 2852//2852
f 2842//2842 2854//2854 2850//2850
f 2847//2847 2855//2855 2856//2856
f 2842//2842 2857//2857 2858//2858
f 2859//2859 2860//2860 2861//2861
f 2859//2859 2862//2862 2860//2860
f 2863//2863 2864//2864 2865//2865
f 2863//2863 2866//2866 2864//2864
f 2867//2867 2868//2868 2869//2869
f 2867//2867 2870//2870 2868//2868
f 2871//2871 2872//2872 2873//2873
f 2871//2871 2874//2874 2872//2872
f 2875//2875 2876//2876 2877//2877
f 2875//2875 2878//2878 2876//2876
f 2879//2879 2880//2880 2881//2881
f 2879//2879 2882//2882 2880//2880
f 2883//2883 2884//2884 2885//2885
f 2883//2883 2886//2886 2884//2884
f 2887//2887 2888//2888 2889//2889
f 2887//2887 2890//2890 2888//2888
f 2891//2891 2892//2892 2893//2893
f 2891//2891 2894//2894 2892//2892
f 2891//2891 2895//2895 2894//2894
f 2896//2896 2897//2897 2898//2898
f 2896//2896 2899//2899 2897//2897
f 2900//2900 2899//2899 2896//2896
f 2901//2901 2902//2902 2903//2903
f 2901//2901 2904//2904 2902//2902
f 2905//2905 2906//2906 2907//2907
f 2905//2905 2908//2908 2906//2906
f 2909//2909 2910//2910 2911//2911
f 2910//2910 2912//2912 2911//2911
f 2910//2910 2913//2913 2912//2912
f 2914//2914 2915//2915 2916//2916
f 2910//2910 2917//2917 2918//2918
f 2910//2910 2919//2919 2917//2917
f 2910//2910 2920//2920 2919//2919
f 2910//2910 2921//2921 2920//2920
f 2921//2921 2922//2922 2920//2920
f 2922//2922 2923//2923 2920//2920
f 2909//2909 2924//2924 2910//2910
f 2925//2925 2926//2926 2927//2927
f 2928//2928 2923//2923 2929//2929
f 2930//2930 2926//2926 2931//2931
f 2932//2932 2933//2933 2923//2923
f 2934//2934 2933//2933 2932//2932
f 2935//2935 2933//2933 2934//2934
f 2935//2935 2936//2936 2933//2933
f 2937//2937 2936//2936 2935//2935
f 2937//2937 2938//2938 2936//2936
f 2939//2939 2938//2938 2937//2937
f 2940//2940 2938//2938 2939//2939
f 2940//2940 2941//2941 2938//2938
f 2942//2942 2941//2941 2940//2940
f 2942//2942 2943//2943 2941//2941
f 2944//2944 2943//2943 2942//2942
f 2944//2944 2945//2945 2943//2943
f 2946//2946 2945//2945 2944//2944
f 2947//2947 2945//2945 2946//2946
f 2947//2947 2948//2948 2945//2945
f 2949//2949 2948//2948 2947//2947
f 2950//2950 2951//2951 2952//2952
f 2953//2953 2951//2951 2950//2950
f 2954//2954 2955//2955 2956//2956
f 2954//2954 2957//2957 2955//2955
f 2958//2958 2957//2957 2954//2954
f 2958//2958 2959//2959 2957//2957
f 2960//2960 2961//2961 2962//2962
f 2963//2963 2959//2959 2964//2964
f 2963//2963 2965//2965 2959//2959
f 2966//2966 2967//2967 2968//2968
f 2969//2969 2970//2970 2965//2965
f 2971//2971 2970//2970 2969//2969
f 2972//2972 2970//2970 2971//2971
f 2973//2973 2974//2974 2975//2975
f 2976//2976 2977//2977 2972//2972
f 2978//2978 2974//2974 2979//2979
f 2980//2980 2978//2978 2981//2981
f 2909//2909 2977//2977 2982//2982
f 2909//2909 2983//2983 2977//2977
f 2980//2980 2984//2984 2985//2985
f 2909//2909 2986//2986 2987//2987
f 2909//2909 2988//2988 2986//2986
f 2980//2980 2989//2989 2990//2990
f 2991//2991 2992//2992 2993//2993
f 2991//2991 2994//2994 2992//2992
f 2995//2995 2993//2993 2996//2996
f 2995//2995 2991//2991 2993//2993
f 2997//2997 2996//2996 2998//2998
f 2997//2997 2995//2995 2996//2996
f 2999//2999 2998//2998 3000//3000
f 2999//2999 2997//2997 2998//2998
f 3001//3001 3000//3000 3002//3002
f 3001//3001 2999//2999 3000//3000
f 3003//3003 3002//3002 3004//3004
f 3003//3003 3001//3001 3002//3002
f 3005//3005 3006//3006 3007//3007
f 3005//3005 3008//3008 3006//3006
f 3008//3008 3009//3009 3006//3006
f 3010//3010 3007//3007 3011//3011
f 3010//3010 3005//3005 3007//3007
f 3012//3012 3011//3011 3013//3013
f 3012//3012 3010//3010 3011//3011
f 3014//3014 3013//3013 3015//3015
f 3014//3014 3012//3012 3013//3013
f 3016//3016 3015//3015 3017//3017
f 3016//3016 3014//3014 3015//3015
f 3018//3018 3017//3017 3019//3019
f 3018//3018 3016//3016 3017//3017
f 3020//3020 3019//3019 3021//3021
f 3020//3020 3018//3018 3019//3019
f 3022//3022 3021//3021 3023//3023
f 3022//3022 3020//3020 3021//3021
f 3024//3024 3023//3023 3025//3025
f 3024//3024 3022//3022 3023//3023
f 3026//3026 3025//3025 3027//3027
f 3026//3026 3024//3024 3025//3025
f 3028//3028 3027//3027 3029//3029
f 3028//3028 3026//3026 3027//3027
f 3030//3030 3029//3029 3031//3031
f 3030//3030 3028//3028 3029//3029
f 3032//3032 3033//3033 3034//3034
f 3032//3032 3035//3035 3033//3033
f 3036//3036 3034//3034 3037//3037
f 3036//3036 3032//3032 3034//3034
f 3038//3038 3037//3037 3039//3039
f 3038//3038 3036//3036 3037//3037
f 3040//3040 3039//3039 3041//3041
f 3040//3040 3038//3038 3039//3039
f 3042//3042 3041//3041 3043//3043
f 3042//3042 3040//3040 3041//3041
f 3044//3044 3043//3043 3045//3045
f 3044//3044 3042//3042 3043//3043
f 3046//3046 3045//3045 3047//3047
f 3046//3046 3044//3044 3045//3045
f 3048//3048 3049//3049 3050//3050
f 3048//3048 3051//3051 3049//3049
f 3048//3048 3052//3052 3051//3051
f 2994//2994 3053//3053 2992//2992
f 2994//2994 3054//3054 3053//3053
f 3055//3055 3056//3056 3057//3057
f 3055//3055 3058//3058 3056//3056
f 3059//3059 3057//3057 3060//3060
f 3059//3059 3055//3055 3057//3057
f 3061//3061 3060//3060 3062//3062
f 3061//3061 3059//3059 3060//3060
f 3063//3063 3062//3062 3064//3064
f 3063//3063 3061//3061 3062//3062
f 3065//3065 3064//3064 3066//3066
f 3065//3065 3063//3063 3064//3064
f 3067//3067 3068//3068 3069//3069
f 3067//3067 3070//3070 3068//3068
f 3071//3071 3069//3069 3072//3072
f 3071//3071 3067//3067 3069//3069
f 3073//3073 3072//3072 3074//3074
f 3073//3073 3071//3071 3072//3072
f 3075//3075 3074//3074 3076//3076
f 3075//3075 3073//3073 3074//3074
f 3077//3077 3076//3076 3078//3078
f 3077//3077 3075//3075 3076//3076
f 3079//3079 3078//3078 3080//3080
f 3079//3079 3077//3077 3078//3078
f 3081//3081 3080//3080 3082//3082
f 3081//3081 3079//3079 3080//3080
f 3083//3083 3082//3082 3084//3084
f 3083//3083 3081//3081 3082//3082
f 3085//3085 3084//3084 3086//3086
f 3085//3085 3083//3083 3084//3084
f 3087//3087 3086//3086 3088//3088
f 3087//3087 3085//3085 3086//3086
f 3089//3089 3088//3088 3090//3090
f 3089//3089 3087//3087 3088//3088
f 3091//3091 3090//3090 3092//3092
f 3091//3091 3089//3089 3090//3090
f 3093//3093 3092//3092 3094//3094
f 3093//3093 3091//3091 3092//3092
f 3095//3095 3096//3096 3097//3097
f 3095//3095 3098//3098 3096//3096
f 3098//3098 3099//3099 3096//3096
f 3100//3100 3097//3097 3101//3101
f 3100//3100 3095//3095 3097//3097
f 3102//3102 3101//3101 3103//3103
f 3102//3102 3100//3100 3101//3101
f 3104//3104 3103//3103 3105//3105
f 3104//3104 3102//3102 3103//3103
f 3106//3106 3105//3105 3107//3107
f 3106//3106 3104//3104 3105//3105
f 3108//3108 3107//3107 3109//3109
f 3108//3108 3106//3106 3107//3107
f 3110//3110 3109//3109 3111//3111
f 3110//3110 3108//3108 3109//3109
f 3112//3112 3113//3113 3114//3114
f 3112//3112 3115//3115 3113//3113
f 3115//3115 3116//3116 3113//3113
f 3058//3058 3117//3117 3056//3056
f 3058//3058 3118//3118 3117//3117
f 3119//3119 3120//3120 3121//3121
f 3122//3122 3123//3123 3124//3124
f 3119//3119 3125//3125 3126//3126
f 3127//3127 3128//3128 3122//3122
f 3127//3127 3129//3129 3128//3128
f 3127//3127 3130//3130 3129//3129
f 3127//3127 3131//3131 3130//3130
f 3132//3132 3131//3131 3127//3127
f 3132//3132 3133//3133 3131//3131
f 3132//3132 3134//3134 3133//3133
f 3132//3132 3135//3135 3134//3134
f 3136//3136 3137//3137 3138//3138
f 3139//3139 3140//3140 3135//3135
f 3139//3139 3141//3141 3140//3140
f 3139//3139 3142//3142 3141//3141
f 3143//3143 3142//3142 3139//3139
f 3143//3143 3144//3144 3142//3142
f 3144//3144 3145//3145 3142//3142
f 3145//3145 3146//3146 3142//3142
f 3146//3146 3147//3147 3142//3142
f 3148//3148 3149//3149 3150//3150
f 3151//3151 3152//3152 3142//3142
f 3152//3152 3153//3153 3142//3142
f 3153//3153 3154//3154 3142//3142
f 3154//3154 3155//3155 3142//3142
f 3155//3155 3156//3156 3142//3142
f 3156//3156 3157//3157 3142//3142
f 3158//3158 3159//3159 3143//3143
f 3159//3159 3160//3160 3143//3143
f 3160//3160 3144//3144 3143//3143
f 3158//3158 3161//3161 3159//3159
f 3158//3158 3162//3162 3161//3161
f 3158//3158 3163//3163 3162//3162
f 3164//3164 3163//3163 3158//3158
f 3164//3164 3165//3165 3163//3163
f 3164//3164 3166//3166 3165//3165
f 3167//3167 3166//3166 3164//3164
f 3167//3167 3168//3168 3166//3166
f 3167//3167 3169//3169 3168//3168
f 3170//3170 3169//3169 3167//3167
f 3171//3171 3172//3172 3173//3173
f 3174//3174 3175//3175 3170//3170
f 3174//3174 3176//3176 3175//3175
f 3174//3174 3177//3177 3176//3176
f 3178//3178 3177//3177 3174//3174
f 3178//3178 3179//3179 3177//3177
f 3180//3180 3181//3181 3182//3182
f 3180//3180 3183//3183 3181//3181
f 3184//3184 3185//3185 3186//3186
f 3187//3187 3185//3185 3184//3184
f 3187//3187 3188//3188 3185//3185
f 3189//3189 3188//3188 3187//3187
f 3189//3189 3190//3190 3188//3188
f 3191//3191 3190//3190 3189//3189
f 3191//3191 3192//3192 3190//3190
f 3193//3193 3192//3192 3191//3191
f 3193//3193 3194//3194 3192//3192
f 3195//3195 3194//3194 3193//3193
f 3195//3195 3196//3196 3194//3194
f 3197//3197 3198//3198 3199//3199
f 3195//3195 3200//3200 3196//3196
f 3201//3201 3198//3198 3197//3197
f 3202//3202 3200//3200 3195//3195
f 3203//3203 3204//3204 3205//3205
f 3202//3202 3206//3206 3200//3200
f 3207//3207 3198//3198 3208//3208
f 3209//3209 3204//3204 3210//3210
f 3202//3202 3211//3211 3206//3206
f 3212//3212 3198//3198 3213//3213
f 3214//3214 3211//3211 3202//3202
f 3215//3215 3198//3198 3212//3212
f 3214//3214 3216//3216 3211//3211
f 3217//3217 3198//3198 3215//3215
f 3218//3218 3198//3198 3217//3217
f 3214//3214 3219//3219 3216//3216
f 3220//3220 3198//3198 3218//3218
f 3221//3221 3204//3204 3222//3222
f 3214//3214 3223//3223 3219//3219
f 3223//3223 3198//3198 3224//3224
f 3214//3214 3198//3198 3223//3223
f 3225//3225 3198//3198 3214//3214
f 3225//3225 3226//3226 3198//3198
f 3227//3227 3226//3226 3225//3225
f 3227//3227 3228//3228 3226//3226
f 3227//3227 3229//3229 3228//3228
f 3227//3227 3230//3230 3229//3229
f 3231//3231 3230//3230 3227//3227
f 3231//3231 3232//3232 3230//3230
f 3231//3231 3233//3233 3232//3232
f 3231//3231 3234//3234 3233//3233
f 3235//3235 3234//3234 3231//3231
f 3235//3235 3236//3236 3234//3234
f 3235//3235 3237//3237 3236//3236
f 3235//3235 3238//3238 3237//3237
f 3239//3239 3238//3238 3235//3235
f 3240//3240 3241//3241 3242//3242
f 3243//3243 3244//3244 3245//3245
f 3243//3243 3246//3246 3244//3244
f 3247//3247 3245//3245 3248//3248
f 3247//3247 3243//3243 3245//3245
f 3249//3249 3248//3248 3250//3250
f 3249//3249 3247//3247 3248//3248
f 3251//3251 3250//3250 3252//3252
f 3251//3251 3249//3249 3250//3250
f 3253//3253 3252//3252 3254//3254
f 3253//3253 3251//3251 3252//3252
f 3255//3255 3254//3254 3256//3256
f 3255//3255 3253//3253 3254//3254
f 3257//3257 3256//3256 3258//3258
f 3257//3257 3255//3255 3256//3256
f 3259//3259 3258//3258 3260//3260
f 3259//3259 3257//3257 3258//3258
f 3261//3261 3260//3260 3262//3262
f 3261//3261 3259//3259 3260//3260
f 3263//3263 3262//3262 3264//3264
f 3263//3263 3261//3261 3262//3262
f 3265//3265 3264//3264 3266//3266
f 3265//3265 3263//3263 3264//3264
f 3267//3267 3266//3266 3268//3268
f 3267//3267 3265//3265 3266//3266
f 3269//3269 3268//3268 3270//3270
f 3269//3269 3267//3267 3268//3268
f 3271//3271 3270//3270 3272//3272
f 3271//3271 3269//3269 3270//3270
f 3273//3273 3272//3272 3274//3274
f 3273//3273 3271//3271 3272//3272
f 3275//3275 3274//3274 3276//3276
f 3275//3275 3273//3273 3274//3274
f 3277//3277 3276//3276 3278//3278
f 3277//3277 3275//3275 3276//3276
f 3279//3279 3280//3280 3281//3281
f 3279//3279 3282//3282 3280//3280
f 3283//3283 3281//3281 3284//3284
f 3283//3283 3279//3279 3281//3281
f 3285//3285 3284//3284 3286//3286
f 3285//3285 3283//3283 3284//3284
f 3287//3287 3286//3286 3288//3288
f 3287//3287 3285//3285 3286//3286
f 3289//3289 3288//3288 3290//3290
f 3289//3289 3287//3287 3288//3288
f 3291//3291 3290//3290 3292//3292
f 3291//3291 3289//3289 3290//3290
f 3293//3293 3292//3292 3294//3294
f 3293//3293 3291//3291 3292//3292
f 3295//3295 3291//3291 3293//3293
f 3296//3296 3294//3294 3297//3297
f 3296//3296 3293//3293 3294//3294
f 3298//3298 3297//3297 3299//3299
f 3298//3298 3296//3296 3297//3297
f 3300//3300 3299//3299 3301//3301
f 3300//3300 3298//3298 3299//3299
f 3302//3302 3301//3301 3303//3303
f 3302//3302 3300//3300 3301//3301
f 3304//3304 3303//3303 3305//3305
f 3304//3304 3302//3302 3303//3303
f 3306//3306 3307//3307 3308//3308
f 3306//3306 3309//3309 3307//3307
f 3310//3310 3308//3308 3311//3311
f 3310//3310 3306//3306 3308//3308
f 3312//3312 3311//3311 3313//3313
f 3312//3312 3310//3310 3311//3311
f 3314//3314 3313//3313 3315//3315
f 3314//3314 3312//3312 3313//3313
f 3316//3316 3315//3315 3317//3317
f 3316//3316 3314//3314 3315//3315
f 3318//3318 3317//3317 3319//3319
f 3318//3318 3316//3316 3317//3317
f 3320//3320 3319//3319 3321//3321
f 3320//3320 3318//3318 3319//3319
f 3322//3322 3321//3321 3323//3323
f 3322//3322 3320//3320 3321//3321
f 3324//3324 3323//3323 3325//3325
f 3324//3324 3322//3322 3323//3323
f 3326//3326 3325//3325 3327//3327
f 3326//3326 3324//3324 3325//3325
f 3328//3328 3327//3327 3329//3329
f 3328//3328 3326//3326 3327//3327
f 3330//3330 3329//3329 3331//3331
f 3330//3330 3328//3328 3329//3329
f 3332//3332 3331//3331 3333//3333
f 3332//3332 3330//3330 3331//3331
f 3334//3334 3333//3333 3335//3335
f 3334//3334 3332//3332 3333//3333
f 3336//3336 3335//3335 3337//3337
f 3336//3336 3334//3334 3335//3335
f 3338//3338 3337//3337 3339//3339
f 3338//3338 3336//3336 3337//3337
f 3340//3340 3339//3339 3341//3341
f 3340//3340 3338//3338 3339//3339
f 3342//3342 3341//3341 3343//3343
f 3342//3342 3340//3340 3341//3341
f 3344//3344 3345//3345 3346//3346
f 3344//3344 3347//3347 3345//3345
f 3348//3348 3349//3349 3350//3350
f 3348//3348 3351//3351 3349//3349
f 3352//3352 3350//3350 3353//3353
f 3352//3352 3348//3348 3350//3350
f 3354//3354 3353//3353 3355//3355
f 3354//3354 3352//3352 3353//3353
f 3356//3356 3355//3355 3357//3357
f 3356//3356 3354//3354 3355//3355
f 3358//3358 3357//3357 3359//3359
f 3358//3358 3356//3356 3357//3357
f 3360//3360 3359//3359 3361//3361
f 3360//3360 3358//3358 3359//3359
f 3362//3362 3361//3361 3363//3363
f 3362//3362 3360//3360 3361//3361
f 3364//3364 3363//3363 3365//3365
f 3364//3364 3362//3362 3363//3363
f 3366//3366 3365//3365 3367//3367
f 3366//3366 3364//3364 3365//3365
f 3368//3368 3367//3367 3369//3369
f 3368//3368 3366//3366 3367//3367
f 3370//3370 3369//3369 3371//3371
f 3370//3370 3368//3368 3369//3369
f 3372//3372 3371//3371 3373//3373
f 3372//3372 3370//3370 3371//3371
f 3374//3374 3373//3373 3375//3375
f 3374//3374 3372//3372 3373//3373
f 3376//3376 3375//3375 3377//3377
f 3376//3376 3374//3374 3375//3375
f 3378//3378 3377//3377 3379//3379
f 3378//3378 3376//3376 3377//3377
f 3380//3380 3379//3379 3381//3381
f 3380//3380 3378//3378 3379//3379
f 3382//3382 3381//3381 3383//3383
f 3382//3382 3380//3380 3381//3381
f 3384//3384 3383//3383 3385//3385
f 3384//3384 3382//3382 3383//3383
f 3386//3386 3387//3387 3388//3388
f 3386//3386 3389//3389 3387//3387
f 3390//3390 3388//3388 3391//3391
f 3390//3390 3386//3386 3388//3388
f 3392//3392 3391//3391 3393//3393
f 3392//3392 3390//3390 3391//3391
f 3394//3394 3393//3393 3395//3395
f 3394//3394 3392//3392 3393//3393
f 3396//3396 3395//3395 3397//3397
f 3396//3396 3394//3394 3395//3395
f 3398//3398 3397//3397 3399//3399
f 3398//3398 3396//3396 3397//3397
f 3398//3398 3400//3400 3396//3396
f 3401//3401 3399//3399 3402//3402
f 3401//3401 3398//3398 3399//3399
f 3403//3403 3402//3402 3404//3404
f 3403//3403 3401//3401 3402//3402
f 3405//3405 3404//3404 3406//3406
f 3405//3405 3403//3403 3404//3404
f 3407//3407 3406//3406 3408//3408
f 3407//3407 3405//3405 3406//3406
f 3409//3409 3408//3408 3410//3410
f 3409//3409 3407//3407 3408//3408
f 3411//3411 3410//3410 3412//3412
f 3411//3411 3409//3409 3410//3410
f 3413//3413 3414//3414 3415//3415
f 3413//3413 3416//3416 3414//3414
f 3417//3417 3415//3415 3418//3418
f 3417//3417 3413//3413 3415//3415
f 3419//3419 3418//3418 3420//3420
f 3419//3419 3417//3417 3418//3418
f 3421//3421 3420//3420 3422//3422
f 3421//3421 3419//3419 3420//3420
f 3423//3423 3422//3422 3424//3424
f 3423//3423 3421//3421 3422//3422
f 3425//3425 3424//3424 3426//3426
f 3425//3425 3423//3423 3424//3424
f 3427//3427 3426//3426 3428//3428
f 3427//3427 3425//3425 3426//3426
f 3429//3429 3428//3428 3430//3430
f 3429//3429 3427//3427 3428//3428
f 3431//3431 3430//3430 3432//3432
f 3431//3431 3429//3429 3430//3430
f 3433//3433 3432//3432 3434//3434
f 3433//3433 3431//3431 3432//3432
f 3435//3435 3434//3434 3436//3436
f 3435//3435 3433//3433 3434//3434
f 3437//3437 3436//3436 3438//3438
f 3437//3437 3435//3435 3436//3436
f 3439//3439 3438//3438 3440//3440
f 3439//3439 3437//3437 3438//3438
f 3441//3441 3440//3440 3442//3442
f 3441//3441 3439//3439 3440//3440
f 3443//3443 3442//3442 3444//3444
f 3443//3443 3441//3441 3442//3442
f 3445//3445 3444//3444 3446//3446
f 3445//3445 3443//3443 3444//3444
f 3447//3447 3446//3446 3448//3448
f 3447//3447 3445//3445 3446//3446
f 3449//3449 3448//3448 3450//3450
f 3449//3449 3447//3447 3448//3448
f 3451//3451 3452//3452 3453//3453
f 3451//3451 3454//3454 3452//3452
f 3246//3246 3455//3455 3244//3244
f 3246//3246 3456//3456 3455//3455
f 3457//3457 3458//3458 3459//3459
f 3458//3458 3460//3460 3459//3459
f 3458//3458 3461//3461 3460//3460
f 3458//3458 3462//3462 3461//3461
f 3458//3458 3463//3463 3462//3462
f 3458//3458 3464//3464 3463//3463
f 3458//3458 3465//3465 3464//3464
f 3458//3458 3466//3466 3465//3465
f 3458//3458 3467//3467 3466//3466
f 3458//3458 3468//3468 3467//3467
f 3469//3469 3470//3470 3471//3471
f 3457//3457 3472//3472 3458//3458
f 3473//3473 3470//3470 3469//3469
f 3474//3474 3475//3475 3476//3476
f 3474//3474 3477//3477 3475//3475
f 3478//3478 3477//3477 3474//3474
f 3479//3479 3477//3477 3478//3478
f 3480//3480 3477//3477 3479//3479
f 3481//3481 3477//3477 3480//3480
f 3481//3481 3482//3482 3477//3477
f 3483//3483 3482//3482 3481//3481
f 3484//3484 3482//3482 3483//3483
f 3484//3484 3485//3485 3482//3482
f 3486//3486 3485//3485 3484//3484
f 3487//3487 3485//3485 3486//3486
f 3487//3487 3488//3488 3485//3485
f 3489//3489 3490//3490 3491//3491
f 3492//3492 3490//3490 3489//3489
f 3492//3492 3493//3493 3490//3490
f 3494//3494 3495//3495 3496//3496
f 3494//3494 3497//3497 3495//3495
f 3498//3498 3497//3497 3494//3494
f 3498//3498 3499//3499 3497//3497
f 3500//3500 3499//3499 3498//3498
f 3500//3500 3501//3501 3499//3499
f 3502//3502 3501//3501 3500//3500
f 3502//3502 3503//3503 3501//3501
f 3504//3504 3503//3503 3502//3502
f 3504//3504 3505//3505 3503//3503
f 3506//3506 3505//3505 3504//3504
f 3506//3506 3507//3507 3505//3505
f 3508//3508 3509//3509 3510//3510
f 3511//3511 3507//3507 3512//3512
f 3511//3511 3513//3513 3507//3507
f 3514//3514 3513//3513 3511//3511
f 3514//3514 3515//3515 3513//3513
f 3516//3516 3515//3515 3514//3514
f 3517//3517 3515//3515 3516//3516
f 3518//3518 3515//3515 3517//3517
f 3519//3519 3520//3520 3521//3521
f 3522//3522 3518//3518 3472//3472
f 3522//3522 3515//3515 3518//3518
f 3522//3522 3523//3523 3515//3515
f 3522//3522 3524//3524 3523//3523
f 3522//3522 3525//3525 3524//3524
f 3520//3520 3526//3526 3527//3527
f 3522//3522 3528//3528 3529//3529
f 3522//3522 3530//3530 3528//3528
f 3522//3522 3531//3531 3530//3530
f 3520//3520 3532//3532 3533//3533
f 3522//3522 3534//3534 3535//3535
f 3522//3522 3536//3536 3534//3534
f 3536//3536 3537//3537 3534//3534
f 3457//3457 3538//3538 3522//3522
f 3539//3539 3537//3537 3536//3536
f 3540//3540 3537//3537 3539//3539
f 3541//3541 3537//3537 3540//3540
f 3541//3541 3542//3542 3537//3537
f 3543//3543 3542//3542 3541//3541
f 3544//3544 3542//3542 3543//3543
f 3544//3544 3545//3545 3542//3542
f 3546//3546 3545//3545 3544//3544
f 3547//3547 3545//3545 3546//3546
f 3547//3547 3548//3548 3545//3545
f 3549//3549 3548//3548 3547//3547
f 3550//3550 3548//3548 3549//3549
f 3550//3550 3551//3551 3548//3548
f 3552//3552 3551//3551 3550//3550
f 3552//3552 3553//3553 3551//3551
f 3554//3554 3553//3553 3552//3552
f 3555//3555 3553//3553 3554//3554
f 3555//3555 3556//3556 3553//3553
f 3557//3557 3556//3556 3555//3555
f 3558//3558 3556//3556 3557//3557
f 3558//3558 3559//3559 3556//3556
f 3560//3560 3559//3559 3558//3558
f 3560//3560 3561//3561 3559//3559
f 3562//3562 3563//3563 3564//3564
f 3565//3565 3561//3561 3566//3566
f 3565//3565 3567//3567 3561//3561
f 3568//3568 3567//3567 3565//3565
f 3569//3569 3567//3567 3568//3568
f 3569//3569 3570//3570 3567//3567
f 3571//3571 3570//3570 3569//3569
f 3572//3572 3570//3570 3571//3571
f 3573//3573 3570//3570 3572//3572
f 3573//3573 3574//3574 3570//3570
f 3575//3575 3574//3574 3573//3573
f 3576//3576 3574//3574 3575//3575
f 3457//3457 3576//3576 3538//3538
f 3519//3519 3577//3577 3578//3578
f 3519//3519 3579//3579 3577//3577
f 3457//3457 3580//3580 3581//3581
f 3457//3457 3582//3582 3580//3580
f 3457//3457 3583//3583 3582//3582
f 3457//3457 3584//3584 3583//3583
f 3519//3519 3585//3585 3586//3586
f 3457//3457 3587//3587 3588//3588
f 3589//3589 3590//3590 3591//3591
f 3589//3589 3592//3592 3590//3590
f 3593//3593 3591//3591 3594//3594
f 3593//3593 3589//3589 3591//3591
f 3595//3595 3594//3594 3596//3596
f 3595//3595 3593//3593 3594//3594
f 3597//3597 3596//3596 3598//3598
f 3597//3597 3595//3595 3596//3596
f 3599//3599 3598//3598 3600//3600
f 3599//3599 3597//3597 3598//3598
f 3601//3601 3600//3600 3602//3602
f 3601//3601 3599//3599 3600//3600
f 3603//3603 3604//3604 3605//3605
f 3603//3603 3606//3606 3604//3604
f 3607//3607 3605//3605 3608//3608
f 3607//3607 3603//3603 3605//3605
f 3609//3609 3608//3608 3610//3610
f 3609//3609 3607//3607 3608//3608
f 3611//3611 3610//3610 3612//3612
f 3611//3611 3609//3609 3610//3610
f 3613//3613 3612//3612 3614//3614
f 3613//3613 3611//3611 3612//3612
f 3615//3615 3614//3614 3616//3616
f 3615//3615 3613//3613 3614//3614
f 3617//3617 3616//3616 3618//3618
f 3617//3617 3615//3615 3616//3616
f 3619//3619 3618//3618 3620//3620
f 3619//3619 3617//3617 3618//3618
f 3621//3621 3620//3620 3622//3622
f 3621//3621 3619//3619 3620//3620
f 3623//3623 3622//3622 3624//3624
f 3623//3623 3621//3621 3622//3622
f 3625//3625 3624//3624 3626//3626
f 3625//3625 3623//3623 3624//3624
f 3627//3627 3626//3626 3628//3628
f 3627//3627 3625//3625 3626//3626
f 3629//3629 3628//3628 3630//3630
f 3629//3629 3627//3627 3628//3628
f 3631//3631 3630//3630 3632//3632
f 3631//3631 3629//3629 3630//3630
f 3633//3633 3634//3634 3635//3635
f 3633//3633 3636//3636 3634//3634
f 3637//3637 3635//3635 3638//3638
f 3637//3637 3633//3633 3635//3635
f 3639//3639 3638//3638 3640//3640
f 3639//3639 3637//3637 3638//3638
f 3641//3641 3640//3640 3642//3642
f 3641//3641 3639//3639 3640//3640
f 3643//3643 3644//3644 3645//3645
f 3643//3643 3646//3646 3644//3644
f 3647//3647 3648//3648 3649//3649
f 3647//3647 3650//3650 3648//3648
f 3651//3651 3649//3649 3652//3652
f 3651//3651 3647//3647 3649//3649
f 3653//3653 3652//3652 3654//3654
f 3653//3653 3651//3651 3652//3652
f 3655//3655 3654//3654 3656//3656
f 3655//3655 3653//3653 3654//3654
f 3657//3657 3656//3656 3658//3658
f 3657//3657 3655//3655 3656//3656
f 3659//3659 3658//3658 3660//3660
f 3659//3659 3657//3657 3658//3658
f 3661//3661 3662//3662 3663//3663
f 3661//3661 3664//3664 3662//3662
f 3665//3665 3663//3663 3666//3666
f 3665//3665 3661//3661 3663//3663
f 3667//3667 3666//3666 3668//3668
f 3667//3667 3665//3665 3666//3666
f 3669//3669 3668//3668 3670//3670
f 3669//3669 3667//3667 3668//3668
f 3671//3671 3670//3670 3672//3672
f 3671//3671 3669//3669 3670//3670
f 3673//3673 3672//3672 3674//3674
f 3673//3673 3671//3671 3672//3672
f 3675//3675 3674//3674 3676//3676
f 3675//3675 3673//3673 3674//3674
f 3677//3677 3673//3673 3675//3675
f 3678//3678 3676//3676 3679//3679
f 3678//3678 3675//3675 3676//3676
f 3680//3680 3679//3679 3681//3681
f 3680//3680 3678//3678 3679//3679
f 3682//3682 3681//3681 3683//3683
f 3682//3682 3680//3680 3681//3681
f 3684//3684 3683//3683 3685//3685
f 3684//3684 3682//3682 3683//3683
f 3686//3686 3685//3685 3687//3687
f 3686//3686 3684//3684 3685//3685
f 3688//3688 3689//3689 3690//3690
f 3688//3688 3691//3691 3689//3689
f 3692//3692 3690//3690 3693//3693
f 3692//3692 3688//3688 3690//3690
f 3694//3694 3693//3693 3695//3695
f 3694//3694 3692//3692 3693//3693
f 3696//3696 3695//3695 3697//3697
f 3696//3696 3694//3694 3695//3695
f 3698//3698 3697//3697 3699//3699
f 3698//3698 3696//3696 3697//3697
f 3700//3700 3699//3699 3701//3701
f 3700//3700 3698//3698 3699//3699
f 3702//3702 3701//3701 3703//3703
f 3702//3702 3700//3700 3701//3701
f 3704//3704 3705//3705 3706//3706
f 3704//3704 3707//3707 3705//3705
f 3708//3708 3707//3707 3704//3704
f 3708//3708 3709//3709 3707//3707
f 3592//3592 3710//3710 3590//3590
f 3592//3592 3711//3711 3710//3710
f 3712//3712 3713//3713 3714//3714
f 3712//3712 3715//3715 3713//3713
f 3716//3716 3714//3714 3717//3717
f 3716//3716 3712//3712 3714//3714
f 3718//3718 3717//3717 3719//3719
f 3718//3718 3716//3716 3717//3717
f 3720//3720 3719//3719 3721//3721
f 3720//3720 3718//3718 3719//3719
f 3722//3722 3721//3721 3723//3723
f 3722//3722 3720//3720 3721//3721
f 3724//3724 3723//3723 3725//3725
f 3724//3724 3722//3722 3723//3723
f 3726//3726 3725//3725 3727//3727
f 3726//3726 3724//3724 3725//3725
f 3728//3728 3729//3729 3730//3730
f 3728//3728 3731//3731 3729//3729
f 3732//3732 3730//3730 3733//3733
f 3732//3732 3728//3728 3730//3730
f 3734//3734 3733//3733 3735//3735
f 3734//3734 3732//3732 3733//3733
f 3736//3736 3735//3735 3737//3737
f 3736//3736 3734//3734 3735//3735
f 3738//3738 3737//3737 3739//3739
f 3738//3738 3736//3736 3737//3737
f 3740//3740 3739//3739 3741//3741
f 3740//3740 3738//3738 3739//3739
f 3742//3742 3741//3741 3743//3743
f 3742//3742 3740//3740 3741//3741
f 3744//3744 3743//3743 3745//3745
f 3744//3744 3742//3742 3743//3743
f 3746//3746 3745//3745 3747//3747
f 3746//3746 3744//3744 3745//3745
f 3748//3748 3747//3747 3749//3749
f 3748//3748 3746//3746 3747//3747
f 3750//3750 3749//3749 3751//3751
f 3750//3750 3748//3748 3749//3749
f 3752//3752 3753//3753 3754//3754
f 3752//3752 3755//3755 3753//3753
f 3756//3756 3754//3754 3757//3757
f 3756//3756 3752//3752 3754//3754
f 3758//3758 3757//3757 3759//3759
f 3758//3758 3756//3756 3757//3757
f 3760//3760 3759//3759 3761//3761
f 3760//3760 3758//3758 3759//3759
f 3762//3762 3761//3761 3763//3763
f 3762//3762 3760//3760 3761//3761
f 3764//3764 3763//3763 3765//3765
f 3764//3764 3762//3762 3763//3763
f 3766//3766 3765//3765 3767//3767
f 3766//3766 3764//3764 3765//3765
f 3768//3768 3769//3769 3770//3770
f 3768//3768 3771//3771 3769//3769
f 3715//3715 3772//3772 3713//3713
f 3715//3715 3773//3773 3772//3772
f 3774//3774 3775//3775 3776//3776
f 3774//3774 3777//3777 3775//3775
f 3778//3778 3776//3776 3779//3779
f 3778//3778 3774//3774 3776//3776
f 3780//3780 3779//3779 3781//3781
f 3780//3780 3778//3778 3779//3779
f 3782//3782 3781//3781 3783//3783
f 3782//3782 3780//3780 3781//3781
f 3784//3784 3783//3783 3785//3785
f 3784//3784 3782//3782 3783//3783
f 3786//3786 3785//3785 3787//3787
f 3786//3786 3784//3784 3785//3785
f 3788//3788 3789//3789 3790//3790
f 3788//3788 3791//3791 3789//3789
f 3792//3792 3790//3790 3793//3793
f 3792//3792 3788//3788 3790//3790
f 3794//3794 3793//3793 3795//3795
f 3794//3794 3792//3792 3793//3793
f 3796//3796 3795//3795 3797//3797
f 3796//3796 3794//3794 3795//3795
f 3796//3796 3798//3798 3794//3794
f 3799//3799 3797//3797 3800//3800
f 3799//3799 3796//3796 3797//3797
f 3801//3801 3800//3800 3802//3802
f 3801//3801 3799//3799 3800//3800
f 3803//3803 3802//3802 3804//3804
f 3803//3803 3801//3801 3802//3802
f 3805//3805 3804//3804 3806//3806
f 3805//3805 3803//3803 3804//3804
f 3807//3807 3806//3806 3808//3808
f 3807//3807 3805//3805 3806//3806
f 3809//3809 3808//3808 3810//3810
f 3809//3809 3807//3807 3808//3808
f 3811//3811 3810//3810 3812//3812
f 3811//3811 3809//3809 3810//3810
f 3813//3813 3814//3814 3815//3815
f 3813//3813 3816//3816 3814//3814
f 3817//3817 3815//3815 3818//3818
f 3817//3817 3813//3813 3815//3815
f 3819//3819 3818//3818 3820//3820
f 3819//3819 3817//3817 3818//3818
f 3821//3821 3820//3820 3822//3822
f 3821//3821 3819//3819 3820//3820
f 3823//3823 3822//3822 3824//3824
f 3823//3823 3821//3821 3822//3822
f 3825//3825 3824//3824 3826//3826
f 3825//3825 3823//3823 3824//3824
f 3827//3827 3826//3826 3828//3828
f 3827//3827 3825//3825 3826//3826
f 3829//3829 3828//3828 3830//3830
f 3829//3829 3827//3827 3828//3828
f 3831//3831 3832//3832 3833//3833
f 3831//3831 3834//3834 3832//3832
f 3835//3835 3834//3834 3831//3831
f 3777//3777 3836//3836 3775//3775
f 3777//3777 3837//3837 3836//3836
f 3838//3838 3839//3839 3840//3840
f 3838//3838 3841//3841 3839//3839
f 3841//3841 3842//3842 3839//3839
f 3843//3843 3844//3844 3845//3845
f 3846//3846 3842//3842 3841//3841
f 3838//3838 3847//3847 3848//3848
f 3847//3847 3846//3846 3848//3848
f 3847//3847 3849//3849 3846//3846
f 3849//3849 3842//3842 3846//3846
f 3838//3838 3850//3850 3847//3847
f 3851//3851 3842//3842 3849//3849
f 3852//3852 3853//3853 3854//3854
f 3852//3852 3855//3855 3853//3853
f 3856//3856 3857//3857 3858//3858
f 3856//3856 3859//3859 3857//3857
f 3860//3860 3861//3861 3862//3862
f 3860//3860 3863//3863 3861//3861
f 3864//3864 3865//3865 3866//3866
f 3864//3864 3867//3867 3865//3865
f 3868//3868 3869//3869 3870//3870
f 3868//3868 3871//3871 3869//3869
f 3872//3872 3871//3871 3868//3868
f 3873//3873 3874//3874 3875//3875
f 3873//3873 3876//3876 3874//3874
f 3877//3877 3878//3878 3879//3879
f 3877//3877 3880//3880 3878//3878
f 3881//3881 3880//3880 3877//3877
f 3882//3882 3883//3883 3884//3884
f 3882//3882 3885//3885 3883//3883
f 3886//3886 3887//3887 3888//3888
f 3886//3886 3889//3889 3887//3887
f 3890//3890 3891//3891 3892//3892
f 3890//3890 3893//3893 3891//3891
f 3894//3894 3895//3895 3896//3896
f 3894//3894 3897//3897 3895//3895
f 3898//3898 3899//3899 3900//3900
f 3899//3899 3901//3901 3900//3900
f 3901//3901 3902//3902 3900//3900
f 3902//3902 3903//3903 3900//3900
f 3904//3904 3901//3901 3899//3899
f 3904//3904 3905//3905 3901//3901
f 3906//3906 3903//3903 3902//3902
f 3907//3907 3904//3904 3908//3908
f 3907//3907 3909//3909 3904//3904
f 3909//3909 3905//3905 3904//3904
f 3910//3910 3906//3906 3911//3911
f 3910//3910 3912//3912 3906//3906
f 3912//3912 3903//3903 3906//3906
f 3913//3913 3914//3914 3915//3915
f 3913//3913 3916//3916 3914//3914
f 3917//3917 3918//3918 3919//3919
f 3920//3920 3918//3918 3917//3917
f 3921//3921 3922//3922 3923//3923
f 3921//3921 3924//3924 3922//3922
f 3925//3925 3926//3926 3927//3927
f 3925//3925 3928//3928 3926//3926
f 3929//3929 3930//3930 3931//3931
f 3932//3932 3929//3929 3933//3933
f 3932//3932 3930//3930 3929//3929
f 3934//3934 3935//3935 3936//3936
f 3934//3934 3937//3937 3935//3935
f 3938//3938 3939//3939 3940//3940
f 3938//3938 3941//3941 3939//3939
f 3942//3942 3943//3943 3944//3944
f 3942//3942 3945//3945 3943//3943
f 3946//3946 3947//3947 3948//3948
f 3946//3946 3949//3949 3947//3947
f 3950//3950 3951//3951 3952//3952
f 3950//3950 3953//3953 3951//3951
f 3954//3954 3955//3955 3956//3956
f 3954//3954 3957//3957 3955//3955
f 3958//3958 3959//3959 3960//3960
f 3958//3958 3961//3961 3959//3959
f 3962//3962 3963//3963 3964//3964
f 3962//3962 3965//3965 3963//3963
f 3966//3966 3967//3967 3968//3968
f 3966//3966 3969//3969 3967//3967
f 3970//3970 3971//3971 3972//3972
f 3970//3970 3973//3973 3971//3971
f 3974//3974 3975//3975 3976//3976
f 3974//3974 3977//3977 3975//3975
f 3978//3978 3979//3979 3980//3980
f 3978//3978 3981//3981 3979//3979
f 3982//3982 3983//3983 3984//3984
f 3982//3982 3985//3985 3983//3983
f 3986//3986 3987//3987 3988//3988
f 3986//3986 3989//3989 3987//3987
f 3990//3990 3991//3991 3992//3992
f 3990//3990 3993//3993 3991//3991
f 3994//3994 3995//3995 3996//3996
f 3995//3995 3997//3997 3996//3996
f 3995//3995 3998//3998 3997//3997
f 3998//3998 3999//3999 3997//3997
f 3995//3995 4000//4000 3998//3998
f 4001//4001 3999//3999 3998//3998
f 4002//4002 3999//3999 4001//4001
f 4003//4003 3999//3999 4002//4002
f 3995//3995 4004//4004 4000//4000
f 4004//4004 4005//4005 4000//4000
f 4006//4006 3999//3999 4003//4003
f 3994//3994 4007//4007 3995//3995
f 4008//4008 4009//4009 4004//4004
f 4009//4009 4010//4010 4004//4004
f 4010//4010 4005//4005 4004//4004
f 4011//4011 4012//4012 4006//4006
f 4012//4012 3999//3999 4006//4006
f 4008//4008 4013//4013 4009//4009
f 4014//4014 4005//4005 4010//4010
f 4011//4011 4015//4015 4012//4012
f 4016//4016 3999//3999 4012//4012
f 4017//4017 4018//4018 4016//4016
f 4018//4018 3999//3999 4016//4016
f 4017//4017 4019//4019 4018//4018
f 4020//4020 4015//4015 4011//4011
f 4017//4017 4021//4021 4019//4019
f 4021//4021 4022//4022 4019//4019
f 4022//4022 4023//4023 4019//4019
f 4023//4023 4024//4024 4019//4019
f 4024//4024 4025//4025 4019//4019
f 4025//4025 4026//4026 4019//4019
f 4027//4027 4005//4005 4014//4014
f 4027//4027 4028//4028 4005//4005
f 4029//4029 4015//4015 4020//4020
f 4030//4030 4028//4028 4027//4027
f 4031//4031 4015//4015 4029//4029
f 4032//4032 4028//4028 4030//4030
f 4033//4033 4015//4015 4031//4031
f 4032//4032 4034//4034 4028//4028
f 4035//4035 4015//4015 4033//4033
f 4036//4036 4034//4034 4032//4032
f 4037//4037 4015//4015 4035//4035
f 4038//4038 4015//4015 4037//4037
f 4036//4036 4039//4039 4034//4034
f 4040//4040 4039//4039 4036//4036
f 4041//4041 4015//4015 4038//4038
f 4042//4042 4039//4039 4040//4040
f 4042//4042 4043//4043 4039//4039
f 4044//4044 4043//4043 4042//4042
f 4045//4045 4046//4046 4047//4047
f 4045//4045 4048//4048 4046//4046
f 4045//4045 4049//4049 4048//4048
f 4050//4050 4049//4049 4045//4045
f 4050//4050 4051//4051 4049//4049
f 4050//4050 4052//4052 4051//4051
f 4053//4053 4052//4052 4050//4050
f 4054//4054 4043//4043 4044//4044
f 4053//4053 4055//4055 4052//4052
f 4054//4054 4056//4056 4043//4043
f 4053//4053 4057//4057 4055//4055
f 4058//4058 4057//4057 4053//4053
f 4058//4058 4059//4059 4057//4057
f 4060//4060 4056//4056 4054//4054
f 4058//4058 4061//4061 4059//4059
f 4062//4062 4061//4061 4058//4058
f 4062//4062 4063//4063 4061//4061
f 4060//4060 4064//4064 4056//4056
f 4062//4062 4065//4065 4063//4063
f 4066//4066 4064//4064 4060//4060
f 4067//4067 4065//4065 4062//4062
f 4067//4067 4041//4041 4065//4065
f 4067//4067 4015//4015 4041//4041
f 4068//4068 4064//4064 4066//4066
f 4069//4069 4015//4015 4067//4067
f 4068//4068 4070//4070 4064//4064
f 4071//4071 4070//4070 4068//4068
f 4072//4072 4015//4015 4069//4069
f 4073//4073 4070//4070 4071//4071
f 4072//4072 4074//4074 4015//4015
f 4073//4073 4075//4075 4070//4070
f 4076//4076 4075//4075 4073//4073
f 4077//4077 4074//4074 4072//4072
f 4078//4078 4075//4075 4076//4076
f 4079//4079 4075//4075 4078//4078
f 4080//4080 4074//4074 4077//4077
f 4081//4081 4075//4075 4079//4079
f 4081//4081 4082//4082 4075//4075
f 4083//4083 4082//4082 4081//4081
f 4084//4084 4074//4074 4080//4080
f 4085//4085 4082//4082 4083//4083
f 4086//4086 4082//4082 4085//4085
f 4087//4087 4082//4082 4086//4086
f 4087//4087 4088//4088 4082//4082
f 4089//4089 4088//4088 4087//4087
f 4090//4090 4074//4074 4084//4084
f 4091//4091 4088//4088 4089//4089
f 4092//4092 4088//4088 4091//4091
f 4093//4093 4088//4088 4092//4092
f 4094//4094 4088//4088 4093//4093
f 4095//4095 4088//4088 4094//4094
f 4008//4008 4096//4096 4013//4013
f 4097//4097 4096//4096 4008//4008
f 4098//4098 4088//4088 4095//4095
f 4098//4098 4099//4099 4088//4088
f 4100//4100 4099//4099 4098//4098
f 4101//4101 4099//4099 4100//4100
f 4101//4101 4102//4102 4099//4099
f 4102//4102 4103//4103 4099//4099
f 4103//4103 4104//4104 4099//4099
f 4104//4104 4105//4105 4099//4099
f 4105//4105 4106//4106 4099//4099
f 4106//4106 4107//4107 4099//4099
f 4107//4107 4108//4108 4099//4099
f 4109//4109 4110//4110 4111//4111
f 4112//4112 4113//4113 4114//4114
f 4112//4112 4115//4115 4113//4113
f 4112//4112 4116//4116 4115//4115
f 4112//4112 4117//4117 4116//4116
f 4112//4112 4118//4118 4117//4117
f 4112//4112 4119//4119 4118//4118
f 4112//4112 4120//4120 4119//4119
f 4112//4112 4121//4121 4120//4120
f 4112//4112 4122//4122 4121//4121
f 4112//4112 4123//4123 4122//4122
f 4112//4112 4124//4124 4123//4123
f 4112//4112 4125//4125 4124//4124
f 4112//4112 4126//4126 4125//4125
f 4112//4112 4127//4127 4126//4126
f 4112//4112 4128//4128 4127//4127
f 4112//4112 4129//4129 4128//4128
f 4130//4130 4131//4131 4132//4132
f 4130//4130 4133//4133 4131//4131
f 4130//4130 4134//4134 4133//4133
f 4130//4130 4135//4135 4134//4134
f 4130//4130 4136//4136 4135//4135
f 4130//4130 4137//4137 4136//4136
f 4130//4130 4138//4138 4137//4137
f 4130//4130 4139//4139 4138//4138
f 4130//4130 4140//4140 4139//4139
f 4130//4130 4141//4141 4140//4140
f 4130//4130 4142//4142 4141//4141
f 4130//4130 4143//4143 4142//4142
f 4130//4130 4144//4144 4143//4143
f 4130//4130 4145//4145 4144//4144
f 4130//4130 4146//4146 4145//4145
f 4130//4130 4147//4147 4146//4146
f 4130//4130 4148//4148 4147//4147
f 4130//4130 4149//4149 4148//4148
f 4130//4130 4150//4150 4149//4149
f 4130//4130 4151//4151 4150//4150
f 4130//4130 4152//4152 4151//4151
f 4130//4130 4153//4153 4152//4152
f 4130//4130 4154//4154 4153//4153
f 4130//4130 4155//4155 4154//4154
f 4130//4130 4156//4156 4155//4155
f 4157//4157 4158//4158 4159//4159
f 4157//4157 4160//4160 4158//4158
f 4157//4157 4161//4161 4160//4160
f 4162//4162 4161//4161 4157//4157
f 4162//4162 4163//4163 4161//4161
f 4162//4162 4164//4164 4163//4163
f 4162//4162 4165//4165 4164//4164
f 4162//4162 4166//4166 4165//4165
f 4162//4162 4167//4167 4166//4166
f 4162//4162 4168//4168 4167//4167
f 4162//4162 4169//4169 4168//4168
f 4170//4170 4171//4171 4172//4172
f 4170//4170 4173//4173 4171//4171
f 4174//4174 4173//4173 4170//4170
f 4174//4174 4175//4175 4173//4173
f 4174//4174 4176//4176 4175//4175
f 4174//4174 4177//4177 4176//4176
f 4174//4174 4178//4178 4177//4177
f 4174//4174 4179//4179 4178//4178
f 4174//4174 4180//4180 4179//4179
f 4174//4174 4181//4181 4180//4180
f 4174//4174 4182//4182 4181//4181
f 4174//4174 4183//4183 4182//4182
f 4174//4174 4184//4184 4183//4183
f 4174//4174 4185//4185 4184//4184
f 4174//4174 4186//4186 4185//4185
f 4174//4174 4187//4187 4186//4186
f 4174//4174 4188//4188 4187//4187
f 4174//4174 4189//4189 4188//4188
f 4174//4174 4190//4190 4189//4189
f 4174//4174 4191//4191 4190//4190
f 4192//4192 4193//4193 4194//4194
f 4192//4192 4195//4195 4193//4193
f 4192//4192 4196//4196 4195//4195
f 4192//4192 4197//4197 4196//4196
f 4192//4192 4198//4198 4197//4197
f 4192//4192 4199//4199 4198//4198
f 4192//4192 4200//4200 4199//4199
f 4201//4201 4202//4202 4203//4203
f 4202//4202 4204//4204 4203//4203
f 4204//4204 4205//4205 4203//4203
f 4205//4205 4206//4206 4203//4203
f 4206//4206 4207//4207 4203//4203
f 4207//4207 4208//4208 4203//4203
f 4208//4208 4209//4209 4203//4203
f 4209//4209 4210//4210 4203//4203
f 4210//4210 4211//4211 4203//4203
f 4211//4211 4212//4212 4203//4203
f 4212//4212 4213//4213 4203//4203
f 4213//4213 4214//4214 4203//4203
f 4214//4214 4215//4215 4203//4203
f 4215//4215 4216//4216 4203//4203
f 4216//4216 4217//4217 4203//4203
f 4201//4201 4218//4218 4202//4202
f 4201//4201 4219//4219 4218//4218
f 4201//4201 4220//4220 4219//4219
f 4201//4201 4221//4221 4220//4220
f 4222//4222 4217//4217 4216//4216
f 4201//4201 4223//4223 4221//4221
f 4224//4224 4225//4225 4226//4226
f 4224//4224 4227//4227 4225//4225
f 4224//4224 4228//4228 4227//4227
f 4229//4229 4228//4228 4224//4224
f 4229//4229 4230//4230 4228//4228
f 4229//4229 4231//4231 4230//4230
f 4232//4232 4231//4231 4229//4229
f 4201//4201 4233//4233 4223//4223
f 4232//4232 4234//4234 4231//4231
f 4232//4232 4235//4235 4234//4234
f 4236//4236 4235//4235 4232//4232
f 4236//4236 4237//4237 4235//4235
f 4236//4236 4238//4238 4237//4237
f 4239//4239 4238//4238 4236//4236
f 4239//4239 4240//4240 4238//4238
f 4201//4201 4241//4241 4233//4233
f 4239//4239 4242//4242 4240//4240
f 4243//4243 4242//4242 4239//4239
f 4243//4243 4222//4222 4242//4242
f 4243//4243 4217//4217 4222//4222
f 4244//4244 4217//4217 4243//4243
f 4201//4201 4245//4245 4241//4241
f 4246//4246 4217//4217 4244//4244
f 4201//4201 4247//4247 4245//4245
f 4248//4248 4217//4217 4246//4246
f 4249//4249 4217//4217 4248//4248
f 4201//4201 4250//4250 4247//4247
f 4251//4251 4217//4217 4249//4249
f 4201//4201 4252//4252 4250//4250
f 4253//4253 4252//4252 4201//4201
f 4254//4254 4217//4217 4251//4251
f 4255//4255 4256//4256 4254//4254
f 4256//4256 4217//4217 4254//4254
f 4255//4255 4257//4257 4256//4256
f 4258//4258 4257//4257 4255//4255
f 4259//4259 4257//4257 4258//4258
f 4259//4259 4260//4260 4257//4257
f 4259//4259 4261//4261 4260//4260
f 4262//4262 4261//4261 4259//4259
f 4263//4263 4261//4261 4262//4262
f 4264//4264 4261//4261 4263//4263
f 4265//4265 4261//4261 4264//4264
f 4266//4266 4261//4261 4265//4265
f 4267//4267 4261//4261 4266//4266
f 4267//4267 4268//4268 4261//4261
f 4267//4267 4269//4269 4268//4268
f 4267//4267 4270//4270 4269//4269
f 4271//4271 4270//4270 4267//4267
f 4271//4271 4272//4272 4270//4270
f 4271//4271 4273//4273 4272//4272
f 4271//4271 4274//4274 4273//4273
f 4275//4275 4274//4274 4271//4271
f 4275//4275 4276//4276 4274//4274
f 4275//4275 4277//4277 4276//4276
f 4275//4275 4278//4278 4277//4277
f 4279//4279 4278//4278 4275//4275
f 4279//4279 4280//4280 4278//4278
f 4279//4279 4281//4281 4280//4280
f 4282//4282 4283//4283 4284//4284
f 4283//4283 4285//4285 4284//4284
f 4282//4282 4286//4286 4283//4283
f 4287//4287 4285//4285 4283//4283
f 4288//4288 4289//4289 4287//4287
f 4289//4289 4285//4285 4287//4287
f 4288//4288 4290//4290 4289//4289
f 4291//4291 4286//4286 4282//4282
f 4292//4292 4286//4286 4291//4291
f 4293//4293 4286//4286 4292//4292
f 4294//4294 4286//4286 4293//4293
f 4295//4295 4286//4286 4294//4294
f 4296//4296 4286//4286 4295//4295
f 4297//4297 4286//4286 4296//4296
f 4298//4298 4299//4299 4300//4300
f 4301//4301 4302//4302 4303//4303
f 4304//4304 4302//4302 4301//4301
f 4305//4305 4306//4306 4307//4307
f 4308//4308 4306//4306 4305//4305
f 4309//4309 4306//4306 4308//4308
f 4310//4310 4306//4306 4309//4309
f 4311//4311 4312//4312 4313//4313
f 4314//4314 4306//4306 4310//4310
f 4315//4315 4306//4306 4314//4314
f 4316//4316 4317//4317 4318//4318
f 4316//4316 4319//4319 4317//4317
f 4320//4320 4306//4306 4315//4315
f 4321//4321 4306//4306 4320//4320
f 4322//4322 4323//4323 4324//4324
f 4325//4325 4322//4322 4326//4326
f 4325//4325 4323//4323 4322//4322
f 4327//4327 4312//4312 4311//4311
f 4328//4328 4329//4329 4330//4330
f 4331//4331 4312//4312 4327//4327
f 4332//4332 4316//4316 4333//4333
f 4332//4332 4334//4334 4316//4316
f 4334//4334 4319//4319 4316//4316
f 4335//4335 4306//4306 4321//4321
f 4336//4336 4337//4337 4338//4338
f 4336//4336 4339//4339 4337//4337
f 4328//4328 4340//4340 4329//4329
f 4325//4325 4341//4341 4323//4323
f 4342//4342 4312//4312 4331//4331
f 4328//4328 4343//4343 4340//4340
f 4344//4344 4306//4306 4335//4335
f 4325//4325 4345//4345 4341//4341
f 4346//4346 4347//4347 4342//4342
f 4347//4347 4312//4312 4342//4342
f 4328//4328 4348//4348 4343//4343
f 4349//4349 4306//4306 4344//4344
f 4350//4350 4347//4347 4346//4346
f 4351//4351 4352//4352 4353//4353
f 4351//4351 4354//4354 4352//4352
f 4325//4325 4355//4355 4345//4345
f 4328//4328 4356//4356 4348//4348
f 4357//4357 4347//4347 4350//4350
f 4358//4358 4356//4356 4328//4328
f 4359//4359 4306//4306 4349//4349
f 4360//4360 4356//4356 4358//4358
f 4325//4325 4361//4361 4355//4355
f 4357//4357 4362//4362 4347//4347
f 4363//4363 4312//4312 4347//4347
f 4364//4364 4362//4362 4357//4357
f 4364//4364 4365//4365 4362//4362
f 4360//4360 4366//4366 4356//4356
f 4367//4367 4366//4366 4360//4360
f 4368//4368 4306//4306 4359//4359
f 4364//4364 4369//4369 4365//4365
f 4370//4370 4371//4371 4372//4372
f 4373//4373 4369//4369 4364//4364
f 4373//4373 4374//4374 4369//4369
f 4325//4325 4375//4375 4361//4361
f 4376//4376 4366//4366 4367//4367
f 4373//4373 4377//4377 4374//4374
f 4378//4378 4377//4377 4373//4373
f 4378//4378 4379//4379 4377//4377
f 4376//4376 4380//4380 4366//4366
f 4381//4381 4306//4306 4368//4368
f 4378//4378 4382//4382 4379//4379
f 4383//4383 4382//4382 4378//4378
f 4384//4384 4380//4380 4376//4376
f 4383//4383 4385//4385 4382//4382
f 4383//4383 4386//4386 4385//4385
f 4387//4387 4386//4386 4383//4383
f 4325//4325 4388//4388 4375//4375
f 4389//4389 4319//4319 4334//4334
f 4387//4387 4390//4390 4386//4386
f 4387//4387 4391//4391 4390//4390
f 4392//4392 4391//4391 4387//4387
f 4393//4393 4380//4380 4384//4384
f 4393//4393 4394//4394 4380//4380
f 4395//4395 4306//4306 4381//4381
f 4325//4325 4396//4396 4388//4388
f 4397//4397 4394//4394 4393//4393
f 4398//4398 4312//4312 4363//4363
f 4399//4399 4306//4306 4395//4395
f 4397//4397 4400//4400 4394//4394
f 4401//4401 4400//4400 4397//4397
f 4402//4402 4312//4312 4398//4398
f 4325//4325 4403//4403 4396//4396
f 4404//4404 4312//4312 4402//4402
f 4405//4405 4306//4306 4399//4399
f 4406//4406 4400//4400 4401//4401
f 4407//4407 4312//4312 4404//4404
f 4406//4406 4408//4408 4400//4400
f 4409//4409 4312//4312 4407//4407
f 4325//4325 4410//4410 4403//4403
f 4411//4411 4408//4408 4406//4406
f 4412//4412 4312//4312 4409//4409
f 4413//4413 4306//4306 4405//4405
f 4414//4414 4312//4312 4412//4412
f 4415//4415 4408//4408 4411//4411
f 4415//4415 4416//4416 4408//4408
f 4417//4417 4418//4418 4419//4419
f 4420//4420 4306//4306 4413//4413
f 4421//4421 4312//4312 4414//4414
f 4325//4325 4422//4422 4410//4410
f 4423//4423 4416//4416 4415//4415
f 4298//4298 4351//4351 4299//4299
f 4298//4298 4354//4354 4351//4351
f 4298//4298 4370//4370 4354//4354
f 4298//4298 4371//4371 4370//4370
f 4298//4298 4423//4423 4371//4371
f 4298//4298 4416//4416 4423//4423
f 4421//4421 4420//4420 4312//4312
f 4421//4421 4306//4306 4420//4420
f 4421//4421 4389//4389 4306//4306
f 4421//4421 4319//4319 4389//4389
f 4421//4421 4325//4325 4319//4319
f 4421//4421 4422//4422 4325//4325
f 4417//4417 4336//4336 4418//4418
f 4417//4417 4339//4339 4336//4336
f 4417//4417 4304//4304 4339//4339
f 4417//4417 4302//4302 4304//4304
f 4424//4424 4302//4302 4417//4417
f 4425//4425 4422//4422 4421//4421
f 4426//4426 4302//4302 4424//4424
f 4427//4427 4422//4422 4425//4425
f 4298//4298 4428//4428 4416//4416
f 4429//4429 4302//4302 4426//4426
f 4427//4427 4430//4430 4422//4422
f 4431//4431 4430//4430 4427//4427
f 4432//4432 4302//4302 4429//4429
f 4428//4428 4430//4430 4431//4431
f 4430//4430 4302//4302 4432//4432
f 4298//4298 4430//4430 4428//4428
f 4298//4298 4302//4302 4430//4430
f 4433//4433 4434//4434 4435//4435
f 4436//4436 4433//4433 4437//4437
f 4436//4436 4438//4438 4433//4433
f 4438//4438 4439//4439 4433//4433
f 4439//4439 4434//4434 4433//4433
f 4436//4436 4440//4440 4438//4438
f 4441//4441 4442//4442 4443//4443
f 4444//4444 4442//4442 4441//4441
f 4445//4445 4442//4442 4444//4444
f 4446//4446 4442//4442 4445//4445
f 4447//4447 4442//4442 4446//4446
f 4448//4448 4442//4442 4447//4447
f 4449//4449 4442//4442 4448//4448
f 4450//4450 4442//4442 4449//4449
f 4451//4451 4452//4452 4453//4453
f 4451//4451 4454//4454 4452//4452
f 4451//4451 4455//4455 4454//4454
f 4456//4456 4442//4442 4450//4450
f 4451//4451 4457//4457 4455//4455
f 4451//4451 4458//4458 4457//4457
f 4459//4459 4442//4442 4456//4456
f 4451//4451 4460//4460 4458//4458
f 4451//4451 4461//4461 4460//4460
f 4451//4451 4462//4462 4461//4461
f 4463//4463 4442//4442 4459//4459
f 4451//4451 4464//4464 4462//4462
f 4451//4451 4465//4465 4464//4464
f 4466//4466 4442//4442 4463//4463
f 4451//4451 4467//4467 4465//4465
f 4451//4451 4466//4466 4467//4467
f 4451//4451 4468//4468 4466//4466
f 4468//4468 4469//4469 4466//4466
f 4469//4469 4470//4470 4466//4466
f 4470//4470 4471//4471 4466//4466
f 4471//4471 4472//4472 4466//4466
f 4472//4472 4473//4473 4466//4466
f 4473//4473 4474//4474 4466//4466
f 4474//4474 4475//4475 4466//4466
f 4475//4475 4476//4476 4466//4466
f 4476//4476 4477//4477 4466//4466
f 4477//4477 4478//4478 4466//4466
f 4478//4478 4479//4479 4466//4466
f 4479//4479 4480//4480 4466//4466
f 4480//4480 4481//4481 4466//4466
f 4481//4481 4482//4482 4466//4466
f 4482//4482 4483//4483 4466//4466
f 4483//4483 4484//4484 4466//4466
f 4484//4484 4485//4485 4466//4466
f 4485//4485 4486//4486 4466//4466
f 4486//4486 4487//4487 4466//4466
f 4487//4487 4488//4488 4466//4466
f 4488//4488 4489//4489 4466//4466
f 4489//4489 4490//4490 4466//4466
f 4490//4490 4442//4442 4466//4466
f 4451//4451 4491//4491 4468//4468
f 4492//4492 4493//4493 4494//4494
f 4495//4495 4493//4493 4492//4492
f 4495//4495 4496//4496 4493//4493
f 4497//4497 4496//4496 4495//4495
f 4497//4497 4498//4498 4496//4496
f 4499//4499 4498//4498 4497//4497
f 4500//4500 4498//4498 4499//4499
f 4500//4500 4501//4501 4498//4498
f 4502//4502 4501//4501 4500//4500
f 4502//4502 4503//4503 4501//4501
f 4504//4504 4503//4503 4502//4502
f 4504//4504 4505//4505 4503//4503
f 4506//4506 4505//4505 4504//4504
f 4506//4506 4507//4507 4505//4505
f 4508//4508 4507//4507 4506//4506
f 4508//4508 4509//4509 4507//4507
f 4510//4510 4509//4509 4508//4508
f 4511//4511 4442//4442 4490//4490
f 4512//4512 4509//4509 4510//4510
f 4512//4512 4513//4513 4509//4509
f 4491//4491 4513//4513 4512//4512
f 4491//4491 4514//4514 4513//4513
f 4515//4515 4442//4442 4511//4511
f 4451//4451 4516//4516 4491//4491
f 4516//4516 4514//4514 4491//4491
f 4516//4516 4517//4517 4514//4514
f 4516//4516 4518//4518 4517//4517
f 4519//4519 4442//4442 4515//4515
f 4516//4516 4520//4520 4518//4518
f 4516//4516 4521//4521 4520//4520
f 4522//4522 4442//4442 4519//4519
f 4516//4516 4523//4523 4521//4521
f 4516//4516 4524//4524 4523//4523
f 4525//4525 4442//4442 4522//4522
f 4516//4516 4526//4526 4524//4524
f 4516//4516 4527//4527 4526//4526
f 4528//4528 4529//4529 4525//4525
f 4529//4529 4442//4442 4525//4525
f 4516//4516 4530//4530 4527//4527
f 4516//4516 4531//4531 4530//4530
f 4516//4516 4532//4532 4531//4531
f 4533//4533 4529//4529 4528//4528
f 4516//4516 4534//4534 4532//4532
f 4516//4516 4535//4535 4534//4534
f 4536//4536 4529//4529 4533//4533
f 4516//4516 4537//4537 4535//4535
f 4516//4516 4538//4538 4537//4537
f 4539//4539 4529//4529 4536//4536
f 4516//4516 4540//4540 4538//4538
f 4541//4541 4529//4529 4539//4539
f 4516//4516 4542//4542 4540//4540
f 4543//4543 4529//4529 4541//4541
f 4516//4516 4544//4544 4542//4542
f 4516//4516 4545//4545 4544//4544
f 4546//4546 4529//4529 4543//4543
f 4516//4516 4547//4547 4545//4545
f 4548//4548 4529//4529 4546//4546
f 4516//4516 4549//4549 4547//4547
f 4550//4550 4529//4529 4548//4548
f 4516//4516 4551//4551 4549//4549
f 4516//4516 4552//4552 4551//4551
f 4516//4516 4553//4553 4552//4552
f 4516//4516 4554//4554 4553//4553
f 4451//4451 4555//4555 4516//4516
f 4556//4556 4557//4557 4558//4558
f 4559//4559 4560//4560 4561//4561
f 4560//4560 4562//4562 4561//4561
f 4560//4560 4563//4563 4562//4562
f 4564//4564 4556//4556 4565//4565
f 4564//4564 4557//4557 4556//4556
f 4560//4560 4564//4564 4563//4563
f 4560//4560 4566//4566 4564//4564
f 4566//4566 4567//4567 4564//4564
f 4567//4567 4568//4568 4564//4564
f 4568//4568 4569//4569 4564//4564
f 4569//4569 4570//4570 4564//4564
f 4570//4570 4571//4571 4564//4564
f 4571//4571 4572//4572 4564//4564
f 4572//4572 4573//4573 4564//4564
f 4573//4573 4574//4574 4564//4564
f 4574//4574 4575//4575 4564//4564
f 4575//4575 4576//4576 4564//4564
f 4576//4576 4577//4577 4564//4564
f 4577//4577 4578//4578 4564//4564
f 4578//4578 4579//4579 4564//4564
f 4579//4579 4580//4580 4564//4564
f 4580//4580 4581//4581 4564//4564
f 4581//4581 4582//4582 4564//4564
f 4582//4582 4583//4583 4564//4564
f 4583//4583 4584//4584 4564//4564
f 4584//4584 4585//4585 4564//4564
f 4585//4585 4586//4586 4564//4564
f 4586//4586 4587//4587 4564//4564
f 4587//4587 4588//4588 4564//4564
f 4588//4588 4557//4557 4564//4564
f 4559//4559 4589//4589 4560//4560
f 4590//4590 4591//4591 4592//4592
f 4593//4593 4591//4591 4590//4590
f 4594//4594 4591//4591 4593//4593
f 4594//4594 4595//4595 4591//4591
f 4596//4596 4595//4595 4594//4594
f 4597//4597 4595//4595 4596//4596
f 4597//4597 4598//4598 4595//4595
f 4599//4599 4598//4598 4597//4597
f 4600//4600 4598//4598 4599//4599
f 4600//4600 4601//4601 4598//4598
f 4602//4602 4601//4601 4600//4600
f 4603//4603 4601//4601 4602//4602
f 4603//4603 4604//4604 4601//4601
f 4605//4605 4604//4604 4603//4603
f 4605//4605 4606//4606 4604//4604
f 4607//4607 4606//4606 4605//4605
f 4589//4589 4606//4606 4607//4607
f 4589//4589 4608//4608 4606//4606
f 4559//4559 4609//4609 4589//4589
f 4609//4609 4610//4610 4589//4589
f 4610//4610 4608//4608 4589//4589
f 4610//4610 4611//4611 4608//4608
f 4610//4610 4612//4612 4611//4611
f 4613//4613 4557//4557 4588//4588
f 4610//4610 4614//4614 4612//4612
f 4610//4610 4615//4615 4614//4614
f 4616//4616 4557//4557 4613//4613
f 4610//4610 4617//4617 4615//4615
f 4610//4610 4618//4618 4617//4617
f 4619//4619 4557//4557 4616//4616
f 4610//4610 4620//4620 4618//4618
f 4621//4621 4557//4557 4619//4619
f 4610//4610 4622//4622 4620//4620
f 4623//4623 4557//4557 4621//4621
f 4610//4610 4624//4624 4622//4622
f 4625//4625 4557//4557 4623//4623
f 4610//4610 4626//4626 4624//4624
f 4627//4627 4628//4628 4625//4625
f 4628//4628 4557//4557 4625//4625
f 4610//4610 4629//4629 4626//4626
f 4610//4610 4630//4630 4629//4629
f 4631//4631 4632//4632 4627//4627
f 4632//4632 4628//4628 4627//4627
f 4610//4610 4633//4633 4630//4630
f 4634//4634 4635//4635 4631//4631
f 4635//4635 4632//4632 4631//4631
f 4610//4610 4636//4636 4633//4633
f 4610//4610 4637//4637 4636//4636
f 4610//4610 4638//4638 4637//4637
f 4639//4639 4640//4640 4634//4634
f 4640//4640 4635//4635 4634//4634
f 4609//4609 4641//4641 4610//4610
f 4642//4642 4643//4643 4639//4639
f 4643//4643 4640//4640 4639//4639
f 4644//4644 4645//4645 4642//4642
f 4645//4645 4646//4646 4642//4642
f 4646//4646 4643//4643 4642//4642
f 4647//4647 4648//4648 4644//4644
f 4648//4648 4649//4649 4644//4644
f 4649//4649 4650//4650 4644//4644
f 4650//4650 4645//4645 4644//4644
f 4641//4641 4651//4651 4652//4652
f 4609//4609 4651//4651 4641//4641
f 4609//4609 4653//4653 4651//4651
f 4609//4609 4654//4654 4653//4653
f 4609//4609 4655//4655 4654//4654
f 4609//4609 4656//4656 4655//4655
f 4609//4609 4657//4657 4656//4656
f 4609//4609 4658//4658 4657//4657
f 4609//4609 4659//4659 4658//4658
f 4609//4609 4660//4660 4659//4659
f 4661//4661 4557//4557 4628//4628
f 4609//4609 4662//4662 4660//4660
f 4663//4663 4557//4557 4661//4661
f 4609//4609 4664//4664 4662//4662
f 4609//4609 4665//4665 4664//4664
f 4609//4609 4666//4666 4665//4665
f 4609//4609 4667//4667 4666//4666
f 4609//4609 4668//4668 4667//4667
f 4559//4559 4669//4669 4609//4609
f 4670//4670 4668//4668 4609//4609
f 4670//4670 4671//4671 4668//4668
f 4672//4672 4671//4671 4670//4670
f 4672//4672 4673//4673 4671//4671
f 4674//4674 4673//4673 4672//4672
f 4674//4674 4675//4675 4673//4673
f 4676//4676 4675//4675 4674//4674
f 4677//4677 4675//4675 4676//4676
f 4677//4677 4678//4678 4675//4675
f 4679//4679 4678//4678 4677//4677
f 4679//4679 4680//4680 4678//4678
f 4681//4681 4680//4680 4679//4679
f 4682//4682 4680//4680 4681//4681
f 4682//4682 4683//4683 4680//4680
f 4684//4684 4683//4683 4682//4682
f 4684//4684 4685//4685 4683//4683
f 4686//4686 4685//4685 4684//4684
f 4687//4687 4685//4685 4686//4686
f 4687//4687 4688//4688 4685//4685
f 4689//4689 4690//4690 4691//4691
f 4692//4692 4693//4693 4694//4694
f 4695//4695 4693//4693 4692//4692
f 4696//4696 4693//4693 4695//4695
f 4697//4697 4693//4693 4696//4696
f 4698//4698 4693//4693 4697//4697
f 4699//4699 4693//4693 4698//4698
f 4700//4700 4693//4693 4699//4699
f 4701//4701 4693//4693 4700//4700
f 4702//4702 4693//4693 4701//4701
f 4689//4689 4703//4703 4690//4690
f 4689//4689 4704//4704 4703//4703
f 4705//4705 4706//4706 4702//4702
f 4706//4706 4693//4693 4702//4702
f 4689//4689 4707//4707 4704//4704
f 4689//4689 4708//4708 4707//4707
f 4689//4689 4709//4709 4708//4708
f 4710//4710 4706//4706 4705//4705
f 4689//4689 4711//4711 4709//4709
f 4689//4689 4712//4712 4711//4711
f 4713//4713 4706//4706 4710//4710
f 4689//4689 4714//4714 4712//4712
f 4689//4689 4715//4715 4714//4714
f 4689//4689 4716//4716 4715//4715
f 4716//4716 4717//4717 4715//4715
f 4718//4718 4706//4706 4713//4713
f 4716//4716 4719//4719 4717//4717
f 4716//4716 4718//4718 4719//4719
f 4716//4716 4720//4720 4718//4718
f 4720//4720 4721//4721 4718//4718
f 4721//4721 4706//4706 4718//4718
f 4722//4722 4706//4706 4721//4721
f 4723//4723 4706//4706 4722//4722
f 4689//4689 4724//4724 4716//4716
f 4725//4725 4726//4726 4727//4727
f 4725//4725 4728//4728 4726//4726
f 4729//4729 4730//4730 4731//4731
f 4732//4732 4733//4733 4734//4734
f 4729//4729 4735//4735 4730//4730
f 4729//4729 4736//4736 4735//4735
f 4729//4729 4737//4737 4736//4736
f 4737//4737 4738//4738 4736//4736
f 4739//4739 4733//4733 4732//4732
f 4740//4740 4733//4733 4739//4739
f 4737//4737 4741//4741 4738//4738
f 4742//4742 4733//4733 4740//4740
f 4737//4737 4743//4743 4741//4741
f 4744//4744 4733//4733 4742//4742
f 4737//4737 4745//4745 4743//4743
f 4746//4746 4733//4733 4744//4744
f 4737//4737 4747//4747 4745//4745
f 4748//4748 4733//4733 4746//4746
f 4737//4737 4749//4749 4747//4747
f 4750//4750 4733//4733 4748//4748
f 4737//4737 4751//4751 4749//4749
f 4752//4752 4733//4733 4750//4750
f 4737//4737 4753//4753 4751//4751
f 4754//4754 4733//4733 4752//4752
f 4737//4737 4755//4755 4753//4753
f 4756//4756 4757//4757 4754//4754
f 4757//4757 4733//4733 4754//4754
f 4737//4737 4758//4758 4755//4755
f 4758//4758 4759//4759 4755//4755
f 4760//4760 4761//4761 4756//4756
f 4761//4761 4757//4757 4756//4756
f 4758//4758 4762//4762 4759//4759
f 4762//4762 4761//4761 4760//4760
f 4758//4758 4761//4761 4762//4762
f 4737//4737 4763//4763 4758//4758
f 4764//4764 4757//4757 4761//4761
f 4765//4765 4764//4764 4766//4766
f 4765//4765 4767//4767 4764//4764
f 4767//4767 4768//4768 4764//4764
f 4768//4768 4769//4769 4764//4764
f 4769//4769 4770//4770 4764//4764
f 4770//4770 4771//4771 4764//4764
f 4771//4771 4772//4772 4764//4764
f 4772//4772 4773//4773 4764//4764
f 4773//4773 4774//4774 4764//4764
f 4774//4774 4775//4775 4764//4764
f 4775//4775 4776//4776 4764//4764
f 4776//4776 4757//4757 4764//4764
f 4777//4777 4778//4778 4779//4779
f 4777//4777 4780//4780 4778//4778
f 4763//4763 4780//4780 4777//4777
f 4763//4763 4781//4781 4780//4780
f 4737//4737 4781//4781 4763//4763
f 4737//4737 4782//4782 4781//4781
f 4737//4737 4783//4783 4782//4782
f 4737//4737 4784//4784 4783//4783
f 4737//4737 4785//4785 4784//4784
f 4737//4737 4786//4786 4785//4785
f 4737//4737 4787//4787 4786//4786
f 4737//4737 4788//4788 4787//4787
f 4737//4737 4789//4789 4788//4788
f 4737//4737 4790//4790 4789//4789
f 4737//4737 4791//4791 4790//4790
f 4737//4737 4792//4792 4791//4791
f 4737//4737 4793//4793 4792//4792
f 4794//4794 4793//4793 4737//4737
f 4794//4794 4795//4795 4793//4793
f 4796//4796 4795//4795 4794//4794
f 4796//4796 4797//4797 4795//4795
f 4798//4798 4797//4797 4796//4796
f 4799//4799 4797//4797 4798//4798
f 4799//4799 4800//4800 4797//4797
f 4801//4801 4800//4800 4799//4799
f 4802//4802 4800//4800 4801//4801
f 4802//4802 4803//4803 4800//4800
f 4804//4804 4803//4803 4802//4802
f 4804//4804 4805//4805 4803//4803
f 4806//4806 4805//4805 4804//4804
f 4807//4807 4805//4805 4806//4806
f 4807//4807 4808//4808 4805//4805
f 4809//4809 4808//4808 4807//4807
f 4810//4810 4808//4808 4809//4809
f 4810//4810 4811//4811 4808//4808
f 4812//4812 4813//4813 4814//4814
f 4815//4815 4816//4816 4812//4812
f 4816//4816 4813//4813 4812//4812
f 4817//4817 4818//4818 4819//4819
f 4818//4818 4820//4820 4819//4819
f 4817//4817 4821//4821 4818//4818
f 4821//4821 4815//4815 4818//4818
f 4821//4821 4822//4822 4815//4815
f 4822//4822 4823//4823 4815//4815
f 4823//4823 4824//4824 4815//4815
f 4824//4824 4825//4825 4815//4815
f 4825//4825 4826//4826 4815//4815
f 4826//4826 4827//4827 4815//4815
f 4827//4827 4828//4828 4815//4815
f 4828//4828 4829//4829 4815//4815
f 4829//4829 4830//4830 4815//4815
f 4830//4830 4831//4831 4815//4815
f 4831//4831 4832//4832 4815//4815
f 4832//4832 4833//4833 4815//4815
f 4833//4833 4834//4834 4815//4815
f 4834//4834 4816//4816 4815//4815
f 4835//4835 4834//4834 4833//4833
f 4836//4836 4837//4837 4835//4835
f 4837//4837 4834//4834 4835//4835
f 4838//4838 4839//4839 4836//4836
f 4839//4839 4837//4837 4836//4836
f 4840//4840 4839//4839 4838//4838
f 4841//4841 4842//4842 4840//4840
f 4842//4842 4839//4839 4840//4840
f 4843//4843 4844//4844 4841//4841
f 4844//4844 4842//4842 4841//4841
f 4845//4845 4846//4846 4843//4843
f 4846//4846 4844//4844 4843//4843
f 4847//4847 4848//4848 4845//4845
f 4848//4848 4846//4846 4845//4845
f 4849//4849 4850//4850 4847//4847
f 4850//4850 4848//4848 4847//4847
f 4851//4851 4852//4852 4849//4849
f 4852//4852 4853//4853 4849//4849
f 4853//4853 4850//4850 4849//4849
f 4854//4854 4855//4855 4851//4851
f 4855//4855 4856//4856 4851//4851
f 4856//4856 4852//4852 4851//4851
f 4854//4854 4857//4857 4855//4855
f 4854//4854 4858//4858 4857//4857
f 4854//4854 4859//4859 4858//4858
f 4854//4854 4860//4860 4859//4859
f 4861//4861 4862//4862 4854//4854
f 4862//4862 4863//4863 4854//4854
f 4863//4863 4864//4864 4854//4854
f 4864//4864 4865//4865 4854//4854
f 4865//4865 4866//4866 4854//4854
f 4866//4866 4867//4867 4854//4854
f 4867//4867 4860//4860 4854//4854
f 4868//4868 4813//4813 4816//4816
f 4869//4869 4870//4870 4871//4871
f 4872//4872 4870//4870 4869//4869
f 4873//4873 4870//4870 4872//4872
f 4873//4873 4874//4874 4870//4870
f 4875//4875 4874//4874 4873//4873
f 4876//4876 4874//4874 4875//4875
f 4876//4876 4877//4877 4874//4874
f 4878//4878 4877//4877 4876//4876
f 4879//4879 4877//4877 4878//4878
f 4879//4879 4880//4880 4877//4877
f 4881//4881 4880//4880 4879//4879
f 4881//4881 4882//4882 4880//4880
f 4883//4883 4882//4882 4881//4881
f 4884//4884 4882//4882 4883//4883
f 4884//4884 4885//4885 4882//4882
f 4886//4886 4885//4885 4884//4884
f 4887//4887 4885//4885 4886//4886
f 4887//4887 4888//4888 4885//4885
f 4889//4889 4888//4888 4887//4887
f 4889//4889 4890//4890 4888//4888
f 4889//4889 4891//4891 4890//4890
f 4892//4892 4891//4891 4889//4889
f 4892//4892 4893//4893 4891//4891
f 4892//4892 4894//4894 4893//4893
f 4895//4895 4894//4894 4892//4892
f 4895//4895 4896//4896 4894//4894
f 4895//4895 4897//4897 4896//4896
f 4898//4898 4897//4897 4895//4895
f 4898//4898 4899//4899 4897//4897
f 4900//4900 4899//4899 4898//4898
f 4900//4900 4901//4901 4899//4899
f 4900//4900 4902//4902 4901//4901
f 4903//4903 4902//4902 4900//4900
f 4903//4903 4904//4904 4902//4902
f 4905//4905 4904//4904 4903//4903
f 4905//4905 4906//4906 4904//4904
f 4907//4907 4906//4906 4905//4905
f 4907//4907 4908//4908 4906//4906
f 4909//4909 4908//4908 4907//4907
f 4909//4909 4910//4910 4908//4908
f 4909//4909 4911//4911 4910//4910
f 4912//4912 4911//4911 4909//4909
f 4912//4912 4913//4913 4911//4911
f 4914//4914 4913//4913 4912//4912
f 4914//4914 4915//4915 4913//4913
f 4916//4916 4915//4915 4914//4914
f 4917//4917 4918//4918 4919//4919
f 4917//4917 4920//4920 4918//4918
f 4921//4921 4922//4922 4923//4923
f 4917//4917 4924//4924 4920//4920
f 4925//4925 4922//4922 4921//4921
f 4917//4917 4926//4926 4924//4924
f 4927//4927 4922//4922 4925//4925
f 4917//4917 4928//4928 4926//4926
f 4928//4928 4929//4929 4926//4926
f 4930//4930 4922//4922 4927//4927
f 4928//4928 4931//4931 4929//4929
f 4932//4932 4922//4922 4930//4930
f 4928//4928 4933//4933 4931//4931
f 4934//4934 4922//4922 4932//4932
f 4928//4928 4935//4935 4933//4933
f 4936//4936 4922//4922 4934//4934
f 4928//4928 4937//4937 4935//4935
f 4938//4938 4922//4922 4936//4936
f 4928//4928 4939//4939 4937//4937
f 4940//4940 4922//4922 4938//4938
f 4928//4928 4941//4941 4939//4939
f 4942//4942 4922//4922 4940//4940
f 4928//4928 4943//4943 4941//4941
f 4944//4944 4922//4922 4942//4942
f 4928//4928 4945//4945 4943//4943
f 4945//4945 4922//4922 4944//4944
f 4928//4928 4922//4922 4945//4945
f 4917//4917 4946//4946 4928//4928
f 4947//4947 4948//4948 4949//4949
f 4948//4948 4950//4950 4949//4949
f 4950//4950 4951//4951 4949//4949
f 4951//4951 4952//4952 4949//4949
f 4952//4952 4953//4953 4949//4949
f 4953//4953 4954//4954 4949//4949
f 4954//4954 4955//4955 4949//4949
f 4955//4955 4956//4956 4949//4949
f 4956//4956 4957//4957 4949//4949
f 4957//4957 4958//4958 4949//4949
f 4957//4957 4959//4959 4958//4958
f 4959//4959 4960//4960 4958//4958
f 4960//4960 4961//4961 4958//4958
f 4961//4961 4962//4962 4958//4958
f 4962//4962 4963//4963 4958//4958
f 4963//4963 4964//4964 4958//4958
f 4964//4964 4965//4965 4958//4958
f 4965//4965 4966//4966 4958//4958
f 4966//4966 4967//4967 4958//4958
f 4967//4967 4968//4968 4958//4958
f 4968//4968 4969//4969 4958//4958
f 4969//4969 4970//4970 4958//4958
f 4970//4970 4971//4971 4958//4958
f 4971//4971 4972//4972 4958//4958
f 4972//4972 4973//4973 4958//4958
f 4973//4973 4974//4974 4958//4958
f 4974//4974 4975//4975 4958//4958
f 4975//4975 4976//4976 4958//4958
f 4976//4976 4977//4977 4958//4958
f 4977//4977 4978//4978 4958//4958
f 4951//4951 4979//4979 4952//4952
f 4980//4980 4976//4976 4975//4975
f 4950//4950 4981//4981 4951//4951
f 4982//4982 4977//4977 4976//4976
f 4950//4950 4983//4983 4981//4981
f 4984//4984 4985//4985 4982//4982
f 4985//4985 4977//4977 4982//4982
f 4986//4986 4985//4985 4984//4984
f 4950//4950 4987//4987 4983//4983
f 4988//4988 4985//4985 4986//4986
f 4950//4950 4989//4989 4987//4987
f 4990//4990 4985//4985 4988//4988
f 4950//4950 4991//4991 4989//4989
f 4991//4991 4992//4992 4989//4989
f 4993//4993 4994//4994 4990//4990
f 4994//4994 4985//4985 4990//4990
f 4991//4991 4995//4995 4992//4992
f 4996//4996 4994//4994 4993//4993
f 4991//4991 4997//4997 4995//4995
f 4997//4997 4998//4998 4995//4995
f 4999//4999 5000//5000 4996//4996
f 5000//5000 4994//4994 4996//4996
f 4997//4997 5001//5001 4998//4998
f 5001//5001 5002//5002 4998//4998
f 5003//5003 5004//5004 4999//4999
f 5004//5004 5000//5000 4999//4999
f 5001//5001 5005//5005 5002//5002
f 5006//5006 5007//5007 5003//5003
f 5007//5007 5008//5008 5003//5003
f 5008//5008 5004//5004 5003//5003
f 5001//5001 5009//5009 5005//5005
f 5009//5009 5010//5010 5005//5005
f 5010//5010 5011//5011 5005//5005
f 5012//5012 5013//5013 5006//5006
f 5013//5013 5007//5007 5006//5006
f 5010//5010 5014//5014 5011//5011
f 5014//5014 5015//5015 5011//5011
f 5016//5016 5017//5017 5012//5012
f 5017//5017 5018//5018 5012//5012
f 5018//5018 5019//5019 5012//5012
f 5019//5019 5020//5020 5012//5012
f 5020//5020 5013//5013 5012//5012
f 5014//5014 5021//5021 5015//5015
f 5021//5021 5022//5022 5015//5015
f 5022//5022 5023//5023 5015//5015
f 5023//5023 5024//5024 5015//5015
f 5024//5024 5025//5025 5015//5015
f 5026//5026 4977//4977 4985//4985
f 5027//5027 5028//5028 5029//5029
f 5030//5030 5028//5028 5027//5027
f 5030//5030 5031//5031 5028//5028
f 5032//5032 5031//5031 5030//5030
f 5032//5032 5033//5033 5031//5031
f 5034//5034 5033//5033 5032//5032
f 5034//5034 5035//5035 5033//5033
f 5036//5036 5035//5035 5034//5034
f 5036//5036 5037//5037 5035//5035
f 5038//5038 5037//5037 5036//5036
f 5038//5038 5039//5039 5037//5037
f 5040//5040 5039//5039 5038//5038
f 5040//5040 5041//5041 5039//5039
f 5042//5042 5041//5041 5040//5040
f 5042//5042 5043//5043 5041//5041
f 5044//5044 5043//5043 5042//5042
f 5044//5044 5045//5045 5043//5043
f 5046//5046 5045//5045 5044//5044
f 5046//5046 5047//5047 5045//5045
f 5048//5048 5047//5047 5046//5046
f 5048//5048 5049//5049 5047//5047
f 5050//5050 5049//5049 5048//5048
f 5050//5050 5051//5051 5049//5049
f 5052//5052 5051//5051 5050//5050
f 5052//5052 5053//5053 5051//5051
f 5052//5052 5054//5054 5053//5053
f 5055//5055 5054//5054 5052//5052
f 5055//5055 5056//5056 5054//5054
f 5057//5057 5056//5056 5055//5055
f 5057//5057 5058//5058 5056//5056
f 5059//5059 5058//5058 5057//5057
f 5059//5059 5060//5060 5058//5058
f 5061//5061 5060//5060 5059//5059
f 5061//5061 5062//5062 5060//5060
f 5063//5063 5062//5062 5061//5061
f 5063//5063 5064//5064 5062//5062
f 5065//5065 5064//5064 5063//5063
f 5065//5065 5066//5066 5064//5064
f 5067//5067 5066//5066 5065//5065
f 5067//5067 5068//5068 5066//5066
f 5069//5069 5068//5068 5067//5067
f 5069//5069 5070//5070 5068//5068
f 5071//5071 5070//5070 5069//5069
f 5071//5071 5072//5072 5070//5070
f 5073//5073 5072//5072 5071//5071
f 5073//5073 5074//5074 5072//5072
f 5075//5075 5076//5076 5077//5077
f 5078//5078 5076//5076 5075//5075
f 5078//5078 5079//5079 5076//5076
f 5080//5080 5079//5079 5078//5078
f 5080//5080 5081//5081 5079//5079
f 5082//5082 5081//5081 5080//5080
f 5082//5082 5083//5083 5081//5081
f 5084//5084 5083//5083 5082//5082
f 5084//5084 5085//5085 5083//5083
f 5086//5086 5085//5085 5084//5084
f 5086//5086 5087//5087 5085//5085
f 5088//5088 5087//5087 5086//5086
f 5088//5088 5089//5089 5087//5087
f 5090//5090 5089//5089 5088//5088
f 5090//5090 5091//5091 5089//5089
f 5092//5092 5091//5091 5090//5090
f 5092//5092 5093//5093 5091//5091
f 5094//5094 5093//5093 5092//5092
f 5094//5094 5095//5095 5093//5093
f 5096//5096 5095//5095 5094//5094
f 5096//5096 5097//5097 5095//5095
f 5098//5098 5097//5097 5096//5096
f 5098//5098 5099//5099 5097//5097
f 5100//5100 5099//5099 5098//5098
f 5100//5100 5101//5101 5099//5099
f 5102//5102 5101//5101 5100//5100
f 5102//5102 5103//5103 5101//5101
f 5104//5104 5103//5103 5102//5102
f 5104//5104 5105//5105 5103//5103
f 5106//5106 5105//5105 5104//5104
f 5106//5106 5107//5107 5105//5105
f 5108//5108 5107//5107 5106//5106
f 5108//5108 5109//5109 5107//5107
f 5110//5110 5109//5109 5108//5108
f 5110//5110 5111//5111 5109//5109
f 5112//5112 5111//5111 5110//5110
f 5112//5112 5113//5113 5111//5111
f 5114//5114 5113//5113 5112//5112
f 5114//5114 5115//5115 5113//5113
f 5116//5116 5115//5115 5114//5114
f 5116//5116 5117//5117 5115//5115
f 5118//5118 5117//5117 5116//5116
f 5118//5118 5119//5119 5117//5117
f 5120//5120 5119//5119 5118//5118
f 5120//5120 5121//5121 5119//5119
f 5122//5122 5121//5121 5120//5120
