o king
v -0.082348086 0.0 0.1988061
v -0.15215953 0.0 0.15215965
v 0.0 0.0 0.0
v -0.19880593 0.0 0.082348205
v -0.21518621 0.0 0.0
v 0.0 0.0 0.21518615
v -0.025992423 0.8358187 0.008467312
v -0.026384473 0.834053 0.008467312
v -0.010789112 0.8379802 0.008467312
v -0.0018201082 0.8690188 0.006058576
v -0.009677392 0.8538195 0.006058576
v -0.004990585 0.8538195 0.006058576
v 0.082348086 0.0 0.1988061
v 0.15215953 0.0 0.15215965
v 0.19880605 0.0 0.082348205
v 0.21518621 0.0 0.0
v 0.025992423 0.8358187 0.008467312
v 0.010789112 0.8379802 0.008467312
v 0.026384473 0.834053 0.008467312
v 0.0018201082 0.8690188 0.006058576
v 0.004990585 0.8538195 0.006058576
v 0.009677392 0.8538195 0.006058576
v -0.082348086 0.0 -0.1988061
v -0.15215953 0.0 -0.15215965
v -0.19880593 0.0 -0.082348205
v 0.0 0.0 -0.21518615
v -0.025992423 0.8358187 -0.008467312
v -0.010789112 0.8379802 -0.008467312
v -0.026384473 0.834053 -0.008467312
v -0.0018201082 0.8690188 -0.006058576
v -0.004990585 0.8538195 -0.006058576
v -0.009677392 0.8538195 -0.006058576
v -0.002317643 0.86967134 -0.008467312
v -0.011581354 0.8538195 -0.008266577
v -0.011581354 0.8538195 -0.008467312
v 0.082348086 0.0 -0.1988061
v 0.15215953 0.0 -0.15215965
v 0.19880605 0.0 -0.082348205
v 0.025992423 0.8358187 -0.008467312
v 0.026384473 0.834053 -0.008467312
v 0.010789112 0.8379802 -0.008467312
v 0.0018201082 0.8690188 -0.006058576
v 0.009677392 0.8538195 -0.006058576
v 0.004990585 0.8538195 -0.006058576
v 0.002317643 0.86967134 -0.008467312
v 0.011581354 0.8538195 -0.008467312
v 0.011581354 0.8538195 -0.008266577
v -0.008530783 0.8285124 -0.02059525
v -0.015762951 0.8285124 -0.015762921
v 0.0 0.8285124 0.0
v 0.0 0.8285124 0.022292137
v 0.008530783 0.8285124 0.02059525
v 0.008530783 0.8285124 -0.02059525
v 0.0 0.8285124 -0.022292137
v 0.02059525 0.8285124 0.008530841
v 0.02229208 0.8285124 0.0
v 0.02059525 0.8285124 -0.008530841
v 0.015762951 0.8285124 0.015762921
v 0.015762951 0.8285124 -0.015762921
v -0.008530783 0.8285124 0.02059525
v -0.02229208 0.8285124 0.0
v -0.02059525 0.8285124 0.008530841
v -0.02059525 0.8285124 -0.008530841
v -0.015762951 0.8285124 0.015762921
v -0.08206734 0.057086382 0.1981282
v 0.0 0.057086382 0.21445242
v 0.0 0.07901689 0.17219985
v -0.06589803 0.07901689 0.15909193
v -0.15164071 0.057086382 0.15164077
v -0.12176372 0.07901689 0.12176372
v -0.19812813 0.057086382 0.08206739
v -0.159092 0.07901689 0.06589809
v -0.21445236 0.057086382 0.0
v -0.17220002 0.07901689 0.0
v 0.0 0.0046905875 0.21999228
v 0.0 0.05208289 0.21999228
v -0.08418739 0.05208289 0.20324636
v -0.08418739 0.0046905875 0.20324636
v -0.2032463 0.0046905875 0.08418745
v -0.2032463 0.05208289 0.08418745
v -0.21999222 0.05208289 0.0
v -0.21999222 0.0046905875 0.0
v -0.15555806 0.05208289 0.15555806
v -0.15555806 0.0046905875 0.15555806
v -0.06589803 0.07901689 0.15909193
v 0.0 0.07901689 0.17219985
v 0.0 0.090429716 0.18931706
v -0.07244845 0.090429716 0.17490616
v -0.12176372 0.07901689 0.12176372
v -0.13386738 0.090429716 0.13386744
v -0.159092 0.07901689 0.06589809
v -0.1749061 0.090429716 0.0724485
v -0.17220002 0.07901689 0.0
v -0.18931718 0.090429716 0.0
v -0.13861932 0.13872068 0.057418015
v -0.10609463 0.13872068 0.10609463
v -0.0917502 0.15662391 0.0917502
v -0.119877435 0.15662391 0.049654875
v -0.1500404 0.13872068 0.0
v -0.12975441 0.15662391 0.0
v -0.057417955 0.13872068 0.13861926
v 0.0 0.13872068 0.1500404
v 0.0 0.15662391 0.12975435
v -0.049654875 0.15662391 0.11987738
v -0.044988073 0.17642878 0.10861068
v 0.0 0.17642878 0.11755933
v 0.0 0.18320414 0.100859225
v -0.038597107 0.18320414 0.093181804
v -0.083127074 0.17642878 0.083127014
v -0.07131823 0.18320414 0.07131823
v -0.10861068 0.17642878 0.044988014
v -0.093181744 0.18320414 0.038597167
v -0.11755933 0.17642878 0.0
v -0.100859225 0.18320414 0.0
v -0.045562364 0.3164676 0.045562364
v -0.024658104 0.3164676 0.059530098
v -0.021255722 0.39217576 0.05131594
v -0.03927549 0.39217576 0.03927555
v 0.0 0.3164676 0.06443491
v 0.0 0.39217576 0.055544
v -0.06443485 0.3164676 0.0
v -0.059530098 0.3164676 0.024658162
v -0.051316 0.39217576 0.021255782
v -0.055544 0.39217576 0.0
v -0.07484715 0.2412947 0.031002723
v -0.05728549 0.2412947 0.05728549
v -0.08101389 0.2412947 0.0
v -0.031002663 0.2412947 0.074847095
v 0.0 0.2412947 0.08101394
v -0.024029266 0.5385735 0.058011904
v 0.0 0.5385735 0.06279158
v 0.0 0.54017115 0.10811908
v -0.0413753 0.54017115 0.09988899
v -0.044400405 0.5385735 0.044400405
v -0.07645175 0.54017115 0.07645175
v -0.058011904 0.5385735 0.024029324
v -0.09988905 0.54017115 0.04137542
v -0.06279164 0.5385735 0.0
v -0.10811908 0.54017115 0.0
v -0.09305172 0.57792264 0.038543317
v -0.07121868 0.57792264 0.07121874
v -0.06352422 0.5796681 0.06352422
v -0.08299844 0.5796681 0.03437905
v -0.04445972 0.5466308 0.10733532
v 0.0 0.5466308 0.1161789
v 0.0 0.5539643 0.119366355
v -0.04567948 0.5539643 0.11028012
v -0.08215084 0.54663086 0.0821509
v -0.08440475 0.5539644 0.08440481
v -0.10733532 0.54663086 0.044459775
v -0.11028018 0.5539644 0.04567954
v -0.11617884 0.54663086 0.0
v -0.119366296 0.5539644 0.0
v -0.108196415 0.5754749 0.0
v -0.099960454 0.5754749 0.04140502
v -0.100718506 0.57792264 0.0
v -0.07650641 0.5754749 0.07650647
v -0.04140496 0.5754749 0.09996051
v -0.03854326 0.57792264 0.09305178
v 0.0 0.5754749 0.108196475
v 0.0 0.57792264 0.100718446
v -0.11028018 0.56253177 0.04567954
v -0.119366296 0.5625318 0.0
v -0.08440475 0.5625318 0.08440475
v -0.04567948 0.5625318 0.11028012
v 0.0 0.5625318 0.119366355
v 0.0 0.5694665 0.1156745
v -0.04426666 0.5694665 0.1068693
v -0.08179415 0.5694665 0.0817942
v -0.1068693 0.5694665 0.044266716
v -0.11567444 0.5694665 0.0
v -0.10811908 0.54017115 0.0
v -0.09988905 0.54017115 0.04137542
v -0.07645175 0.54017115 0.07645175
v -0.0413753 0.54017115 0.09988899
v 0.0 0.54017115 0.10811908
v -0.027927205 0.5990599 0.06742227
v 0.0 0.5990599 0.07297732
v 0.0 0.60084105 0.063881956
v -0.024446553 0.60084105 0.059019245
v -0.08983681 0.5796681 0.0
v 0.0 0.5796681 0.08983681
v -0.034378994 0.5796681 0.08299839
v -0.0516028 0.5990599 0.0516028
v -0.04517136 0.60084105 0.04517142
v -0.06742227 0.5990599 0.027927205
v -0.059019305 0.60084105 0.02444661
v -0.07297727 0.5990599 0.0
v -0.063881956 0.60084105 0.0
v -0.08916902 0.5865883 0.0
v -0.082381465 0.5865883 0.03412354
v -0.07744857 0.5935086 0.032080248
v -0.08382964 0.5935086 0.0
v -0.063052036 0.5865883 0.063052036
v -0.059276562 0.5935086 0.059276562
v -0.03412348 0.5865883 0.08238141
v -0.032080192 0.5935086 0.07744857
v 0.0 0.5865883 0.08916902
v 0.0 0.5935086 0.0838297
v -0.034378994 0.5796681 0.08299839
v 0.0 0.5796681 0.08983681
v 0.0 0.5865883 0.08916902
v -0.03412348 0.5865883 0.08238141
v -0.06352422 0.5796681 0.06352422
v -0.063052036 0.5865883 0.063052036
v -0.08299844 0.5796681 0.03437905
v -0.082381465 0.5865883 0.03412354
v -0.08983681 0.5796681 0.0
v -0.08916902 0.5865883 0.0
v -0.07033898 0.63043755 0.0
v -0.064984724 0.63043755 0.026917597
v -0.059019305 0.63220847 0.02444661
v -0.063881956 0.63220847 0.0
v -0.024036476 0.6154557 0.05802941
v 0.0 0.6154557 0.06281053
v 0.0 0.61742955 0.063881956
v -0.024446553 0.61742955 0.059019245
v -0.04441378 0.6154557 0.04441378
v -0.04517136 0.61742955 0.04517142
v -0.05802935 0.6154557 0.024036592
v -0.059019305 0.61742955 0.02444661
v -0.06281059 0.6154557 0.0
v -0.063881956 0.61742955 0.0
v -0.026917597 0.63043755 0.06498478
v 0.0 0.63043755 0.07033898
v 0.0 0.63220847 0.063881956
v -0.024446553 0.63220847 0.059019245
v -0.049737215 0.63043755 0.049737215
v -0.04517136 0.63220847 0.04517142
v -0.06715094 0.620351 0.0278148
v -0.051395085 0.620351 0.051395085
v -0.052483313 0.6233562 0.05248337
v -0.06857272 0.6233562 0.028403806
v -0.027814742 0.620351 0.06715094
v -0.028403688 0.6233562 0.068572775
v 0.0 0.620351 0.0726836
v 0.0 0.6233562 0.07422262
v -0.0726836 0.620351 0.0
v -0.07422262 0.6233562 0.0
v -0.06857272 0.6233562 0.028403806
v -0.052483313 0.6233562 0.05248337
v -0.05222594 0.62778234 0.05222594
v -0.06823638 0.62778234 0.028264476
v -0.028403688 0.6233562 0.068572775
v -0.028264476 0.62778234 0.06823643
v 0.0 0.6233562 0.07422262
v 0.0 0.62778234 0.07385859
v -0.07422262 0.6233562 0.0
v -0.07385859 0.62778234 0.0
v -0.06828278 0.61823076 0.0
v -0.063085064 0.61823076 0.026130706
v -0.06715094 0.620351 0.0278148
v -0.0726836 0.620351 0.0
v -0.026130706 0.61823076 0.063085124
v 0.0 0.61823076 0.06828278
v 0.0 0.620351 0.0726836
v -0.027814742 0.620351 0.06715094
v -0.048283223 0.61823076 0.048283283
v -0.051395085 0.620351 0.051395085
v -0.059019305 0.61742955 0.02444661
v -0.04517136 0.61742955 0.04517142
v -0.024446553 0.61742955 0.059019245
v 0.0 0.61742955 0.063881956
v -0.063881956 0.61742955 0.0
v -0.06823638 0.62778234 0.028264476
v -0.05222594 0.62778234 0.05222594
v -0.028264476 0.62778234 0.06823643
v 0.0 0.62778234 0.07385859
v -0.07385859 0.62778234 0.0
v -0.08455688 0.76970917 0.08455693
v -0.04576182 0.76970917 0.11047894
v -0.04534721 0.77369046 0.10947799
v -0.08379068 0.77369046 0.0837908
v -0.11047894 0.76970917 0.04576188
v -0.10947794 0.77369046 0.045347266
v -0.11958145 0.76970917 0.0
v -0.118498 0.77369046 0.0
v 0.0 0.76970917 0.11958151
v 0.0 0.77369046 0.11849805
v -0.014188469 0.8048165 0.03425403
v 0.0 0.8048165 0.037076302
v 0.0 0.8173031 0.037076302
v -0.014188469 0.8173031 0.03425403
v -0.026216883 0.8048165 0.026216883
v -0.026216883 0.8173031 0.026216883
v -0.03425397 0.8048165 0.014188469
v -0.03425397 0.8173031 0.014188469
v -0.037076242 0.8048165 0.0
v -0.037076242 0.8173031 0.0
v 0.0 0.8235325 0.034863617
v -0.013341683 0.8235325 0.03220981
v -0.03220975 0.8235325 0.013341742
v -0.034863617 0.8235325 0.0
v -0.02465229 0.8235325 0.024652347
v -0.07131823 0.18320414 0.07131823
v -0.038597107 0.18320414 0.093181804
v 0.0 0.18320414 0.100859225
v -0.100859225 0.18320414 0.0
v -0.093181744 0.18320414 0.038597167
v -0.040069476 0.47045568 0.040069535
v -0.05235329 0.47045568 0.021685455
v -0.056666885 0.47045568 0.0
v 0.0 0.47045568 0.05666683
v -0.021685455 0.47045568 0.052353345
v -0.024029266 0.5385735 0.058011904
v -0.044400405 0.5385735 0.044400405
v 0.0 0.5385735 0.06279158
v -0.058011904 0.5385735 0.024029324
v -0.06279164 0.5385735 0.0
v -0.11908624 0.16522479 0.0
v -0.11002129 0.16522479 0.04557231
v -0.10861068 0.17642878 0.044988014
v -0.11755933 0.17642878 0.0
v -0.08420669 0.16522479 0.08420669
v -0.083127074 0.17642878 0.083127014
v -0.045572367 0.16522479 0.11002129
v -0.044988073 0.17642878 0.10861068
v 0.0 0.16522479 0.11908618
v 0.0 0.17642878 0.11755933
v -0.13621305 0.10562361 0.13621311
v -0.07371798 0.10562361 0.17797093
v -0.069404036 0.12081744 0.16755624
v -0.12824203 0.12081744 0.12824203
v 0.0 0.10562361 0.19263437
v 0.0 0.12081744 0.18136157
v -0.19263431 0.10562361 0.0
v -0.17797087 0.10562361 0.07371798
v -0.16755624 0.12081744 0.069404095
v -0.18136151 0.12081744 0.0
v -0.1749061 0.090429716 0.0724485
v -0.13386738 0.090429716 0.13386744
v -0.13621305 0.10562361 0.13621311
v -0.17797087 0.10562361 0.07371798
v -0.18931718 0.090429716 0.0
v -0.19263431 0.10562361 0.0
v -0.07244845 0.090429716 0.17490616
v 0.0 0.090429716 0.18931706
v 0.0 0.10562361 0.19263437
v -0.07371798 0.10562361 0.17797093
v -0.08418739 0.05208289 0.20324636
v 0.0 0.05208289 0.21999228
v -0.15555806 0.05208289 0.15555806
v -0.2032463 0.05208289 0.08418745
v -0.21999222 0.05208289 0.0
v -0.15555806 0.0046905875 0.15555806
v -0.2032463 0.0046905875 0.08418745
v -0.19880593 0.0 0.082348205
v -0.15215953 0.0 0.15215965
v 0.0 0.0046905875 0.21999228
v -0.08418739 0.0046905875 0.20324636
v -0.082348086 0.0 0.1988061
v 0.0 0.0 0.21518615
v -0.21999222 0.0046905875 0.0
v -0.21518621 0.0 0.0
v -0.063881956 0.60084105 0.0
v -0.059019305 0.60084105 0.02444661
v -0.05802935 0.60291654 0.024036592
v -0.06281059 0.60291654 0.0
v -0.04517136 0.60084105 0.04517142
v -0.04441378 0.60291654 0.04441378
v -0.024446553 0.60084105 0.059019245
v -0.024036592 0.60291654 0.05802941
v 0.0 0.60084105 0.063881956
v 0.0 0.60291654 0.06281053
v -0.024446553 0.63220847 0.059019245
v 0.0 0.63220847 0.063881956
v 0.0 0.6344286 0.064086996
v -0.024525056 0.6344286 0.0592087
v -0.063881956 0.63220847 0.0
v -0.059019305 0.63220847 0.02444661
v -0.059208643 0.6344286 0.024525056
v -0.064086996 0.6344286 0.0
v -0.04517136 0.63220847 0.04517142
v -0.04531627 0.6344286 0.04531639
v -0.024525056 0.6344286 0.0592087
v 0.0 0.6344286 0.064086996
v 0.0 0.76970917 0.11958151
v -0.04576182 0.76970917 0.11047894
v -0.064086996 0.6344286 0.0
v -0.059208643 0.6344286 0.024525056
v -0.11047894 0.76970917 0.04576188
v -0.11958145 0.76970917 0.0
v -0.04531627 0.6344286 0.04531639
v -0.08455688 0.76970917 0.08455693
v -0.118498 0.77369046 0.0
v -0.10947794 0.77369046 0.045347266
v -0.03425397 0.8048165 0.014188469
v -0.037076242 0.8048165 0.0
v -0.08379068 0.77369046 0.0837908
v -0.026216883 0.8048165 0.026216883
v -0.04534721 0.77369046 0.10947799
v -0.014188469 0.8048165 0.03425403
v 0.0 0.77369046 0.11849805
v 0.0 0.8048165 0.037076302
v -0.011644738 0.8798041 0.008467312
v -0.005046991 0.8800136 0.008467312
v -0.0038425797 0.8966194 0.008467312
v -0.011522622 0.89513576 0.008467312
v 0.0 0.8800136 0.008467312
v 0.0 0.8966194 0.008467312
v -0.003493561 0.9042121 0.008467312
v 0.0 0.9042121 0.008467312
v -0.0022515843 0.8732729 0.008467312
v 0.0 0.8756718 0.008467312
v -0.00872989 0.94296116 0.008467312
v 0.0 0.9448462 0.008467312
v -0.023182247 0.93290734 0.008467312
v -0.02307746 0.935735 0.008467312
v -0.044424362 0.86493284 0.008467312
v -0.041282613 0.86493284 0.008467312
v -0.041282613 0.9069176 0.008467312
v -0.044424362 0.9069176 0.008467312
v -0.013095591 0.85414594 0.008467312
v -0.019238252 0.8406613 0.008467312
v -0.011581354 0.8538195 0.008467312
v 0.0 0.8389961 0.008467312
v 0.0 0.8428272 0.008467312
v -0.009697978 0.84199286 0.008467312
v -0.002317643 0.86967134 0.008467312
v 0.0 0.87207025 0.008467312
v -0.007000729 0.8448899 0.007477766
v -0.0152561115 0.8440318 0.0076145357
v 0.0 0.87207025 0.008467312
v -0.002317643 0.86967134 0.008467312
v -0.0018201082 0.8690188 0.006058576
v 0.0 0.8710754 0.006058576
v -0.011581354 0.8538195 0.008467312
v -0.009677392 0.8538195 0.006058576
v 0.0 0.84525484 0.007392052
v 0.0 0.8538195 0.006058576
v 0.0 0.8710754 0.006058576
v 0.0 0.84525484 0.007392052
v -0.007000729 0.8448899 0.007477766
v -0.0152561115 0.8440318 0.0076145357
v -0.019238252 0.8406613 0.008467312
v -0.0152561115 0.8440318 0.0076145357
v -0.023866327 0.8284878 0.008663627
v -0.005961116 0.8284878 0.008663627
v 0.0 0.8284878 0.008663627
v -0.04431271 0.85777074 -0.0014628029
v -0.048702955 0.8590539 -0.0015455509
v -0.044424362 0.86493284 -0.008467312
v -0.041282613 0.86493284 -0.008467312
v -0.026384473 0.834053 0.008467312
v -0.025992423 0.8358187 0.008467312
v -0.031969123 0.8355973 0.0016022185
v -0.031743966 0.8338606 0.0016677831
v -0.026384473 0.834053 -0.008467312
v -0.031743966 0.8338606 -0.001667754
v -0.031969238 0.8355973 -0.0016021894
v -0.025992423 0.8358187 -0.008467312
v -0.01883841 0.852922 0.001675866
v -0.013095591 0.85414594 0.008467312
v -0.009705189 0.87037355 -0.001606638
v -0.0022515843 0.8732729 -0.008467312
v -0.013095591 0.85414594 -0.008467312
v -0.01883841 0.852922 -0.001675837
v -0.015630018 0.8739784 -0.001608237
v -0.011644738 0.8798041 -0.008467312
v -0.005046991 0.8800136 -0.008467312
v -0.01101334 0.8745944 -0.0016825533
v -0.01101334 0.8745944 0.0016825824
v -0.009705189 0.87037355 0.0016066671
v -0.0022515843 0.8732729 0.008467312
v -0.005046991 0.8800136 0.008467312
v -0.048702955 0.913406 -0.0015455509
v -0.042705085 0.913406 -0.00154558
v -0.041282613 0.9069176 -0.008467312
v -0.044424362 0.9069176 -0.008467312
v -0.048702955 0.913406 -0.0015455509
v -0.044424362 0.9069176 -0.008467312
v -0.044424362 0.86493284 -0.008467312
v -0.048702955 0.8590539 -0.0015455509
v -0.009946629 0.8988282 0.0019773468
v -0.0038425797 0.8966194 0.008467312
v -0.003493561 0.9042121 0.008467312
v -0.00946305 0.903705 0.0020363405
v -0.01101334 0.8745944 -0.0016825533
v -0.005046991 0.8800136 -0.008467312
v -0.0022515843 0.8732729 -0.008467312
v -0.009705189 0.87037355 -0.001606638
v -0.014685307 0.8985197 -0.0018603773
v -0.009946629 0.8988282 -0.0019773177
v -0.0038425797 0.8966194 -0.008467312
v -0.011522622 0.89513576 -0.008467312
v -0.009946629 0.8988282 -0.0019773177
v -0.00946305 0.903705 -0.0020363114
v -0.003493561 0.9042121 -0.008467312
v -0.0038425797 0.8966194 -0.008467312
v -0.023866327 0.8284878 -0.008663627
v -0.025841698 0.8284878 -0.0018448802
v -0.031743966 0.8338606 -0.001667754
v -0.026384473 0.834053 -0.008467312
v -0.028758522 0.933278 -0.0021502571
v -0.028007802 0.9371325 -0.002212478
v -0.02307746 0.935735 -0.008467312
v -0.023182247 0.93290734 -0.008467312
v 0.0 0.95 -0.0020694572
v 0.0 0.9448462 -0.008467312
v -0.00872989 0.94296116 -0.008467312
v -0.009454677 0.9476789 -0.0021042312
v 0.08206734 0.057086382 0.1981282
v 0.06589803 0.07901689 0.15909193
v 0.0 0.07901689 0.17219985
v 0.0 0.057086382 0.21445242
v 0.15164071 0.057086382 0.15164077
v 0.12176372 0.07901689 0.12176372
v 0.19812825 0.057086382 0.08206739
v 0.159092 0.07901689 0.06589809
v 0.21445236 0.057086382 0.0
v 0.1721999 0.07901689 0.0
v 0.08418739 0.0046905875 0.20324636
v 0.08418739 0.05208289 0.20324636
v 0.20324641 0.0046905875 0.08418745
v 0.21999222 0.0046905875 0.0
v 0.21999222 0.05208289 0.0
v 0.20324641 0.05208289 0.08418745
v 0.15555806 0.0046905875 0.15555806
v 0.15555806 0.05208289 0.15555806
v 0.06589803 0.07901689 0.15909193
v 0.07244845 0.090429716 0.17490616
v 0.0 0.090429716 0.18931706
v 0.0 0.07901689 0.17219985
v 0.12176372 0.07901689 0.12176372
v 0.13386738 0.090429716 0.13386744
v 0.159092 0.07901689 0.06589809
v 0.1749061 0.090429716 0.0724485
v 0.1721999 0.07901689 0.0
v 0.18931706 0.090429716 0.0
v 0.13861932 0.13872068 0.057418015
v 0.119877435 0.15662391 0.049654875
v 0.0917502 0.15662391 0.0917502
v 0.10609463 0.13872068 0.10609463
v 0.1500404 0.13872068 0.0
v 0.12975441 0.15662391 0.0
v 0.057417955 0.13872068 0.13861926
v 0.049654875 0.15662391 0.11987738
v 0.0 0.15662391 0.12975435
v 0.0 0.13872068 0.1500404
v 0.044988073 0.17642878 0.10861068
v 0.038597107 0.18320414 0.093181804
v 0.0 0.18320414 0.100859225
v 0.0 0.17642878 0.11755933
v 0.083127074 0.17642878 0.083127014
v 0.07131823 0.18320414 0.07131823
v 0.10861068 0.17642878 0.044988014
v 0.093181744 0.18320414 0.038597167
v 0.11755933 0.17642878 0.0
v 0.100859225 0.18320414 0.0
v 0.045562364 0.3164676 0.045562364
v 0.03927549 0.39217576 0.03927555
v 0.021255722 0.39217576 0.05131594
v 0.024658104 0.3164676 0.059530098
v 0.0 0.39217576 0.055544
v 0.0 0.3164676 0.06443491
v 0.06443485 0.3164676 0.0
v 0.055544 0.39217576 0.0
v 0.051316 0.39217576 0.021255782
v 0.059530098 0.3164676 0.024658162
v 0.07484715 0.2412947 0.031002723
v 0.05728549 0.2412947 0.05728549
v 0.08101389 0.2412947 0.0
v 0.031002663 0.2412947 0.074847095
v 0.0 0.2412947 0.08101394
v 0.024029266 0.5385735 0.058011904
v 0.0413753 0.54017115 0.09988899
v 0.0 0.54017115 0.10811908
v 0.0 0.5385735 0.06279158
v 0.044400405 0.5385735 0.044400405
v 0.07645175 0.54017115 0.07645175
v 0.058011904 0.5385735 0.024029324
v 0.09988905 0.54017115 0.04137542
v 0.06279164 0.5385735 0.0
v 0.10811908 0.54017115 0.0
v 0.09305172 0.57792264 0.038543317
v 0.08299844 0.5796681 0.03437905
v 0.06352422 0.5796681 0.06352422
v 0.07121868 0.57792264 0.07121874
v 0.04445972 0.5466308 0.10733532
v 0.04567948 0.5539643 0.11028012
v 0.0 0.5539643 0.119366355
v 0.0 0.5466308 0.1161789
v 0.08215084 0.54663086 0.0821509
v 0.08440475 0.5539644 0.08440481
v 0.10733532 0.54663086 0.044459775
v 0.11028018 0.5539644 0.04567954
v 0.11617884 0.54663086 0.0
v 0.119366296 0.5539644 0.0
v 0.108196415 0.5754749 0.0
v 0.100718506 0.57792264 0.0
v 0.099960454 0.5754749 0.04140502
v 0.07650641 0.5754749 0.07650647
v 0.03854326 0.57792264 0.09305178
v 0.04140496 0.5754749 0.09996051
v 0.0 0.57792264 0.100718446
v 0.0 0.5754749 0.108196475
v 0.11028018 0.56253177 0.04567954
v 0.119366296 0.5625318 0.0
v 0.08440475 0.5625318 0.08440475
v 0.04567948 0.5625318 0.11028012
v 0.0 0.5625318 0.119366355
v 0.04426666 0.5694665 0.1068693
v 0.0 0.5694665 0.1156745
v 0.08179415 0.5694665 0.0817942
v 0.1068693 0.5694665 0.044266716
v 0.11567444 0.5694665 0.0
v 0.10811908 0.54017115 0.0
v 0.09988905 0.54017115 0.04137542
v 0.07645175 0.54017115 0.07645175
v 0.0413753 0.54017115 0.09988899
v 0.0 0.54017115 0.10811908
v 0.027927205 0.5990599 0.06742227
v 0.024446553 0.60084105 0.059019245
v 0.0 0.60084105 0.063881956
v 0.0 0.5990599 0.07297732
v 0.08983681 0.5796681 0.0
v 0.034378994 0.5796681 0.08299839
v 0.0 0.5796681 0.08983681
v 0.0516028 0.5990599 0.0516028
v 0.04517136 0.60084105 0.04517142
v 0.06742227 0.5990599 0.027927205
v 0.059019305 0.60084105 0.02444661
v 0.07297727 0.5990599 0.0
v 0.063881956 0.60084105 0.0
v 0.08916902 0.5865883 0.0
v 0.08382964 0.5935086 0.0
v 0.07744857 0.5935086 0.032080248
v 0.082381465 0.5865883 0.03412354
v 0.059276562 0.5935086 0.059276562
v 0.063052036 0.5865883 0.063052036
v 0.032080192 0.5935086 0.07744857
v 0.03412348 0.5865883 0.08238141
v 0.0 0.5935086 0.0838297
v 0.0 0.5865883 0.08916902
v 0.034378994 0.5796681 0.08299839
v 0.03412348 0.5865883 0.08238141
v 0.0 0.5865883 0.08916902
v 0.0 0.5796681 0.08983681
v 0.06352422 0.5796681 0.06352422
v 0.063052036 0.5865883 0.063052036
v 0.08299844 0.5796681 0.03437905
v 0.082381465 0.5865883 0.03412354
v 0.08983681 0.5796681 0.0
v 0.08916902 0.5865883 0.0
v 0.07033898 0.63043755 0.0
v 0.063881956 0.63220847 0.0
v 0.059019305 0.63220847 0.02444661
v 0.064984724 0.63043755 0.026917597
v 0.024036476 0.6154557 0.05802941
v 0.024446553 0.61742955 0.059019245
v 0.0 0.61742955 0.063881956
v 0.0 0.6154557 0.06281053
v 0.04441378 0.6154557 0.04441378
v 0.04517136 0.61742955 0.04517142
v 0.05802935 0.6154557 0.024036592
v 0.059019305 0.61742955 0.02444661
v 0.06281059 0.6154557 0.0
v 0.063881956 0.61742955 0.0
v 0.026917597 0.63043755 0.06498478
v 0.024446553 0.63220847 0.059019245
v 0.0 0.63220847 0.063881956
v 0.0 0.63043755 0.07033898
v 0.049737215 0.63043755 0.049737215
v 0.04517136 0.63220847 0.04517142
v 0.06715094 0.620351 0.0278148
v 0.06857272 0.6233562 0.028403806
v 0.052483313 0.6233562 0.05248337
v 0.051395085 0.620351 0.051395085
v 0.028403688 0.6233562 0.068572775
v 0.027814742 0.620351 0.06715094
v 0.0 0.6233562 0.07422262
v 0.0 0.620351 0.0726836
v 0.0726836 0.620351 0.0
v 0.07422262 0.6233562 0.0
v 0.06857272 0.6233562 0.028403806
v 0.06823638 0.62778234 0.028264476
v 0.05222594 0.62778234 0.05222594
v 0.052483313 0.6233562 0.05248337
v 0.028264476 0.62778234 0.06823643
v 0.028403688 0.6233562 0.068572775
v 0.0 0.62778234 0.07385859
v 0.0 0.6233562 0.07422262
v 0.07422262 0.6233562 0.0
v 0.07385859 0.62778234 0.0
v 0.06828278 0.61823076 0.0
v 0.0726836 0.620351 0.0
v 0.06715094 0.620351 0.0278148
v 0.063085064 0.61823076 0.026130706
v 0.026130706 0.61823076 0.063085124
v 0.027814742 0.620351 0.06715094
v 0.0 0.620351 0.0726836
v 0.0 0.61823076 0.06828278
v 0.048283223 0.61823076 0.048283283
v 0.051395085 0.620351 0.051395085
v 0.059019305 0.61742955 0.02444661
v 0.04517136 0.61742955 0.04517142
v 0.024446553 0.61742955 0.059019245
v 0.0 0.61742955 0.063881956
v 0.063881956 0.61742955 0.0
v 0.06823638 0.62778234 0.028264476
v 0.05222594 0.62778234 0.05222594
v 0.028264476 0.62778234 0.06823643
v 0.0 0.62778234 0.07385859
v 0.07385859 0.62778234 0.0
v 0.08455688 0.76970917 0.08455693
v 0.08379068 0.77369046 0.0837908
v 0.04534721 0.77369046 0.10947799
v 0.04576182 0.76970917 0.11047894
v 0.11047894 0.76970917 0.04576188
v 0.10947794 0.77369046 0.045347266
v 0.11958145 0.76970917 0.0
v 0.118498 0.77369046 0.0
v 0.0 0.77369046 0.11849805
v 0.0 0.76970917 0.11958151
v 0.014188469 0.8048165 0.03425403
v 0.014188469 0.8173031 0.03425403
v 0.0 0.8173031 0.037076302
v 0.0 0.8048165 0.037076302
v 0.026216883 0.8048165 0.026216883
v 0.026216883 0.8173031 0.026216883
v 0.03425397 0.8048165 0.014188469
v 0.03425397 0.8173031 0.014188469
v 0.037076242 0.8048165 0.0
v 0.037076242 0.8173031 0.0
v 0.013341683 0.8235325 0.03220981
v 0.0 0.8235325 0.034863617
v 0.034863617 0.8235325 0.0
v 0.03220975 0.8235325 0.013341742
v 0.02465229 0.8235325 0.024652347
v 0.07131823 0.18320414 0.07131823
v 0.038597107 0.18320414 0.093181804
v 0.0 0.18320414 0.100859225
v 0.100859225 0.18320414 0.0
v 0.093181744 0.18320414 0.038597167
v 0.05235329 0.47045568 0.021685455
v 0.040069476 0.47045568 0.040069535
v 0.056666885 0.47045568 0.0
v 0.021685455 0.47045568 0.052353345
v 0.0 0.47045568 0.05666683
v 0.044400405 0.5385735 0.044400405
v 0.024029266 0.5385735 0.058011904
v 0.0 0.5385735 0.06279158
v 0.06279164 0.5385735 0.0
v 0.058011904 0.5385735 0.024029324
v 0.11908624 0.16522479 0.0
v 0.11755933 0.17642878 0.0
v 0.10861068 0.17642878 0.044988014
v 0.11002129 0.16522479 0.04557231
v 0.083127074 0.17642878 0.083127014
v 0.08420669 0.16522479 0.08420669
v 0.044988073 0.17642878 0.10861068
v 0.045572367 0.16522479 0.11002129
v 0.0 0.17642878 0.11755933
v 0.0 0.16522479 0.11908618
v 0.13621305 0.10562361 0.13621311
v 0.12824203 0.12081744 0.12824203
v 0.069404036 0.12081744 0.16755624
v 0.07371798 0.10562361 0.17797093
v 0.0 0.12081744 0.18136157
v 0.0 0.10562361 0.19263437
v 0.19263431 0.10562361 0.0
v 0.18136151 0.12081744 0.0
v 0.16755624 0.12081744 0.069404095
v 0.17797099 0.10562361 0.07371798
v 0.1749061 0.090429716 0.0724485
v 0.17797099 0.10562361 0.07371798
v 0.13621305 0.10562361 0.13621311
v 0.13386738 0.090429716 0.13386744
v 0.18931706 0.090429716 0.0
v 0.19263431 0.10562361 0.0
v 0.07244845 0.090429716 0.17490616
v 0.07371798 0.10562361 0.17797093
v 0.0 0.10562361 0.19263437
v 0.0 0.090429716 0.18931706
v 0.08418739 0.05208289 0.20324636
v 0.0 0.05208289 0.21999228
v 0.15555806 0.05208289 0.15555806
v 0.20324641 0.05208289 0.08418745
v 0.21999222 0.05208289 0.0
v 0.15555806 0.0046905875 0.15555806
v 0.15215953 0.0 0.15215965
v 0.19880605 0.0 0.082348205
v 0.20324641 0.0046905875 0.08418745
v 0.082348086 0.0 0.1988061
v 0.08418739 0.0046905875 0.20324636
v 0.21518621 0.0 0.0
v 0.21999222 0.0046905875 0.0
v 0.063881956 0.60084105 0.0
v 0.06281059 0.60291654 0.0
v 0.05802935 0.60291654 0.024036592
v 0.059019305 0.60084105 0.02444661
v 0.04441378 0.60291654 0.04441378
v 0.04517136 0.60084105 0.04517142
v 0.024036592 0.60291654 0.05802941
v 0.024446553 0.60084105 0.059019245
v 0.0 0.60291654 0.06281053
v 0.0 0.60084105 0.063881956
v 0.024446553 0.63220847 0.059019245
v 0.024525056 0.6344286 0.0592087
v 0.0 0.6344286 0.064086996
v 0.0 0.63220847 0.063881956
v 0.063881956 0.63220847 0.0
v 0.064086996 0.6344286 0.0
v 0.059208643 0.6344286 0.024525056
v 0.059019305 0.63220847 0.02444661
v 0.04531627 0.6344286 0.04531639
v 0.04517136 0.63220847 0.04517142
v 0.024525056 0.6344286 0.0592087
v 0.04576182 0.76970917 0.11047894
v 0.0 0.76970917 0.11958151
v 0.0 0.6344286 0.064086996
v 0.064086996 0.6344286 0.0
v 0.11958145 0.76970917 0.0
v 0.11047894 0.76970917 0.04576188
v 0.059208643 0.6344286 0.024525056
v 0.08455688 0.76970917 0.08455693
v 0.04531627 0.6344286 0.04531639
v 0.118498 0.77369046 0.0
v 0.037076242 0.8048165 0.0
v 0.03425397 0.8048165 0.014188469
v 0.10947794 0.77369046 0.045347266
v 0.026216883 0.8048165 0.026216883
v 0.08379068 0.77369046 0.0837908
v 0.014188469 0.8048165 0.03425403
v 0.04534721 0.77369046 0.10947799
v 0.0 0.8048165 0.037076302
v 0.0 0.77369046 0.11849805
v 0.011644738 0.8798041 0.008467312
v 0.011522622 0.89513576 0.008467312
v 0.0038425797 0.8966194 0.008467312
v 0.005046991 0.8800136 0.008467312
v 0.003493561 0.9042121 0.008467312
v 0.0022515843 0.8732729 0.008467312
v 0.00872989 0.94296116 0.008467312
v 0.023182247 0.93290734 0.008467312
v 0.02307746 0.935735 0.008467312
v 0.044424362 0.86493284 0.008467312
v 0.044424362 0.9069176 0.008467312
v 0.041282613 0.9069176 0.008467312
v 0.041282613 0.86493284 0.008467312
v 0.013095591 0.85414594 0.008467312
v 0.011581354 0.8538195 0.008467312
v 0.019238252 0.8406613 0.008467312
v 0.009697978 0.84199286 0.008467312
v 0.002317643 0.86967134 0.008467312
v 0.0152561115 0.8440318 0.0076145357
v 0.007000729 0.8448899 0.007477766
v 0.0 0.87207025 0.008467312
v 0.0 0.8710754 0.006058576
v 0.0018201082 0.8690188 0.006058576
v 0.002317643 0.86967134 0.008467312
v 0.009677392 0.8538195 0.006058576
v 0.011581354 0.8538195 0.008467312
v 0.007000729 0.8448899 0.007477766
v 0.0152561115 0.8440318 0.0076145357
v 0.0152561115 0.8440318 0.0076145357
v 0.019238252 0.8406613 0.008467312
v 0.005961116 0.8284878 0.008663627
v 0.023866327 0.8284878 0.008663627
v 0.023866327 0.8284878 -0.008663627
v 0.026384473 0.834053 -0.008467312
v 0.031743966 0.8338606 -0.001667754
v 0.025841698 0.8284878 -0.0018448802
v 0.026384473 0.834053 -0.008467312
v 0.025992423 0.8358187 -0.008467312
v 0.031969238 0.8355973 -0.0016021894
v 0.031743966 0.8338606 -0.001667754
v 0.009705189 0.87037355 -0.001606638
v 0.01883841 0.852922 -0.001675837
v 0.013095591 0.85414594 -0.008467312
v 0.0022515843 0.8732729 -0.008467312
v 0.01101334 0.8745944 -0.0016825533
v 0.009705189 0.87037355 -0.001606638
v 0.0022515843 0.8732729 -0.008467312
v 0.005046991 0.8800136 -0.008467312
v 0.04431271 0.85777074 0.0014628611
v 0.041282613 0.86493284 0.008467312
v 0.011644738 0.8798041 0.008467312
v 0.015630018 0.8739784 0.0016082661
v 0.015630018 0.8739784 -0.001608237
v 0.01101334 0.8745944 -0.0016825533
v 0.005046991 0.8800136 -0.008467312
v 0.011644738 0.8798041 -0.008467312
v 0.048702836 0.91340595 0.0015456091
v 0.044424362 0.9069176 0.008467312
v 0.044424362 0.86493284 0.008467312
v 0.048702836 0.8590539 0.0015456091
v 0.04431271 0.85777074 -0.0014628029
v 0.041282613 0.86493284 -0.008467312
v 0.044424362 0.86493284 -0.008467312
v 0.048702955 0.8590539 -0.0015455509
v 0.048702955 0.913406 -0.0015455509
v 0.044424362 0.9069176 -0.008467312
v 0.041282613 0.9069176 -0.008467312
v 0.042705085 0.913406 -0.0015455509
v 0.011522622 0.89513576 -0.008467312
v 0.014685307 0.8985197 -0.0018603773
v 0.0038425797 0.8966194 -0.008467312
v 0.009946629 0.8988282 -0.0019773177
v 0.00946305 0.903705 0.0020363405
v 0.028758407 0.933278 0.0021502862
v 0.023182247 0.93290734 0.008467312
v 0.003493561 0.9042121 0.008467312
v 0.009946629 0.8988282 -0.0019773177
v 0.0038425797 0.8966194 -0.008467312
v 0.003493561 0.9042121 -0.008467312
v 0.00946305 0.903705 -0.0020362823
v 0.028758522 0.933278 -0.002150228
v 0.023182247 0.93290734 -0.008467312
v 0.02307746 0.935735 -0.008467312
v 0.028007802 0.9371325 -0.002212449
v 0.028007802 0.9371325 -0.002212449
v 0.02307746 0.935735 -0.008467312
v 0.00872989 0.94296116 -0.008467312
v 0.009454677 0.9476789 -0.002104202
v 0.023866327 0.8284878 0.008663627
v 0.025841698 0.8284878 0.0018449384
v 0.031743966 0.8338606 0.0016678122
v 0.026384473 0.834053 0.008467312
v -0.08206734 0.057086382 -0.1981282
v -0.06589803 0.07901689 -0.15909196
v 0.0 0.07901689 -0.17219988
v 0.0 0.057086382 -0.21445242
v -0.15164071 0.057086382 -0.1516408
v -0.12176372 0.07901689 -0.12176372
v -0.19812813 0.057086382 -0.08206739
v -0.159092 0.07901689 -0.06589806
v 0.0 0.0046905875 -0.21999228
v -0.08418739 0.0046905875 -0.20324638
v -0.08418739 0.05208289 -0.20324638
v 0.0 0.05208289 -0.21999228
v -0.2032463 0.0046905875 -0.08418745
v -0.2032463 0.05208289 -0.08418745
v -0.15555806 0.0046905875 -0.15555806
v -0.15555806 0.05208289 -0.15555806
v -0.06589803 0.07901689 -0.15909196
v -0.07244845 0.090429716 -0.17490616
v 0.0 0.090429716 -0.18931706
v 0.0 0.07901689 -0.17219988
v -0.12176372 0.07901689 -0.12176372
v -0.13386738 0.090429716 -0.13386741
v -0.159092 0.07901689 -0.06589806
v -0.1749061 0.090429716 -0.07244853
v -0.13861932 0.13872068 -0.057417985
v -0.119877435 0.15662391 -0.049654875
v -0.0917502 0.15662391 -0.0917502
v -0.10609463 0.13872068 -0.10609463
v -0.057417955 0.13872068 -0.13861926
v -0.049654875 0.15662391 -0.11987741
v 0.0 0.15662391 -0.12975435
v 0.0 0.13872068 -0.1500404
v -0.044988073 0.17642878 -0.10861068
v -0.038597107 0.18320414 -0.093181774
v 0.0 0.18320414 -0.100859225
v 0.0 0.17642878 -0.11755936
v -0.083127074 0.17642878 -0.083127044
v -0.07131823 0.18320414 -0.07131826
v -0.10861068 0.17642878 -0.044988044
v -0.093181744 0.18320414 -0.038597167
v -0.045562364 0.3164676 -0.045562364
v -0.03927549 0.39217576 -0.03927555
v -0.021255722 0.39217576 -0.05131597
v -0.024658104 0.3164676 -0.059530098
v 0.0 0.39217576 -0.055544
v 0.0 0.3164676 -0.06443491
v -0.051316 0.39217576 -0.021255782
v -0.059530098 0.3164676 -0.024658162
v -0.07484715 0.2412947 -0.031002693
v -0.05728549 0.2412947 -0.05728552
v -0.031002663 0.2412947 -0.07484712
v 0.0 0.2412947 -0.08101394
v -0.024029266 0.5385735 -0.058011875
v -0.0413753 0.54017115 -0.09988902
v 0.0 0.54017115 -0.10811908
v 0.0 0.5385735 -0.06279161
v -0.044400405 0.5385735 -0.044400375
v -0.07645175 0.54017115 -0.07645175
v -0.058011904 0.5385735 -0.024029324
v -0.09988905 0.54017115 -0.04137539
v -0.09305172 0.57792264 -0.038543317
v -0.08299844 0.5796681 -0.03437908
v -0.06352422 0.5796681 -0.063524246
v -0.07121868 0.57792264 -0.07121874
v -0.04445972 0.5466308 -0.10733532
v -0.04567948 0.5539643 -0.11028015
v 0.0 0.5539643 -0.119366355
v 0.0 0.5466308 -0.1161789
v -0.08215084 0.54663086 -0.0821509
v -0.08440475 0.5539644 -0.08440478
v -0.10733532 0.54663086 -0.044459745
v -0.11028018 0.5539644 -0.04567954
v -0.099960454 0.5754749 -0.04140502
v -0.07650641 0.5754749 -0.07650647
v -0.03854326 0.57792264 -0.09305175
v -0.04140496 0.5754749 -0.09996051
v 0.0 0.57792264 -0.100718476
v 0.0 0.5754749 -0.108196475
v -0.11028018 0.56253177 -0.04567954
v -0.08440475 0.5625318 -0.08440478
v -0.04567948 0.5625318 -0.11028012
v 0.0 0.5625318 -0.119366355
v -0.04426666 0.5694665 -0.1068693
v 0.0 0.5694665 -0.11567447
v -0.08179415 0.5694665 -0.08179423
v -0.1068693 0.5694665 -0.044266716
v -0.09988905 0.54017115 -0.04137539
v -0.07645175 0.54017115 -0.07645175
v -0.0413753 0.54017115 -0.09988902
v 0.0 0.54017115 -0.10811908
v -0.027927205 0.5990599 -0.06742227
v -0.024446553 0.60084105 -0.059019275
v 0.0 0.60084105 -0.063881986
v 0.0 0.5990599 -0.07297732
v -0.034378994 0.5796681 -0.08299842
v 0.0 0.5796681 -0.08983681
v -0.0516028 0.5990599 -0.05160277
v -0.04517136 0.60084105 -0.04517139
v -0.06742227 0.5990599 -0.027927233
v -0.059019305 0.60084105 -0.024446582
v -0.07744857 0.5935086 -0.032080248
v -0.082381465 0.5865883 -0.03412351
v -0.059276562 0.5935086 -0.059276562
v -0.063052036 0.5865883 -0.063052036
v -0.032080192 0.5935086 -0.07744857
v -0.03412348 0.5865883 -0.082381435
v 0.0 0.5935086 -0.0838297
v 0.0 0.5865883 -0.08916902
v -0.034378994 0.5796681 -0.08299842
v -0.03412348 0.5865883 -0.082381435
v 0.0 0.5865883 -0.08916902
v 0.0 0.5796681 -0.08983681
v -0.06352422 0.5796681 -0.063524246
v -0.063052036 0.5865883 -0.063052036
v -0.08299844 0.5796681 -0.03437908
v -0.082381465 0.5865883 -0.03412351
v -0.059019305 0.63220847 -0.024446582
v -0.064984724 0.63043755 -0.026917597
v -0.024036476 0.6154557 -0.05802941
v -0.024446553 0.61742955 -0.059019275
v 0.0 0.61742955 -0.063881986
v 0.0 0.6154557 -0.06281056
v -0.04441378 0.6154557 -0.04441378
v -0.04517136 0.61742955 -0.04517139
v -0.05802935 0.6154557 -0.024036564
v -0.059019305 0.61742955 -0.024446582
v -0.026917597 0.63043755 -0.06498478
v -0.024446553 0.63220847 -0.059019275
v 0.0 0.63220847 -0.063881986
v 0.0 0.63043755 -0.07033901
v -0.049737215 0.63043755 -0.049737215
v -0.04517136 0.63220847 -0.04517139
v -0.06715094 0.620351 -0.027814828
v -0.06857272 0.6233562 -0.028403776
v -0.052483313 0.6233562 -0.052483343
v -0.051395085 0.620351 -0.051395115
v -0.028403688 0.6233562 -0.068572775
v -0.027814742 0.620351 -0.06715094
v 0.0 0.6233562 -0.07422265
v 0.0 0.620351 -0.07268363
v -0.06857272 0.6233562 -0.028403776
v -0.06823638 0.62778234 -0.028264476
v -0.05222594 0.62778234 -0.05222594
v -0.052483313 0.6233562 -0.052483343
v -0.028264476 0.62778234 -0.06823643
v -0.028403688 0.6233562 -0.068572775
v 0.0 0.62778234 -0.07385859
v 0.0 0.6233562 -0.07422265
v -0.06715094 0.620351 -0.027814828
v -0.063085064 0.61823076 -0.026130706
v -0.026130706 0.61823076 -0.063085094
v -0.027814742 0.620351 -0.06715094
v 0.0 0.620351 -0.07268363
v 0.0 0.61823076 -0.06828281
v -0.048283223 0.61823076 -0.048283253
v -0.051395085 0.620351 -0.051395115
v -0.059019305 0.61742955 -0.024446582
v -0.04517136 0.61742955 -0.04517139
v -0.024446553 0.61742955 -0.059019275
v 0.0 0.61742955 -0.063881986
v -0.06823638 0.62778234 -0.028264476
v -0.05222594 0.62778234 -0.05222594
v -0.028264476 0.62778234 -0.06823643
v 0.0 0.62778234 -0.07385859
v -0.08455688 0.76970917 -0.08455693
v -0.08379068 0.77369046 -0.0837908
v -0.04534721 0.77369046 -0.10947796
v -0.04576182 0.76970917 -0.11047897
v -0.11047894 0.76970917 -0.04576188
v -0.10947794 0.77369046 -0.045347266
v 0.0 0.77369046 -0.11849808
v 0.0 0.76970917 -0.11958154
v -0.014188469 0.8048165 -0.03425403
v -0.014188469 0.8173031 -0.03425403
v 0.0 0.8173031 -0.037076302
v 0.0 0.8048165 -0.037076302
v -0.026216883 0.8048165 -0.026216913
v -0.026216883 0.8173031 -0.026216913
v -0.03425397 0.8048165 -0.014188469
v -0.03425397 0.8173031 -0.014188469
v -0.013341683 0.8235325 -0.03220981
v 0.0 0.8235325 -0.034863617
v -0.03220975 0.8235325 -0.013341742
v -0.02465229 0.8235325 -0.024652317
v -0.07131823 0.18320414 -0.07131826
v -0.038597107 0.18320414 -0.093181774
v 0.0 0.18320414 -0.100859225
v -0.093181744 0.18320414 -0.038597167
v -0.05235329 0.47045568 -0.021685455
v -0.040069476 0.47045568 -0.040069535
v -0.021685455 0.47045568 -0.052353345
v 0.0 0.47045568 -0.05666686
v -0.044400405 0.5385735 -0.044400375
v -0.024029266 0.5385735 -0.058011875
v 0.0 0.5385735 -0.06279161
v -0.058011904 0.5385735 -0.024029324
v -0.10861068 0.17642878 -0.044988044
v -0.11002129 0.16522479 -0.045572337
v -0.083127074 0.17642878 -0.083127044
v -0.08420669 0.16522479 -0.08420669
v -0.044988073 0.17642878 -0.10861068
v -0.045572367 0.16522479 -0.11002132
v 0.0 0.17642878 -0.11755936
v 0.0 0.16522479 -0.11908621
v -0.13621305 0.10562361 -0.13621308
v -0.12824203 0.12081744 -0.12824203
v -0.069404036 0.12081744 -0.16755624
v -0.07371798 0.10562361 -0.17797093
v 0.0 0.12081744 -0.18136157
v 0.0 0.10562361 -0.19263434
v -0.16755624 0.12081744 -0.069404095
v -0.17797087 0.10562361 -0.07371798
v -0.1749061 0.090429716 -0.07244853
v -0.17797087 0.10562361 -0.07371798
v -0.13621305 0.10562361 -0.13621308
v -0.13386738 0.090429716 -0.13386741
v -0.07244845 0.090429716 -0.17490616
v -0.07371798 0.10562361 -0.17797093
v 0.0 0.10562361 -0.19263434
v 0.0 0.090429716 -0.18931706
v -0.08418739 0.05208289 -0.20324638
v 0.0 0.05208289 -0.21999228
v -0.15555806 0.05208289 -0.15555806
v -0.2032463 0.05208289 -0.08418745
v -0.15555806 0.0046905875 -0.15555806
v -0.15215953 0.0 -0.15215965
v -0.19880593 0.0 -0.082348205
v -0.2032463 0.0046905875 -0.08418745
v 0.0 0.0046905875 -0.21999228
v 0.0 0.0 -0.21518615
v -0.082348086 0.0 -0.1988061
v -0.08418739 0.0046905875 -0.20324638
v -0.05802935 0.60291654 -0.024036564
v -0.059019305 0.60084105 -0.024446582
v -0.04441378 0.60291654 -0.04441378
v -0.04517136 0.60084105 -0.04517139
v -0.024036592 0.60291654 -0.05802941
v -0.024446553 0.60084105 -0.059019275
v 0.0 0.60291654 -0.06281056
v 0.0 0.60084105 -0.063881986
v -0.024446553 0.63220847 -0.059019275
v -0.024525056 0.6344286 -0.0592087
v 0.0 0.6344286 -0.064086996
v 0.0 0.63220847 -0.063881986
v -0.059208643 0.6344286 -0.024525056
v -0.059019305 0.63220847 -0.024446582
v -0.04531627 0.6344286 -0.04531639
v -0.04517136 0.63220847 -0.04517139
v -0.024525056 0.6344286 -0.0592087
v -0.04576182 0.76970917 -0.11047897
v 0.0 0.76970917 -0.11958154
v 0.0 0.6344286 -0.064086996
v -0.11047894 0.76970917 -0.04576188
v -0.059208643 0.6344286 -0.024525056
v -0.08455688 0.76970917 -0.08455693
v -0.04531627 0.6344286 -0.04531639
v -0.03425397 0.8048165 -0.014188469
v -0.10947794 0.77369046 -0.045347266
v -0.026216883 0.8048165 -0.026216913
v -0.08379068 0.77369046 -0.0837908
v -0.014188469 0.8048165 -0.03425403
v -0.04534721 0.77369046 -0.10947796
v 0.0 0.8048165 -0.037076302
v 0.0 0.77369046 -0.11849808
v -0.011644738 0.8798041 -0.008467312
v -0.011522622 0.89513576 -0.008467312
v -0.0038425797 0.8966194 -0.008467312
v -0.005046991 0.8800136 -0.008467312
v 0.0 0.8966194 -0.008467312
v 0.0 0.8800136 -0.008467312
v -0.003493561 0.9042121 -0.008467312
v 0.0 0.9042121 -0.008467312
v 0.0 0.8756718 -0.008467312
v -0.0022515843 0.8732729 -0.008467312
v -0.00872989 0.94296116 -0.008467312
v 0.0 0.9448462 -0.008467312
v -0.023182247 0.93290734 -0.008467312
v -0.02307746 0.935735 -0.008467312
v -0.044424362 0.86493284 -0.008467312
v -0.044424362 0.9069176 -0.008467312
v -0.041282613 0.9069176 -0.008467312
v -0.041282613 0.86493284 -0.008467312
v -0.013095591 0.85414594 -0.008467312
v -0.011581354 0.8538195 -0.008467312
v -0.019238252 0.8406613 -0.008467312
v -0.009697978 0.84199286 -0.008467312
v 0.0 0.8428272 -0.008467312
v 0.0 0.8389961 -0.008467312
v 0.0 0.87207025 -0.008467312
v -0.002317643 0.86967134 -0.008467312
v -0.019238252 0.8406613 -0.008266577
v -0.0152561115 0.8440318 -0.0076145357
v -0.007000729 0.8448899 -0.007477766
v -0.009697978 0.84199286 -0.008266577
v 0.0 0.87207025 -0.008467312
v 0.0 0.8710754 -0.006058576
v -0.0018201082 0.8690188 -0.006058576
v -0.009677392 0.8538195 -0.006058576
v 0.0 0.84525484 -0.007392052
v 0.0 0.8428272 -0.008266577
v 0.0 0.8538195 -0.006058576
v 0.0 0.8710754 -0.006058576
v 0.0 0.84525484 -0.007392052
v -0.007000729 0.8448899 -0.007477766
v -0.0152561115 0.8440318 -0.0076145357
v -0.0152561115 0.8440318 -0.0076145357
v -0.019238252 0.8406613 -0.008266577
v -0.005961116 0.8284878 -0.008663627
v -0.023866327 0.8284878 -0.008663627
v 0.0 0.8284878 -0.008663627
v -0.023866327 0.8284878 0.008663627
v -0.026384473 0.834053 0.008467312
v -0.031743966 0.8338606 0.0016677831
v -0.025841698 0.8284878 0.0018449384
v -0.04431271 0.85777074 -0.0014628029
v -0.041282613 0.86493284 -0.008467312
v 0.009946629 0.8988282 0.001977376
v 0.0038425797 0.8966194 0.008467312
v -0.009705189 0.87037355 0.0016066671
v -0.0022515843 0.8732729 0.008467312
v -0.015630018 0.8739784 0.001608237
v -0.01101334 0.8745944 0.0016825824
v -0.005046991 0.8800136 0.008467312
v -0.011644738 0.8798041 0.008467312
v -0.04431271 0.85777074 0.001462832
v -0.041282613 0.86493284 0.008467312
v -0.048702955 0.913406 0.00154558
v -0.048702955 0.8590539 0.00154558
v -0.044424362 0.86493284 0.008467312
v -0.044424362 0.9069176 0.008467312
v -0.04431271 0.85777074 0.001462832
v -0.041282613 0.86493284 0.008467312
v -0.044424362 0.86493284 0.008467312
v -0.048702955 0.8590539 0.00154558
v -0.048702955 0.913406 0.00154558
v -0.044424362 0.9069176 0.008467312
v -0.041282613 0.9069176 0.008467312
v -0.042705085 0.913406 0.00154558
v -0.014685307 0.8985197 0.0018604064
v -0.011522622 0.89513576 0.008467312
v -0.0038425797 0.8966194 0.008467312
v -0.009946629 0.8988282 0.0019773468
v -0.028758522 0.933278 -0.0021502571
v -0.023182247 0.93290734 -0.008467312
v -0.028758522 0.933278 0.0021502862
v -0.023182247 0.93290734 0.008467312
v -0.02307746 0.935735 0.008467312
v -0.028007802 0.9371325 0.0022125072
v -0.023182247 0.93290734 0.008467312
v -0.028758522 0.933278 0.0021502862
v 0.0 0.9499999 0.0020694863
v -0.009454677 0.94767886 0.0021042312
v -0.00872989 0.94296116 0.008467312
v 0.0 0.9448462 0.008467312
v -0.028007802 0.9371325 0.0022125072
v -0.02307746 0.935735 0.008467312
v -0.019238252 0.8406613 -0.008266577
v -0.019238252 0.8406613 -0.008467312
v -0.009697978 0.84199286 -0.008467312
v -0.009697978 0.84199286 -0.008266577
v 0.0 0.8428272 -0.008266577
v 0.0 0.8428272 -0.008467312
v -0.019238252 0.8406613 -0.008467312
v -0.019238252 0.8406613 -0.008266577
v 0.08206734 0.057086382 -0.1981282
v 0.06589803 0.07901689 -0.15909196
v 0.15164071 0.057086382 -0.1516408
v 0.12176372 0.07901689 -0.12176372
v 0.19812825 0.057086382 -0.08206739
v 0.159092 0.07901689 -0.06589806
v 0.08418739 0.05208289 -0.20324638
v 0.08418739 0.0046905875 -0.20324638
v 0.20324641 0.0046905875 -0.08418745
v 0.20324641 0.05208289 -0.08418745
v 0.15555806 0.05208289 -0.15555806
v 0.15555806 0.0046905875 -0.15555806
v 0.06589803 0.07901689 -0.15909196
v 0.07244845 0.090429716 -0.17490616
v 0.12176372 0.07901689 -0.12176372
v 0.13386738 0.090429716 -0.13386741
v 0.159092 0.07901689 -0.06589806
v 0.1749061 0.090429716 -0.07244853
v 0.13861932 0.13872068 -0.057417985
v 0.10609463 0.13872068 -0.10609463
v 0.0917502 0.15662391 -0.0917502
v 0.119877435 0.15662391 -0.049654875
v 0.057417955 0.13872068 -0.13861926
v 0.049654875 0.15662391 -0.11987741
v 0.044988073 0.17642878 -0.10861068
v 0.038597107 0.18320414 -0.093181774
v 0.083127074 0.17642878 -0.083127044
v 0.07131823 0.18320414 -0.07131826
v 0.10861068 0.17642878 -0.044988044
v 0.093181744 0.18320414 -0.038597167
v 0.045562364 0.3164676 -0.045562364
v 0.024658104 0.3164676 -0.059530098
v 0.021255722 0.39217576 -0.05131597
v 0.03927549 0.39217576 -0.03927555
v 0.059530098 0.3164676 -0.024658162
v 0.051316 0.39217576 -0.021255782
v 0.07484715 0.2412947 -0.031002693
v 0.05728549 0.2412947 -0.05728552
v 0.031002663 0.2412947 -0.07484712
v 0.024029266 0.5385735 -0.058011875
v 0.0413753 0.54017115 -0.09988902
v 0.044400405 0.5385735 -0.044400375
v 0.07645175 0.54017115 -0.07645175
v 0.058011904 0.5385735 -0.024029324
v 0.09988905 0.54017115 -0.04137539
v 0.09305172 0.57792264 -0.038543317
v 0.07121868 0.57792264 -0.07121874
v 0.06352422 0.5796681 -0.063524246
v 0.08299844 0.5796681 -0.03437908
v 0.04445972 0.5466308 -0.10733532
v 0.04567948 0.5539643 -0.11028015
v 0.08215084 0.54663086 -0.0821509
v 0.08440475 0.5539644 -0.08440478
v 0.10733532 0.54663086 -0.044459745
v 0.11028018 0.5539644 -0.04567954
v 0.099960454 0.5754749 -0.04140502
v 0.07650641 0.5754749 -0.07650647
v 0.04140496 0.5754749 -0.09996051
v 0.03854326 0.57792264 -0.09305175
v 0.11028018 0.56253177 -0.04567954
v 0.08440475 0.5625318 -0.08440478
v 0.04567948 0.5625318 -0.11028012
v 0.04426666 0.5694665 -0.1068693
v 0.08179415 0.5694665 -0.08179423
v 0.1068693 0.5694665 -0.044266716
v 0.09988905 0.54017115 -0.04137539
v 0.07645175 0.54017115 -0.07645175
v 0.0413753 0.54017115 -0.09988902
v 0.027927205 0.5990599 -0.06742227
v 0.024446553 0.60084105 -0.059019275
v 0.034378994 0.5796681 -0.08299842
v 0.0516028 0.5990599 -0.05160277
v 0.04517136 0.60084105 -0.04517139
v 0.06742227 0.5990599 -0.027927233
v 0.059019305 0.60084105 -0.024446582
v 0.082381465 0.5865883 -0.03412351
v 0.07744857 0.5935086 -0.032080248
v 0.063052036 0.5865883 -0.063052036
v 0.059276562 0.5935086 -0.059276562
v 0.03412348 0.5865883 -0.082381435
v 0.032080192 0.5935086 -0.07744857
v 0.034378994 0.5796681 -0.08299842
v 0.03412348 0.5865883 -0.082381435
v 0.06352422 0.5796681 -0.063524246
v 0.063052036 0.5865883 -0.063052036
v 0.08299844 0.5796681 -0.03437908
v 0.082381465 0.5865883 -0.03412351
v 0.064984724 0.63043755 -0.026917597
v 0.059019305 0.63220847 -0.024446582
v 0.024036476 0.6154557 -0.05802941
v 0.024446553 0.61742955 -0.059019275
v 0.04441378 0.6154557 -0.04441378
v 0.04517136 0.61742955 -0.04517139
v 0.05802935 0.6154557 -0.024036564
v 0.059019305 0.61742955 -0.024446582
v 0.026917597 0.63043755 -0.06498478
v 0.024446553 0.63220847 -0.059019275
v 0.049737215 0.63043755 -0.049737215
v 0.04517136 0.63220847 -0.04517139
v 0.06715094 0.620351 -0.027814828
v 0.051395085 0.620351 -0.051395115
v 0.052483313 0.6233562 -0.052483343
v 0.06857272 0.6233562 -0.028403776
v 0.027814742 0.620351 -0.06715094
v 0.028403688 0.6233562 -0.068572775
v 0.06857272 0.6233562 -0.028403776
v 0.052483313 0.6233562 -0.052483343
v 0.05222594 0.62778234 -0.05222594
v 0.06823638 0.62778234 -0.028264476
v 0.028403688 0.6233562 -0.068572775
v 0.028264476 0.62778234 -0.06823643
v 0.063085064 0.61823076 -0.026130706
v 0.06715094 0.620351 -0.027814828
v 0.026130706 0.61823076 -0.063085094
v 0.027814742 0.620351 -0.06715094
v 0.048283223 0.61823076 -0.048283253
v 0.051395085 0.620351 -0.051395115
v 0.059019305 0.61742955 -0.024446582
v 0.04517136 0.61742955 -0.04517139
v 0.024446553 0.61742955 -0.059019275
v 0.06823638 0.62778234 -0.028264476
v 0.05222594 0.62778234 -0.05222594
v 0.028264476 0.62778234 -0.06823643
v 0.08455688 0.76970917 -0.08455693
v 0.04576182 0.76970917 -0.11047897
v 0.04534721 0.77369046 -0.10947796
v 0.08379068 0.77369046 -0.0837908
v 0.11047894 0.76970917 -0.04576188
v 0.10947794 0.77369046 -0.045347266
v 0.014188469 0.8048165 -0.03425403
v 0.014188469 0.8173031 -0.03425403
v 0.026216883 0.8048165 -0.026216913
v 0.026216883 0.8173031 -0.026216913
v 0.03425397 0.8048165 -0.014188469
v 0.03425397 0.8173031 -0.014188469
v 0.013341683 0.8235325 -0.03220981
v 0.03220975 0.8235325 -0.013341742
v 0.02465229 0.8235325 -0.024652317
v 0.07131823 0.18320414 -0.07131826
v 0.038597107 0.18320414 -0.093181774
v 0.093181744 0.18320414 -0.038597167
v 0.040069476 0.47045568 -0.040069535
v 0.05235329 0.47045568 -0.021685455
v 0.021685455 0.47045568 -0.052353345
v 0.024029266 0.5385735 -0.058011875
v 0.044400405 0.5385735 -0.044400375
v 0.058011904 0.5385735 -0.024029324
v 0.11002129 0.16522479 -0.045572337
v 0.10861068 0.17642878 -0.044988044
v 0.08420669 0.16522479 -0.08420669
v 0.083127074 0.17642878 -0.083127044
v 0.045572367 0.16522479 -0.11002132
v 0.044988073 0.17642878 -0.10861068
v 0.13621305 0.10562361 -0.13621308
v 0.07371798 0.10562361 -0.17797093
v 0.069404036 0.12081744 -0.16755624
v 0.12824203 0.12081744 -0.12824203
v 0.17797099 0.10562361 -0.07371798
v 0.16755624 0.12081744 -0.069404095
v 0.1749061 0.090429716 -0.07244853
v 0.13386738 0.090429716 -0.13386741
v 0.13621305 0.10562361 -0.13621308
v 0.17797099 0.10562361 -0.07371798
v 0.07244845 0.090429716 -0.17490616
v 0.07371798 0.10562361 -0.17797093
v 0.08418739 0.05208289 -0.20324638
v 0.15555806 0.05208289 -0.15555806
v 0.20324641 0.05208289 -0.08418745
v 0.15555806 0.0046905875 -0.15555806
v 0.20324641 0.0046905875 -0.08418745
v 0.19880605 0.0 -0.082348205
v 0.15215953 0.0 -0.15215965
v 0.08418739 0.0046905875 -0.20324638
v 0.082348086 0.0 -0.1988061
v 0.059019305 0.60084105 -0.024446582
v 0.05802935 0.60291654 -0.024036564
v 0.04517136 0.60084105 -0.04517139
v 0.04441378 0.60291654 -0.04441378
v 0.024446553 0.60084105 -0.059019275
v 0.024036592 0.60291654 -0.05802941
v 0.024446553 0.63220847 -0.059019275
v 0.024525056 0.6344286 -0.0592087
v 0.059019305 0.63220847 -0.024446582
v 0.059208643 0.6344286 -0.024525056
v 0.04517136 0.63220847 -0.04517139
v 0.04531627 0.6344286 -0.04531639
v 0.024525056 0.6344286 -0.0592087
v 0.04576182 0.76970917 -0.11047897
v 0.059208643 0.6344286 -0.024525056
v 0.11047894 0.76970917 -0.04576188
v 0.04531627 0.6344286 -0.04531639
v 0.08455688 0.76970917 -0.08455693
v 0.10947794 0.77369046 -0.045347266
v 0.03425397 0.8048165 -0.014188469
v 0.08379068 0.77369046 -0.0837908
v 0.026216883 0.8048165 -0.026216913
v 0.04534721 0.77369046 -0.10947796
v 0.014188469 0.8048165 -0.03425403
v 0.011644738 0.8798041 -0.008467312
v 0.005046991 0.8800136 -0.008467312
v 0.0038425797 0.8966194 -0.008467312
v 0.011522622 0.89513576 -0.008467312
v 0.003493561 0.9042121 -0.008467312
v 0.0022515843 0.8732729 -0.008467312
v 0.00872989 0.94296116 -0.008467312
v 0.023182247 0.93290734 -0.008467312
v 0.02307746 0.935735 -0.008467312
v 0.044424362 0.86493284 -0.008467312
v 0.041282613 0.86493284 -0.008467312
v 0.041282613 0.9069176 -0.008467312
v 0.044424362 0.9069176 -0.008467312
v 0.013095591 0.85414594 -0.008467312
v 0.019238252 0.8406613 -0.008467312
v 0.011581354 0.8538195 -0.008467312
v 0.009697978 0.84199286 -0.008467312
v 0.002317643 0.86967134 -0.008467312
v 0.019238252 0.8406613 -0.008266577
v 0.009697978 0.84199286 -0.008266577
v 0.007000729 0.8448899 -0.007477766
v 0.0152561115 0.8440318 -0.0076145357
v 0.0 0.87207025 -0.008467312
v 0.0018201082 0.8690188 -0.006058576
v 0.0 0.8710754 -0.006058576
v 0.009677392 0.8538195 -0.006058576
v 0.007000729 0.8448899 -0.007477766
v 0.0152561115 0.8440318 -0.0076145357
v 0.019238252 0.8406613 -0.008266577
v 0.0152561115 0.8440318 -0.0076145357
v 0.023866327 0.8284878 -0.008663627
v 0.005961116 0.8284878 -0.008663627
v 0.026384473 0.834053 0.008467312
v 0.031743966 0.8338606 0.0016678122
v 0.031969123 0.8355973 0.0016022185
v 0.025992423 0.8358187 0.008467312
v 0.009705189 0.87037355 0.0016066671
v 0.0022515843 0.8732729 0.008467312
v 0.013095591 0.85414594 0.008467312
v 0.01883841 0.852922 0.001675866
v 0.014685307 0.8985197 0.0018604355
v 0.009946629 0.8988282 0.001977376
v 0.0038425797 0.8966194 0.008467312
v 0.011522622 0.89513576 0.008467312
v 0.01101334 0.8745944 0.0016825824
v 0.005046991 0.8800136 0.008467312
v 0.0022515843 0.8732729 0.008467312
v 0.009705189 0.87037355 0.0016066671
v 0.04431271 0.85777074 0.0014628611
v 0.048702836 0.8590539 0.0015456091
v 0.044424362 0.86493284 0.008467312
v 0.041282613 0.86493284 0.008467312
v 0.04431271 0.85777074 -0.0014628029
v 0.041282613 0.86493284 -0.008467312
v 0.048702955 0.913406 -0.0015455509
v 0.048702955 0.8590539 -0.0015455509
v 0.044424362 0.86493284 -0.008467312
v 0.044424362 0.9069176 -0.008467312
v 0.048702836 0.91340595 0.0015456091
v 0.042705085 0.91340595 0.0015456091
v 0.041282613 0.9069176 0.008467312
v 0.044424362 0.9069176 0.008467312
v 0.028758407 0.933278 0.0021502862
v 0.028007684 0.9371325 0.0022125363
v 0.02307746 0.935735 0.008467312
v 0.023182247 0.93290734 0.008467312
v 0.023182247 0.93290734 -0.008467312
v 0.028758522 0.933278 -0.002150228
v 0.005046991 0.8800136 0.008467312
v 0.01101334 0.8745944 0.0016825824
v 0.028007684 0.9371325 0.0022125363
v 0.009454677 0.94767886 0.0021042312
v 0.00872989 0.94296116 0.008467312
v 0.02307746 0.935735 0.008467312
v 0.0 0.95 -0.0020694572
v 0.009454677 0.9476789 -0.002104202
v 0.00872989 0.94296116 -0.008467312
v 0.0 0.9448462 -0.008467312
v 0.0 0.9499999 0.0020694863
v 0.0 0.9448462 0.008467312
v 0.019238252 0.8406613 -0.008467312
v 0.019238252 0.8406613 -0.008266577
v 0.009697978 0.84199286 -0.008467312
v 0.009697978 0.84199286 -0.008266577
v 0.019238252 0.8406613 -0.008467312
v 0.019238252 0.8406613 -0.008266577
v 0.034863617 0.8235325 0.0
v 0.03220975 0.8235325 -0.013341742
v 0.025431272 0.82654876 -0.010533948
v 0.027526548 0.82654876 0.0
v 0.03220975 0.8235325 0.013341742
v 0.025431272 0.82654876 0.010533948
v 0.02465229 0.8235325 -0.024652317
v 0.019464225 0.82654876 -0.019464225
v -0.013341683 0.8235325 0.03220981
v 0.0 0.8235325 0.034863617
v 0.0 0.82654876 0.027526548
v -0.010533948 0.82654876 0.025431214
v 0.02465229 0.8235325 0.024652347
v 0.019464225 0.82654876 0.019464225
v 0.0 0.8235325 -0.034863617
v -0.013341683 0.8235325 -0.03220981
v -0.010533948 0.82654876 -0.025431244
v 0.0 0.82654876 -0.027526576
v 0.013341683 0.8235325 -0.03220981
v 0.010533948 0.82654876 -0.025431244
v 0.013341683 0.8235325 0.03220981
v 0.010533948 0.82654876 0.025431214
v -0.034863617 0.8235325 0.0
v -0.03220975 0.8235325 0.013341742
v -0.025431272 0.82654876 0.010533948
v -0.027526548 0.82654876 0.0
v -0.03220975 0.8235325 -0.013341742
v -0.025431272 0.82654876 -0.010533948
v -0.02465229 0.8235325 0.024652347
v -0.019464225 0.82654876 0.019464225
v -0.02465229 0.8235325 -0.024652317
v -0.019464225 0.82654876 -0.019464225
v -0.019464225 0.82654876 0.019464225
v -0.010533948 0.82654876 0.025431214
v -0.010533948 0.8277573 0.025431214
v -0.019464225 0.8277573 0.019464225
v -0.010533948 0.82654876 -0.025431244
v -0.019464225 0.82654876 -0.019464225
v -0.019464225 0.8277573 -0.019464225
v -0.010533948 0.8277573 -0.025431244
v 0.0 0.82654876 0.027526548
v 0.010533948 0.82654876 0.025431214
v 0.010533948 0.8277573 0.025431214
v 0.0 0.8277573 0.027526548
v 0.010533948 0.82654876 -0.025431244
v 0.0 0.82654876 -0.027526576
v 0.0 0.8277573 -0.027526576
v 0.010533948 0.8277573 -0.025431244
v 0.025431272 0.82654876 0.010533948
v 0.027526548 0.82654876 0.0
v 0.027526548 0.8277573 0.0
v 0.025431272 0.8277573 0.010533948
v 0.025431272 0.82654876 -0.010533948
v 0.025431272 0.8277573 -0.010533948
v 0.019464225 0.82654876 0.019464225
v 0.019464225 0.8277573 0.019464225
v 0.019464225 0.82654876 -0.019464225
v 0.019464225 0.8277573 -0.019464225
v -0.027526548 0.82654876 0.0
v -0.025431272 0.82654876 0.010533948
v -0.025431272 0.8277573 0.010533948
v -0.027526548 0.8277573 0.0
v -0.025431272 0.82654876 -0.010533948
v -0.025431272 0.8277573 -0.010533948
v 0.0 0.8277573 -0.027526576
v -0.010533948 0.8277573 -0.025431244
v -0.010306813 0.8285124 -0.024882855
v 0.0 0.8285124 -0.026933007
v -0.027526548 0.8277573 0.0
v -0.025431272 0.8277573 0.010533948
v -0.024882797 0.8285124 0.010306813
v -0.02693295 0.8285124 0.0
v -0.025431272 0.8277573 -0.010533948
v -0.024882797 0.8285124 -0.010306813
v -0.019464225 0.8277573 0.019464225
v -0.019044494 0.8285124 0.019044524
v -0.019464225 0.8277573 -0.019464225
v -0.019044494 0.8285124 -0.019044524
v -0.010533948 0.8277573 0.025431214
v -0.010306813 0.8285124 0.024882855
v 0.0 0.8277573 0.027526548
v 0.010533948 0.8277573 0.025431214
v 0.010306813 0.8285124 0.024882855
v 0.0 0.8285124 0.026933007
v 0.010533948 0.8277573 -0.025431244
v 0.010306813 0.8285124 -0.024882855
v 0.025431272 0.8277573 0.010533948
v 0.027526548 0.8277573 0.0
v 0.02693295 0.8285124 0.0
v 0.024882797 0.8285124 0.010306813
v 0.025431272 0.8277573 -0.010533948
v 0.024882797 0.8285124 -0.010306813
v 0.019464225 0.8277573 0.019464225
v 0.019044494 0.8285124 0.019044524
v 0.019464225 0.8277573 -0.019464225
v 0.019044494 0.8285124 -0.019044524
v 0.02693295 0.8285124 0.0
v 0.024882797 0.8285124 -0.010306813
v 0.019044494 0.8285124 0.019044524
v 0.024882797 0.8285124 0.010306813
v 0.019044494 0.8285124 -0.019044524
v 0.010306813 0.8285124 0.024882855
v -0.010306813 0.8285124 0.024882855
v 0.0 0.8285124 0.026933007
v 0.010306813 0.8285124 -0.024882855
v 0.0 0.8285124 -0.026933007
v -0.010306813 0.8285124 -0.024882855
v -0.02693295 0.8285124 0.0
v -0.024882797 0.8285124 0.010306813
v -0.024882797 0.8285124 -0.010306813
v -0.019044494 0.8285124 0.019044524
v -0.019044494 0.8285124 -0.019044524
v 0.0 0.16522479 -0.11908621
v 0.045572367 0.16522479 -0.11002132
v 0.08420669 0.16522479 -0.08420669
v 0.11002129 0.16522479 -0.045572337
v 0.11908624 0.16522479 0.0
v -0.045572367 0.16522479 -0.11002132
v -0.08420669 0.16522479 -0.08420669
v -0.11002129 0.16522479 -0.045572337
v -0.11908624 0.16522479 0.0
v 0.045572367 0.16522479 0.11002129
v 0.0 0.16522479 0.11908618
v 0.08420669 0.16522479 0.08420669
v 0.11002129 0.16522479 0.04557231
v 0.0 0.16522479 0.11908618
v -0.045572367 0.16522479 0.11002129
v -0.08420669 0.16522479 0.08420669
v -0.11002129 0.16522479 0.04557231
v 0.031743966 0.8338606 -0.001667754
v 0.031969238 0.8355973 -0.0016021894
v 0.031969123 0.8355973 0.0016022185
v 0.031743966 0.8338606 0.0016678122
v 0.048702955 0.8590539 -0.0015455509
v 0.048702955 0.913406 -0.0015455509
v 0.048702836 0.91340595 0.0015456091
v 0.048702836 0.8590539 0.0015456091
v 0.048702955 0.913406 -0.0015455509
v 0.048702836 0.91340595 0.0015456091
v 0.028758522 0.933278 -0.002150228
v 0.028007802 0.9371325 -0.002212449
v 0.028007684 0.9371325 0.0022125363
v 0.028758407 0.933278 0.0021502862
v 0.031969238 0.8355973 -0.0016021894
v 0.01883841 0.852922 -0.001675837
v 0.01883841 0.852922 0.001675866
v 0.031969123 0.8355973 0.0016022185
v 0.009454677 0.9476789 -0.002104202
v 0.0 0.95 -0.0020694572
v 0.0 0.9499999 0.0020694863
v 0.009454677 0.94767886 0.0021042312
v 0.028007802 0.9371325 -0.002212449
v 0.009454677 0.9476789 -0.002104202
v 0.009454677 0.94767886 0.0021042312
v 0.028007684 0.9371325 0.0022125363
v 0.00946305 0.903705 -0.0020362823
v 0.028758522 0.933278 -0.002150228
v 0.028758407 0.933278 0.0021502862
v 0.00946305 0.903705 0.0020363405
v 0.009946629 0.8988282 -0.0019773177
v 0.00946305 0.903705 -0.0020362823
v 0.00946305 0.903705 0.0020363405
v 0.009946629 0.8988282 0.001977376
v 0.04431271 0.85777074 -0.0014628029
v 0.048702955 0.8590539 -0.0015455509
v 0.048702836 0.8590539 0.0015456091
v 0.04431271 0.85777074 0.0014628611
v 0.015630018 0.8739784 -0.001608237
v 0.04431271 0.85777074 -0.0014628029
v 0.04431271 0.85777074 0.0014628611
v 0.015630018 0.8739784 0.0016082661
v 0.009705189 0.87037355 -0.001606638
v 0.01101334 0.8745944 -0.0016825533
v 0.01101334 0.8745944 0.0016825824
v 0.009705189 0.87037355 0.0016066671
v 0.01101334 0.8745944 -0.0016825533
v 0.01101334 0.8745944 0.0016825824
v 0.009705189 0.87037355 -0.001606638
v 0.009705189 0.87037355 0.0016066671
v -0.015630018 0.8739784 0.001608237
v -0.04431271 0.85777074 0.001462832
v -0.04431271 0.85777074 -0.0014628029
v -0.015630018 0.8739784 -0.001608237
v -0.031969123 0.8355973 0.0016022185
v -0.01883841 0.852922 0.001675866
v -0.01883841 0.852922 -0.001675837
v -0.031969238 0.8355973 -0.0016021894
v -0.009454677 0.94767886 0.0021042312
v 0.0 0.9499999 0.0020694863
v 0.0 0.95 -0.0020694572
v -0.009454677 0.9476789 -0.0021042312
v -0.028007802 0.9371325 0.0022125072
v -0.028007802 0.9371325 -0.002212478
v -0.028758522 0.933278 0.0021502862
v -0.028007802 0.9371325 0.0022125072
v -0.028007802 0.9371325 -0.002212478
v -0.028758522 0.933278 -0.0021502571
v -0.00946305 0.903705 0.0020363405
v -0.028758522 0.933278 0.0021502862
v -0.028758522 0.933278 -0.0021502571
v -0.00946305 0.903705 -0.0020363114
v -0.009946629 0.8988282 0.0019773468
v -0.00946305 0.903705 0.0020363405
v -0.00946305 0.903705 -0.0020363114
v -0.009946629 0.8988282 -0.0019773177
v -0.048702955 0.913406 0.00154558
v -0.048702955 0.913406 -0.0015455509
v -0.048702955 0.8590539 0.00154558
v -0.048702955 0.913406 0.00154558
v -0.048702955 0.913406 -0.0015455509
v -0.048702955 0.8590539 -0.0015455509
v -0.04431271 0.85777074 0.001462832
v -0.048702955 0.8590539 0.00154558
v -0.048702955 0.8590539 -0.0015455509
v -0.04431271 0.85777074 -0.0014628029
v -0.009705189 0.87037355 0.0016066671
v -0.01101334 0.8745944 0.0016825824
v -0.01101334 0.8745944 -0.0016825533
v -0.009705189 0.87037355 -0.001606638
v -0.01101334 0.8745944 0.0016825824
v -0.01101334 0.8745944 -0.0016825533
v -0.009705189 0.87037355 0.0016066671
v -0.009705189 0.87037355 -0.001606638
v -0.031743966 0.8338606 0.0016677831
v -0.031969123 0.8355973 0.0016022185
v -0.031969238 0.8355973 -0.0016021894
v -0.031743966 0.8338606 -0.001667754
v -0.028007802 0.9371325 -0.002212478
v -0.02307746 0.935735 -0.008467312
vt 0.938336 -0.7237705
vt 0.9177745 -0.72428703
vt 0.92642254 -0.67273164
vt 0.89888173 -0.7170327
vt 0.8842297 -0.7035955
vt 0.9573093 -0.7149558
vt 0.5581387 -0.80240715
vt 0.5575121 -0.7996712
vt 0.5816088 -0.8052988
vt 0.59695435 -0.8520336
vt 0.58457786 -0.83080554
vt 0.59174335 -0.8305681
vt 0.97145635 -0.699543
vt 0.9781759 -0.6801038
vt 0.9769837 -0.659901
vt 0.9686152 -0.6418679
vt 0.6405968 -0.8024242
vt 0.61712563 -0.8053063
vt 0.6412244 -0.7996886
vt 0.6017612 -0.85203505
vt 0.6069808 -0.8305714
vt 0.6141467 -0.8308116
vt 0.8813886 -0.6459205
vt 0.8746692 -0.6653595
vt 0.87586117 -0.68556225
vt 0.89553577 -0.6305077
vt 0.47230124 -0.80299115
vt 0.4493791 -0.80458474
vt 0.47307944 -0.80034137
vt 0.4336905 -0.8524481
vt 0.43917993 -0.8307345
vt 0.4467197 -0.83128667
vt 0.4361581 -0.8554766
vt 0.45122564 -0.8322246
vt 0.45154524 -0.8324195
vt 0.91450906 -0.6216929
vt 0.9350705 -0.62117624
vt 0.95396334 -0.62843084
vt 0.3901404 -0.80300975
vt 0.3893606 -0.8003607
vt 0.41306353 -0.80459344
vt 0.42877316 -0.8524494
vt 0.4157346 -0.8312936
vt 0.423274 -0.8307383
vt 0.42630708 -0.855479
vt 0.4109095 -0.83242893
vt 0.41122872 -0.83223367
vt 0.7285074 -0.7833793
vt 0.732486 -0.79286075
vt 0.70668244 -0.79808736
vt 0.6921846 -0.8200271
vt 0.6848591 -0.81279504
vt 0.7116903 -0.77221465
vt 0.7211814 -0.7761469
vt 0.680845 -0.7930362
vt 0.68474627 -0.783533
vt 0.6919837 -0.776247
vt 0.68087995 -0.80331373
vt 0.7014468 -0.7722752
vt 0.7016758 -0.82396007
vt 0.72861916 -0.8126416
vt 0.72138274 -0.819927
vt 0.73252094 -0.80313826
vt 0.71191925 -0.8238989
vt 0.09541008 -0.16022551
vt 0.089087844 -0.16022551
vt 0.089087844 -0.1441071
vt 0.09541008 -0.1441071
vt 0.11016095 -0.16022551
vt 0.11016095 -0.1441071
vt 0.13173933 -0.16022551
vt 0.13173933 -0.1441071
vt 0.15906928 -0.16022551
vt 0.15906928 -0.1441071
vt 0.9583537 -0.7163832
vt 0.967155 -0.72841525
vt 0.9414551 -0.7391517
vt 0.9387346 -0.7254635
vt 0.89800274 -0.71845555
vt 0.8908057 -0.7292881
vt 0.8729556 -0.71184254
vt 0.8829019 -0.7045667
vt 0.9147828 -0.7391517
vt 0.91748667 -0.72596836
vt 0.09541008 -0.1441071
vt 0.089087844 -0.1441071
vt 0.089087844 -0.1332053
vt 0.09541008 -0.1332053
vt 0.11016095 -0.1441071
vt 0.11016095 -0.1332053
vt 0.13173933 -0.1441071
vt 0.13173933 -0.1332053
vt 0.15906928 -0.1441071
vt 0.15906928 -0.1332053
vt 0.13173933 -0.10896289
vt 0.11016095 -0.10896289
vt 0.11016095 -0.099927664
vt 0.13173933 -0.099927664
vt 0.15906928 -0.10896289
vt 0.15906928 -0.099927664
vt 0.09541008 -0.10896289
vt 0.089087844 -0.108962774
vt 0.089087844 -0.099927664
vt 0.09541008 -0.099927664
vt 0.08322421 -0.6098467
vt 0.071238786 -0.6098467
vt 0.071238786 -0.6008085
vt 0.08322421 -0.6008085
vt 0.09633282 -0.6098467
vt 0.09633282 -0.6008085
vt 0.110099405 -0.6098467
vt 0.110099405 -0.6008085
vt 0.12439379 -0.6098467
vt 0.12439379 -0.6008085
vt 0.09633282 -0.54500747
vt 0.08322421 -0.54500747
vt 0.08322421 -0.5087801
vt 0.09633282 -0.5087801
vt 0.071238786 -0.54500747
vt 0.071238786 -0.5087801
vt 0.12439379 -0.54500747
vt 0.110099405 -0.54500747
vt 0.110099405 -0.5087801
vt 0.12439379 -0.5087801
vt 0.110099405 -0.57909966
vt 0.09633282 -0.57909966
vt 0.12439379 -0.57909966
vt 0.08322421 -0.57909966
vt 0.071238786 -0.5790998
vt 0.5198606 -0.36875963
vt 0.5077566 -0.36875963
vt 0.5077566 -0.35006762
vt 0.5198606 -0.35006762
vt 0.5302015 -0.36875963
vt 0.5302015 -0.35006762
vt 0.5404204 -0.36875963
vt 0.54042023 -0.35006762
vt 0.5505551 -0.36875963
vt 0.5505551 -0.35006762
vt 0.54042023 -0.3275205
vt 0.5302015 -0.3275206
vt 0.5302015 -0.32303035
vt 0.54042023 -0.32303047
vt 0.5198606 -0.34526134
vt 0.5077566 -0.34526134
vt 0.5077566 -0.3417157
vt 0.5198606 -0.3417157
vt 0.5302015 -0.34526134
vt 0.5302015 -0.3417157
vt 0.54042023 -0.34526145
vt 0.54042023 -0.3417157
vt 0.5505551 -0.34526134
vt 0.5505551 -0.3417157
vt 0.5505551 -0.3307439
vt 0.54042023 -0.3307439
vt 0.5505551 -0.3275206
vt 0.5302015 -0.3307439
vt 0.5198606 -0.3307439
vt 0.5198606 -0.3275206
vt 0.5077566 -0.3307439
vt 0.5077566 -0.3275206
vt 0.54042023 -0.33799362
vt 0.5505551 -0.33799362
vt 0.5302015 -0.33799362
vt 0.5198606 -0.33799362
vt 0.5077566 -0.33799362
vt 0.5077566 -0.33470845
vt 0.5198606 -0.33470857
vt 0.5302015 -0.33470857
vt 0.54042023 -0.33470857
vt 0.5505551 -0.33470857
vt 0.5505551 -0.35006762
vt 0.54042023 -0.35006762
vt 0.5302015 -0.35006762
vt 0.5198606 -0.35006762
vt 0.5077566 -0.35006762
vt 0.5198606 -0.3100896
vt 0.5077566 -0.3100896
vt 0.5077566 -0.30560005
vt 0.5198606 -0.30560005
vt 0.5505551 -0.32303047
vt 0.5077566 -0.32303047
vt 0.5198606 -0.32303047
vt 0.5302015 -0.3100896
vt 0.5302015 -0.30560005
vt 0.54042023 -0.3100896
vt 0.54042023 -0.30560005
vt 0.5505551 -0.3100896
vt 0.5505551 -0.30560005
vt 0.5505551 -0.3197471
vt 0.54042023 -0.3197471
vt 0.54042023 -0.31575155
vt 0.5505551 -0.31575155
vt 0.5302015 -0.3197471
vt 0.5302015 -0.3157513
vt 0.5198606 -0.3197471
vt 0.5198606 -0.31575155
vt 0.5077566 -0.3197471
vt 0.5077566 -0.31575155
vt 0.5198606 -0.32303047
vt 0.5077566 -0.32303047
vt 0.5077566 -0.3197471
vt 0.5198606 -0.3197471
vt 0.5302015 -0.32303035
vt 0.5302015 -0.3197471
vt 0.54042023 -0.32303047
vt 0.54042023 -0.3197471
vt 0.5505551 -0.32303047
vt 0.5505551 -0.3197471
vt 0.5505551 -0.28477335
vt 0.54042023 -0.28477335
vt 0.54042023 -0.2815163
vt 0.5505551 -0.2815163
vt 0.5198606 -0.2975967
vt 0.5077566 -0.2975967
vt 0.5077566 -0.29635346
vt 0.5198606 -0.29635346
vt 0.5302015 -0.2975967
vt 0.5302015 -0.29635346
vt 0.54042023 -0.2975967
vt 0.54042023 -0.29635346
vt 0.5505551 -0.2975967
vt 0.5505551 -0.29635346
vt 0.5198606 -0.28477335
vt 0.5077566 -0.2847731
vt 0.5077566 -0.2815163
vt 0.5198606 -0.2815163
vt 0.5302015 -0.2847731
vt 0.5302015 -0.2815163
vt 0.54042023 -0.29116833
vt 0.5302015 -0.29116833
vt 0.5302015 -0.289361
vt 0.54042023 -0.289361
vt 0.5198606 -0.29116833
vt 0.5198606 -0.289361
vt 0.5077566 -0.29116833
vt 0.5077566 -0.289361
vt 0.5505551 -0.29116833
vt 0.5505551 -0.289361
vt 0.54042023 -0.289361
vt 0.5302015 -0.289361
vt 0.5302015 -0.28699493
vt 0.54042023 -0.28699493
vt 0.5198606 -0.289361
vt 0.5198606 -0.28699493
vt 0.5077566 -0.289361
vt 0.5077566 -0.28699493
vt 0.5505551 -0.289361
vt 0.5505551 -0.28699493
vt 0.5505551 -0.2938546
vt 0.54042023 -0.2938546
vt 0.54042023 -0.29116833
vt 0.5505551 -0.29116833
vt 0.5198606 -0.2938546
vt 0.5077566 -0.2938546
vt 0.5077566 -0.29116833
vt 0.5198606 -0.29116833
vt 0.5302015 -0.2938546
vt 0.5302015 -0.29116833
vt 0.54042023 -0.29635346
vt 0.5302015 -0.29635346
vt 0.5198606 -0.29635346
vt 0.5077566 -0.29635346
vt 0.5505551 -0.29635346
vt 0.54042023 -0.28699493
vt 0.5302015 -0.28699493
vt 0.5198606 -0.28699493
vt 0.5077566 -0.28699493
vt 0.5505551 -0.28699493
vt 0.16092671 -0.9249618
vt 0.17687578 -0.9249618
vt 0.17642055 -0.9291109
vt 0.16062056 -0.9291109
vt 0.14740787 -0.9249618
vt 0.14718942 -0.9291109
vt 0.1353241 -0.9249618
vt 0.13516669 -0.9291109
vt 0.18931903 -0.9249618
vt 0.1886469 -0.9291109
vt 0.15123294 -0.9683044
vt 0.15914218 -0.96830416
vt 0.15541942 -0.97533417
vt 0.14787878 -0.97533417
vt 0.14275233 -0.9683044
vt 0.1402164 -0.97533417
vt 0.13435747 -0.9683044
vt 0.1324498 -0.97533417
vt 0.12619397 -0.9683044
vt 0.1246897 -0.97533417
vt 0.15324055 -0.9787538
vt 0.14617677 -0.9787538
vt 0.13142371 -0.9787538
vt 0.1237919 -0.9787538
vt 0.13889469 -0.9787538
vt 0.09633282 -0.6008085
vt 0.08322421 -0.6008085
vt 0.071238786 -0.6008085
vt 0.12439379 -0.6008085
vt 0.110099405 -0.6008085
vt 0.09633282 -0.47123432
vt 0.110099405 -0.47123432
vt 0.12439379 -0.47123432
vt 0.071238786 -0.47123432
vt 0.08322421 -0.47123432
vt 0.08322421 -0.4401151
vt 0.09633282 -0.4401151
vt 0.071238786 -0.4401151
vt 0.110099405 -0.4401151
vt 0.12439379 -0.4401151
vt 0.12439379 -0.616217
vt 0.110099405 -0.616217
vt 0.110099405 -0.6098467
vt 0.12439379 -0.6098467
vt 0.09633282 -0.616217
vt 0.09633282 -0.6098467
vt 0.08322421 -0.616217
vt 0.08322421 -0.6098467
vt 0.071238786 -0.616217
vt 0.071238786 -0.6098467
vt 0.11016095 -0.1264528
vt 0.09541008 -0.12645292
vt 0.09541008 -0.12005329
vt 0.11016095 -0.12005329
vt 0.089087844 -0.12645292
vt 0.089087844 -0.12005329
vt 0.15906928 -0.1264528
vt 0.13173933 -0.1264528
vt 0.13173907 -0.12005341
vt 0.15906928 -0.12005329
vt 0.13173933 -0.1332053
vt 0.11016095 -0.1332053
vt 0.11016095 -0.1264528
vt 0.13173933 -0.1264528
vt 0.15906928 -0.1332053
vt 0.15906928 -0.1264528
vt 0.09541008 -0.1332053
vt 0.089087844 -0.1332053
vt 0.089087844 -0.12645292
vt 0.09541008 -0.12645292
vt 0.09541008 -0.17076862
vt 0.089087844 -0.17076862
vt 0.11016095 -0.17076862
vt 0.13173907 -0.17076862
vt 0.15906928 -0.17076862
vt 0.91748667 -0.72596836
vt 0.89800274 -0.71845555
vt 0.89888173 -0.7170327
vt 0.9177745 -0.72428703
vt 0.9583537 -0.7163832
vt 0.9387346 -0.7254635
vt 0.938336 -0.7237705
vt 0.9573093 -0.7149558
vt 0.8829019 -0.7045667
vt 0.8842297 -0.7035955
vt 0.5505551 -0.30560005
vt 0.54042023 -0.30560005
vt 0.54042023 -0.30434918
vt 0.5505551 -0.30434918
vt 0.5302015 -0.30560005
vt 0.5302015 -0.30434918
vt 0.5198606 -0.30560005
vt 0.5198606 -0.30434918
vt 0.5077566 -0.30560005
vt 0.5077566 -0.30434918
vt 0.5198606 -0.2815163
vt 0.5077566 -0.2815163
vt 0.5077566 -0.2802806
vt 0.5198606 -0.2802806
vt 0.5505551 -0.2815163
vt 0.54042023 -0.2815163
vt 0.5404204 -0.2802806
vt 0.5505551 -0.2802806
vt 0.5302015 -0.2815163
vt 0.5302015 -0.2802806
vt 0.1704989 -0.86768246
vt 0.1822982 -0.86768246
vt 0.18931903 -0.9249618
vt 0.17687578 -0.9249618
vt 0.13717483 -0.86768246
vt 0.14800479 -0.86768246
vt 0.14740787 -0.9249618
vt 0.1353241 -0.9249618
vt 0.15909655 -0.86768246
vt 0.16092671 -0.9249618
vt 0.13516669 -0.9291109
vt 0.14718942 -0.9291109
vt 0.13435747 -0.9683044
vt 0.12619397 -0.9683044
vt 0.16062056 -0.9291109
vt 0.14275233 -0.9683044
vt 0.17642055 -0.9291109
vt 0.15123294 -0.9683044
vt 0.1886469 -0.9291109
vt 0.15914218 -0.96830416
vt 0.57818604 -0.8732569
vt 0.59017503 -0.87364423
vt 0.5923634 -0.90435636
vt 0.5784081 -0.90161276
vt 0.5993537 -0.8736224
vt 0.5993477 -0.9043577
vt 0.5929955 -0.91840196
vt 0.5993447 -0.918403
vt 0.5951942 -0.86113966
vt 0.5993552 -0.86554
vt 0.58346456 -0.99008024
vt 0.59933007 -0.99357057
vt 0.55720156 -0.9714768
vt 0.55739063 -0.97670734
vt 0.518622 -0.8457538
vt 0.524331 -0.8457538
vt 0.5243322 -0.9234035
vt 0.518623 -0.92340374
vt 0.5777332 -0.8321848
vt 0.5683775 -0.8100194
vt 0.5800351 -0.83168006
vt 0.59936696 -0.8064046
vt 0.59936565 -0.8126818
vt 0.5836913 -0.81174207
vt 0.59452254 -0.8550054
vt 0.5993565 -0.85850215
vt 0.5881873 -0.816591
vt 0.57490194 -0.81557465
vt 0.5993565 -0.85850215
vt 0.59452254 -0.8550054
vt 0.59695435 -0.8520336
vt 0.59935766 -0.8542869
vt 0.5800351 -0.83168006
vt 0.58457786 -0.83080554
vt 0.59936476 -0.81699514
vt 0.59936225 -0.8305094
vt 0.59935766 -0.8542869
vt 0.59936476 -0.81699514
vt 0.5881873 -0.816591
vt 0.57490194 -0.81557465
vt 0.5683775 -0.8100194
vt 0.57490194 -0.81557465
vt 0.56147414 -0.7910516
vt 0.58707887 -0.7886331
vt 0.5993706 -0.7875974
vt 0.77571505 -0.28128684
vt 0.77421117 -0.28128684
vt 0.7742193 -0.27660894
vt 0.77585036 -0.27660894
vt 0.81898165 -0.2879746
vt 0.81823254 -0.28797483
vt 0.81828797 -0.28354526
vt 0.8188845 -0.28354526
vt 0.8190648 -0.27660894
vt 0.8188641 -0.28128684
vt 0.81826437 -0.28128684
vt 0.8183036 -0.27660894
vt 0.81013536 -0.28354526
vt 0.808582 -0.28797483
vt 0.7989886 -0.28128684
vt 0.7990215 -0.27660894
vt 0.80864334 -0.27660894
vt 0.81014884 -0.28128684
vt 0.7925993 -0.28128684
vt 0.79451525 -0.27660894
vt 0.7966355 -0.27660894
vt 0.795951 -0.28128684
vt 0.79578847 -0.28354526
vt 0.7989113 -0.28354526
vt 0.7988539 -0.28797483
vt 0.79642963 -0.2879746
vt 0.75354576 -0.28128672
vt 0.75127643 -0.28128672
vt 0.7515825 -0.27660894
vt 0.75356185 -0.27660894
vt 0.75354576 -0.28128672
vt 0.75356185 -0.27660894
vt 0.7742193 -0.27660894
vt 0.77421117 -0.28128684
vt 0.7288065 -0.28354526
vt 0.7278437 -0.2879746
vt 0.72449994 -0.2879746
vt 0.7250762 -0.28354526
vt 0.795951 -0.28128684
vt 0.7966355 -0.27660894
vt 0.7990215 -0.27660894
vt 0.7989886 -0.28128684
vt 0.7325005 -0.28128672
vt 0.7287763 -0.28128672
vt 0.7275719 -0.27660894
vt 0.73108023 -0.27660894
vt 0.7287763 -0.28128672
vt 0.7250358 -0.28128672
vt 0.72411454 -0.27660894
vt 0.7275719 -0.27660894
vt 0.82199454 -0.27660894
vt 0.82210374 -0.28128684
vt 0.8188641 -0.28128684
vt 0.8190648 -0.27660894
vt 0.704514 -0.28128672
vt 0.7028388 -0.28128672
vt 0.7025545 -0.27660894
vt 0.704224 -0.27660894
vt 0.6874179 -0.28128672
vt 0.6882395 -0.27660894
vt 0.6933831 -0.27660894
vt 0.6927671 -0.28128672
vt 0.5084346 -0.16022551
vt 0.5084346 -0.1441071
vt 0.51303977 -0.1441071
vt 0.51303977 -0.16022551
vt 0.49531794 -0.16022551
vt 0.49531794 -0.1441071
vt 0.4752246 -0.16022551
vt 0.4752246 -0.1441071
vt 0.44918457 -0.16022551
vt 0.44918457 -0.1441071
vt 0.9729493 -0.70043564
vt 0.9851705 -0.7071738
vt 0.9786064 -0.6594944
vt 0.96994317 -0.64089656
vt 0.9798894 -0.63362086
vt 0.9911093 -0.6559162
vt 0.9798653 -0.6803386
vt 0.9932482 -0.68175423
vt 0.5084346 -0.1441071
vt 0.5084346 -0.1332053
vt 0.51303977 -0.1332053
vt 0.51303977 -0.1441071
vt 0.49531794 -0.1441071
vt 0.49531794 -0.1332053
vt 0.4752246 -0.1441071
vt 0.4752246 -0.1332053
vt 0.44918457 -0.1441071
vt 0.44918457 -0.1332053
vt 0.4752246 -0.10896289
vt 0.4752246 -0.099927664
vt 0.49531794 -0.099927664
vt 0.49531794 -0.10896289
vt 0.4491847 -0.10896289
vt 0.44918457 -0.099927664
vt 0.5084346 -0.10896289
vt 0.5084346 -0.099927664
vt 0.51303977 -0.099927664
vt 0.51303977 -0.108962774
vt 0.28271124 -0.6098467
vt 0.28271124 -0.6008085
vt 0.29469568 -0.6008085
vt 0.29469568 -0.6098467
vt 0.26960355 -0.6098467
vt 0.26960355 -0.6008085
vt 0.25583816 -0.6098467
vt 0.25583816 -0.6008085
vt 0.24154507 -0.6098467
vt 0.24154507 -0.6008085
vt 0.26960355 -0.54500747
vt 0.26960355 -0.5087801
vt 0.28271124 -0.5087801
vt 0.28271124 -0.54500747
vt 0.29469568 -0.5087801
vt 0.29469568 -0.54500747
vt 0.24154507 -0.54500747
vt 0.24154507 -0.5087801
vt 0.25583816 -0.5087801
vt 0.25583816 -0.54500747
vt 0.25583816 -0.57909966
vt 0.26960355 -0.57909966
vt 0.24154507 -0.57909966
vt 0.28271124 -0.57909966
vt 0.29469568 -0.5790998
vt 0.66486603 -0.36875963
vt 0.66486603 -0.35006762
vt 0.6770093 -0.35006762
vt 0.6770093 -0.36875963
vt 0.6544786 -0.36875963
vt 0.65447843 -0.35006762
vt 0.6442346 -0.36875963
vt 0.6442346 -0.35006762
vt 0.63407797 -0.36875963
vt 0.63407797 -0.35006762
vt 0.6442346 -0.3275205
vt 0.6442346 -0.32303047
vt 0.65447843 -0.32303035
vt 0.65447843 -0.3275206
vt 0.66486603 -0.34526134
vt 0.66486603 -0.3417157
vt 0.6770093 -0.3417157
vt 0.6770093 -0.34526134
vt 0.65447843 -0.34526134
vt 0.65447843 -0.3417157
vt 0.6442346 -0.34526145
vt 0.6442346 -0.3417157
vt 0.63407797 -0.34526134
vt 0.63407797 -0.3417157
vt 0.63407797 -0.3307439
vt 0.63407797 -0.3275206
vt 0.6442346 -0.3307439
vt 0.65447843 -0.3307439
vt 0.66486603 -0.3275206
vt 0.66486603 -0.3307439
vt 0.6770093 -0.3275206
vt 0.6770093 -0.3307439
vt 0.6442346 -0.33799362
vt 0.63407797 -0.33799362
vt 0.65447843 -0.33799362
vt 0.66486603 -0.33799362
vt 0.6770093 -0.33799362
vt 0.66486603 -0.33470857
vt 0.6770093 -0.33470845
vt 0.65447843 -0.33470857
vt 0.6442346 -0.33470857
vt 0.63407797 -0.33470857
vt 0.63407797 -0.35006762
vt 0.6442346 -0.35006762
vt 0.65447843 -0.35006762
vt 0.66486603 -0.35006762
vt 0.6770093 -0.35006762
vt 0.66486603 -0.3100896
vt 0.66486603 -0.30560005
vt 0.6770093 -0.30560005
vt 0.6770093 -0.3100896
vt 0.63407797 -0.32303047
vt 0.66486603 -0.32303047
vt 0.6770093 -0.32303047
vt 0.65447843 -0.3100896
vt 0.65447843 -0.30560005
vt 0.6442346 -0.3100896
vt 0.6442346 -0.30560005
vt 0.63407797 -0.3100896
vt 0.63407797 -0.30560005
vt 0.63407797 -0.3197471
vt 0.63407797 -0.31575155
vt 0.6442346 -0.31575155
vt 0.6442346 -0.3197471
vt 0.65447843 -0.3157513
vt 0.65447843 -0.3197471
vt 0.66486603 -0.31575155
vt 0.66486603 -0.3197471
vt 0.6770093 -0.31575155
vt 0.6770093 -0.3197471
vt 0.66486603 -0.32303047
vt 0.66486603 -0.3197471
vt 0.6770093 -0.3197471
vt 0.6770093 -0.32303047
vt 0.65447843 -0.32303035
vt 0.65447843 -0.3197471
vt 0.6442346 -0.32303047
vt 0.6442346 -0.3197471
vt 0.63407797 -0.32303047
vt 0.63407797 -0.3197471
vt 0.63407797 -0.28477335
vt 0.63407797 -0.2815163
vt 0.6442346 -0.2815163
vt 0.6442346 -0.28477335
vt 0.66486603 -0.2975967
vt 0.66486603 -0.29635346
vt 0.6770093 -0.29635346
vt 0.6770093 -0.2975967
vt 0.65447843 -0.2975967
vt 0.65447843 -0.29635346
vt 0.6442346 -0.2975967
vt 0.6442346 -0.29635346
vt 0.63407797 -0.2975967
vt 0.63407797 -0.29635346
vt 0.66486603 -0.28477335
vt 0.66486603 -0.2815163
vt 0.6770093 -0.2815163
vt 0.6770093 -0.2847731
vt 0.65447843 -0.2847731
vt 0.65447843 -0.2815163
vt 0.6442346 -0.29116833
vt 0.6442346 -0.289361
vt 0.65447843 -0.289361
vt 0.65447843 -0.29116833
vt 0.66486603 -0.289361
vt 0.66486603 -0.29116833
vt 0.6770093 -0.289361
vt 0.6770093 -0.29116833
vt 0.63407797 -0.29116833
vt 0.63407797 -0.289361
vt 0.6442346 -0.289361
vt 0.6442346 -0.28699493
vt 0.65447843 -0.28699493
vt 0.65447843 -0.289361
vt 0.66486603 -0.28699493
vt 0.66486603 -0.289361
vt 0.6770093 -0.28699493
vt 0.6770093 -0.289361
vt 0.63407797 -0.289361
vt 0.63407797 -0.28699493
vt 0.63407797 -0.2938546
vt 0.63407797 -0.29116833
vt 0.6442346 -0.29116833
vt 0.6442346 -0.2938546
vt 0.66486603 -0.2938546
vt 0.66486603 -0.29116833
vt 0.6770093 -0.29116833
vt 0.6770093 -0.2938546
vt 0.6544786 -0.2938546
vt 0.65447843 -0.29116833
vt 0.6442346 -0.29635346
vt 0.65447843 -0.29635346
vt 0.66486603 -0.29635346
vt 0.6770093 -0.29635346
vt 0.63407797 -0.29635346
vt 0.6442346 -0.28699493
vt 0.65447843 -0.28699493
vt 0.66486603 -0.28699493
vt 0.6770093 -0.28699493
vt 0.63407797 -0.28699493
vt 0.026869 -0.9249618
vt 0.027175458 -0.9291109
vt 0.01137534 -0.9291109
vt 0.010920377 -0.9249618
vt 0.04038772 -0.9249618
vt 0.04060647 -0.9291109
vt 0.052471846 -0.9249618
vt 0.052629203 -0.9291109
vt -8.5085444E-4 -0.9291109
vt -0.0015226882 -0.9249618
vt 0.036562953 -0.9683044
vt 0.039916813 -0.97533417
vt 0.0323762 -0.97533417
vt 0.028653594 -0.96830416
vt 0.04504344 -0.9683044
vt 0.0475792 -0.97533417
vt 0.053438246 -0.9683044
vt 0.055345774 -0.97533417
vt 0.061601907 -0.9683044
vt 0.06310606 -0.97533417
vt 0.041619003 -0.9787538
vt 0.034555227 -0.9787538
vt 0.064003676 -0.9787538
vt 0.056371957 -0.9787538
vt 0.048900902 -0.9787538
vt 0.26960355 -0.6008085
vt 0.28271124 -0.6008085
vt 0.29469568 -0.6008085
vt 0.24154507 -0.6008085
vt 0.25583816 -0.6008085
vt 0.25583816 -0.47123432
vt 0.26960355 -0.47123432
vt 0.24154507 -0.47123432
vt 0.28271124 -0.47123432
vt 0.29469568 -0.47123432
vt 0.2696038 -0.4401151
vt 0.28271124 -0.4401151
vt 0.29469568 -0.4401151
vt 0.24154507 -0.4401151
vt 0.25583816 -0.4401151
vt 0.24154507 -0.616217
vt 0.24154507 -0.6098467
vt 0.25583816 -0.6098467
vt 0.25583816 -0.616217
vt 0.26960355 -0.6098467
vt 0.2696038 -0.616217
vt 0.28271124 -0.6098467
vt 0.28271124 -0.616217
vt 0.29469568 -0.6098467
vt 0.29469568 -0.616217
vt 0.49531794 -0.1264528
vt 0.49531794 -0.12005329
vt 0.5084346 -0.12005329
vt 0.5084344 -0.12645292
vt 0.51303977 -0.12005329
vt 0.51303977 -0.12645292
vt 0.44918457 -0.1264528
vt 0.44918457 -0.12005329
vt 0.4752246 -0.12005341
vt 0.4752246 -0.1264528
vt 0.4752246 -0.1332053
vt 0.4752246 -0.1264528
vt 0.49531794 -0.1264528
vt 0.49531794 -0.1332053
vt 0.44918457 -0.1332053
vt 0.44918457 -0.1264528
vt 0.5084346 -0.1332053
vt 0.5084344 -0.12645292
vt 0.51303977 -0.12645292
vt 0.51303977 -0.1332053
vt 0.5084344 -0.17076862
vt 0.51303977 -0.17076862
vt 0.49531794 -0.17076862
vt 0.4752246 -0.17076862
vt 0.4491847 -0.17076862
vt 0.9798653 -0.6803386
vt 0.9781759 -0.6801038
vt 0.9769837 -0.659901
vt 0.9786064 -0.6594944
vt 0.97145635 -0.699543
vt 0.9729493 -0.70043564
vt 0.9686152 -0.6418679
vt 0.96994317 -0.64089656
vt 0.63407797 -0.30560005
vt 0.63407797 -0.30434918
vt 0.6442346 -0.30434918
vt 0.6442346 -0.30560005
vt 0.65447843 -0.30434918
vt 0.65447843 -0.30560005
vt 0.66486603 -0.30434918
vt 0.66486603 -0.30560005
vt 0.6770093 -0.30434918
vt 0.6770093 -0.30560005
vt 0.66486603 -0.2815163
vt 0.66486603 -0.2802806
vt 0.6770093 -0.2802806
vt 0.6770093 -0.2815163
vt 0.63407797 -0.2815163
vt 0.63407797 -0.2802806
vt 0.6442346 -0.2802806
vt 0.6442346 -0.2815163
vt 0.6544786 -0.2802806
vt 0.65447843 -0.2815163
vt 0.01729712 -0.86768246
vt 0.010920377 -0.9249618
vt -0.0015226882 -0.9249618
vt 0.005497815 -0.86768246
vt 0.050620943 -0.86768246
vt 0.052471846 -0.9249618
vt 0.04038772 -0.9249618
vt 0.039791137 -0.86768246
vt 0.026869 -0.9249618
vt 0.02869946 -0.86768246
vt 0.052629203 -0.9291109
vt 0.061601907 -0.9683044
vt 0.053438246 -0.9683044
vt 0.04060647 -0.9291109
vt 0.04504344 -0.9683044
vt 0.027175458 -0.9291109
vt 0.036562953 -0.9683044
vt 0.01137534 -0.9291109
vt 0.028653594 -0.96830416
vt -8.5085444E-4 -0.9291109
vt 0.62052107 -0.87326574
vt 0.6202877 -0.90162134
vt 0.60633147 -0.90435934
vt 0.6085323 -0.87364805
vt 0.60569394 -0.91840434
vt 0.6035175 -0.86114144
vt 0.6151967 -0.99008703
vt 0.6414671 -0.9714941
vt 0.6412753 -0.97672486
vt 0.6800964 -0.8457869
vt 0.6800647 -0.9234371
vt 0.67435586 -0.9234345
vt 0.6743876 -0.8457842
vt 0.6209904 -0.83219385
vt 0.61868876 -0.8316879
vt 0.6303547 -0.8100321
vt 0.6150403 -0.8117484
vt 0.6041921 -0.8550072
vt 0.62382853 -0.81558454
vt 0.61054236 -0.8165951
vt 0.5993565 -0.85850215
vt 0.59935766 -0.8542869
vt 0.6017612 -0.85203505
vt 0.6041921 -0.8550072
vt 0.6141467 -0.8308116
vt 0.61868876 -0.8316879
vt 0.61054236 -0.8165951
vt 0.62382853 -0.81558454
vt 0.62382853 -0.81558454
vt 0.6303547 -0.8100321
vt 0.61166185 -0.7886386
vt 0.6372657 -0.7910671
vt 0.6881466 -0.29445982
vt 0.69109577 -0.29445982
vt 0.6913645 -0.2991873
vt 0.68810415 -0.29918754
vt 0.69109577 -0.29445982
vt 0.69185746 -0.29445982
vt 0.69196403 -0.2991873
vt 0.6913645 -0.2991873
vt 0.7112718 -0.29918754
vt 0.70008683 -0.29918754
vt 0.70156825 -0.29445982
vt 0.7112509 -0.29445982
vt 0.71429944 -0.29918754
vt 0.7112718 -0.29918754
vt 0.7112509 -0.29445982
vt 0.71364576 -0.29445982
vt 0.7345209 -0.30122614
vt 0.73446745 -0.30582738
vt 0.7159039 -0.30582738
vt 0.7176786 -0.30122614
vt 0.71764696 -0.29918754
vt 0.71429944 -0.29918754
vt 0.71364576 -0.29445982
vt 0.715766 -0.29445982
vt 0.75674343 -0.3012259
vt 0.7566556 -0.30582738
vt 0.73607343 -0.30582738
vt 0.73601687 -0.30122614
vt 0.73452705 -0.29918754
vt 0.7344229 -0.29445982
vt 0.7360503 -0.29445982
vt 0.7360312 -0.2991873
vt 0.7566919 -0.2991873
vt 0.7567139 -0.29445982
vt 0.7586976 -0.29445982
vt 0.7589553 -0.29918754
vt 0.77922285 -0.29445982
vt 0.7777579 -0.29918754
vt 0.7826397 -0.29445982
vt 0.7815285 -0.29918754
vt 0.78513455 -0.3012259
vt 0.8056706 -0.30122614
vt 0.80569255 -0.30582738
vt 0.78583145 -0.30582738
vt 0.7815285 -0.29918754
vt 0.7826397 -0.29445982
vt 0.7860143 -0.29445982
vt 0.7852106 -0.29918754
vt 0.80569565 -0.2991873
vt 0.80594844 -0.29445982
vt 0.8076227 -0.29445982
vt 0.8073627 -0.2991873
vt 0.8073627 -0.2991873
vt 0.8076227 -0.29445982
vt 0.8168418 -0.29445982
vt 0.8174597 -0.29918754
vt 0.6885724 -0.30582738
vt 0.688286 -0.3012259
vt 0.6913778 -0.3012259
vt 0.6913467 -0.30582738
vt 0.26541835 -0.16022551
vt 0.26541835 -0.1441071
vt 0.30540985 -0.1441071
vt 0.30540985 -0.16022551
vt 0.22676675 -0.16022551
vt 0.22676675 -0.1441071
vt 0.1909519 -0.16022551
vt 0.1909519 -0.1441071
vt 0.8944913 -0.62908006
vt 0.87989575 -0.64502776
vt 0.8676746 -0.6382896
vt 0.8856901 -0.61704814
vt 0.87423867 -0.685969
vt 0.8617356 -0.6895472
vt 0.8729797 -0.66512465
vt 0.8595967 -0.66370904
vt 0.26541835 -0.1441071
vt 0.26541835 -0.1332053
vt 0.30540985 -0.1332053
vt 0.30540985 -0.1441071
vt 0.22676675 -0.1441071
vt 0.22676675 -0.1332053
vt 0.1909519 -0.1441071
vt 0.1909519 -0.1332053
vt 0.19095166 -0.10896289
vt 0.1909519 -0.099927664
vt 0.22676675 -0.099927664
vt 0.22676675 -0.10896289
vt 0.26541835 -0.10896289
vt 0.26541835 -0.099927664
vt 0.30540985 -0.099927664
vt 0.30540985 -0.10896289
vt 0.16840504 -0.6098467
vt 0.16840504 -0.6008085
vt 0.18297039 -0.6008085
vt 0.18297039 -0.6098467
vt 0.15374173 -0.6098467
vt 0.15374173 -0.6008085
vt 0.13903444 -0.6098467
vt 0.13903444 -0.6008085
vt 0.15374173 -0.54500747
vt 0.15374173 -0.5087801
vt 0.16840504 -0.5087801
vt 0.16840504 -0.54500747
vt 0.18297039 -0.5087801
vt 0.18297039 -0.54500747
vt 0.13903444 -0.5087801
vt 0.13903444 -0.54500747
vt 0.13903444 -0.57909966
vt 0.15374173 -0.57909966
vt 0.16840504 -0.57909966
vt 0.18297039 -0.57909966
vt 0.58145916 -0.36875963
vt 0.58145916 -0.35006762
vt 0.59229136 -0.35006762
vt 0.59229136 -0.36875963
vt 0.5709329 -0.36875963
vt 0.5709329 -0.35006762
vt 0.56061685 -0.36875963
vt 0.56061685 -0.35006762
vt 0.56061685 -0.3275205
vt 0.56061685 -0.32303047
vt 0.5709329 -0.32303035
vt 0.5709329 -0.3275206
vt 0.58145916 -0.34526134
vt 0.58145916 -0.3417157
vt 0.59229136 -0.3417157
vt 0.59229136 -0.34526145
vt 0.5709329 -0.34526134
vt 0.5709329 -0.3417157
vt 0.56061685 -0.34526145
vt 0.56061685 -0.3417157
vt 0.56061685 -0.3307439
vt 0.5709329 -0.3307439
vt 0.58145916 -0.3275206
vt 0.58145916 -0.3307439
vt 0.59229136 -0.3275206
vt 0.59229136 -0.3307439
vt 0.56061685 -0.33799362
vt 0.5709329 -0.33799362
vt 0.58145916 -0.33799362
vt 0.59229136 -0.33799362
vt 0.58145916 -0.33470857
vt 0.59229136 -0.33470857
vt 0.5709329 -0.33470857
vt 0.56061685 -0.33470857
vt 0.56061685 -0.35006762
vt 0.5709329 -0.35006762
vt 0.58145916 -0.35006762
vt 0.59229136 -0.35006762
vt 0.58145916 -0.3100896
vt 0.58145916 -0.30560005
vt 0.59229136 -0.30560005
vt 0.59229136 -0.3100896
vt 0.58145916 -0.32303047
vt 0.59229136 -0.32303047
vt 0.5709329 -0.3100896
vt 0.5709329 -0.30560005
vt 0.56061685 -0.3100896
vt 0.56061685 -0.30560005
vt 0.56061685 -0.31575155
vt 0.56061685 -0.3197471
vt 0.5709329 -0.3157513
vt 0.5709329 -0.3197471
vt 0.58145916 -0.31575155
vt 0.58145916 -0.3197471
vt 0.59229136 -0.31575155
vt 0.59229136 -0.3197471
vt 0.58145916 -0.32303047
vt 0.58145916 -0.3197471
vt 0.59229136 -0.3197471
vt 0.59229136 -0.32303047
vt 0.5709329 -0.32303035
vt 0.5709329 -0.3197471
vt 0.56061685 -0.32303047
vt 0.56061685 -0.3197471
vt 0.56061685 -0.2815163
vt 0.56061685 -0.28477335
vt 0.58145916 -0.2975967
vt 0.58145916 -0.29635346
vt 0.59229136 -0.29635346
vt 0.59229136 -0.2975967
vt 0.5709329 -0.2975967
vt 0.5709329 -0.29635346
vt 0.56061685 -0.2975967
vt 0.56061685 -0.29635346
vt 0.58145916 -0.28477335
vt 0.58145916 -0.2815163
vt 0.59229136 -0.2815163
vt 0.59229136 -0.28477335
vt 0.5709329 -0.2847731
vt 0.5709329 -0.2815163
vt 0.56061685 -0.29116833
vt 0.56061685 -0.289361
vt 0.5709329 -0.289361
vt 0.5709329 -0.29116833
vt 0.58145916 -0.289361
vt 0.58145916 -0.29116833
vt 0.59229136 -0.289361
vt 0.59229136 -0.29116833
vt 0.56061685 -0.289361
vt 0.56061685 -0.28699493
vt 0.5709329 -0.28699493
vt 0.5709329 -0.289361
vt 0.58145916 -0.28699493
vt 0.58145916 -0.289361
vt 0.59229136 -0.28699493
vt 0.59229136 -0.289361
vt 0.56061685 -0.29116833
vt 0.56061685 -0.2938546
vt 0.58145916 -0.2938546
vt 0.58145916 -0.29116833
vt 0.59229136 -0.29116833
vt 0.59229136 -0.2938546
vt 0.5709329 -0.2938546
vt 0.5709329 -0.29116833
vt 0.56061685 -0.29635346
vt 0.5709329 -0.29635346
vt 0.58145916 -0.29635346
vt 0.59229136 -0.29635346
vt 0.56061685 -0.28699493
vt 0.5709329 -0.28699493
vt 0.58145916 -0.28699493
vt 0.59229136 -0.28699493
vt 0.1136983 -0.9249618
vt 0.113631666 -0.9291109
vt 0.10364616 -0.9291109
vt 0.10367566 -0.9249618
vt 0.12416077 -0.9249618
vt 0.12405133 -0.9291109
vt 0.09389803 -0.9291109
vt 0.09389803 -0.9249618
vt 0.10221732 -0.9683044
vt 0.101575404 -0.97533417
vt 0.09389785 -0.97533417
vt 0.09389785 -0.9683044
vt 0.11032188 -0.9683044
vt 0.109257996 -0.97533417
vt 0.11832929 -0.9683044
vt 0.11695862 -0.97533417
vt 0.101216376 -0.9787538
vt 0.09389785 -0.9787538
vt 0.11616242 -0.9787538
vt 0.10863626 -0.9787538
vt 0.15374173 -0.6008085
vt 0.16840504 -0.6008085
vt 0.18297039 -0.6008085
vt 0.13903444 -0.6008085
vt 0.13903444 -0.47123432
vt 0.15374173 -0.47123432
vt 0.16840504 -0.47123432
vt 0.18297039 -0.47123432
vt 0.15374173 -0.4401151
vt 0.16840504 -0.4401151
vt 0.18297039 -0.4401151
vt 0.13903432 -0.4401151
vt 0.13903444 -0.6098467
vt 0.13903432 -0.616217
vt 0.15374173 -0.6098467
vt 0.15374173 -0.616217
vt 0.16840504 -0.6098467
vt 0.16840504 -0.616217
vt 0.18297039 -0.6098467
vt 0.18297039 -0.616217
vt 0.22676675 -0.1264528
vt 0.22676675 -0.12005329
vt 0.26541835 -0.12005329
vt 0.26541823 -0.12645292
vt 0.30540985 -0.12005329
vt 0.30540985 -0.1264528
vt 0.1909519 -0.12005341
vt 0.1909519 -0.1264528
vt 0.1909519 -0.1332053
vt 0.1909519 -0.1264528
vt 0.22676675 -0.1264528
vt 0.22676675 -0.1332053
vt 0.26541835 -0.1332053
vt 0.26541823 -0.12645292
vt 0.30540985 -0.1264528
vt 0.30540985 -0.1332053
vt 0.26541823 -0.17076862
vt 0.30540985 -0.17076862
vt 0.22676693 -0.17076862
vt 0.1909519 -0.17076862
vt 0.8729797 -0.66512465
vt 0.8746692 -0.6653595
vt 0.87586117 -0.68556225
vt 0.87423867 -0.685969
vt 0.8944913 -0.62908006
vt 0.89553577 -0.6305077
vt 0.8813886 -0.6459205
vt 0.87989575 -0.64502776
vt 0.56061685 -0.30434918
vt 0.56061685 -0.30560005
vt 0.5709329 -0.30434918
vt 0.5709329 -0.30560005
vt 0.58145916 -0.30434918
vt 0.58145916 -0.30560005
vt 0.59229136 -0.30434918
vt 0.59229136 -0.30560005
vt 0.58145916 -0.2815163
vt 0.58145916 -0.2802806
vt 0.59229136 -0.2802806
vt 0.59229136 -0.2815163
vt 0.56061685 -0.2802806
vt 0.56061685 -0.2815163
vt 0.5709329 -0.2802806
vt 0.5709329 -0.2815163
vt 0.1048722 -0.86768246
vt 0.10367566 -0.9249618
vt 0.09389803 -0.9249618
vt 0.09389785 -0.86768246
vt 0.12416077 -0.9249618
vt 0.12644902 -0.86768246
vt 0.1136983 -0.9249618
vt 0.11570454 -0.86768246
vt 0.11832929 -0.9683044
vt 0.12405133 -0.9291109
vt 0.11032188 -0.9683044
vt 0.113631666 -0.9291109
vt 0.10221732 -0.9683044
vt 0.10364616 -0.9291109
vt 0.09389785 -0.9683044
vt 0.09389803 -0.9291109
vt 0.4522972 -0.87369263
vt 0.45207614 -0.9019041
vt 0.438192 -0.90463376
vt 0.44036937 -0.8740779
vt 0.43124366 -0.9046352
vt 0.43123692 -0.8740547
vt 0.43756387 -0.91860783
vt 0.43124673 -0.91860914
vt 0.43123496 -0.86600864
vt 0.4353802 -0.8616338
vt 0.44704887 -0.9899218
vt 0.4312643 -0.9933951
vt 0.47317797 -0.9714122
vt 0.47298968 -0.97661626
vt 0.51155746 -0.84632826
vt 0.51155746 -0.92358315
vt 0.5058776 -0.92358315
vt 0.5058776 -0.84632826
vt 0.45349437 -0.83287835
vt 0.45154524 -0.8324195
vt 0.46192145 -0.81073475
vt 0.44757158 -0.80971503
vt 0.43122268 -0.8109777
vt 0.43122143 -0.8046675
vt 0.4312334 -0.858973
vt 0.4361581 -0.8554766
vt 0.4613515 -0.8110063
vt 0.45613262 -0.8149383
vt 0.44276178 -0.815099
vt 0.44756797 -0.8101262
vt 0.4312334 -0.858973
vt 0.43123204 -0.85473514
vt 0.4336905 -0.8524481
vt 0.4467197 -0.83128667
vt 0.4312236 -0.81569743
vt 0.43122268 -0.8113189
vt 0.43122697 -0.8305553
vt 0.43123204 -0.85473514
vt 0.4312236 -0.81569743
vt 0.44276178 -0.815099
vt 0.45613262 -0.8149383
vt 0.45613262 -0.8149383
vt 0.4613515 -0.8110063
vt 0.4439739 -0.7872057
vt 0.46983504 -0.7914908
vt 0.43121698 -0.7861767
vt 0.82177377 -0.28797483
vt 0.81898165 -0.2879746
vt 0.8188845 -0.28354526
vt 0.8219949 -0.28354526
vt 0.77571505 -0.28128684
vt 0.77585036 -0.27660894
vt 0.78133965 -0.30122614
vt 0.782398 -0.30582738
vt 0.7989113 -0.28354526
vt 0.7988539 -0.28797483
vt 0.79255295 -0.28354526
vt 0.79578847 -0.28354526
vt 0.79642963 -0.2879746
vt 0.794293 -0.28797483
vt 0.77571285 -0.28354526
vt 0.7757356 -0.28797483
vt 0.7534872 -0.28354526
vt 0.774217 -0.28354526
vt 0.7741332 -0.28797483
vt 0.7535386 -0.2879746
vt 0.77571285 -0.28354526
vt 0.7757356 -0.28797483
vt 0.7741332 -0.28797483
vt 0.774217 -0.28354526
vt 0.7534872 -0.28354526
vt 0.7535386 -0.2879746
vt 0.75159603 -0.2879746
vt 0.751299 -0.28354526
vt 0.73250073 -0.28354526
vt 0.73115814 -0.2879746
vt 0.7278437 -0.2879746
vt 0.7288065 -0.28354526
vt 0.704514 -0.28128672
vt 0.704224 -0.27660894
vt 0.70456976 -0.28354526
vt 0.70458686 -0.2879746
vt 0.702898 -0.2879746
vt 0.7028835 -0.28354526
vt 0.70458686 -0.2879746
vt 0.70456976 -0.28354526
vt 0.68746656 -0.28354526
vt 0.6928395 -0.28354526
vt 0.6936855 -0.2879746
vt 0.6885273 -0.2879746
vt 0.7028835 -0.28354526
vt 0.702898 -0.2879746
vt 0.4613515 -0.8110063
vt 0.46192145 -0.81073475
vt 0.44757158 -0.80971503
vt 0.44756797 -0.8101262
vt 0.43122268 -0.8113189
vt 0.43122268 -0.8109777
vt 0.46192145 -0.81073475
vt 0.4613515 -0.8110063
vt 0.34522438 -0.16022551
vt 0.34522438 -0.1441071
vt 0.3833687 -0.16022551
vt 0.3833687 -0.1441071
vt 0.41837582 -0.16022551
vt 0.41837582 -0.1441071
vt 0.91138995 -0.6063117
vt 0.9141104 -0.6199999
vt 0.9548424 -0.6270077
vt 0.96203935 -0.6161754
vt 0.93806225 -0.6063117
vt 0.93535805 -0.6194949
vt 0.34522438 -0.1441071
vt 0.34522438 -0.1332053
vt 0.3833687 -0.1441071
vt 0.3833687 -0.1332053
vt 0.41837582 -0.1441071
vt 0.41837582 -0.1332053
vt 0.41837594 -0.10896289
vt 0.3833687 -0.10896289
vt 0.3833687 -0.099927664
vt 0.41837582 -0.099927664
vt 0.34522438 -0.10896289
vt 0.34522438 -0.099927664
vt 0.19753559 -0.6098467
vt 0.19753559 -0.6008085
vt 0.21219845 -0.6098467
vt 0.21219845 -0.6008085
vt 0.22690533 -0.6098467
vt 0.22690533 -0.6008085
vt 0.21219845 -0.54500747
vt 0.19753559 -0.54500747
vt 0.19753559 -0.5087801
vt 0.21219845 -0.5087801
vt 0.22690533 -0.54500747
vt 0.22690533 -0.5087801
vt 0.22690533 -0.57909966
vt 0.21219845 -0.57909966
vt 0.19753559 -0.57909966
vt 0.6031275 -0.36875963
vt 0.6031275 -0.35006762
vt 0.61366415 -0.36875963
vt 0.61366415 -0.35006762
vt 0.6239959 -0.36875963
vt 0.6239958 -0.35006762
vt 0.6239958 -0.3275205
vt 0.61366415 -0.3275206
vt 0.61366415 -0.32303035
vt 0.6239959 -0.32303047
vt 0.6031275 -0.34526134
vt 0.6031275 -0.3417157
vt 0.61366415 -0.34526134
vt 0.61366415 -0.3417157
vt 0.6239958 -0.34526145
vt 0.6239959 -0.3417157
vt 0.6239958 -0.3307439
vt 0.61366415 -0.3307439
vt 0.6031275 -0.3307439
vt 0.6031275 -0.3275206
vt 0.6239958 -0.33799362
vt 0.61366415 -0.33799362
vt 0.6031275 -0.33799362
vt 0.6031275 -0.33470857
vt 0.61366415 -0.33470857
vt 0.6239958 -0.33470857
vt 0.6239958 -0.35006762
vt 0.61366415 -0.35006762
vt 0.6031275 -0.35006762
vt 0.6031275 -0.3100896
vt 0.6031275 -0.30560005
vt 0.6031275 -0.32303047
vt 0.61366415 -0.3100896
vt 0.61366415 -0.30560005
vt 0.6239958 -0.3100896
vt 0.6239958 -0.30560005
vt 0.6239958 -0.3197471
vt 0.6239959 -0.31575155
vt 0.61366415 -0.3197471
vt 0.61366415 -0.3157513
vt 0.6031275 -0.3197471
vt 0.6031275 -0.31575155
vt 0.6031275 -0.32303047
vt 0.6031275 -0.3197471
vt 0.61366415 -0.32303035
vt 0.61366415 -0.3197471
vt 0.6239959 -0.32303047
vt 0.6239958 -0.3197471
vt 0.6239958 -0.28477335
vt 0.6239958 -0.2815163
vt 0.6031275 -0.2975967
vt 0.6031275 -0.29635346
vt 0.61366415 -0.2975967
vt 0.61366415 -0.29635346
vt 0.6239958 -0.2975967
vt 0.6239959 -0.29635346
vt 0.6031275 -0.28477335
vt 0.6031275 -0.2815163
vt 0.61366415 -0.2847731
vt 0.61366415 -0.2815163
vt 0.6239959 -0.29116833
vt 0.61366415 -0.29116833
vt 0.61366415 -0.289361
vt 0.6239958 -0.289361
vt 0.6031275 -0.29116833
vt 0.6031275 -0.289361
vt 0.6239958 -0.289361
vt 0.61366415 -0.289361
vt 0.61366415 -0.28699493
vt 0.6239958 -0.28699493
vt 0.6031275 -0.289361
vt 0.6031275 -0.28699493
vt 0.6239958 -0.2938546
vt 0.6239959 -0.29116833
vt 0.6031275 -0.2938546
vt 0.6031275 -0.29116833
vt 0.61366415 -0.2938546
vt 0.61366415 -0.29116833
vt 0.6239959 -0.29635346
vt 0.61366415 -0.29635346
vt 0.6031275 -0.29635346
vt 0.6239958 -0.28699493
vt 0.61366415 -0.28699493
vt 0.6031275 -0.28699493
vt 0.074097455 -0.9249618
vt 0.08412033 -0.9249618
vt 0.08414972 -0.9291109
vt 0.07416409 -0.9291109
vt 0.06363511 -0.9249618
vt 0.063744545 -0.9291109
vt 0.08557844 -0.9683044
vt 0.086220145 -0.97533417
vt 0.07747355 -0.9683044
vt 0.07853776 -0.97533417
vt 0.06946659 -0.9683044
vt 0.07083681 -0.97533417
vt 0.08657956 -0.9787538
vt 0.07163328 -0.9787538
vt 0.0791592 -0.9787538
vt 0.21219845 -0.6008085
vt 0.19753559 -0.6008085
vt 0.22690533 -0.6008085
vt 0.21219845 -0.47123432
vt 0.22690533 -0.47123432
vt 0.19753559 -0.47123432
vt 0.19753559 -0.4401151
vt 0.21219845 -0.4401151
vt 0.22690533 -0.4401151
vt 0.22690533 -0.616217
vt 0.22690533 -0.6098467
vt 0.21219845 -0.616217
vt 0.21219845 -0.6098467
vt 0.19753559 -0.616217
vt 0.19753559 -0.6098467
vt 0.3833687 -0.1264528
vt 0.34522438 -0.12645292
vt 0.34522438 -0.12005329
vt 0.3833687 -0.12005329
vt 0.41837582 -0.1264528
vt 0.41837582 -0.12005341
vt 0.41837582 -0.1332053
vt 0.3833687 -0.1332053
vt 0.3833687 -0.1264528
vt 0.41837582 -0.1264528
vt 0.34522438 -0.1332053
vt 0.34522438 -0.12645292
vt 0.34522438 -0.17076862
vt 0.38336903 -0.17076862
vt 0.41837582 -0.17076862
vt 0.93535805 -0.6194949
vt 0.9548424 -0.6270077
vt 0.95396334 -0.62843084
vt 0.9350705 -0.62117624
vt 0.9141104 -0.6199999
vt 0.91450906 -0.6216929
vt 0.6239958 -0.30560005
vt 0.6239958 -0.30434918
vt 0.61366415 -0.30560005
vt 0.61366415 -0.30434918
vt 0.6031275 -0.30560005
vt 0.6031275 -0.30434918
vt 0.6031275 -0.2815163
vt 0.6031275 -0.2802806
vt 0.6239958 -0.2815163
vt 0.6239959 -0.2802806
vt 0.61366415 -0.2815163
vt 0.61366403 -0.2802806
vt 0.08292356 -0.86768246
vt 0.08412033 -0.9249618
vt 0.061347067 -0.86768246
vt 0.06363511 -0.9249618
vt 0.07209134 -0.86768246
vt 0.074097455 -0.9249618
vt 0.063744545 -0.9291109
vt 0.06946659 -0.9683044
vt 0.07416409 -0.9291109
vt 0.07747355 -0.9683044
vt 0.08414972 -0.9291109
vt 0.08557844 -0.9683044
vt 0.41017604 -0.8737024
vt 0.42210406 -0.87408257
vt 0.4242953 -0.9046371
vt 0.4104098 -0.901914
vt 0.42492968 -0.9186108
vt 0.42708755 -0.8616359
vt 0.4154778 -0.9899293
vt 0.3893404 -0.9714322
vt 0.3895312 -0.9766364
vt 0.3509033 -0.8463663
vt 0.3565834 -0.84636354
vt 0.3566183 -0.92361856
vt 0.3509387 -0.92362094
vt 0.40896037 -0.8328886
vt 0.40052387 -0.8107488
vt 0.4109095 -0.83242893
vt 0.41487297 -0.80972254
vt 0.42630708 -0.855479
vt 0.40109342 -0.81102014
vt 0.41487676 -0.81013334
vt 0.41968524 -0.81510425
vt 0.40631416 -0.81494963
vt 0.4312334 -0.858973
vt 0.42877316 -0.8524494
vt 0.43123204 -0.85473514
vt 0.4157346 -0.8312936
vt 0.41968524 -0.81510425
vt 0.40631416 -0.81494963
vt 0.40109342 -0.81102014
vt 0.40631416 -0.81494963
vt 0.39260128 -0.79150796
vt 0.41846108 -0.78721154
vt 0.6913467 -0.30582738
vt 0.6913778 -0.3012259
vt 0.6919753 -0.30122614
vt 0.6920955 -0.30582738
vt 0.7113096 -0.3012259
vt 0.71135336 -0.30582738
vt 0.7016901 -0.30582738
vt 0.70011216 -0.30122614
vt 0.77769053 -0.30122614
vt 0.78133965 -0.30122614
vt 0.782398 -0.30582738
vt 0.778988 -0.30582738
vt 0.71443975 -0.30122614
vt 0.71376765 -0.30582738
vt 0.71135336 -0.30582738
vt 0.7113096 -0.3012259
vt 0.7345209 -0.30122614
vt 0.73601687 -0.30122614
vt 0.73607343 -0.30582738
vt 0.73446745 -0.30582738
vt 0.73452705 -0.29918754
vt 0.7344229 -0.29445982
vt 0.7566919 -0.2991873
vt 0.7360312 -0.2991873
vt 0.7360503 -0.29445982
vt 0.7567139 -0.29445982
vt 0.75674343 -0.3012259
vt 0.75893915 -0.30122614
vt 0.75859356 -0.30582738
vt 0.7566556 -0.30582738
vt 0.8056706 -0.30122614
vt 0.8073655 -0.3012259
vt 0.80737674 -0.30582738
vt 0.80569255 -0.30582738
vt 0.80594844 -0.29445982
vt 0.80569565 -0.2991873
vt 0.71376765 -0.30582738
vt 0.71443975 -0.30122614
vt 0.8073655 -0.3012259
vt 0.8173878 -0.30122614
vt 0.81654304 -0.30582738
vt 0.80737674 -0.30582738
vt 0.8228116 -0.2991873
vt 0.8174597 -0.29918754
vt 0.8168418 -0.29445982
vt 0.8219949 -0.29445982
vt 0.8227604 -0.3012259
vt 0.82169396 -0.30582738
vt 0.40052387 -0.8107488
vt 0.40109342 -0.81102014
vt 0.41487297 -0.80972254
vt 0.41487676 -0.81013334
vt 0.40052387 -0.8107488
vt 0.40109342 -0.81102014
vt 0.66970736 -0.7734338
vt 0.68196034 -0.76118684
vt 0.68737185 -0.76946795
vt 0.67788863 -0.77902603
vt 0.66306674 -0.78945935
vt 0.6727775 -0.7914964
vt 0.69793093 -0.754573
vt 0.69977355 -0.76425827
vt 0.6982466 -0.8416343
vt 0.68214357 -0.8352388
vt 0.6876447 -0.8268888
vt 0.70011383 -0.8320091
vt 0.66306674 -0.806829
vt 0.67283404 -0.80498576
vt 0.7312215 -0.7609358
vt 0.743634 -0.77326775
vt 0.7353016 -0.77874494
vt 0.72572136 -0.7692852
vt 0.7151184 -0.75453985
vt 0.71325266 -0.7641649
vt 0.66973245 -0.8229065
vt 0.67806387 -0.8174293
vt 0.7436571 -0.8227408
vt 0.7314061 -0.8349874
vt 0.7259947 -0.8267064
vt 0.73547685 -0.8171482
vt 0.75029886 -0.806715
vt 0.74058855 -0.8046775
vt 0.71543497 -0.8416016
vt 0.7135923 -0.83191633
vt 0.75029886 -0.78934526
vt 0.7405313 -0.7911885
vt 0.7135923 -0.83191633
vt 0.70011383 -0.8320091
vt 0.700397 -0.8305299
vt 0.71328616 -0.8304485
vt 0.7353016 -0.77874494
vt 0.7405313 -0.7911885
vt 0.73906004 -0.7914938
vt 0.73406076 -0.77959156
vt 0.6876447 -0.8268888
vt 0.67806387 -0.8174293
vt 0.6793058 -0.81658316
vt 0.6884694 -0.82563853
vt 0.71325266 -0.7641649
vt 0.72572136 -0.7692852
vt 0.72489554 -0.77053607
vt 0.7129685 -0.76564467
vt 0.6727775 -0.7914964
vt 0.67788863 -0.77902603
vt 0.67914283 -0.77985096
vt 0.6742526 -0.79177904
vt 0.68737185 -0.76946795
vt 0.68821347 -0.7707082
vt 0.67283404 -0.80498576
vt 0.67430544 -0.8046808
vt 0.69977355 -0.76425827
vt 0.7000788 -0.76572585
vt 0.73547685 -0.8171482
vt 0.7259947 -0.8267064
vt 0.72515273 -0.82546616
vt 0.73422325 -0.8163235
vt 0.74058855 -0.8046775
vt 0.73911333 -0.80439544
vt 0.72489554 -0.77053607
vt 0.73406076 -0.77959156
vt 0.73307586 -0.7802634
vt 0.72424215 -0.7715273
vt 0.73422325 -0.8163235
vt 0.72515273 -0.82546616
vt 0.72448295 -0.8244828
vt 0.73322856 -0.81567
vt 0.73911333 -0.80439544
vt 0.73794335 -0.80417275
vt 0.71328616 -0.8304485
vt 0.71304286 -0.8292844
vt 0.73906004 -0.7914938
vt 0.7378941 -0.7917367
vt 0.700397 -0.8305299
vt 0.7006215 -0.8293581
vt 0.6884694 -0.82563853
vt 0.6793058 -0.81658316
vt 0.68029004 -0.8159106
vt 0.68912387 -0.8246467
vt 0.7129685 -0.76564467
vt 0.7127444 -0.7668158
vt 0.6742526 -0.79177904
vt 0.67914283 -0.77985096
vt 0.6801379 -0.7805042
vt 0.67542315 -0.79200196
vt 0.68821347 -0.7707082
vt 0.68888354 -0.7716913
vt 0.67430544 -0.8046808
vt 0.6754724 -0.8044379
vt 0.7000788 -0.76572585
vt 0.7003236 -0.7668896
vt 0.6801379 -0.7805042
vt 0.68888354 -0.7716913
vt 0.6754724 -0.8044379
vt 0.67542315 -0.79200196
vt 0.7003236 -0.7668896
vt 0.68029004 -0.8159106
vt 0.7006215 -0.8293581
vt 0.68912387 -0.8246467
vt 0.7127444 -0.7668158
vt 0.72424215 -0.7715273
vt 0.73307586 -0.7802634
vt 0.73322856 -0.81567
vt 0.72448295 -0.8244828
vt 0.73794335 -0.80417275
vt 0.71304286 -0.8292844
vt 0.7378941 -0.7917367
vt 0.30540985 -0.09144282
vt 0.34522438 -0.09144282
vt 0.38336903 -0.09144282
vt 0.41837582 -0.09144282
vt 0.4491847 -0.09144282
vt 0.26541823 -0.09144282
vt 0.22676693 -0.09144282
vt 0.1909519 -0.09144282
vt 0.15906928 -0.09144282
vt 0.5084344 -0.09144282
vt 0.51303977 -0.09144282
vt 0.49531794 -0.09144282
vt 0.4752246 -0.09144282
vt 0.089087844 -0.09144282
vt 0.09541008 -0.09144282
vt 0.11016095 -0.09144282
vt 0.13173907 -0.09144282
vt 0.6913645 -0.2991873
vt 0.69196403 -0.2991873
vt 0.6919753 -0.30122614
vt 0.6913778 -0.3012259
vt 0.7360312 -0.2991873
vt 0.7566919 -0.2991873
vt 0.75674343 -0.3012259
vt 0.73601687 -0.30122614
vt 0.7566919 -0.2991873
vt 0.75674343 -0.3012259
vt 0.80569565 -0.2991873
vt 0.8073627 -0.2991873
vt 0.8073655 -0.3012259
vt 0.8056706 -0.30122614
vt 0.69196403 -0.2991873
vt 0.70008683 -0.29918754
vt 0.70011216 -0.30122614
vt 0.6919753 -0.30122614
vt 0.8174597 -0.29918754
vt 0.8228116 -0.2991873
vt 0.8227604 -0.3012259
vt 0.8173878 -0.30122614
vt 0.8073627 -0.2991873
vt 0.8174597 -0.29918754
vt 0.8173878 -0.30122614
vt 0.8073655 -0.3012259
vt 0.7852106 -0.29918754
vt 0.80569565 -0.2991873
vt 0.8056706 -0.30122614
vt 0.78513455 -0.3012259
vt 0.7815285 -0.29918754
vt 0.7852106 -0.29918754
vt 0.78513455 -0.3012259
vt 0.78133965 -0.30122614
vt 0.73452705 -0.29918754
vt 0.7360312 -0.2991873
vt 0.73601687 -0.30122614
vt 0.7345209 -0.30122614
vt 0.71764696 -0.29918754
vt 0.73452705 -0.29918754
vt 0.7345209 -0.30122614
vt 0.7176786 -0.30122614
vt 0.7112718 -0.29918754
vt 0.71429944 -0.29918754
vt 0.71443975 -0.30122614
vt 0.7113096 -0.3012259
vt 0.71429944 -0.29918754
vt 0.71443975 -0.30122614
vt 0.7112718 -0.29918754
vt 0.7113096 -0.3012259
vt 0.79255295 -0.28354526
vt 0.77571285 -0.28354526
vt 0.77571505 -0.28128684
vt 0.7925993 -0.28128684
vt 0.81828797 -0.28354526
vt 0.81013536 -0.28354526
vt 0.81014884 -0.28128684
vt 0.81826437 -0.28128684
vt 0.6928395 -0.28354526
vt 0.68746656 -0.28354526
vt 0.6874179 -0.28128672
vt 0.6927671 -0.28128672
vt 0.7028835 -0.28354526
vt 0.7028388 -0.28128672
vt 0.70456976 -0.28354526
vt 0.7028835 -0.28354526
vt 0.7028388 -0.28128672
vt 0.704514 -0.28128672
vt 0.7250762 -0.28354526
vt 0.70456976 -0.28354526
vt 0.704514 -0.28128672
vt 0.7250358 -0.28128672
vt 0.7288065 -0.28354526
vt 0.7250762 -0.28354526
vt 0.7250358 -0.28128672
vt 0.7287763 -0.28128672
vt 0.7534872 -0.28354526
vt 0.75354576 -0.28128672
vt 0.774217 -0.28354526
vt 0.7534872 -0.28354526
vt 0.75354576 -0.28128672
vt 0.77421117 -0.28128684
vt 0.77571285 -0.28354526
vt 0.774217 -0.28354526
vt 0.77421117 -0.28128684
vt 0.77571505 -0.28128684
vt 0.7989113 -0.28354526
vt 0.79578847 -0.28354526
vt 0.795951 -0.28128684
vt 0.7989886 -0.28128684
vt 0.79578847 -0.28354526
vt 0.795951 -0.28128684
vt 0.7989113 -0.28354526
vt 0.7989886 -0.28128684
vt 0.8188845 -0.28354526
vt 0.81828797 -0.28354526
vt 0.81826437 -0.28128684
vt 0.8188641 -0.28128684
vt 0.7028388 -0.28128672
vt 0.7025545 -0.27660894
vn 0.0 -1.0 0.0
vn 0.0 -1.0 0.0
vn 0.0 -1.0 0.0
vn 0.0 -1.0 0.0
vn 0.0 -1.0 0.0
vn 0.0 -1.0 0.0
vn 0.0 0.0 1.0
vn -0.00263387 0.022467779 0.99974406
vn -0.0019370198 0.012674968 0.99991775
vn 0.0 0.0 1.0
vn 1.8625806E-5 0.09858326 0.9951288
vn 8.40592E-4 0.078368805 0.9969241
vn 0.0 -1.0 0.0
vn 0.0 -1.0 0.0
vn 0.0 -1.0 0.0
vn 0.0 -1.0 0.0
vn 0.0 0.0 1.0
vn 0.0019370198 0.012674968 0.99991775
vn 0.00263387 0.022467779 0.99974406
vn 0.0 0.0 1.0
vn -8.40592E-4 0.078368805 0.9969241
vn -1.8625806E-5 0.09858326 0.9951288
vn 0.0 -1.0 0.0
vn 0.0 -1.0 0.0
vn 0.0 -1.0 0.0
vn 0.0 -1.0 0.0
vn 0.0 0.0 -1.0
vn -0.0019370198 0.012674968 -0.99991775
vn -0.00263387 0.022467779 -0.99974406
vn 0.0 0.0 -1.0
vn 8.40592E-4 0.078368805 -0.9969241
vn 1.8625806E-5 0.09858326 -0.9951288
vn 0.7754003 -0.45428184 -0.43861416
vn 0.6424719 -0.34904096 -0.6822025
vn 0.86396295 -0.5035554 0.0
vn 0.0 -1.0 0.0
vn 0.0 -1.0 0.0
vn 0.0 -1.0 0.0
vn 0.0 0.0 -1.0
vn 0.00263387 0.022467779 -0.99974406
vn 0.0019370198 0.012674968 -0.99991775
vn 0.0 0.0 -1.0
vn -1.8625806E-5 0.09858326 -0.9951288
vn -8.40592E-4 0.078368805 -0.9969241
vn -0.7754003 -0.45428184 -0.43861416
vn -0.86396295 -0.5035554 0.0
vn -0.6424719 -0.349041 -0.6822025
vn 0.0 1.0 0.0
vn 0.0 1.0 0.0
vn 0.0 1.0 0.0
vn 0.0 1.0 0.0
vn 0.0 1.0 0.0
vn 0.0 1.0 0.0
vn 0.0 1.0 0.0
vn 0.0 1.0 0.0
vn 0.0 1.0 0.0
vn 0.0 1.0 0.0
vn 0.0 1.0 0.0
vn 0.0 1.0 0.0
vn 0.0 1.0 0.0
vn 0.0 1.0 0.0
vn 0.0 1.0 0.0
vn 0.0 1.0 0.0
vn 0.0 1.0 0.0
vn -0.17388928 0.8699125 0.46153527
vn -0.10176518 0.8531714 0.5116077
vn -0.09125213 0.88386446 0.45875555
vn -0.20865162 0.88701916 0.41189986
vn -0.33727467 0.8699124 0.3598585
vn -0.3503966 0.887019 0.30069864
vn -0.44931385 0.8699119 0.2033968
vn -0.43879724 0.8870186 0.14371864
vn -0.47859693 0.8780347 9.525848E-10
vn -0.4606795 0.8875666 0.0
vn 0.0 0.0 1.0
vn 0.0 0.0 1.0
vn -0.3207221 0.0 0.94717336
vn -0.44296747 0.0 0.89653766
vn -0.94717336 0.0 0.3207218
vn -0.89653784 0.0 0.44296718
vn -1.0 0.0 0.0
vn -1.0 0.0 0.0
vn -0.658776 0.0 0.7523391
vn -0.7523392 0.0 0.658776
vn -0.17599548 -0.831383 0.5270938
vn -0.109679855 -0.8270004 0.5513988
vn -0.10968005 -0.82700014 0.5513992
vn -0.24401695 -0.83152497 0.499021
vn -0.3643084 -0.831383 0.4196208
vn -0.4164099 -0.83152455 0.36765435
vn -0.49716088 -0.83138174 0.24826479
vn -0.52540916 -0.83152354 0.18031594
vn -0.5547478 -0.83201855 0.0
vn -0.554747 -0.8320191 0.0
vn -0.52480936 0.8247846 0.21048895
vn -0.40430954 0.8247847 0.39530244
vn -0.47458562 0.7589382 0.44584894
vn -0.60907894 0.7589384 0.23029427
vn -0.5957269 0.803187 0.0
vn -0.64507943 0.7641155 -1.3739797E-9
vn -0.22225763 0.82478464 0.5199345
vn -0.10685896 0.83664817 0.53721607
vn -0.12925823 0.74901253 0.64982504
vn -0.2678409 0.75893813 0.59352684
vn -0.12309699 0.9264084 0.35582936
vn -0.07457175 0.92406154 0.37489906
vn -0.07457179 0.9240616 0.37489897
vn -0.16924219 0.926291 0.33666328
vn -0.24989644 0.9264088 0.28163543
vn -0.28519464 0.9262911 0.24626984
vn -0.33865163 0.92640865 0.164566
vn -0.35772943 0.9262908 0.118384674
vn -0.37594527 0.9266419 -1.2075158E-9
vn -0.37594584 0.92664164 0.0
vn -0.7055879 0.16963096 0.6880197
vn -0.38858557 0.16963074 0.90566367
vn -0.3852389 0.05186689 0.92135817
vn -0.7085021 0.051866747 0.7038001
vn -0.19183199 0.18201606 0.96440166
vn -0.19456881 0.0731437 0.97815794
vn -0.98845315 0.15152657 -5.397649E-9
vn -0.91517264 0.16963093 0.36562872
vn -0.92390364 0.051866878 0.37909338
vn -0.9995992 0.028308092 -2.9263816E-9
vn -0.89245874 0.26765937 0.3631473
vn -0.685553 0.26765913 0.6770345
vn -0.9685311 0.24889278 -4.7096465E-9
vn -0.37427986 0.26765952 0.8878473
vn -0.18728852 0.27997583 0.9415607
vn -0.010485106 -0.9993742 0.0337838
vn -0.007006408 -0.99935484 0.03522392
vn -0.007006471 -0.9993549 0.035223953
vn -0.014936651 -0.9993782 0.03194009
vn -0.022615451 -0.99937415 0.02719971
vn -0.026022576 -0.9993781 0.023792773
vn -0.031302825 -0.99937415 0.016474647
vn -0.03314682 -0.9993782 0.012023203
vn -0.035224818 -0.99937946 -1.5329574E-10
vn -0.03522483 -0.9993794 0.0
vn -0.20928739 0.97436285 0.082558095
vn -0.16176209 0.974363 0.1563638
vn -0.11998545 0.9873151 0.10398299
vn -0.15064473 0.98731506 0.05015126
vn -0.29224128 -0.6288714 0.72049695
vn -0.1429693 -0.680405 0.71875495
vn -0.18845181 -0.25865093 0.9474099
vn -0.3698583 -0.19563213 0.9082581
vn -0.54571855 -0.6288699 0.5538177
vn -0.68927896 -0.19563374 0.69758284
vn -0.7161149 -0.62887025 0.30282295
vn -0.90376484 -0.19563377 0.38070542
vn -0.82658136 -0.56281734 6.342487E-9
vn -0.99162155 -0.12917699 0.0
vn -0.43986183 0.89806545 -1.8001252E-9
vn -0.46409327 0.8683352 0.17496169
vn -0.20071085 0.97965056 8.236618E-10
vn -0.36181182 0.8683345 0.33924526
vn -0.20444721 0.8683345 0.4518811
vn -0.08961084 0.97436315 0.20636496
vn -0.1075816 0.83421147 0.5408488
vn -0.04972131 0.9669769 0.24996711
vn -0.9019482 0.2304136 0.3652384
vn -0.9504375 0.31091583 0.0
vn -0.69351983 0.2304144 0.68259764
vn -0.37951082 0.23041038 0.89603716
vn -0.19292007 0.14876089 0.96987224
vn -0.15749975 0.5901201 0.7918032
vn -0.29607388 0.6508368 0.6991078
vn -0.5410734 0.6508368 0.532589
vn -0.7036994 0.6508371 0.28498808
vn -0.71473855 0.69939166 3.1643124E-9
vn -0.62539697 -0.7803068 2.0516697E-9
vn -0.5606232 -0.7795707 0.27923292
vn -0.41108924 -0.77957267 0.4725168
vn -0.19897094 -0.7795761 0.5938615
vn -0.12344701 -0.77434295 0.6206077
vn -0.14798975 0.9363298 0.31841102
vn -0.077251576 0.9182594 0.38837096
vn -0.038199324 0.9806431 0.1920415
vn -0.08637546 0.9812646 0.17221795
vn -0.15837903 0.98737836 0.0
vn -0.03148789 0.98688865 0.15830079
vn -0.071059346 0.98731524 0.14198343
vn -0.25857532 0.93632984 0.2375399
vn -0.14570588 0.98126453 0.12605436
vn -0.32979554 0.9363298 0.12050525
vn -0.18285465 0.98126435 0.060699858
vn -0.30355552 0.9528138 0.0
vn -0.1921829 0.9813591 0.0
vn -0.7917352 0.61086446 3.1434302E-9
vn -0.71129674 0.6100901 0.34906584
vn -0.57213694 0.7878414 0.227959
vn -0.55942214 0.8288829 0.0
vn -0.5235707 0.6100889 0.5946976
vn -0.4413494 0.78784055 0.4295556
vn -0.25613627 0.6100875 0.7497916
vn -0.24337007 0.7878403 0.56575483
vn -0.15556945 0.6034248 0.7820977
vn -0.13244072 0.73425967 0.66582453
vn -0.3195551 0.09584618 0.94270784
vn -0.19422288 0.094223894 0.97642165
vn -0.19422294 0.09422422 0.97642165
vn -0.44122157 0.09584055 0.8922656
vn -0.6559881 0.09584305 0.7486613
vn -0.7490907 0.0958388 0.6554983
vn -0.8925546 0.095844604 0.44063604
vn -0.9429182 0.095841914 0.31893522
vn -0.9953761 0.09605365 -3.81936E-9
vn -0.9953762 0.09605301 0.0
vn -0.3559886 0.9344903 0.0
vn -0.3811283 0.91226965 0.15001729
vn -0.25146782 0.96421844 0.08394531
vn -0.2644944 0.96438724 0.0
vn -0.42544192 -0.07389695 0.90196365
vn -0.19494174 -0.038814638 0.9800466
vn -0.17220668 -0.4699259 0.86574507
vn -0.38891608 -0.47626597 0.7886159
vn -0.7382234 -0.0738995 0.6704962
vn -0.6610981 -0.4762751 0.57975096
vn -0.93861675 -0.0739028 0.33695245
vn -0.8326347 -0.47627825 0.28262794
vn -0.9915519 -0.12971085 9.084026E-9
vn -0.8788841 -0.47703534 0.0
vn -0.16341886 0.9122708 0.3755748
vn -0.09242862 0.88064545 0.46467254
vn -0.052538116 0.96305543 0.26412845
vn -0.11845452 0.96421945 0.23716988
vn -0.29470566 0.912271 0.28444716
vn -0.20020002 0.96421885 0.17378682
vn -0.79799515 -0.45499724 0.39519763
vn -0.58601177 -0.4550055 0.67049253
vn -0.669393 -0.45504877 0.58723396
vn -0.84316725 -0.45504105 0.286368
vn -0.2848195 -0.4550009 0.8437132
vn -0.39371428 -0.45504653 0.7987001
vn -0.17433399 -0.44883987 0.8764419
vn -0.1743349 -0.44883585 0.8764438
vn -0.8900768 -0.45581058 4.7915196E-9
vn -0.890072 -0.45582005 0.0
vn -0.8936294 0.081794605 0.4412892
vn -0.65673053 0.08178756 0.7496771
vn -0.749961 0.081790194 0.656406
vn -0.9440689 0.081793524 0.3194429
vn -0.3198512 0.08178916 0.943931
vn -0.44167617 0.0817868 0.8934389
vn -0.1944586 0.080403835 0.9776099
vn -0.19445866 0.080404356 0.97760975
vn -0.99663466 0.08197141 3.6138728E-9
vn -0.9966349 0.08196858 0.0
vn -0.35845974 -0.9335452 0.0
vn -0.28944588 -0.9481123 0.13154513
vn -0.4114005 -0.90055233 0.14055261
vn -0.43403888 -0.90089417 0.0
vn -0.111651674 -0.94811285 0.29768437
vn -0.0542897 -0.9604993 0.27293545
vn -0.08601514 -0.89755476 0.4324313
vn -0.19152038 -0.90054995 0.39029443
vn -0.2170734 -0.948112 0.2322986
vn -0.32629922 -0.90055114 0.2872917
vn -0.16072018 -0.98375225 0.08000305
vn -0.117868125 -0.98375285 0.13541615
vn -0.057074223 -0.9837529 0.17021403
vn -0.035605278 -0.9832045 0.17900023
vn -0.17911537 -0.98382807 0.0
vn -0.5412165 0.7977109 0.26597378
vn -0.39823422 0.79771143 0.4528422
vn -0.19462457 0.79771113 0.5707699
vn -0.11894415 0.79264194 0.59797245
vn -0.60225 0.79830754 0.0
vn -0.6360427 0.2620643 0.72579044
vn -0.30987915 0.2620529 0.91394925
vn -0.42783588 0.2620432 0.86503744
vn -0.7263018 0.26205477 0.6354628
vn -0.8653745 0.2620652 0.42714038
vn -0.9141987 0.26204684 0.3091475
vn -0.9649079 0.26258877 4.838714E-9
vn -0.96490824 0.262587 0.0
vn -0.18849137 0.2578818 0.9476118
vn -0.18849118 0.25787684 0.9476131
vn -0.32072306 0.0 0.947173
vn -0.195091 0.0 0.98078513
vn -0.19462085 0.0693831 0.9784215
vn -0.40169042 0.11582621 0.9084212
vn -0.6587771 0.0 0.7523381
vn -0.7187516 0.115824975 0.68555135
vn -0.8965382 0.0 0.4429665
vn -0.9263889 0.115824744 0.35831296
vn -1.0 0.0 0.0
vn -0.9850792 0.17210151 2.5695999E-9
vn -0.18423063 0.32898122 0.92619133
vn -0.41983834 0.33400136 0.84390694
vn -0.89360356 0.3339995 0.29986167
vn -0.9423232 0.33470443 0.0
vn -0.7108306 0.33399913 0.61900276
vn -0.6300827 0.32281333 0.7062488
vn -0.31185135 0.3228135 0.8936108
vn -0.18498227 0.317703 0.9299712
vn -0.94630253 0.32328218 0.0
vn -0.8523903 0.32281256 0.41136712
vn -0.7066078 -0.050234012 0.70582
vn -0.92292607 -0.05023406 0.3816857
vn -0.99800545 -0.06312696 -3.0183538E-9
vn -0.19495898 -0.036671117 0.98012555
vn -0.38271436 -0.050234083 0.92249995
vn -0.43722633 -0.08938378 0.89489865
vn -0.7464079 -0.089384444 0.6594586
vn -0.19433478 -0.08784562 0.9769939
vn -0.9419546 -0.08938422 0.32362318
vn -0.99598205 -0.089552835 0.0
vn -0.9908413 0.13503142 3.5526588E-9
vn -0.88861036 0.13474277 0.43842435
vn -0.9387174 0.13473481 0.31726342
vn -0.99084085 0.13503487 0.0
vn -0.6531911 0.13474353 0.7451078
vn -0.7458509 0.13473365 0.65234447
vn -0.31832853 0.13474295 0.9383556
vn -0.43943378 0.1347332 0.8881131
vn -0.19337036 0.13248108 0.97214025
vn -0.19337016 0.1324802 0.9721404
vn -0.5310289 0.59506744 0.6032437
vn -0.2597553 0.5950681 0.76053995
vn -0.238653 0.78494203 0.5717611
vn -0.4392904 0.78494173 0.43691
vn -0.15774651 0.5883855 0.79304385
vn -0.1320842 0.73594564 0.6640315
vn -0.8031001 0.5958442 0.0
vn -0.72145945 0.5950658 0.35410863
vn -0.5730502 0.78494143 0.23554288
vn -0.57309556 0.8194885 0.0
vn -0.87566143 -0.21284859 0.43348873
vn -0.6431166 -0.21284908 0.73559254
vn -0.7346054 -0.21286905 0.6442372
vn -0.92522603 -0.21286634 0.31407756
vn -0.97698665 -0.21330059 0.0
vn -0.97698754 -0.21329604 0.0
vn -0.31266305 -0.2128502 0.9257088
vn -0.1907657 -0.20938978 0.9590435
vn -0.19076583 -0.2093892 0.95904356
vn -0.43214697 -0.21287002 0.8763192
vn -0.21593066 0.74141264 0.6353591
vn -0.1321552 0.73561054 0.66438854
vn -0.44263345 0.74141526 0.5043601
vn -0.60195136 0.7414142 0.2965796
vn -0.67026734 0.74211967 0.0
vn -0.52559614 -0.71491706 0.46113154
vn -0.6620577 -0.7149141 0.22489454
vn -0.626605 -0.7148733 0.31035846
vn -0.46014035 -0.7148704 0.52652746
vn 0.0 -0.71565616 0.6984529
vn -0.30912134 -0.71491337 0.6271705
vn -0.2236218 -0.71486765 0.6625387
vn 0.0 -0.71565694 0.698452
vn -0.6984608 -0.7156483 0.0
vn -0.6984531 -0.71565574 0.0
vn -0.888583 0.45871586 -4.015649E-9
vn -0.79729337 0.45795244 0.39319575
vn -0.9023387 0.07339084 0.42473373
vn -0.9992226 0.039424725 0.0
vn -0.58614063 0.45792842 0.66838664
vn -0.6711133 0.07339166 0.73771304
vn -0.28574312 0.45792335 0.84181774
vn -0.33771688 0.07338845 0.9383823
vn -0.17405242 0.4517092 0.8750226
vn -0.19354059 0.12572019 0.97300386
vn -0.31923446 -0.091771856 0.94322175
vn -0.19429447 -0.09021014 0.97678643
vn -0.19429381 -0.09021635 0.976786
vn -0.44097242 -0.09176533 0.8928172
vn -0.99576443 -0.09194133 0.0
vn -0.89269584 -0.09172328 0.4412267
vn -0.9431345 -0.09173561 0.31950247
vn -0.9957625 -0.0919626 0.0
vn -0.6558917 -0.09174874 0.74925846
vn -0.7490744 -0.09173126 0.6561044
vn -0.27092212 -0.37803745 0.8852621
vn -0.18098927 -0.3732581 0.9099018
vn -0.18099001 -0.37325794 0.90990174
vn -0.38968834 -0.37923917 0.83923817
vn -0.9251812 -0.37952584 2.8318288E-9
vn -0.8175453 -0.37803787 0.4344043
vn -0.8689822 -0.37923932 0.31787956
vn -0.9251812 -0.37952557 0.0
vn -0.58907485 -0.3780376 0.71419775
vn -0.68118703 -0.37923938 0.62622815
vn -0.35707903 0.93407416 0.0
vn -0.32620585 0.9340311 0.14551856
vn -0.34628662 0.9331841 0.09619309
vn -0.35707912 0.9340741 0.0
vn -0.24568759 0.93403095 0.25927544
vn -0.28311533 0.933184 0.2213896
vn -0.12776525 0.9340311 0.33355957
vn -0.17684284 0.933184 0.31288052
vn -0.07084851 0.93172693 0.3561819
vn -0.07084865 0.9317269 0.35618177
vn 0.0 0.0 1.0
vn 0.0 0.0 1.0
vn 0.0 0.0 1.0
vn 0.0 0.0 1.0
vn 0.0 0.0 1.0
vn 0.0 0.0 1.0
vn 0.0 0.0 1.0
vn 0.0 0.0 1.0
vn 0.0 0.0 1.0
vn 0.0 0.0 1.0
vn 0.0 0.0 1.0
vn 0.0 0.0 1.0
vn 0.0 0.0 1.0
vn 0.0 0.0 1.0
vn 0.0 0.0 1.0
vn 0.0 0.0 1.0
vn 0.0 0.0 1.0
vn 0.0 0.0 1.0
vn 0.0 0.0 1.0
vn -0.009334116 0.09364602 0.9955618
vn 0.0 0.0 1.0
vn 0.0 0.013689354 0.99990624
vn 0.0 0.10084129 0.99490255
vn -0.011493977 0.13117912 0.9912921
vn 0.0 0.0 1.0
vn 0.0 0.0 1.0
vn -0.02380937 0.31674686 0.9482112
vn -0.010719149 0.25715086 0.9663119
vn 0.7002138 -0.6502763 0.29468864
vn 0.7766939 -0.4513555 0.4393459
vn 0.8152659 -0.49754456 0.29629532
vn 0.72228026 -0.6392245 0.26401383
vn 0.65123767 -0.35086077 0.6728939
vn 0.7744439 -0.4071412 0.48422357
vn 6.160449E-10 0.37116963 0.92856514
vn 0.0 0.044320833 0.99901736
vn 0.0 0.0 1.0
vn 0.0 0.1551722 0.98788744
vn 0.0013798514 0.15666763 0.9876504
vn 4.5985318E-5 0.15697426 0.9876027
vn 0.37921393 -0.22066863 0.89861125
vn 0.5844034 -0.2855901 0.7595465
vn 0.0 0.03525381 0.99937844
vn -0.0023845409 0.023960397 0.9997101
vn 0.0 0.019343974 0.99981284
vn -0.11073812 -0.6957794 -0.7096677
vn -0.18794776 -0.6882335 -0.7007213
vn -0.11073812 -0.6957794 -0.7096677
vn 0.0 -0.6991979 -0.7149282
vn -0.76944554 0.04858653 0.6368618
vn -0.68804127 0.48466107 0.54009515
vn -0.6870363 0.43865976 0.5792743
vn -0.78189474 -0.078019336 0.6185092
vn -0.7694442 0.048561003 -0.63686526
vn -0.7818921 -0.07807143 -0.6185059
vn -0.68703306 0.43865767 -0.5792797
vn -0.6880393 0.48466176 -0.5400971
vn -0.7013151 0.4644193 0.5408066
vn -0.7146085 0.42844385 0.55296534
vn -0.7176115 0.39300913 -0.57495874
vn -0.7003888 0.3970847 -0.5931099
vn -0.7146094 0.4284444 -0.5529637
vn -0.7013141 0.46442014 -0.54080725
vn 0.3428547 -0.8080284 -0.47910425
vn 0.36885953 -0.76703393 -0.52497774
vn 0.05407039 -0.78955525 -0.6112928
vn 0.100106955 -0.8184947 -0.5657252
vn -0.61695296 -0.23616171 0.7507307
vn -0.6183824 -0.20529698 0.7585884
vn -0.61695296 -0.23616171 0.7507307
vn -0.61573976 -0.2553512 0.74542636
vn -2.1777914E-6 0.72957337 -0.6839026
vn 0.34365362 0.8487331 -0.40193817
vn 0.22222123 0.7337022 -0.64210504
vn 0.0 0.72957456 -0.6839013
vn -0.8506118 0.0 -0.52579415
vn -0.8506118 0.0 -0.52579415
vn -0.8506118 0.0 -0.52579415
vn -0.85061187 0.0 -0.52579415
vn -0.7269275 0.045295574 0.6852187
vn -0.72236615 0.03320531 0.6907131
vn -0.68172014 -0.3126316 0.66145223
vn -0.672852 -0.41164574 0.61466897
vn -0.61695445 -0.23616229 -0.7507294
vn -0.61574113 -0.2553518 -0.74542487
vn -0.61695445 -0.23616229 -0.7507294
vn -0.61838394 -0.20529743 -0.758587
vn 0.35912058 0.91659594 -0.17573933
vn -0.068359606 0.980845 -0.1824009
vn -0.130663 0.8750244 -0.46611106
vn 0.3150722 0.82173705 -0.47484487
vn -0.726929 0.045295686 -0.685217
vn -0.6728531 -0.41164643 -0.6146672
vn -0.68172157 -0.31263223 -0.66145056
vn -0.7223677 0.033205394 -0.6907115
vn -0.7321018 -0.5498706 -0.40208116
vn -0.6698631 -0.7317294 -0.12591898
vn -0.72813016 -0.63195586 -0.2654396
vn -0.7411802 -0.31444952 -0.5931049
vn -0.7577995 0.091004595 -0.64610994
vn -0.762545 0.1383169 -0.6319759
vn -0.7577995 0.091004595 -0.64610994
vn -0.7485995 0.027741624 -0.66244173
vn -0.17773809 0.77345544 -0.6084209
vn -0.16582978 0.7679747 -0.61864
vn -0.32391876 0.75777084 -0.5664452
vn -0.33600947 0.7378742 -0.5853539
vn 0.17388928 0.8699125 0.46153527
vn 0.20865162 0.88701916 0.41189986
vn 0.09125213 0.88386446 0.45875555
vn 0.10176518 0.8531714 0.5116077
vn 0.33727458 0.8699124 0.35985866
vn 0.35039625 0.88701904 0.30069855
vn 0.44931334 0.86991227 0.20339654
vn 0.43879643 0.8870191 0.14371789
vn 0.4785961 0.87803525 1.905166E-9
vn 0.4606785 0.8875671 0.0
vn 0.44296747 0.0 0.89653766
vn 0.3207221 0.0 0.94717336
vn 0.94717354 0.0 0.3207214
vn 1.0 0.0 0.0
vn 1.0 0.0 0.0
vn 0.89653766 0.0 0.4429676
vn 0.7523387 0.0 0.6587765
vn 0.65877575 0.0 0.75233936
vn 0.17599548 -0.831383 0.5270938
vn 0.24401695 -0.83152497 0.499021
vn 0.10968005 -0.82700014 0.5513992
vn 0.109679855 -0.8270004 0.5513988
vn 0.3643084 -0.831383 0.4196208
vn 0.4164099 -0.8315245 0.36765432
vn 0.49716106 -0.83138186 0.24826454
vn 0.52540934 -0.83152354 0.18031538
vn 0.55474794 -0.83201844 2.556372E-9
vn 0.554747 -0.8320191 0.0
vn 0.52480936 0.8247846 0.21048895
vn 0.6090789 0.7589384 0.23029424
vn 0.47458562 0.7589382 0.44584894
vn 0.40430954 0.8247847 0.39530244
vn 0.5957269 0.803187 0.0
vn 0.64507943 0.7641155 -1.3739797E-9
vn 0.22225763 0.82478464 0.5199345
vn 0.26784095 0.7589382 0.5935269
vn 0.12925823 0.74901253 0.64982504
vn 0.10685896 0.83664817 0.53721607
vn 0.12309699 0.9264084 0.35582936
vn 0.1692422 0.926291 0.33666325
vn 0.07457179 0.9240616 0.37489897
vn 0.07457175 0.92406154 0.37489906
vn 0.24989644 0.9264088 0.28163543
vn 0.28519464 0.9262911 0.24626984
vn 0.33865163 0.92640865 0.164566
vn 0.35772943 0.9262908 0.118384674
vn 0.37594527 0.9266419 -1.2075158E-9
vn 0.37594584 0.92664164 0.0
vn 0.7055879 0.16963096 0.6880197
vn 0.7085021 0.051866747 0.7038001
vn 0.3852389 0.05186689 0.92135817
vn 0.38858557 0.16963074 0.90566367
vn 0.19456881 0.0731437 0.97815794
vn 0.19183199 0.18201606 0.96440166
vn 0.98845315 0.15152657 -5.397649E-9
vn 0.9995992 0.028308088 -2.9263816E-9
vn 0.92390364 0.051866885 0.37909338
vn 0.91517264 0.16963094 0.36562875
vn 0.89245874 0.26765937 0.36314726
vn 0.6855531 0.26765913 0.6770345
vn 0.9685311 0.24889278 -4.7096465E-9
vn 0.37427986 0.26765952 0.8878473
vn 0.18728852 0.27997583 0.9415607
vn 0.010485106 -0.9993742 0.0337838
vn 0.014936651 -0.9993782 0.03194009
vn 0.007006471 -0.9993549 0.035223953
vn 0.007006408 -0.99935484 0.03522392
vn 0.022615451 -0.99937415 0.02719971
vn 0.026022576 -0.9993781 0.023792773
vn 0.031302825 -0.99937415 0.016474647
vn 0.033146825 -0.9993782 0.012023203
vn 0.035224818 -0.99937946 -1.5329574E-10
vn 0.03522483 -0.9993794 0.0
vn 0.20928739 0.97436285 0.082558095
vn 0.15064473 0.98731506 0.050151255
vn 0.11998545 0.9873151 0.10398299
vn 0.16176209 0.974363 0.15636379
vn 0.29224128 -0.6288714 0.72049695
vn 0.3698583 -0.19563213 0.9082581
vn 0.18845181 -0.25865093 0.9474099
vn 0.1429693 -0.680405 0.71875495
vn 0.54571855 -0.62886983 0.5538177
vn 0.68927896 -0.19563374 0.69758284
vn 0.7161149 -0.62887025 0.30282295
vn 0.9037648 -0.19563378 0.38070542
vn 0.8265813 -0.56281734 3.1712435E-9
vn 0.99162155 -0.12917699 0.0
vn 0.43986186 0.89806545 -1.8001252E-9
vn 0.20071083 0.97965056 -8.236618E-10
vn 0.46409327 0.8683351 0.17496167
vn 0.36181185 0.8683346 0.33924526
vn 0.08961084 0.97436315 0.20636494
vn 0.20444722 0.8683345 0.4518811
vn 0.04972131 0.9669769 0.24996711
vn 0.1075816 0.8342114 0.5408488
vn 0.9019481 0.23041359 0.3652384
vn 0.9504375 0.31091583 0.0
vn 0.69351983 0.2304144 0.68259764
vn 0.37951082 0.23041038 0.89603716
vn 0.19292007 0.14876089 0.96987224
vn 0.29607385 0.6508368 0.6991078
vn 0.15749975 0.5901201 0.7918032
vn 0.5410734 0.6508368 0.532589
vn 0.7036994 0.6508371 0.28498805
vn 0.7147386 0.6993917 3.1643124E-9
vn 0.6253969 -0.7803068 2.0516697E-9
vn 0.5606232 -0.7795707 0.27923292
vn 0.41108924 -0.77957267 0.4725168
vn 0.19897094 -0.7795761 0.5938615
vn 0.12344701 -0.77434295 0.6206077
vn 0.14798975 0.9363298 0.31841102
vn 0.08637546 0.9812646 0.17221795
vn 0.038199324 0.9806431 0.1920415
vn 0.077251576 0.9182594 0.38837096
vn 0.15837903 0.98737836 0.0
vn 0.071059346 0.98731524 0.14198343
vn 0.03148789 0.98688865 0.15830079
vn 0.25857532 0.93632984 0.2375399
vn 0.14570588 0.98126453 0.12605436
vn 0.32979554 0.9363298 0.12050525
vn 0.18285465 0.98126435 0.060699858
vn 0.30355552 0.9528138 0.0
vn 0.1921829 0.9813591 0.0
vn 0.79173523 0.61086446 3.1434302E-9
vn 0.55942214 0.8288829 0.0
vn 0.57213694 0.7878414 0.22795904
vn 0.71129674 0.61009014 0.34906584
vn 0.44134942 0.7878405 0.42955562
vn 0.5235707 0.6100889 0.59469765
vn 0.24337007 0.7878403 0.56575483
vn 0.25613627 0.6100875 0.7497916
vn 0.13244072 0.73425967 0.66582453
vn 0.15556945 0.6034248 0.7820977
vn 0.3195551 0.09584618 0.94270784
vn 0.44122157 0.09584055 0.8922656
vn 0.19422294 0.09422422 0.97642165
vn 0.19422288 0.094223894 0.97642165
vn 0.6559881 0.09584305 0.7486613
vn 0.7490907 0.0958388 0.6554983
vn 0.8925546 0.095844604 0.44063604
vn 0.9429182 0.095841914 0.3189352
vn 0.9953761 0.09605366 -3.81936E-9
vn 0.9953762 0.09605301 0.0
vn 0.35598862 0.9344903 1.9932467E-9
vn 0.2644944 0.96438724 0.0
vn 0.25146782 0.96421844 0.08394531
vn 0.38112828 0.91226965 0.15001728
vn 0.42544192 -0.07389695 0.90196365
vn 0.38891608 -0.47626597 0.7886159
vn 0.17220668 -0.4699259 0.86574507
vn 0.19494174 -0.038814638 0.9800466
vn 0.7382234 -0.0738995 0.6704962
vn 0.6610982 -0.47627515 0.57975096
vn 0.93861675 -0.0739028 0.33695245
vn 0.8326347 -0.47627825 0.28262794
vn 0.9915519 -0.12971085 0.0
vn 0.8788841 -0.47703534 0.0
vn 0.16341886 0.91227067 0.37557486
vn 0.11845454 0.96421945 0.2371699
vn 0.052538116 0.96305543 0.26412845
vn 0.09242862 0.88064545 0.4646725
vn 0.29470566 0.912271 0.28444716
vn 0.20020002 0.96421885 0.17378682
vn 0.79799515 -0.45499724 0.39519763
vn 0.84316725 -0.45504105 0.286368
vn 0.669393 -0.45504877 0.58723396
vn 0.5860117 -0.4550055 0.6704925
vn 0.39371428 -0.45504653 0.7987001
vn 0.28481954 -0.4550009 0.8437132
vn 0.1743349 -0.44883585 0.8764438
vn 0.17433399 -0.44883987 0.8764419
vn 0.8900768 -0.45581058 4.7915196E-9
vn 0.890072 -0.45582005 0.0
vn 0.8936294 0.081794605 0.4412892
vn 0.9440689 0.08179352 0.3194429
vn 0.749961 0.081790194 0.656406
vn 0.65673053 0.081787564 0.74967706
vn 0.44167617 0.0817868 0.8934389
vn 0.3198512 0.08178916 0.943931
vn 0.19445866 0.080404356 0.97760975
vn 0.1944586 0.080403835 0.9776099
vn 0.99663466 0.08197141 3.6138728E-9
vn 0.9966349 0.08196858 0.0
vn 0.35845974 -0.9335452 0.0
vn 0.43403888 -0.90089417 0.0
vn 0.4114005 -0.90055233 0.14055261
vn 0.28944585 -0.9481123 0.13154511
vn 0.111651674 -0.94811285 0.2976844
vn 0.19152038 -0.90054995 0.39029443
vn 0.08601514 -0.89755476 0.4324313
vn 0.0542897 -0.9604993 0.27293545
vn 0.2170734 -0.948112 0.2322986
vn 0.32629922 -0.90055114 0.2872917
vn 0.16072018 -0.98375225 0.08000305
vn 0.117868125 -0.98375285 0.13541615
vn 0.057074223 -0.9837529 0.17021401
vn 0.035605278 -0.9832045 0.17900023
vn 0.17911537 -0.98382807 0.0
vn 0.5412165 0.7977109 0.26597378
vn 0.3982342 0.7977114 0.4528422
vn 0.19462457 0.79771113 0.5707699
vn 0.11894415 0.79264194 0.59797245
vn 0.60225 0.79830754 0.0
vn 0.6360427 0.2620643 0.72579044
vn 0.7263018 0.26205477 0.63546276
vn 0.42783588 0.2620432 0.86503744
vn 0.30987918 0.2620529 0.91394925
vn 0.8653745 0.2620652 0.42714038
vn 0.9141987 0.26204684 0.3091475
vn 0.9649079 0.26258877 4.838714E-9
vn 0.96490824 0.262587 0.0
vn 0.18849118 0.25787684 0.9476131
vn 0.18849137 0.2578818 0.9476118
vn 0.32072306 0.0 0.947173
vn 0.4016904 0.11582621 0.9084212
vn 0.19462085 0.0693831 0.9784215
vn 0.195091 0.0 0.98078513
vn 0.6587771 0.0 0.7523381
vn 0.7187516 0.115824975 0.68555135
vn 0.8965382 0.0 0.4429665
vn 0.9263889 0.115824744 0.35831296
vn 1.0 0.0 0.0
vn 0.9850792 0.17210151 2.5696E-9
vn 0.4198383 0.33400136 0.8439069
vn 0.18423063 0.32898122 0.92619133
vn 0.9423232 0.33470443 0.0
vn 0.89360356 0.3339995 0.29986167
vn 0.7108306 0.33399913 0.61900276
vn 0.6300827 0.32281333 0.7062488
vn 0.31185138 0.3228135 0.8936108
vn 0.18498227 0.317703 0.9299712
vn 0.94630253 0.32328218 0.0
vn 0.8523903 0.32281256 0.41136712
vn 0.92292607 -0.05023406 0.3816857
vn 0.7066078 -0.050234012 0.70582
vn 0.99800545 -0.06312696 3.0183538E-9
vn 0.3827144 -0.050234087 0.92249995
vn 0.19495898 -0.036671117 0.98012555
vn 0.7464078 -0.08938443 0.65945864
vn 0.43722633 -0.08938378 0.89489865
vn 0.19433478 -0.08784562 0.9769939
vn 0.99598205 -0.089552835 0.0
vn 0.9419546 -0.08938422 0.32362318
vn 0.9908413 0.13503142 3.5526588E-9
vn 0.99084085 0.13503487 0.0
vn 0.9387174 0.13473481 0.31726342
vn 0.88861036 0.13474277 0.43842435
vn 0.7458509 0.13473365 0.65234447
vn 0.65319103 0.1347435 0.74510777
vn 0.43943378 0.1347332 0.8881131
vn 0.31832853 0.13474295 0.9383556
vn 0.19337016 0.1324802 0.9721404
vn 0.19337036 0.13248108 0.97214025
vn 0.53102875 0.59506744 0.60324395
vn 0.4392901 0.784942 0.4369099
vn 0.23865299 0.78494203 0.5717611
vn 0.2597553 0.5950681 0.76053995
vn 0.1320842 0.73594564 0.6640315
vn 0.15774651 0.5883855 0.79304385
vn 0.8030986 0.5958462 -2.6871088E-9
vn 0.57309556 0.8194885 0.0
vn 0.57304955 0.78494203 0.23554246
vn 0.7214578 0.5950684 0.35410783
vn 0.87566054 -0.2128531 0.4334883
vn 0.9252247 -0.2128733 0.31407657
vn 0.73460484 -0.21287112 0.6442373
vn 0.6431166 -0.21284908 0.73559254
vn 0.97698504 -0.21330784 0.0
vn 0.97698605 -0.21330336 0.0
vn 0.31266305 -0.2128502 0.9257088
vn 0.43214697 -0.21287002 0.8763192
vn 0.19076583 -0.2093892 0.95904356
vn 0.1907657 -0.20938978 0.9590435
vn 0.21593066 0.74141264 0.6353591
vn 0.1321552 0.73561054 0.66438854
vn 0.44263327 0.74141526 0.5043602
vn 0.60195124 0.7414143 0.29657984
vn 0.67026746 0.74211967 0.0
vn 0.5255959 -0.714917 0.46113193
vn 0.4601402 -0.7148704 0.52652764
vn 0.6266048 -0.7148733 0.31035873
vn 0.6620577 -0.7149141 0.22489421
vn 0.2236218 -0.71486765 0.6625387
vn 0.30912134 -0.71491337 0.6271705
vn 0.69845325 -0.7156557 0.0
vn 0.6984608 -0.7156483 0.0
vn 0.888583 0.45871586 -4.015649E-9
vn 0.9992226 0.039424725 0.0
vn 0.9023387 0.07339084 0.42473373
vn 0.79729337 0.45795244 0.39319575
vn 0.6711134 0.07339167 0.73771304
vn 0.58614063 0.45792842 0.66838664
vn 0.33771688 0.07338845 0.9383823
vn 0.28574312 0.45792335 0.84181774
vn 0.19354059 0.12572019 0.97300386
vn 0.17405242 0.4517092 0.8750226
vn 0.31923446 -0.091771856 0.94322175
vn 0.4409724 -0.09176533 0.8928172
vn 0.19429381 -0.09021635 0.976786
vn 0.19429447 -0.09021014 0.97678643
vn 0.99576443 -0.09194133 0.0
vn 0.9957625 -0.0919626 0.0
vn 0.9431345 -0.09173561 0.31950247
vn 0.89269584 -0.091723286 0.44122675
vn 0.7490744 -0.09173126 0.6561044
vn 0.6558917 -0.09174874 0.74925846
vn 0.27092212 -0.37803745 0.8852621
vn 0.3896883 -0.37923914 0.8392381
vn 0.18099001 -0.37325794 0.90990174
vn 0.18098927 -0.3732581 0.9099018
vn 0.9251812 -0.37952584 0.0
vn 0.9251812 -0.37952557 0.0
vn 0.8689822 -0.37923932 0.31787956
vn 0.8175453 -0.37803787 0.4344043
vn 0.68118703 -0.37923938 0.62622815
vn 0.5890748 -0.3780376 0.71419775
vn 0.3570791 0.93407416 0.0
vn 0.35707912 0.9340741 0.0
vn 0.34628662 0.9331841 0.09619309
vn 0.32620585 0.9340311 0.14551856
vn 0.28311533 0.933184 0.2213896
vn 0.24568759 0.93403095 0.25927544
vn 0.17684284 0.933184 0.31288052
vn 0.12776525 0.9340311 0.33355957
vn 0.07084865 0.9317269 0.35618177
vn 0.07084851 0.93172693 0.3561819
vn 0.0 0.0 1.0
vn 0.0 0.0 1.0
vn 0.0 0.0 1.0
vn 0.0 0.0 1.0
vn 0.0 0.0 1.0
vn 0.0 0.0 1.0
vn 0.0 0.0 1.0
vn 0.0 0.0 1.0
vn 0.0 0.0 1.0
vn 0.0 0.0 1.0
vn 0.0 0.0 1.0
vn 0.0 0.0 1.0
vn 0.0 0.0 1.0
vn 0.0 0.0 1.0
vn 0.0 0.0 1.0
vn 0.009334116 0.09364602 0.9955618
vn 0.011493977 0.13117912 0.991292
vn 0.0 0.0 1.0
vn 0.010719149 0.25715086 0.9663119
vn 0.02380937 0.31674686 0.9482112
vn -0.7002138 -0.6502763 0.29468864
vn -0.72228026 -0.6392245 0.26401383
vn -0.8152659 -0.49754456 0.29629532
vn -0.7766939 -0.4513555 0.4393459
vn -0.7744439 -0.4071412 0.48422357
vn -0.6512377 -0.35086077 0.6728939
vn -0.0013798514 0.15666763 0.9876504
vn -4.5985318E-5 0.15697426 0.9876027
vn -0.5844034 -0.2855901 0.7595465
vn -0.37921393 -0.22066863 0.89861125
vn 0.0023845409 0.023960397 0.9997101
vn 0.0 0.03525381 0.99937844
vn 0.7321018 -0.5498706 -0.40208116
vn 0.7411802 -0.31444952 -0.5931049
vn 0.73208004 -0.5991722 -0.32411656
vn 0.6716302 -0.73466253 -0.095832564
vn 0.7694442 0.048561003 -0.63686526
vn 0.6880393 0.48466176 -0.5400971
vn 0.68703306 0.43865767 -0.5792797
vn 0.7818921 -0.07807143 -0.6185059
vn 0.7176115 0.39300913 -0.57495874
vn 0.7013141 0.4644201 -0.5408073
vn 0.7146094 0.4284444 -0.5529637
vn 0.7003888 0.3970847 -0.5931099
vn 0.61695445 -0.23616229 -0.7507294
vn 0.61838394 -0.20529743 -0.758587
vn 0.61695445 -0.23616229 -0.7507294
vn 0.61574113 -0.2553518 -0.74542487
vn -0.40406922 -0.7606269 0.5081089
vn -0.36396968 -0.7253791 0.58425266
vn -0.36885905 -0.7670327 0.5249799
vn -0.34285465 -0.8080275 0.47910556
vn -0.3428547 -0.8080284 -0.47910425
vn -0.100106955 -0.8184947 -0.5657252
vn -0.05407039 -0.78955525 -0.6112928
vn -0.36885953 -0.76703393 -0.52497774
vn 0.8506164 0.0 0.52578676
vn 0.8506164 0.0 0.52578676
vn 0.8506164 0.0 0.52578676
vn 0.8506164 0.0 0.52578676
vn 0.11073812 -0.6957794 -0.7096677
vn 0.0 -0.6991979 -0.7149282
vn 0.11073812 -0.6957794 -0.7096677
vn 0.18794776 -0.6882335 -0.7007213
vn 0.0 0.7295745 -0.6839013
vn 0.0 0.72957456 -0.6839013
vn -0.22222215 0.7337033 -0.64210343
vn -0.37494668 0.85767686 -0.35185978
vn -0.31507227 0.8217374 -0.47484422
vn -0.3156562 0.92596394 -0.20724855
vn 0.130663 0.8750244 -0.46611106
vn 0.06900598 0.9671022 -0.24484979
vn 0.6728548 -0.41164586 0.61466587
vn 0.68315345 -0.44795585 0.5767468
vn 0.661783 -0.44394353 0.60411716
vn 0.68171996 -0.3126313 0.66145253
vn 0.7269296 0.045297332 -0.6852163
vn 0.7223677 0.033205394 -0.6907115
vn 0.6817227 -0.3126326 -0.6614492
vn 0.6728544 -0.4116469 -0.61466557
vn 0.75780106 0.09100474 -0.6461082
vn 0.7486011 0.027741555 -0.66244006
vn 0.75780106 0.09100474 -0.6461082
vn 0.76254636 0.13831718 -0.6319741
vn 0.39910167 0.7420977 -0.5385246
vn 0.39345467 0.7812048 -0.48467764
vn 0.39910167 0.7420977 -0.5385246
vn 0.40197232 0.7130388 -0.5744511
vn 0.7321008 -0.5498698 0.40208405
vn 0.669863 -0.7317293 0.12591967
vn 0.7281297 -0.63195604 0.26544055
vn 0.741178 -0.31444842 0.5931083
vn -0.17388925 0.8699124 -0.4615354
vn -0.20865165 0.88701916 -0.41189992
vn 0.0 0.88756746 -0.46067783
vn 7.109392E-10 0.8576238 -0.5142775
vn -0.3372748 0.8699124 -0.35985857
vn -0.3503965 0.88701904 -0.30069843
vn -0.44931382 0.86991197 -0.20339671
vn -0.43879718 0.8870187 -0.14371864
vn 0.0 0.0 -1.0
vn -0.4429676 0.0 -0.8965376
vn -0.32072198 0.0 -0.94717336
vn 0.0 0.0 -1.0
vn -0.94717336 0.0 -0.3207218
vn -0.89653784 0.0 -0.44296718
vn -0.7523392 0.0 -0.6587759
vn -0.65877616 0.0 -0.75233895
vn -0.17599577 -0.83138263 -0.5270944
vn -0.24401735 -0.83152455 -0.49902147
vn -2.5563682E-9 -0.83201927 -0.5547466
vn 0.0 -0.83201957 -0.5547463
vn -0.3643089 -0.8313827 -0.41962108
vn -0.41641 -0.8315245 -0.3676544
vn -0.49716067 -0.8313819 -0.24826476
vn -0.5254088 -0.8315237 -0.18031587
vn -0.52480936 0.8247846 -0.21048895
vn -0.609079 0.7589382 -0.23029433
vn -0.47458586 0.75893813 -0.44584888
vn -0.40430963 0.82478464 -0.39530236
vn -0.2222576 0.8247845 -0.51993465
vn -0.26784107 0.75893784 -0.5935271
vn 0.0 0.7553488 -0.6553229
vn 2.383678E-9 0.8414662 -0.5403097
vn -0.123096876 0.92640865 -0.35582882
vn -0.16924188 0.9262911 -0.336663
vn 0.0 0.92664194 -0.3759451
vn 0.0 0.9266419 -0.37594524
vn -0.24989612 0.9264088 -0.2816354
vn -0.28519452 0.9262911 -0.2462698
vn -0.33865157 0.92640877 -0.16456588
vn -0.35772932 0.92629087 -0.11838458
vn -0.70558816 0.16963094 -0.6880194
vn -0.7085023 0.051866803 -0.70379984
vn -0.38523906 0.05186682 -0.9213581
vn -0.38858533 0.16963077 -0.9056637
vn 0.0 0.074568525 -0.99721587
vn 4.726313E-9 0.18546057 -0.9826517
vn -0.92390364 0.051866885 -0.37909338
vn -0.9151727 0.16963089 -0.36562884
vn -0.89245874 0.2676594 -0.3631471
vn -0.6855533 0.2676593 -0.6770341
vn -0.37427938 0.26765937 -0.88784754
vn 2.1884368E-9 0.285019 -0.9585219
vn -0.010485113 -0.9993742 -0.033783782
vn -0.014936638 -0.9993782 -0.031940058
vn 1.5329603E-10 -0.9993794 -0.0352248
vn 0.0 -0.9993794 -0.035224807
vn -0.022615438 -0.99937415 -0.027199691
vn -0.026022574 -0.9993781 -0.023792764
vn -0.031302825 -0.99937415 -0.016474647
vn -0.033146832 -0.9993782 -0.012023206
vn -0.20928751 0.97436273 -0.08255814
vn -0.15064485 0.98731506 -0.05015128
vn -0.11998565 0.987315 -0.103983164
vn -0.1617623 0.974363 -0.15636404
vn -0.29224125 -0.62887144 -0.72049695
vn -0.36985853 -0.19563167 -0.9082582
vn 3.3348053E-9 -0.263371 -0.9646946
vn 1.5002418E-9 -0.6874668 -0.72621584
vn -0.54571885 -0.6288696 -0.5538176
vn -0.689279 -0.19563445 -0.6975827
vn -0.7161148 -0.6288703 -0.302823
vn -0.9037645 -0.19563484 -0.38070536
vn -0.46409327 0.8683351 -0.17496167
vn -0.36181146 0.8683349 -0.33924487
vn -0.089610904 0.974363 -0.206365
vn -0.20444702 0.8683348 -0.4518807
vn -2.1640072E-9 0.9681745 -0.25027636
vn 0.0 0.8390806 -0.54400706
vn -0.90194815 0.23041359 -0.36523828
vn -0.69352 0.23041274 -0.682598
vn -0.3795107 0.23041105 -0.8960371
vn -3.270539E-9 0.15161133 -0.9884402
vn -0.2960736 0.6508365 -0.6991082
vn 3.2785321E-9 0.59757847 -0.8018105
vn -0.5410731 0.65083724 -0.5325887
vn -0.7036992 0.6508373 -0.2849879
vn -0.56062335 -0.77957064 -0.2792329
vn -0.4110897 -0.7795723 -0.472517
vn -0.19897123 -0.77957547 -0.5938624
vn 0.0 -0.7803114 -0.6253911
vn -0.14798996 0.93632966 -0.3184112
vn -0.08637579 0.98126453 -0.17221817
vn -9.368407E-10 0.98135924 -0.19218239
vn -3.701401E-9 0.9210115 -0.38953528
vn -0.071059555 0.9873151 -0.14198405
vn -5.658464E-10 0.9873783 -0.15837952
vn -0.2585753 0.9363299 -0.23753993
vn -0.14570571 0.9812646 -0.12605423
vn -0.32979542 0.9363298 -0.12050525
vn -0.18285438 0.9812644 -0.06069977
vn -0.5721371 0.78784114 -0.2279592
vn -0.71129715 0.61008954 -0.34906602
vn -0.4413494 0.7878406 -0.42955542
vn -0.5235707 0.6100893 -0.5946972
vn -0.24337001 0.7878406 -0.56575453
vn -0.25613603 0.61008847 -0.7497909
vn 5.761516E-9 0.7407856 -0.67174155
vn 0.0 0.6108621 -0.7917371
vn -0.31955463 0.09584678 -0.9427079
vn -0.4412215 0.09584235 -0.8922655
vn 3.819366E-9 0.09605384 -0.9953761
vn 0.0 0.09605299 -0.99537617
vn -0.6559881 0.09584529 -0.74866104
vn -0.7490907 0.095842406 -0.65549785
vn -0.89255446 0.095847584 -0.4406357
vn -0.942918 0.09584409 -0.31893507
vn -0.25146753 0.9642185 -0.08394525
vn -0.3811279 0.9122699 -0.15001713
vn -0.42544222 -0.07389818 -0.9019634
vn -0.38891584 -0.4762693 -0.788614
vn 0.0 -0.4770578 -0.87887186
vn 0.0 -0.03957387 -0.99921674
vn -0.73822373 -0.0738991 -0.6704958
vn -0.66110057 -0.4762703 -0.57975215
vn -0.9386168 -0.07390244 -0.33695266
vn -0.8326346 -0.4762782 -0.28262818
vn -0.16341923 0.91227037 -0.37557533
vn -0.11845486 0.9642193 -0.23717013
vn -1.3222969E-9 0.96438724 -0.2644943
vn 1.0928414E-9 0.884431 -0.46667093
vn -0.29470557 0.9122711 -0.28444692
vn -0.20019959 0.9642191 -0.17378627
vn -0.797998 -0.4549913 -0.39519888
vn -0.84316903 -0.45503753 -0.2863686
vn -0.66939646 -0.45504004 -0.5872367
vn -0.5860138 -0.4549993 -0.6704949
vn -0.3937153 -0.45504278 -0.79870164
vn -0.28481984 -0.45500088 -0.8437132
vn -4.791519E-9 -0.45581606 -0.89007396
vn 0.0 -0.45582002 -0.8900719
vn -0.8936295 0.08179184 -0.44128942
vn -0.944069 0.08179183 -0.31944305
vn -0.74996126 0.08178623 -0.65640616
vn -0.6567309 0.08178484 -0.749677
vn -0.44167647 0.08178514 -0.8934389
vn -0.31985173 0.08179139 -0.9439306
vn 0.0 0.08197249 -0.99663466
vn 0.0 0.08197532 -0.99663436
vn -0.4114 -0.9005527 -0.14055237
vn -0.2894451 -0.9481126 -0.13154483
vn -0.11165222 -0.94811267 -0.2976848
vn -0.19151916 -0.90055126 -0.3902919
vn 0.0 -0.9008943 -0.43403867
vn -6.478938E-10 -0.96191764 -0.27333966
vn -0.21707231 -0.9481125 -0.23229767
vn -0.32629704 -0.9005524 -0.28729004
vn -0.1607199 -0.98375225 -0.08000298
vn -0.11786864 -0.9837526 -0.13541657
vn -0.057074934 -0.9837526 -0.1702153
vn 0.0 -0.9838283 -0.1791138
vn -0.5412165 0.7977109 -0.26597378
vn -0.3982342 0.7977114 -0.4528422
vn -0.19462512 0.7977103 -0.57077086
vn 0.0 0.79830676 -0.6022511
vn -0.63604206 0.2620681 -0.7257897
vn -0.7263017 0.26205477 -0.6354629
vn -0.42783523 0.26205146 -0.86503524
vn -0.309879 0.26206115 -0.9139469
vn -0.8653745 0.2620652 -0.42714038
vn -0.9141987 0.26204684 -0.3091475
vn 4.8387183E-9 0.2625904 -0.96490735
vn 0.0 0.2625887 -0.9649079
vn -0.32072243 0.0 -0.9471732
vn -0.40168944 0.115826234 -0.90842164
vn 2.0491964E-9 0.07073566 -0.99749506
vn 0.0 0.0 -1.0
vn -0.65877676 0.0 -0.7523385
vn -0.71875185 0.11582643 -0.68555087
vn -0.89653844 0.0 -0.44296595
vn -0.9263889 0.11582527 -0.35831276
vn -0.41983795 0.33400363 -0.84390616
vn 4.9974003E-9 0.33471042 -0.94232094
vn -0.89360344 0.33399948 -0.29986185
vn -0.71082985 0.33400288 -0.61900157
vn -0.6300826 0.32281312 -0.70624894
vn -0.31185102 0.322813 -0.8936111
vn 0.0 0.32328224 -0.9463026
vn -0.85239035 0.32281262 -0.41136673
vn -0.9229261 -0.050234023 -0.38168585
vn -0.7066078 -0.050233856 -0.70582
vn -0.38271534 -0.05023383 -0.9224996
vn 0.0 -0.037388552 -0.99930084
vn -0.74640775 -0.089384235 -0.6594589
vn -0.437227 -0.08938339 -0.8948984
vn 0.0 -0.08955274 -0.9959821
vn -0.94195455 -0.08938423 -0.32362336
vn -0.9387175 0.13473473 -0.31726328
vn -0.8886104 0.13474222 -0.43842438
vn -0.74585086 0.13473235 -0.65234476
vn -0.653191 0.134743 -0.7451079
vn -0.43943396 0.13473406 -0.88811296
vn -0.31832886 0.13474452 -0.93835527
vn 0.0 0.13503006 -0.9908415
vn 0.0 0.13502966 -0.9908416
vn -0.53102916 0.595067 -0.60324395
vn -0.43929043 0.7849417 -0.43691015
vn -0.23865305 0.7849419 -0.57176113
vn -0.2597554 0.59506786 -0.7605402
vn 2.852788E-9 0.74245036 -0.669901
vn 0.0 0.5958446 -0.80309963
vn -0.57305014 0.7849415 -0.23554282
vn -0.7214595 0.59506565 -0.35410875
vn -0.87566143 -0.21284817 -0.43348888
vn -0.92522615 -0.21286584 -0.3140776
vn -0.7346054 -0.21286875 -0.6442374
vn -0.64311653 -0.21284908 -0.7355925
vn -0.31266308 -0.21284957 -0.92570883
vn -0.4321471 -0.21287002 -0.87631917
vn -3.200822E-9 -0.21330549 -0.9769855
vn 0.0 -0.21330515 -0.9769856
vn -0.21593024 0.7414138 -0.6353579
vn 0.0 0.7421196 -0.67026746
vn -0.44263366 0.74141496 -0.5043603
vn -0.60195166 0.7414139 -0.29657975
vn -0.5255962 -0.714917 -0.4611315
vn -0.46014 -0.7148709 -0.526527
vn -0.626605 -0.7148733 -0.31035846
vn -0.66205764 -0.7149141 -0.22489454
vn -3.2528389E-9 -0.7156571 -0.69845176
vn 0.0 -0.71565694 -0.698452
vn -0.22362128 -0.71486896 -0.6625374
vn -0.30912077 -0.71491474 -0.6271693
vn -0.90233874 0.0733908 -0.42473358
vn -0.79729414 0.45795056 -0.39319617
vn -0.6711136 0.07339073 -0.73771286
vn -0.5861416 0.45792663 -0.66838694
vn -0.33771768 0.07338917 -0.938382
vn -0.28574303 0.45792967 -0.8418143
vn 4.487267E-9 0.12814486 -0.9917555
vn 0.0 0.45871082 -0.8885856
vn -0.31923556 -0.0917595 -0.9432226
vn -0.4409732 -0.091761105 -0.8928172
vn 0.0 -0.09195574 -0.9957631
vn 0.0 -0.09194941 -0.99576366
vn -0.94313425 -0.091738775 -0.3195025
vn -0.89269525 -0.09172891 -0.44122663
vn -0.7490738 -0.091739796 -0.65610385
vn -0.655892 -0.091751374 -0.74925786
vn -0.27092206 -0.37803763 -0.885262
vn -0.38968846 -0.3792393 -0.839238
vn 0.0 -0.379526 -0.92518115
vn 0.0 -0.37952614 -0.92518103
vn -0.8689822 -0.37923932 -0.31787956
vn -0.8175453 -0.37803787 -0.4344043
vn -0.68118715 -0.37923944 -0.6262281
vn -0.58907497 -0.37803766 -0.71419764
vn -0.34628662 0.933184 -0.096193045
vn -0.32620594 0.9340311 -0.14551854
vn -0.28311533 0.933184 -0.2213896
vn -0.2456875 0.93403107 -0.25927556
vn -0.17684266 0.933184 -0.31288072
vn -0.12776536 0.9340311 -0.3335596
vn 0.0 0.9340742 -0.35707906
vn 0.0 0.93407416 -0.3570791
vn 0.0 0.0 -1.0
vn 0.0 0.0 -1.0
vn 0.0 0.0 -1.0
vn 0.0 0.0 -1.0
vn 0.0 0.0 -1.0
vn 0.0 0.0 -1.0
vn 0.0 0.0 -1.0
vn 0.0 0.0 -1.0
vn 0.0 0.0 -1.0
vn 0.0 0.0 -1.0
vn 0.0 0.0 -1.0
vn 0.0 0.0 -1.0
vn 0.0 0.0 -1.0
vn 0.0 0.0 -1.0
vn 0.0 0.0 -1.0
vn 0.0 0.0 -1.0
vn 0.0 0.0 -1.0
vn 0.0 0.0 -1.0
vn 0.0 0.0 -1.0
vn 0.0 0.0 -1.0
vn 0.0 0.0 -1.0
vn 0.0 0.0 -1.0
vn 0.0 0.0 -1.0
vn 0.0 0.013689354 -0.99990624
vn 0.0 0.0 -1.0
vn 0.0 0.0 -1.0
vn -0.022967864 0.24717215 -0.96869934
vn -0.003958897 0.19443753 -0.98090696
vn -0.016971733 0.25212306 -0.96754634
vn -0.025912793 0.30330166 -0.95254225
vn 0.7002138 -0.6502763 -0.29468864
vn 0.72228026 -0.6392245 -0.26401383
vn 0.8152659 -0.49754456 -0.29629532
vn 0.7640697 -0.40257692 -0.5041124
vn 0.0 0.30605257 -0.95201457
vn 0.0 0.3389167 -0.94081634
vn 0.0 0.044320833 -0.99901736
vn 0.0 0.0 -1.0
vn 0.0 0.1551722 -0.98788744
vn 0.0013798514 0.15666763 -0.9876504
vn 4.5985318E-5 0.15697426 -0.9876027
vn 0.5368432 -0.25512975 -0.8041817
vn 0.30228752 -0.17590433 -0.9368457
vn -0.0023845409 0.023960397 -0.9997101
vn 0.0 0.03525381 -0.99937844
vn 0.0 0.019343974 -0.99981284
vn -0.73210144 -0.5498693 0.40208358
vn -0.7411791 -0.31444895 0.59310657
vn -0.7320799 -0.5991711 0.32411876
vn -0.67163044 -0.73466223 0.095833205
vn 0.40406963 -0.76062816 -0.50810665
vn 0.36397073 -0.7253812 -0.5842495
vn 0.7269266 0.045297135 0.6852196
vn 0.72236466 0.03320528 0.69071466
vn -0.7176105 0.3930086 0.5749604
vn -0.70038766 0.39708415 0.5931115
vn 0.34285483 -0.8080281 0.4791045
vn 0.10010301 -0.81849235 0.56572926
vn 0.054068707 -0.7895541 0.6112944
vn 0.36885947 -0.7670336 0.52497834
vn 0.4040697 -0.76062775 0.5081074
vn 0.36397016 -0.7253801 0.5842511
vn -0.85061085 0.0 0.52579576
vn -0.85061085 0.0 0.52579576
vn -0.85061085 0.0 0.52579576
vn -0.85061085 0.0 0.52579576
vn -0.110737875 -0.6957779 0.7096692
vn 0.0 -0.6991964 0.7149297
vn -0.110737875 -0.6957779 0.7096692
vn -0.18794735 -0.68823206 0.7007228
vn 0.0 0.7295731 0.68390286
vn 0.0 0.7295731 0.68390286
vn 0.22222176 0.73370206 0.64210504
vn 0.37494633 0.8576756 0.3518634
vn 0.315656 0.92596376 0.20724967
vn 0.31507194 0.8217367 0.47484586
vn -0.13066289 0.87502354 0.46611267
vn -0.069005996 0.96710193 0.24485108
vn -0.6831488 -0.4479555 -0.5767526
vn -0.6617812 -0.44394368 -0.6041189
vn -0.75779814 0.09100438 0.6461116
vn -0.7485981 0.027741546 0.66244346
vn -0.75779814 0.09100438 0.6461116
vn -0.7625436 0.1383166 0.6319777
vn -0.6617802 -0.44394296 0.6041206
vn -0.6831478 -0.44795483 0.5767544
vn -0.17773965 0.773458 0.60841715
vn -0.3360095 0.73787767 0.58534956
vn -0.3239188 0.7577727 0.5664425
vn -0.16583022 0.7679767 0.6186373
vn -0.39910033 0.7420985 0.5385247
vn -0.39345384 0.78120315 0.48468113
vn 0.8643136 -0.5029533 0.0
vn 0.8643136 -0.5029533 0.0
vn -0.10313233 0.99466765 0.0
vn -0.120643266 0.9926959 0.0
vn 0.0 1.0 0.0
vn 0.0 1.0 0.0
vn -0.13823338 0.9903997 0.0
vn -0.13823338 0.9903997 0.0
vn 0.17388925 0.8699124 -0.4615354
vn 0.20865165 0.88701916 -0.41189992
vn 0.33727464 0.8699124 -0.35985872
vn 0.3503962 0.88701916 -0.30069834
vn 0.44931325 0.86991227 -0.20339644
vn 0.43879634 0.88701916 -0.14371786
vn 0.32072198 0.0 -0.94717336
vn 0.4429676 0.0 -0.8965376
vn 0.94717354 0.0 -0.3207214
vn 0.89653766 0.0 -0.4429676
vn 0.6587759 0.0 -0.75233924
vn 0.7523387 0.0 -0.6587764
vn 0.17599577 -0.83138263 -0.5270944
vn 0.24401729 -0.83152455 -0.4990214
vn 0.3643089 -0.8313827 -0.41962108
vn 0.41640994 -0.8315245 -0.3676544
vn 0.4971608 -0.8313819 -0.24826449
vn 0.525409 -0.8315238 -0.18031532
vn 0.52480936 0.8247846 -0.21048895
vn 0.40430963 0.82478464 -0.39530236
vn 0.47458577 0.7589381 -0.44584882
vn 0.60907906 0.7589382 -0.23029438
vn 0.2222576 0.8247845 -0.51993465
vn 0.26784107 0.75893784 -0.59352714
vn 0.123096876 0.92640865 -0.35582882
vn 0.16924188 0.9262911 -0.33666304
vn 0.24989612 0.9264088 -0.2816354
vn 0.2851945 0.92629117 -0.24626978
vn 0.33865157 0.92640877 -0.16456588
vn 0.35772932 0.92629087 -0.11838458
vn 0.70558816 0.16963094 -0.6880194
vn 0.38858533 0.16963077 -0.9056637
vn 0.38523906 0.05186682 -0.9213581
vn 0.70850235 0.051866796 -0.70379984
vn 0.9151727 0.16963089 -0.36562884
vn 0.92390364 0.051866878 -0.37909338
vn 0.89245874 0.2676594 -0.36314714
vn 0.6855533 0.2676593 -0.67703414
vn 0.37427938 0.26765937 -0.88784754
vn 0.010485113 -0.9993742 -0.033783782
vn 0.014936638 -0.9993782 -0.031940058
vn 0.022615438 -0.99937415 -0.027199691
vn 0.026022574 -0.9993782 -0.023792764
vn 0.031302825 -0.99937415 -0.016474647
vn 0.033146832 -0.9993782 -0.012023206
vn 0.20928754 0.97436273 -0.08255815
vn 0.16176228 0.974363 -0.15636405
vn 0.11998565 0.987315 -0.103983164
vn 0.15064485 0.98731506 -0.050151285
vn 0.29224125 -0.62887144 -0.72049695
vn 0.36985853 -0.19563167 -0.9082582
vn 0.54571885 -0.6288696 -0.5538176
vn 0.689279 -0.19563445 -0.6975827
vn 0.7161148 -0.6288703 -0.302823
vn 0.9037645 -0.19563484 -0.38070536
vn 0.46409327 0.8683352 -0.17496169
vn 0.36181143 0.86833483 -0.33924484
vn 0.20444702 0.8683348 -0.4518807
vn 0.089610904 0.974363 -0.20636502
vn 0.9019483 0.23041362 -0.36523828
vn 0.69352 0.23041274 -0.682598
vn 0.3795107 0.23041105 -0.8960371
vn 0.29607362 0.6508365 -0.6991082
vn 0.5410731 0.65083724 -0.5325887
vn 0.70369923 0.6508373 -0.28498793
vn 0.56062335 -0.77957064 -0.2792329
vn 0.4110897 -0.7795723 -0.472517
vn 0.19897123 -0.77957547 -0.59386235
vn 0.14798997 0.93632966 -0.31841123
vn 0.08637579 0.98126453 -0.17221817
vn 0.071059555 0.9873151 -0.14198403
vn 0.25857532 0.93632984 -0.23753993
vn 0.14570571 0.9812646 -0.12605423
vn 0.32979542 0.9363298 -0.12050525
vn 0.18285438 0.9812644 -0.06069977
vn 0.71129715 0.61008954 -0.34906602
vn 0.5721371 0.78784114 -0.2279592
vn 0.5235707 0.6100893 -0.5946971
vn 0.4413494 0.78784066 -0.42955542
vn 0.25613603 0.61008847 -0.7497909
vn 0.24337001 0.7878406 -0.56575453
vn 0.31955463 0.09584678 -0.9427079
vn 0.4412215 0.09584235 -0.8922655
vn 0.6559881 0.09584529 -0.74866104
vn 0.7490907 0.09584241 -0.65549785
vn 0.89255446 0.095847584 -0.4406357
vn 0.942918 0.09584409 -0.31893507
vn 0.3811279 0.9122699 -0.15001713
vn 0.25146753 0.9642185 -0.08394525
vn 0.42544222 -0.07389818 -0.9019634
vn 0.38891584 -0.4762693 -0.788614
vn 0.73822373 -0.0738991 -0.6704958
vn 0.66110057 -0.4762703 -0.5797522
vn 0.9386168 -0.07390244 -0.33695266
vn 0.8326346 -0.4762782 -0.28262818
vn 0.16341923 0.9122704 -0.3755753
vn 0.118454844 0.9642193 -0.2371701
vn 0.29470557 0.9122711 -0.28444692
vn 0.2001996 0.9642191 -0.17378627
vn 0.797998 -0.4549913 -0.39519888
vn 0.5860138 -0.4549993 -0.670495
vn 0.66939646 -0.45504004 -0.5872367
vn 0.843169 -0.45503753 -0.2863686
vn 0.28481987 -0.45500088 -0.8437132
vn 0.3937153 -0.45504278 -0.79870164
vn 0.8936295 0.08179184 -0.44128942
vn 0.6567309 0.08178484 -0.7496771
vn 0.74996126 0.08178623 -0.65640616
vn 0.944069 0.08179183 -0.31944305
vn 0.31985173 0.08179139 -0.9439306
vn 0.44167647 0.08178514 -0.8934389
vn 0.2894451 -0.9481126 -0.13154483
vn 0.4114 -0.9005527 -0.14055237
vn 0.11165222 -0.94811267 -0.29768476
vn 0.19151916 -0.90055126 -0.3902919
vn 0.21707231 -0.9481125 -0.23229767
vn 0.32629707 -0.9005524 -0.2872901
vn 0.1607199 -0.98375225 -0.08000298
vn 0.11786864 -0.9837526 -0.13541657
vn 0.057074934 -0.9837526 -0.17021531
vn 0.5412165 0.7977109 -0.26597378
vn 0.39823422 0.79771143 -0.4528422
vn 0.19462512 0.7977103 -0.57077086
vn 0.63604206 0.2620681 -0.7257897
vn 0.30987898 0.26206115 -0.9139469
vn 0.42783523 0.26205146 -0.86503524
vn 0.7263017 0.26205477 -0.63546294
vn 0.8653745 0.2620652 -0.42714038
vn 0.9141987 0.26204684 -0.3091475
vn 0.32072243 0.0 -0.9471732
vn 0.40168947 0.115826234 -0.90842164
vn 0.65877676 0.0 -0.7523385
vn 0.7187518 0.11582643 -0.68555087
vn 0.89653844 0.0 -0.44296595
vn 0.9263889 0.11582528 -0.3583128
vn 0.41983795 0.33400366 -0.8439062
vn 0.89360344 0.33399948 -0.29986185
vn 0.71082985 0.33400288 -0.61900157
vn 0.6300826 0.32281312 -0.70624894
vn 0.31185102 0.322813 -0.8936111
vn 0.85239035 0.32281262 -0.41136673
vn 0.7066078 -0.050233856 -0.70582
vn 0.9229261 -0.050234023 -0.38168585
vn 0.3827153 -0.050233822 -0.9224996
vn 0.437227 -0.08938339 -0.8948984
vn 0.74640775 -0.089384235 -0.65945876
vn 0.94195455 -0.08938423 -0.32362336
vn 0.8886104 0.13474222 -0.43842438
vn 0.9387175 0.13473473 -0.31726328
vn 0.653191 0.134743 -0.7451079
vn 0.74585086 0.13473235 -0.65234476
vn 0.31832886 0.13474452 -0.93835527
vn 0.43943396 0.13473406 -0.88811296
vn 0.5310289 0.59506696 -0.6032441
vn 0.2597554 0.59506786 -0.7605402
vn 0.23865308 0.78494203 -0.57176113
vn 0.43929014 0.7849419 -0.43691
vn 0.72145784 0.5950682 -0.35410792
vn 0.5730495 0.7849421 -0.2355424
vn 0.87566054 -0.2128527 -0.43348846
vn 0.64311653 -0.21284908 -0.7355925
vn 0.7346048 -0.21287079 -0.64423746
vn 0.9252249 -0.21287285 -0.3140766
vn 0.31266308 -0.21284957 -0.92570883
vn 0.4321471 -0.21287002 -0.87631917
vn 0.21593024 0.7414138 -0.6353579
vn 0.44263348 0.7414149 -0.50436044
vn 0.60195154 0.74141395 -0.29658
vn 0.52559596 -0.714917 -0.46113193
vn 0.66205776 -0.7149141 -0.22489421
vn 0.6266048 -0.7148733 -0.31035873
vn 0.4601398 -0.7148709 -0.52652717
vn 0.30912077 -0.71491474 -0.6271693
vn 0.22362128 -0.71486896 -0.6625374
vn 0.79729414 0.45795056 -0.39319617
vn 0.90233874 0.0733908 -0.42473358
vn 0.5861416 0.45792663 -0.66838694
vn 0.67111355 0.073390715 -0.73771286
vn 0.285743 0.45792967 -0.8418143
vn 0.33771768 0.07338917 -0.938382
vn 0.31923556 -0.0917595 -0.9432226
vn 0.44097322 -0.091761105 -0.8928172
vn 0.8926953 -0.091728926 -0.4412267
vn 0.94313425 -0.091738775 -0.3195025
vn 0.655892 -0.091751374 -0.74925786
vn 0.7490738 -0.091739796 -0.65610385
vn 0.27092206 -0.37803763 -0.885262
vn 0.3896885 -0.37923932 -0.83923805
vn 0.8175453 -0.37803787 -0.4344043
vn 0.8689822 -0.37923932 -0.31787956
vn 0.58907497 -0.37803763 -0.7141976
vn 0.68118715 -0.37923944 -0.6262281
vn 0.32620594 0.9340311 -0.14551854
vn 0.34628662 0.933184 -0.096193045
vn 0.2456875 0.93403095 -0.25927556
vn 0.28311533 0.933184 -0.2213896
vn 0.12776536 0.9340311 -0.3335596
vn 0.17684266 0.933184 -0.31288072
vn 0.0 0.0 -1.0
vn 0.0 0.0 -1.0
vn 0.0 0.0 -1.0
vn 0.0 0.0 -1.0
vn 0.0 0.0 -1.0
vn 0.0 0.0 -1.0
vn 0.0 0.0 -1.0
vn 0.0 0.0 -1.0
vn 0.0 0.0 -1.0
vn 0.0 0.0 -1.0
vn 0.0 0.0 -1.0
vn 0.0 0.0 -1.0
vn 0.0 0.0 -1.0
vn 0.0 0.0 -1.0
vn 0.0 0.0 -1.0
vn 0.0 0.0 -1.0
vn 0.0 0.0 -1.0
vn 0.0 0.0 -1.0
vn 0.022967864 0.24717215 -0.96869934
vn 0.025912793 0.30330163 -0.95254225
vn 0.016971733 0.25212306 -0.96754634
vn 0.003958897 0.19443753 -0.98090696
vn -0.7002138 -0.6502763 -0.29468864
vn -0.8152659 -0.49754456 -0.29629532
vn -0.72228026 -0.6392245 -0.26401383
vn -0.7640697 -0.40257692 -0.5041124
vn -0.0013798514 0.15666763 -0.9876504
vn -4.5985318E-5 0.15697426 -0.9876027
vn -0.30228752 -0.17590433 -0.9368457
vn -0.5368432 -0.25512975 -0.8041817
vn 0.0 0.03525381 -0.99937844
vn 0.0023845409 0.023960397 -0.9997101
vn 0.7694447 0.04859183 0.63686234
vn 0.7818942 -0.078008756 0.61851114
vn 0.6870359 0.43866047 0.5792742
vn 0.6880413 0.48466107 0.54009515
vn 0.7176105 0.3930086 0.5749604
vn 0.70038766 0.39708415 0.5931115
vn 0.7146085 0.42844385 0.55296534
vn 0.70131516 0.46441936 0.5408066
vn -0.3591195 0.9165955 0.17574348
vn 0.0683596 0.980845 0.18240088
vn 0.13066278 0.8750227 0.4661143
vn -0.31507137 0.8217371 0.4748453
vn 0.61695296 -0.23616171 0.7507307
vn 0.61573976 -0.2553512 0.74542636
vn 0.61695296 -0.23616171 0.7507307
vn 0.6183824 -0.20529698 0.7585884
vn 0.11073933 -0.6957763 0.7096704
vn 0.18795183 -0.68823004 0.7007236
vn 0.11073933 -0.6957763 0.7096704
vn 0.0 -0.6991949 0.7149311
vn -0.40406963 -0.76062816 -0.50810665
vn -0.36397073 -0.7253812 -0.5842495
vn 0.8506118 0.0 -0.52579415
vn 0.85061187 0.0 -0.52579415
vn 0.8506118 0.0 -0.52579415
vn 0.8506118 0.0 -0.52579415
vn 0.0 0.72957474 0.6839011
vn -0.34365302 0.8487324 0.40194005
vn -0.22222291 0.7337037 0.6421027
vn 0.0 0.72957474 0.6839011
vn 0.7578046 0.09100267 0.6461043
vn 0.76255 0.13831355 0.6319706
vn 0.7578046 0.09100267 0.6461043
vn 0.7486049 0.027741797 0.66243577
vn 0.6617823 -0.44394442 -0.6041171
vn 0.6831499 -0.44795617 -0.5767508
vn -0.05407028 -0.789554 0.6112944
vn -0.100106776 -0.8184935 0.5657269
vn 0.39910153 0.742099 0.538523
vn 0.3360102 0.7378774 0.58534944
vn 0.3239193 0.75777316 0.56644154
vn 0.3934548 0.78120506 0.48467717
vn 0.17773916 0.77345586 -0.60841995
vn 0.18889643 0.77841645 -0.5986534
vn 0.17773916 0.77345586 -0.60841995
vn 0.16582978 0.7679747 -0.61864
vn 0.17773965 0.773458 0.60841715
vn 0.16583022 0.7679767 0.6186373
vn -0.8643136 -0.5029533 0.0
vn -0.8643136 -0.5029533 0.0
vn 0.10313233 0.99466765 0.0
vn 0.120643266 0.9926959 0.0
vn 0.13823338 0.9903997 0.0
vn 0.13823338 0.9903997 0.0
vn 0.38013443 0.92468363 -0.021400908
vn 0.3430095 0.92468303 -0.16524442
vn 0.36234593 0.9244976 -0.11836165
vn 0.3800582 0.9244979 0.029312244
vn 0.35938954 0.92468315 0.1256985
vn 0.3399119 0.9244976 0.17252249
vn 0.2536622 0.92468375 -0.2839285
vn 0.28946847 0.9244979 -0.24801525
vn -0.12569785 0.9246842 0.35938704
vn 0.021401482 0.9246843 0.3801329
vn -0.02931152 0.92449874 0.38005665
vn -0.17252132 0.9244987 0.33990955
vn 0.2839283 0.9246838 0.2536623
vn 0.24801348 0.92449856 0.28946775
vn -0.021401528 0.92468375 -0.38013417
vn -0.16524327 0.9246838 -0.34300795
vn -0.11836113 0.92449826 -0.36234477
vn 0.029311616 0.9244982 -0.38005784
vn 0.1256985 0.92468375 -0.35938808
vn 0.17252235 0.92449826 -0.3399103
vn 0.16524225 0.9246843 0.34300718
vn 0.11836047 0.9244987 0.3623437
vn -0.38013443 0.92468363 0.021400908
vn -0.34300935 0.92468315 0.1652442
vn -0.36234593 0.9244976 0.11836165
vn -0.3800582 0.9244979 -0.029312244
vn -0.3593895 0.9246832 -0.12569861
vn -0.33991206 0.9244976 -0.17252275
vn -0.25366136 0.9246842 0.2839279
vn -0.28946796 0.92449814 0.24801484
vn -0.2839288 0.9246835 -0.25366274
vn -0.24801457 0.92449826 -0.28946826
vn -0.6587747 0.0 0.75234026
vn -0.32072172 0.0 0.9471735
vn -0.44296652 0.0 0.89653814
vn -0.7523377 0.0 0.6587777
vn -0.44296804 0.0 -0.8965375
vn -0.7523381 0.0 -0.65877724
vn -0.65877575 0.0 -0.75233936
vn -0.32072243 0.0 -0.94717324
vn 0.066158906 0.0 0.9978091
vn 0.44296658 0.0 0.89653814
vn 0.3207217 0.0 0.9471735
vn -0.066158906 0.0 0.9978091
vn 0.32072243 0.0 -0.94717324
vn -0.066158846 0.0 -0.9978091
vn 0.066158846 0.0 -0.9978091
vn 0.44296804 0.0 -0.8965375
vn 0.947174 0.0 0.32072008
vn 0.9978092 0.0 -0.06615709
vn 0.9978092 0.0 0.06615709
vn 0.8965375 0.0 0.44296804
vn 0.8965375 0.0 -0.44296804
vn 0.947174 0.0 -0.32072008
vn 0.7523377 0.0 0.6587776
vn 0.6587747 0.0 0.75234026
vn 0.65877575 0.0 -0.75233936
vn 0.7523381 0.0 -0.6587772
vn -0.9978092 0.0 0.06615709
vn -0.8965375 0.0 0.44296804
vn -0.947174 0.0 0.32072008
vn -0.9978092 0.0 -0.06615709
vn -0.947174 0.0 -0.32072008
vn -0.8965375 0.0 -0.44296804
vn -0.051303748 0.6171998 -0.7851321
vn -0.34785637 0.6171973 -0.7057361
vn -0.2516411 0.61715 -0.7455217
vn 0.05281255 0.6171512 -0.78507024
vn -0.78510773 0.6172308 0.051302157
vn -0.70571154 0.6172332 0.3478425
vn -0.7454924 0.61719036 0.25162882
vn -0.7850459 0.6171823 -0.052809507
vn -0.7449715 0.6172391 -0.25304815
vn -0.70507663 0.6171844 -0.349214
vn -0.518898 0.61719257 0.5914543
vn -0.59246486 0.6171649 0.5177767
vn -0.59144163 0.6172134 -0.5188876
vn -0.517786 0.61714923 -0.5924732
vn -0.25306284 0.61718076 0.7450148
vn -0.3492302 0.6171369 0.7051102
vn 0.05130469 0.6171814 0.7851465
vn 0.34785992 0.6171855 0.7057447
vn 0.2516456 0.6171322 0.74553496
vn -0.052813563 0.6171328 0.7850846
vn 0.25305897 0.61719865 -0.7450014
vn 0.34922665 0.6171487 -0.70510155
vn 0.7449715 0.6172391 0.25304815
vn 0.78510773 0.6172308 -0.05130216
vn 0.7850459 0.6171823 0.05280951
vn 0.70507663 0.6171844 0.349214
vn 0.70571154 0.6172332 -0.3478425
vn 0.7454924 0.61719036 -0.25162882
vn 0.5914413 0.6172135 0.51888794
vn 0.5177884 0.61714387 0.5924767
vn 0.5188956 0.6171979 -0.5914508
vn 0.59246486 0.6171649 -0.5177767
vn 0.0 1.0 0.0
vn 0.0 1.0 0.0
vn 0.0 1.0 0.0
vn 0.0 1.0 0.0
vn 0.0 1.0 0.0
vn 0.0 1.0 0.0
vn 0.0 1.0 0.0
vn 0.0 1.0 0.0
vn 0.0 1.0 0.0
vn 0.0 1.0 0.0
vn 0.0 1.0 0.0
vn 0.0 1.0 0.0
vn 0.0 1.0 0.0
vn 0.0 1.0 0.0
vn 0.0 1.0 0.0
vn 0.0 1.0 0.0
vn 0.0 0.778501 -0.62764347
vn 0.28059402 0.77774745 -0.56247306
vn 0.474484 0.77774775 -0.41227832
vn 0.59613675 0.7777489 -0.19931792
vn 0.62764263 0.77850163 0.0
vn -0.28059402 0.77774745 -0.56247306
vn -0.474484 0.77774775 -0.41227835
vn -0.59613675 0.7777489 -0.1993179
vn -0.62764263 0.77850163 0.0
vn 0.28059384 0.7777474 0.5624732
vn 0.12388408 0.7725043 0.622808
vn 0.47448385 0.77774787 0.4122782
vn 0.5961365 0.7777491 0.19931783
vn -0.12388408 0.7725043 0.622808
vn -0.28059384 0.7777474 0.5624732
vn -0.47448382 0.7777479 0.4122782
vn -0.5961365 0.7777491 0.19931784
vn 0.9916963 -0.12860258 1.7512495E-5
vn 0.9916918 -0.12863633 3.5741625E-5
vn 0.9916963 -0.12860258 1.7512495E-5
vn 0.99170035 -0.12857014 0.0
vn 1.0 0.0 3.856458E-5
vn 1.0 0.0 3.8564584E-5
vn 1.0 0.0 3.856458E-5
vn 1.0 0.0 3.856458E-5
vn 0.0 1.0 1.9282292E-5
vn 0.0 1.0 1.928229E-5
vn 0.981556 0.19117498 2.6189995E-5
vn 0.98155594 0.19117515 2.6026475E-5
vn 0.981556 0.19117498 2.6189995E-5
vn 0.981556 0.1911748 2.6358248E-5
vn 0.7969601 0.604032 1.4038222E-5
vn 0.8566419 0.5159116 0.0
vn 0.82762486 0.5612816 9.6228505E-6
vn 0.7969614 0.6040302 2.8721777E-5
vn 0.23841463 0.9711635 1.3851082E-5
vn 0.23841466 0.97116345 1.3949055E-5
vn 0.23841463 0.9711635 1.3851082E-5
vn 0.23841459 0.9711635 1.3754728E-5
vn 0.494183 0.86935794 1.2719509E-5
vn 0.49418294 0.86935794 1.2313878E-5
vn 0.494183 0.86935794 1.2719509E-5
vn 0.4941831 0.8693578 1.3105292E-5
vn 0.83749837 -0.5464398 1.1615346E-5
vn 0.83749765 -0.5464409 2.2615157E-5
vn 0.83749837 -0.5464398 1.1615346E-5
vn 0.8374991 -0.5464387 0.0
vn 0.99511963 0.098675296 0.0
vn 0.9951197 0.0986753 0.0
vn 0.99511963 0.098675296 0.0
vn 0.99511963 0.098675296 0.0
vn 0.28054368 -0.9598413 5.5521205E-6
vn 0.28054038 -0.9598422 1.080686E-5
vn 0.28054368 -0.9598413 5.5521205E-6
vn 0.2805472 -0.95984024 0.0
vn -0.46933618 -0.8830195 0.0
vn -0.4919578 -0.87061906 0.0
vn -0.49195784 -0.87061906 0.0
vn -0.41650027 -0.9091355 0.0
vn 0.9551771 -0.29603478 0.0
vn 0.9551771 -0.29603475 0.0
vn 0.9551771 -0.29603478 0.0
vn 0.9551771 -0.29603478 0.0
vn -0.13226013 -0.9912151 0.0
vn -0.13226013 -0.99121505 0.0
vn 0.88599956 0.46368608 0.0
vn 0.88599956 0.46368614 0.0
vn 0.4693362 -0.88301957 0.0
vn 0.49195784 -0.87061906 0.0
vn 0.49195778 -0.870619 0.0
vn 0.41649997 -0.9091357 0.0
vn -0.7969601 0.604032 1.4038222E-5
vn -0.85664266 0.5159101 0.0
vn -0.82762486 0.5612816 9.6228505E-6
vn -0.79695874 0.6040337 2.872168E-5
vn -0.37625954 0.9265144 1.317978E-5
vn -0.23841457 0.97116345 1.3994198E-5
vn -0.23841462 0.9711635 1.38734185E-5
vn -0.45019934 0.8929281 7.454891E-6
vn -0.4941818 0.8693586 6.0024886E-6
vn -0.49418288 0.869358 0.0
vn -0.981556 0.19117473 0.0
vn -0.98155606 0.19117475 0.0
vn -0.981556 0.19117473 0.0
vn -0.98155606 0.19117478 0.0
vn -0.83749765 -0.546441 0.0
vn -0.8374976 -0.546441 0.0
vn -0.83749765 -0.546441 0.0
vn -0.83749765 -0.546441 0.0
vn -0.99511963 0.0986753 0.0
vn -0.9951197 0.09867531 0.0
vn -0.99511963 0.0986753 0.0
vn -0.9951197 0.09867531 0.0
vn 0.0 1.0 0.0
vn 0.0 1.0 0.0
vn -1.0 0.0 0.0
vn -1.0 0.0 0.0
vn -1.0 0.0 0.0
vn -1.0 0.0 0.0
vn -0.28054017 -0.95984226 0.0
vn -0.2805402 -0.9598423 0.0
vn -0.28054017 -0.95984226 0.0
vn -0.28054017 -0.95984226 0.0
vn -0.9551771 -0.29603478 0.0
vn -0.9551771 -0.29603475 0.0
vn -0.9551771 -0.29603478 0.0
vn -0.9551771 -0.29603478 0.0
vn 0.13226013 -0.99121505 0.0
vn 0.13226013 -0.99121505 0.0
vn -0.8859996 0.4636861 0.0
vn -0.88599956 0.4636861 0.0
vn -0.99169624 -0.12860258 1.7512572E-5
vn -0.9917006 -0.12856883 3.574194E-5
vn -0.99169624 -0.12860258 1.7512572E-5
vn -0.99169195 -0.12863499 0.0
vn -0.39910114 0.7420967 -0.5385264
vn -0.39345425 0.781204 -0.48467937
f 1/1/1 2/2/2 3/3/3
f 4/4/4 5/5/5 3/3/3
f 6/6/6 1/1/1 3/3/3
f 2/2/2 4/4/4 3/3/3
f 7/7/7 8/8/8 9/9/9
f 10/10/10 11/11/11 12/12/12
f 13/13/13 3/3/3 14/14/14
f 15/15/15 3/3/3 16/16/16
f 6/6/6 3/3/3 13/13/13
f 14/14/14 3/3/3 15/15/15
f 17/17/17 18/18/18 19/19/19
f 20/20/20 21/21/21 22/22/22
f 23/23/23 3/3/3 24/24/24
f 25/25/25 3/3/3 5/5/5
f 26/26/26 3/3/3 23/23/23
f 24/24/24 3/3/3 25/25/25
f 27/27/27 28/28/28 29/29/29
f 30/30/30 31/31/31 32/32/32
f 33/33/33 34/34/34 35/35/35
f 36/36/36 37/37/37 3/3/3
f 38/38/38 16/16/16 3/3/3
f 26/26/26 36/36/36 3/3/3
f 37/37/37 38/38/38 3/3/3
f 39/39/39 40/40/40 41/41/41
f 42/42/42 43/43/43 44/44/44
f 45/45/45 46/46/46 47/47/47
f 48/48/48 49/49/49 50/50/50
f 51/51/51 52/52/52 50/50/50
f 53/53/53 54/54/54 50/50/50
f 55/55/55 56/56/56 50/50/50
f 56/56/56 57/57/57 50/50/50
f 58/58/58 55/55/55 50/50/50
f 57/57/57 59/59/59 50/50/50
f 52/52/52 58/58/58 50/50/50
f 60/60/60 51/51/51 50/50/50
f 59/59/59 53/53/53 50/50/50
f 54/54/54 48/48/48 50/50/50
f 61/61/61 62/62/62 50/50/50
f 63/63/63 61/61/61 50/50/50
f 62/62/62 64/64/64 50/50/50
f 49/49/49 63/63/63 50/50/50
f 64/64/64 60/60/60 50/50/50
f 65/65/65 66/66/66 67/67/67
f 65/65/65 67/67/67 68/68/68
f 69/69/69 65/65/65 68/68/68
f 69/69/69 68/68/68 70/70/70
f 71/71/71 69/69/69 70/70/70
f 71/71/71 70/70/70 72/72/72
f 73/73/73 71/71/71 72/72/72
f 73/73/73 72/72/72 74/74/74
f 75/75/75 76/76/76 77/77/77
f 75/75/75 77/77/77 78/78/78
f 79/79/79 80/80/80 81/81/81
f 79/79/79 81/81/81 82/82/82
f 78/78/78 77/77/77 83/83/83
f 78/78/78 83/83/83 84/84/84
f 84/84/84 83/83/83 80/80/80
f 84/84/84 80/80/80 79/79/79
f 85/85/85 86/86/86 87/87/87
f 85/85/85 87/87/87 88/88/88
f 89/89/89 85/85/85 88/88/88
f 89/89/89 88/88/88 90/90/90
f 91/91/91 89/89/89 90/90/90
f 91/91/91 90/90/90 92/92/92
f 93/93/93 91/91/91 92/92/92
f 93/93/93 92/92/92 94/94/94
f 95/95/95 96/96/96 97/97/97
f 95/95/95 97/97/97 98/98/98
f 99/99/99 95/95/95 98/98/98
f 99/99/99 98/98/98 100/100/100
f 101/101/101 102/102/102 103/103/103
f 101/101/101 103/103/103 104/104/104
f 96/96/96 101/101/101 104/104/104
f 96/96/96 104/104/104 97/97/97
f 105/105/105 106/106/106 107/107/107
f 105/105/105 107/107/107 108/108/108
f 109/109/109 105/105/105 108/108/108
f 109/109/109 108/108/108 110/110/110
f 111/111/111 109/109/109 110/110/110
f 111/111/111 110/110/110 112/112/112
f 113/113/113 111/111/111 112/112/112
f 113/113/113 112/112/112 114/114/114
f 115/115/115 116/116/116 117/117/117
f 115/115/115 117/117/117 118/118/118
f 116/116/116 119/119/119 120/120/120
f 116/116/116 120/120/120 117/117/117
f 121/121/121 122/122/122 123/123/123
f 121/121/121 123/123/123 124/124/124
f 122/122/122 115/115/115 118/118/118
f 122/122/122 118/118/118 123/123/123
f 125/125/125 126/126/126 115/115/115
f 125/125/125 115/115/115 122/122/122
f 127/127/127 125/125/125 122/122/122
f 127/127/127 122/122/122 121/121/121
f 128/128/128 129/129/129 119/119/119
f 128/128/128 119/119/119 116/116/116
f 126/126/126 128/128/128 116/116/116
f 126/126/126 116/116/116 115/115/115
f 130/130/130 131/131/131 132/132/132
f 130/130/130 132/132/132 133/133/133
f 134/134/134 130/130/130 133/133/133
f 134/134/134 133/133/133 135/135/135
f 136/136/136 134/134/134 135/135/135
f 136/136/136 135/135/135 137/137/137
f 138/138/138 136/136/136 137/137/137
f 138/138/138 137/137/137 139/139/139
f 140/140/140 141/141/141 142/142/142
f 140/140/140 142/142/142 143/143/143
f 144/144/144 145/145/145 146/146/146
f 144/144/144 146/146/146 147/147/147
f 148/148/148 144/144/144 147/147/147
f 148/148/148 147/147/147 149/149/149
f 150/150/150 148/148/148 149/149/149
f 150/150/150 149/149/149 151/151/151
f 152/152/152 150/150/150 151/151/151
f 152/152/152 151/151/151 153/153/153
f 154/154/154 155/155/155 140/140/140
f 154/154/154 140/140/140 156/156/156
f 155/155/155 157/157/157 141/141/141
f 155/155/155 141/141/141 140/140/140
f 157/157/157 158/158/158 159/159/159
f 157/157/157 159/159/159 141/141/141
f 158/158/158 160/160/160 161/161/161
f 158/158/158 161/161/161 159/159/159
f 162/162/162 163/163/163 153/153/153
f 162/162/162 153/153/153 151/151/151
f 164/164/164 162/162/162 151/151/151
f 164/164/164 151/151/151 149/149/149
f 165/165/165 164/164/164 149/149/149
f 165/165/165 149/149/149 147/147/147
f 166/166/166 165/165/165 147/147/147
f 166/166/166 147/147/147 146/146/146
f 165/165/165 166/166/166 167/167/167
f 165/165/165 167/167/167 168/168/168
f 164/164/164 165/165/165 168/168/168
f 164/164/164 168/168/168 169/169/169
f 162/162/162 164/164/164 169/169/169
f 162/162/162 169/169/169 170/170/170
f 163/163/163 162/162/162 170/170/170
f 163/163/163 170/170/170 171/171/171
f 172/172/172 173/173/173 150/150/150
f 172/172/172 150/150/150 152/152/152
f 173/173/173 174/174/174 148/148/148
f 173/173/173 148/148/148 150/150/150
f 174/174/174 175/175/175 144/144/144
f 174/174/174 144/144/144 148/148/148
f 175/175/175 176/176/176 145/145/145
f 175/175/175 145/145/145 144/144/144
f 168/168/168 167/167/167 160/160/160
f 168/168/168 160/160/160 158/158/158
f 169/169/169 168/168/168 158/158/158
f 169/169/169 158/158/158 157/157/157
f 170/170/170 169/169/169 157/157/157
f 170/170/170 157/157/157 155/155/155
f 171/171/171 170/170/170 155/155/155
f 171/171/171 155/155/155 154/154/154
f 177/177/177 178/178/178 179/179/179
f 177/177/177 179/179/179 180/180/180
f 156/156/156 140/140/140 143/143/143
f 156/156/156 143/143/143 181/181/181
f 159/159/159 161/161/161 182/182/182
f 159/159/159 182/182/182 183/183/183
f 141/141/141 159/159/159 183/183/183
f 141/141/141 183/183/183 142/142/142
f 184/184/184 177/177/177 180/180/180
f 184/184/184 180/180/180 185/185/185
f 186/186/186 184/184/184 185/185/185
f 186/186/186 185/185/185 187/187/187
f 188/188/188 186/186/186 187/187/187
f 188/188/188 187/187/187 189/189/189
f 190/190/190 191/191/191 192/192/192
f 190/190/190 192/192/192 193/193/193
f 191/191/191 194/194/194 195/195/195
f 191/191/191 195/195/195 192/192/192
f 194/194/194 196/196/196 197/197/197
f 194/194/194 197/197/197 195/195/195
f 196/196/196 198/198/198 199/199/199
f 196/196/196 199/199/199 197/197/197
f 200/200/200 201/201/201 202/202/202
f 200/200/200 202/202/202 203/203/203
f 204/204/204 200/200/200 203/203/203
f 204/204/204 203/203/203 205/205/205
f 206/206/206 204/204/204 205/205/205
f 206/206/206 205/205/205 207/207/207
f 208/208/208 206/206/206 207/207/207
f 208/208/208 207/207/207 209/209/209
f 193/193/193 192/192/192 186/186/186
f 193/193/193 186/186/186 188/188/188
f 192/192/192 195/195/195 184/184/184
f 192/192/192 184/184/184 186/186/186
f 195/195/195 197/197/197 177/177/177
f 195/195/195 177/177/177 184/184/184
f 197/197/197 199/199/199 178/178/178
f 197/197/197 178/178/178 177/177/177
f 210/210/210 211/211/211 212/212/212
f 210/210/210 212/212/212 213/213/213
f 214/214/214 215/215/215 216/216/216
f 214/214/214 216/216/216 217/217/217
f 218/218/218 214/214/214 217/217/217
f 218/218/218 217/217/217 219/219/219
f 220/220/220 218/218/218 219/219/219
f 220/220/220 219/219/219 221/221/221
f 222/222/222 220/220/220 221/221/221
f 222/222/222 221/221/221 223/223/223
f 224/224/224 225/225/225 226/226/226
f 224/224/224 226/226/226 227/227/227
f 228/228/228 224/224/224 227/227/227
f 228/228/228 227/227/227 229/229/229
f 211/211/211 228/228/228 229/229/229
f 211/211/211 229/229/229 212/212/212
f 230/230/230 231/231/231 232/232/232
f 230/230/230 232/232/232 233/233/233
f 231/231/231 234/234/234 235/235/235
f 231/231/231 235/235/235 232/232/232
f 234/234/234 236/236/236 237/237/237
f 234/234/234 237/237/237 235/235/235
f 238/238/238 230/230/230 233/233/233
f 238/238/238 233/233/233 239/239/239
f 240/240/240 241/241/241 242/242/242
f 240/240/240 242/242/242 243/243/243
f 241/241/241 244/244/244 245/245/245
f 241/241/241 245/245/245 242/242/242
f 244/244/244 246/246/246 247/247/247
f 244/244/244 247/247/247 245/245/245
f 248/248/248 240/240/240 243/243/243
f 248/248/248 243/243/243 249/249/249
f 250/250/250 251/251/251 252/252/252
f 250/250/250 252/252/252 253/253/253
f 254/254/254 255/255/255 256/256/256
f 254/254/254 256/256/256 257/257/257
f 258/258/258 254/254/254 257/257/257
f 258/258/258 257/257/257 259/259/259
f 251/251/251 258/258/258 259/259/259
f 251/251/251 259/259/259 252/252/252
f 260/260/260 261/261/261 258/258/258
f 260/260/260 258/258/258 251/251/251
f 261/261/261 262/262/262 254/254/254
f 261/261/261 254/254/254 258/258/258
f 262/262/262 263/263/263 255/255/255
f 262/262/262 255/255/255 254/254/254
f 264/264/264 260/260/260 251/251/251
f 264/264/264 251/251/251 250/250/250
f 265/265/265 266/266/266 228/228/228
f 265/265/265 228/228/228 211/211/211
f 266/266/266 267/267/267 224/224/224
f 266/266/266 224/224/224 228/228/228
f 267/267/267 268/268/268 225/225/225
f 267/267/267 225/225/225 224/224/224
f 269/269/269 265/265/265 211/211/211
f 269/269/269 211/211/211 210/210/210
f 270/270/270 271/271/271 272/272/272
f 270/270/270 272/272/272 273/273/273
f 274/274/274 270/270/270 273/273/273
f 274/274/274 273/273/273 275/275/275
f 276/276/276 274/274/274 275/275/275
f 276/276/276 275/275/275 277/277/277
f 271/271/271 278/278/278 279/279/279
f 271/271/271 279/279/279 272/272/272
f 280/280/280 281/281/281 282/282/282
f 280/280/280 282/282/282 283/283/283
f 284/284/284 280/280/280 283/283/283
f 284/284/284 283/283/283 285/285/285
f 286/286/286 284/284/284 285/285/285
f 286/286/286 285/285/285 287/287/287
f 288/288/288 286/286/286 287/287/287
f 288/288/288 287/287/287 289/289/289
f 283/283/283 282/282/282 290/290/290
f 283/283/283 290/290/290 291/291/291
f 289/289/289 287/287/287 292/292/292
f 289/289/289 292/292/292 293/293/293
f 287/287/287 285/285/285 294/294/294
f 287/287/287 294/294/294 292/292/292
f 285/285/285 283/283/283 291/291/291
f 285/285/285 291/291/291 294/294/294
f 295/295/295 296/296/296 128/128/128
f 295/295/295 128/128/128 126/126/126
f 296/296/296 297/297/297 129/129/129
f 296/296/296 129/129/129 128/128/128
f 298/298/298 299/299/299 125/125/125
f 298/298/298 125/125/125 127/127/127
f 299/299/299 295/295/295 126/126/126
f 299/299/299 126/126/126 125/125/125
f 123/123/123 118/118/118 300/300/300
f 123/123/123 300/300/300 301/301/301
f 124/124/124 123/123/123 301/301/301
f 124/124/124 301/301/301 302/302/302
f 117/117/117 120/120/120 303/303/303
f 117/117/117 303/303/303 304/304/304
f 118/118/118 117/117/117 304/304/304
f 118/118/118 304/304/304 300/300/300
f 300/300/300 304/304/304 305/305/305
f 300/300/300 305/305/305 306/306/306
f 304/304/304 303/303/303 307/307/307
f 304/304/304 307/307/307 305/305/305
f 302/302/302 301/301/301 308/308/308
f 302/302/302 308/308/308 309/309/309
f 301/301/301 300/300/300 306/306/306
f 301/301/301 306/306/306 308/308/308
f 310/310/310 311/311/311 312/312/312
f 310/310/310 312/312/312 313/313/313
f 311/311/311 314/314/314 315/315/315
f 311/311/311 315/315/315 312/312/312
f 314/314/314 316/316/316 317/317/317
f 314/314/314 317/317/317 315/315/315
f 316/316/316 318/318/318 319/319/319
f 316/316/316 319/319/319 317/317/317
f 320/320/320 321/321/321 322/322/322
f 320/320/320 322/322/322 323/323/323
f 321/321/321 324/324/324 325/325/325
f 321/321/321 325/325/325 322/322/322
f 326/326/326 327/327/327 328/328/328
f 326/326/326 328/328/328 329/329/329
f 327/327/327 320/320/320 323/323/323
f 327/327/327 323/323/323 328/328/328
f 330/330/330 331/331/331 332/332/332
f 330/330/330 332/332/332 333/333/333
f 334/334/334 330/330/330 333/333/333
f 334/334/334 333/333/333 335/335/335
f 336/336/336 337/337/337 338/338/338
f 336/336/336 338/338/338 339/339/339
f 331/331/331 336/336/336 339/339/339
f 331/331/331 339/339/339 332/332/332
f 323/323/323 322/322/322 101/101/101
f 323/323/323 101/101/101 96/96/96
f 322/322/322 325/325/325 102/102/102
f 322/322/322 102/102/102 101/101/101
f 329/329/329 328/328/328 95/95/95
f 329/329/329 95/95/95 99/99/99
f 328/328/328 323/323/323 96/96/96
f 328/328/328 96/96/96 95/95/95
f 340/340/340 341/341/341 66/66/66
f 340/340/340 66/66/66 65/65/65
f 342/342/342 340/340/340 65/65/65
f 342/342/342 65/65/65 69/69/69
f 343/343/343 342/342/342 69/69/69
f 343/343/343 69/69/69 71/71/71
f 344/344/344 343/343/343 71/71/71
f 344/344/344 71/71/71 73/73/73
f 345/345/345 346/346/346 347/347/347
f 345/345/345 347/347/347 348/348/348
f 349/349/349 350/350/350 351/351/351
f 349/349/349 351/351/351 352/352/352
f 346/346/346 353/353/353 354/354/354
f 346/346/346 354/354/354 347/347/347
f 350/350/350 345/345/345 348/348/348
f 350/350/350 348/348/348 351/351/351
f 355/355/355 356/356/356 357/357/357
f 355/355/355 357/357/357 358/358/358
f 356/356/356 359/359/359 360/360/360
f 356/356/356 360/360/360 357/357/357
f 359/359/359 361/361/361 362/362/362
f 359/359/359 362/362/362 360/360/360
f 361/361/361 363/363/363 364/364/364
f 361/361/361 364/364/364 362/362/362
f 358/358/358 357/357/357 220/220/220
f 358/358/358 220/220/220 222/222/222
f 357/357/357 360/360/360 218/218/218
f 357/357/357 218/218/218 220/220/220
f 360/360/360 362/362/362 214/214/214
f 360/360/360 214/214/214 218/218/218
f 362/362/362 364/364/364 215/215/215
f 362/362/362 215/215/215 214/214/214
f 365/365/365 366/366/366 367/367/367
f 365/365/365 367/367/367 368/368/368
f 369/369/369 370/370/370 371/371/371
f 369/369/369 371/371/371 372/372/372
f 370/370/370 373/373/373 374/374/374
f 370/370/370 374/374/374 371/371/371
f 373/373/373 365/365/365 368/368/368
f 373/373/373 368/368/368 374/374/374
f 375/375/375 376/376/376 377/377/377
f 375/375/375 377/377/377 378/378/378
f 379/379/379 380/380/380 381/381/381
f 379/379/379 381/381/381 382/382/382
f 380/380/380 383/383/383 384/384/384
f 380/380/380 384/384/384 381/381/381
f 383/383/383 375/375/375 378/378/378
f 383/383/383 378/378/378 384/384/384
f 385/385/385 386/386/386 387/387/387
f 385/385/385 387/387/387 388/388/388
f 386/386/386 389/389/389 390/390/390
f 386/386/386 390/390/390 387/387/387
f 389/389/389 391/391/391 392/392/392
f 389/389/389 392/392/392 390/390/390
f 391/391/391 393/393/393 394/394/394
f 391/391/391 394/394/394 392/392/392
f 395/395/395 396/396/396 397/397/397
f 395/395/395 397/397/397 398/398/398
f 397/397/397 396/396/396 399/399/399
f 397/397/397 399/399/399 400/400/400
f 401/401/401 397/397/397 400/400/400
f 401/401/401 400/400/400 402/402/402
f 396/396/396 403/403/403 404/404/404
f 396/396/396 404/404/404 399/399/399
f 405/405/405 401/401/401 402/402/402
f 405/405/405 402/402/402 406/406/406
f 407/407/407 401/401/401 405/405/405
f 407/407/407 405/405/405 408/408/408
f 409/409/409 410/410/410 411/411/411
f 409/409/409 411/411/411 412/412/412
f 410/410/410 395/395/395 398/398/398
f 410/410/410 398/398/398 411/411/411
f 413/413/413 7/7/7 414/414/414
f 413/413/413 414/414/414 415/415/415
f 9/9/9 416/416/416 417/417/417
f 9/9/9 417/417/417 418/418/418
f 404/404/404 403/403/403 419/419/419
f 404/404/404 419/419/419 420/420/420
f 7/7/7 9/9/9 418/418/418
f 7/7/7 418/418/418 414/414/414
f 414/414/414 418/418/418 421/421/421
f 414/414/414 421/421/421 422/422/422
f 423/423/423 424/424/424 425/425/425
f 423/423/423 425/425/425 426/426/426
f 424/424/424 427/427/427 428/428/428
f 424/424/424 428/428/428 425/425/425
f 418/418/418 417/417/417 429/429/429
f 418/418/418 429/429/429 421/421/421
f 403/403/403 413/413/413 415/415/415
f 403/403/403 415/415/415 419/419/419
f 430/430/430 431/431/431 10/10/10
f 430/430/430 10/10/10 12/12/12
f 432/432/432 430/430/430 12/12/12
f 432/432/432 12/12/12 433/433/433
f 433/433/433 12/12/12 11/11/11
f 433/433/433 11/11/11 434/434/434
f 427/427/427 435/435/435 436/436/436
f 427/427/427 436/436/436 428/428/428
f 8/8/8 437/437/437 438/438/438
f 8/8/8 438/438/438 9/9/9
f 9/9/9 438/438/438 439/439/439
f 9/9/9 439/439/439 416/416/416
f 440/440/440 441/441/441 442/442/442
f 440/440/440 442/442/442 443/443/443
f 444/444/444 445/445/445 446/446/446
f 444/444/444 446/446/446 447/447/447
f 448/448/448 449/449/449 450/450/450
f 448/448/448 450/450/450 451/451/451
f 452/452/452 446/446/446 445/445/445
f 452/452/452 445/445/445 453/453/453
f 454/454/454 455/455/455 456/456/456
f 454/454/454 456/456/456 457/457/457
f 458/458/458 459/459/459 460/460/460
f 458/458/458 460/460/460 461/461/461
f 462/462/462 463/463/463 464/464/464
f 462/462/462 464/464/464 465/465/465
f 466/466/466 467/467/467 468/468/468
f 466/466/466 468/468/468 469/469/469
f 470/470/470 471/471/471 472/472/472
f 470/470/470 472/472/472 473/473/473
f 474/474/474 475/475/475 476/476/476
f 474/474/474 476/476/476 477/477/477
f 478/478/478 479/479/479 480/480/480
f 478/478/478 480/480/480 481/481/481
f 482/482/482 483/483/483 484/484/484
f 482/482/482 484/484/484 485/485/485
f 486/486/486 487/487/487 488/488/488
f 486/486/486 488/488/488 489/489/489
f 490/490/490 491/491/491 492/492/492
f 490/490/490 492/492/492 493/493/493
f 494/494/494 495/495/495 496/496/496
f 494/494/494 496/496/496 497/497/497
f 467/467/467 482/482/482 485/485/485
f 467/467/467 485/485/485 468/468/468
f 498/498/498 499/499/499 500/500/500
f 498/498/498 500/500/500 501/501/501
f 502/502/502 503/503/503 504/504/504
f 502/502/502 504/504/504 505/505/505
f 506/506/506 507/507/507 503/503/503
f 506/506/506 503/503/503 502/502/502
f 508/508/508 509/509/509 507/507/507
f 508/508/508 507/507/507 506/506/506
f 510/510/510 511/511/511 509/509/509
f 510/510/510 509/509/509 508/508/508
f 75/75/75 512/512/512 513/513/513
f 75/75/75 513/513/513 76/76/76
f 514/514/514 515/515/515 516/516/516
f 514/514/514 516/516/516 517/517/517
f 512/512/512 518/518/518 519/519/519
f 512/512/512 519/519/519 513/513/513
f 518/518/518 514/514/514 517/517/517
f 518/518/518 517/517/517 519/519/519
f 520/520/520 521/521/521 522/522/522
f 520/520/520 522/522/522 523/523/523
f 524/524/524 525/525/525 521/521/521
f 524/524/524 521/521/521 520/520/520
f 526/526/526 527/527/527 525/525/525
f 526/526/526 525/525/525 524/524/524
f 528/528/528 529/529/529 527/527/527
f 528/528/528 527/527/527 526/526/526
f 530/530/530 531/531/531 532/532/532
f 530/530/530 532/532/532 533/533/533
f 534/534/534 535/535/535 531/531/531
f 534/534/534 531/531/531 530/530/530
f 536/536/536 537/537/537 538/538/538
f 536/536/536 538/538/538 539/539/539
f 533/533/533 532/532/532 537/537/537
f 533/533/533 537/537/537 536/536/536
f 540/540/540 541/541/541 542/542/542
f 540/540/540 542/542/542 543/543/543
f 544/544/544 545/545/545 541/541/541
f 544/544/544 541/541/541 540/540/540
f 546/546/546 547/547/547 545/545/545
f 546/546/546 545/545/545 544/544/544
f 548/548/548 549/549/549 547/547/547
f 548/548/548 547/547/547 546/546/546
f 550/550/550 551/551/551 552/552/552
f 550/550/550 552/552/552 553/553/553
f 553/553/553 552/552/552 554/554/554
f 553/553/553 554/554/554 555/555/555
f 556/556/556 557/557/557 558/558/558
f 556/556/556 558/558/558 559/559/559
f 559/559/559 558/558/558 551/551/551
f 559/559/559 551/551/551 550/550/550
f 560/560/560 559/559/559 550/550/550
f 560/560/560 550/550/550 561/561/561
f 562/562/562 556/556/556 559/559/559
f 562/562/562 559/559/559 560/560/560
f 563/563/563 553/553/553 555/555/555
f 563/563/563 555/555/555 564/564/564
f 561/561/561 550/550/550 553/553/553
f 561/561/561 553/553/553 563/563/563
f 565/565/565 566/566/566 567/567/567
f 565/565/565 567/567/567 568/568/568
f 569/569/569 570/570/570 566/566/566
f 569/569/569 566/566/566 565/565/565
f 571/571/571 572/572/572 570/570/570
f 571/571/571 570/570/570 569/569/569
f 573/573/573 574/574/574 572/572/572
f 573/573/573 572/572/572 571/571/571
f 575/575/575 576/576/576 577/577/577
f 575/575/575 577/577/577 578/578/578
f 579/579/579 580/580/580 581/581/581
f 579/579/579 581/581/581 582/582/582
f 583/583/583 584/584/584 580/580/580
f 583/583/583 580/580/580 579/579/579
f 585/585/585 586/586/586 584/584/584
f 585/585/585 584/584/584 583/583/583
f 587/587/587 588/588/588 586/586/586
f 587/587/587 586/586/586 585/585/585
f 589/589/589 590/590/590 575/575/575
f 589/589/589 575/575/575 591/591/591
f 591/591/591 575/575/575 578/578/578
f 591/591/591 578/578/578 592/592/592
f 592/592/592 578/578/578 593/593/593
f 592/592/592 593/593/593 594/594/594
f 594/594/594 593/593/593 595/595/595
f 594/594/594 595/595/595 596/596/596
f 597/597/597 586/586/586 588/588/588
f 597/597/597 588/588/588 598/598/598
f 599/599/599 584/584/584 586/586/586
f 599/599/599 586/586/586 597/597/597
f 600/600/600 580/580/580 584/584/584
f 600/600/600 584/584/584 599/599/599
f 601/601/601 581/581/581 580/580/580
f 601/601/601 580/580/580 600/600/600
f 600/600/600 602/602/602 603/603/603
f 600/600/600 603/603/603 601/601/601
f 599/599/599 604/604/604 602/602/602
f 599/599/599 602/602/602 600/600/600
f 597/597/597 605/605/605 604/604/604
f 597/597/597 604/604/604 599/599/599
f 598/598/598 606/606/606 605/605/605
f 598/598/598 605/605/605 597/597/597
f 607/607/607 587/587/587 585/585/585
f 607/607/607 585/585/585 608/608/608
f 608/608/608 585/585/585 583/583/583
f 608/608/608 583/583/583 609/609/609
f 609/609/609 583/583/583 579/579/579
f 609/609/609 579/579/579 610/610/610
f 610/610/610 579/579/579 582/582/582
f 610/610/610 582/582/582 611/611/611
f 602/602/602 594/594/594 596/596/596
f 602/602/602 596/596/596 603/603/603
f 604/604/604 592/592/592 594/594/594
f 604/604/604 594/594/594 602/602/602
f 605/605/605 591/591/591 592/592/592
f 605/605/605 592/592/592 604/604/604
f 606/606/606 589/589/589 591/591/591
f 606/606/606 591/591/591 605/605/605
f 612/612/612 613/613/613 614/614/614
f 612/612/612 614/614/614 615/615/615
f 590/590/590 616/616/616 576/576/576
f 590/590/590 576/576/576 575/575/575
f 593/593/593 617/617/617 618/618/618
f 593/593/593 618/618/618 595/595/595
f 578/578/578 577/577/577 617/617/617
f 578/578/578 617/617/617 593/593/593
f 619/619/619 620/620/620 613/613/613
f 619/619/619 613/613/613 612/612/612
f 621/621/621 622/622/622 620/620/620
f 621/621/621 620/620/620 619/619/619
f 623/623/623 624/624/624 622/622/622
f 623/623/623 622/622/622 621/621/621
f 625/625/625 626/626/626 627/627/627
f 625/625/625 627/627/627 628/628/628
f 628/628/628 627/627/627 629/629/629
f 628/628/628 629/629/629 630/630/630
f 630/630/630 629/629/629 631/631/631
f 630/630/630 631/631/631 632/632/632
f 632/632/632 631/631/631 633/633/633
f 632/632/632 633/633/633 634/634/634
f 635/635/635 636/636/636 637/637/637
f 635/635/635 637/637/637 638/638/638
f 639/639/639 640/640/640 636/636/636
f 639/639/639 636/636/636 635/635/635
f 641/641/641 642/642/642 640/640/640
f 641/641/641 640/640/640 639/639/639
f 643/643/643 644/644/644 642/642/642
f 643/643/643 642/642/642 641/641/641
f 626/626/626 623/623/623 621/621/621
f 626/626/626 621/621/621 627/627/627
f 627/627/627 621/621/621 619/619/619
f 627/627/627 619/619/619 629/629/629
f 629/629/629 619/619/619 612/612/612
f 629/629/629 612/612/612 631/631/631
f 631/631/631 612/612/612 615/615/615
f 631/631/631 615/615/615 633/633/633
f 645/645/645 646/646/646 647/647/647
f 645/645/645 647/647/647 648/648/648
f 649/649/649 650/650/650 651/651/651
f 649/649/649 651/651/651 652/652/652
f 653/653/653 654/654/654 650/650/650
f 653/653/653 650/650/650 649/649/649
f 655/655/655 656/656/656 654/654/654
f 655/655/655 654/654/654 653/653/653
f 657/657/657 658/658/658 656/656/656
f 657/657/657 656/656/656 655/655/655
f 659/659/659 660/660/660 661/661/661
f 659/659/659 661/661/661 662/662/662
f 663/663/663 664/664/664 660/660/660
f 663/663/663 660/660/660 659/659/659
f 648/648/648 647/647/647 664/664/664
f 648/648/648 664/664/664 663/663/663
f 665/665/665 666/666/666 667/667/667
f 665/665/665 667/667/667 668/668/668
f 668/668/668 667/667/667 669/669/669
f 668/668/668 669/669/669 670/670/670
f 670/670/670 669/669/669 671/671/671
f 670/670/670 671/671/671 672/672/672
f 673/673/673 674/674/674 666/666/666
f 673/673/673 666/666/666 665/665/665
f 675/675/675 676/676/676 677/677/677
f 675/675/675 677/677/677 678/678/678
f 678/678/678 677/677/677 679/679/679
f 678/678/678 679/679/679 680/680/680
f 680/680/680 679/679/679 681/681/681
f 680/680/680 681/681/681 682/682/682
f 683/683/683 684/684/684 676/676/676
f 683/683/683 676/676/676 675/675/675
f 685/685/685 686/686/686 687/687/687
f 685/685/685 687/687/687 688/688/688
f 689/689/689 690/690/690 691/691/691
f 689/689/689 691/691/691 692/692/692
f 693/693/693 694/694/694 690/690/690
f 693/693/693 690/690/690 689/689/689
f 688/688/688 687/687/687 694/694/694
f 688/688/688 694/694/694 693/693/693
f 695/695/695 688/688/688 693/693/693
f 695/695/695 693/693/693 696/696/696
f 696/696/696 693/693/693 689/689/689
f 696/696/696 689/689/689 697/697/697
f 697/697/697 689/689/689 692/692/692
f 697/697/697 692/692/692 698/698/698
f 699/699/699 685/685/685 688/688/688
f 699/699/699 688/688/688 695/695/695
f 700/700/700 648/648/648 663/663/663
f 700/700/700 663/663/663 701/701/701
f 701/701/701 663/663/663 659/659/659
f 701/701/701 659/659/659 702/702/702
f 702/702/702 659/659/659 662/662/662
f 702/702/702 662/662/662 703/703/703
f 704/704/704 645/645/645 648/648/648
f 704/704/704 648/648/648 700/700/700
f 705/705/705 706/706/706 707/707/707
f 705/705/705 707/707/707 708/708/708
f 709/709/709 710/710/710 706/706/706
f 709/709/709 706/706/706 705/705/705
f 711/711/711 712/712/712 710/710/710
f 711/711/711 710/710/710 709/709/709
f 708/708/708 707/707/707 713/713/713
f 708/708/708 713/713/713 714/714/714
f 715/715/715 716/716/716 717/717/717
f 715/715/715 717/717/717 718/718/718
f 719/719/719 720/720/720 716/716/716
f 719/719/719 716/716/716 715/715/715
f 721/721/721 722/722/722 720/720/720
f 721/721/721 720/720/720 719/719/719
f 723/723/723 724/724/724 722/722/722
f 723/723/723 722/722/722 721/721/721
f 716/716/716 725/725/725 726/726/726
f 716/716/716 726/726/726 717/717/717
f 724/724/724 727/727/727 728/728/728
f 724/724/724 728/728/728 722/722/722
f 722/722/722 728/728/728 729/729/729
f 722/722/722 729/729/729 720/720/720
f 720/720/720 729/729/729 725/725/725
f 720/720/720 725/725/725 716/716/716
f 730/730/730 561/561/561 563/563/563
f 730/730/730 563/563/563 731/731/731
f 731/731/731 563/563/563 564/564/564
f 731/731/731 564/564/564 732/732/732
f 733/733/733 562/562/562 560/560/560
f 733/733/733 560/560/560 734/734/734
f 734/734/734 560/560/560 561/561/561
f 734/734/734 561/561/561 730/730/730
f 558/558/558 735/735/735 736/736/736
f 558/558/558 736/736/736 551/551/551
f 557/557/557 737/737/737 735/735/735
f 557/557/557 735/735/735 558/558/558
f 552/552/552 738/738/738 739/739/739
f 552/552/552 739/739/739 554/554/554
f 551/551/551 736/736/736 738/738/738
f 551/551/551 738/738/738 552/552/552
f 736/736/736 740/740/740 741/741/741
f 736/736/736 741/741/741 738/738/738
f 738/738/738 741/741/741 742/742/742
f 738/738/738 742/742/742 739/739/739
f 737/737/737 743/743/743 744/744/744
f 737/737/737 744/744/744 735/735/735
f 735/735/735 744/744/744 740/740/740
f 735/735/735 740/740/740 736/736/736
f 745/745/745 746/746/746 747/747/747
f 745/745/745 747/747/747 748/748/748
f 748/748/748 747/747/747 749/749/749
f 748/748/748 749/749/749 750/750/750
f 750/750/750 749/749/749 751/751/751
f 750/750/750 751/751/751 752/752/752
f 752/752/752 751/751/751 753/753/753
f 752/752/752 753/753/753 754/754/754
f 755/755/755 756/756/756 757/757/757
f 755/755/755 757/757/757 758/758/758
f 758/758/758 757/757/757 759/759/759
f 758/758/758 759/759/759 760/760/760
f 761/761/761 762/762/762 763/763/763
f 761/761/761 763/763/763 764/764/764
f 764/764/764 763/763/763 756/756/756
f 764/764/764 756/756/756 755/755/755
f 765/765/765 766/766/766 767/767/767
f 765/765/765 767/767/767 768/768/768
f 769/769/769 770/770/770 766/766/766
f 769/769/769 766/766/766 765/765/765
f 771/771/771 772/772/772 773/773/773
f 771/771/771 773/773/773 774/774/774
f 768/768/768 767/767/767 772/772/772
f 768/768/768 772/772/772 771/771/771
f 756/756/756 533/533/533 536/536/536
f 756/756/756 536/536/536 757/757/757
f 757/757/757 536/536/536 539/539/539
f 757/757/757 539/539/539 759/759/759
f 762/762/762 534/534/534 530/530/530
f 762/762/762 530/530/530 763/763/763
f 763/763/763 530/530/530 533/533/533
f 763/763/763 533/533/533 756/756/756
f 775/775/775 502/502/502 505/505/505
f 775/775/775 505/505/505 776/776/776
f 777/777/777 506/506/506 502/502/502
f 777/777/777 502/502/502 775/775/775
f 778/778/778 508/508/508 506/506/506
f 778/778/778 506/506/506 777/777/777
f 779/779/779 510/510/510 508/508/508
f 779/779/779 508/508/508 778/778/778
f 780/780/780 781/781/781 782/782/782
f 780/780/780 782/782/782 783/783/783
f 349/349/349 352/352/352 784/784/784
f 349/349/349 784/784/784 785/785/785
f 783/783/783 782/782/782 786/786/786
f 783/783/783 786/786/786 787/787/787
f 785/785/785 784/784/784 781/781/781
f 785/785/785 781/781/781 780/780/780
f 788/788/788 789/789/789 790/790/790
f 788/788/788 790/790/790 791/791/791
f 791/791/791 790/790/790 792/792/792
f 791/791/791 792/792/792 793/793/793
f 793/793/793 792/792/792 794/794/794
f 793/793/793 794/794/794 795/795/795
f 795/795/795 794/794/794 796/796/796
f 795/795/795 796/796/796 797/797/797
f 789/789/789 657/657/657 655/655/655
f 789/789/789 655/655/655 790/790/790
f 790/790/790 655/655/655 653/653/653
f 790/790/790 653/653/653 792/792/792
f 792/792/792 653/653/653 649/649/649
f 792/792/792 649/649/649 794/794/794
f 794/794/794 649/649/649 652/652/652
f 794/794/794 652/652/652 796/796/796
f 798/798/798 799/799/799 800/800/800
f 798/798/798 800/800/800 801/801/801
f 802/802/802 803/803/803 804/804/804
f 802/802/802 804/804/804 805/805/805
f 805/805/805 804/804/804 806/806/806
f 805/805/805 806/806/806 807/807/807
f 807/807/807 806/806/806 799/799/799
f 807/807/807 799/799/799 798/798/798
f 808/808/808 809/809/809 810/810/810
f 808/808/808 810/810/810 811/811/811
f 812/812/812 813/813/813 814/814/814
f 812/812/812 814/814/814 815/815/815
f 815/815/815 814/814/814 816/816/816
f 815/815/815 816/816/816 817/817/817
f 817/817/817 816/816/816 809/809/809
f 817/817/817 809/809/809 808/808/808
f 818/818/818 819/819/819 820/820/820
f 818/818/818 820/820/820 821/821/821
f 821/821/821 820/820/820 822/822/822
f 821/821/821 822/822/822 823/823/823
f 823/823/823 822/822/822 824/824/824
f 823/823/823 824/824/824 825/825/825
f 825/825/825 824/824/824 826/826/826
f 825/825/825 826/826/826 827/827/827
f 828/828/828 829/829/829 830/830/830
f 828/828/828 830/830/830 831/831/831
f 830/830/830 400/400/400 399/399/399
f 830/830/830 399/399/399 831/831/831
f 832/832/832 402/402/402 400/400/400
f 832/832/832 400/400/400 830/830/830
f 831/831/831 399/399/399 404/404/404
f 831/831/831 404/404/404 833/833/833
f 834/834/834 406/406/406 402/402/402
f 834/834/834 402/402/402 832/832/832
f 835/835/835 836/836/836 834/834/834
f 835/835/835 834/834/834 832/832/832
f 837/837/837 838/838/838 839/839/839
f 837/837/837 839/839/839 840/840/840
f 840/840/840 839/839/839 829/829/829
f 840/840/840 829/829/829 828/828/828
f 841/841/841 842/842/842 843/843/843
f 841/841/841 843/843/843 17/17/17
f 18/18/18 844/844/844 417/417/417
f 18/18/18 417/417/417 416/416/416
f 404/404/404 420/420/420 845/845/845
f 404/404/404 845/845/845 833/833/833
f 17/17/17 843/843/843 844/844/844
f 17/17/17 844/844/844 18/18/18
f 843/843/843 846/846/846 847/847/847
f 843/843/843 847/847/847 844/844/844
f 848/848/848 849/849/849 850/850/850
f 848/848/848 850/850/850 851/851/851
f 851/851/851 850/850/850 852/852/852
f 851/851/851 852/852/852 853/853/853
f 844/844/844 847/847/847 429/429/429
f 844/844/844 429/429/429 417/417/417
f 833/833/833 845/845/845 842/842/842
f 833/833/833 842/842/842 841/841/841
f 430/430/430 21/21/21 20/20/20
f 430/430/430 20/20/20 431/431/431
f 432/432/432 854/854/854 21/21/21
f 432/432/432 21/21/21 430/430/430
f 854/854/854 855/855/855 22/22/22
f 854/854/854 22/22/22 21/21/21
f 853/853/853 852/852/852 856/856/856
f 853/853/853 856/856/856 857/857/857
f 19/19/19 18/18/18 858/858/858
f 19/19/19 858/858/858 859/859/859
f 18/18/18 416/416/416 439/439/439
f 18/18/18 439/439/439 858/858/858
f 860/860/860 861/861/861 862/862/862
f 860/860/860 862/862/862 863/863/863
f 864/864/864 865/865/865 866/866/866
f 864/864/864 866/866/866 867/867/867
f 868/868/868 869/869/869 870/870/870
f 868/868/868 870/870/870 871/871/871
f 869/869/869 866/866/866 865/865/865
f 869/869/869 865/865/865 870/870/870
f 872/872/872 873/873/873 874/874/874
f 872/872/872 874/874/874 875/875/875
f 876/876/876 877/877/877 878/878/878
f 876/876/876 878/878/878 879/879/879
f 880/880/880 881/881/881 882/882/882
f 880/880/880 882/882/882 883/883/883
f 884/884/884 885/885/885 886/886/886
f 884/884/884 886/886/886 887/887/887
f 888/888/888 889/889/889 890/890/890
f 888/888/888 890/890/890 891/891/891
f 892/892/892 893/893/893 894/894/894
f 892/892/892 894/894/894 895/895/895
f 895/895/895 894/894/894 896/896/896
f 895/895/895 896/896/896 897/897/897
f 897/897/897 896/896/896 898/898/898
f 897/897/897 898/898/898 899/899/899
f 900/900/900 901/901/901 902/902/902
f 900/900/900 902/902/902 903/903/903
f 904/904/904 905/905/905 906/906/906
f 904/904/904 906/906/906 907/907/907
f 908/908/908 909/909/909 910/910/910
f 908/908/908 910/910/910 911/911/911
f 912/912/912 913/913/913 914/914/914
f 912/912/912 914/914/914 915/915/915
f 916/916/916 917/917/917 918/918/918
f 916/916/916 918/918/918 919/919/919
f 920/920/920 921/921/921 922/922/922
f 920/920/920 922/922/922 923/923/923
f 924/924/924 925/925/925 921/921/921
f 924/924/924 921/921/921 920/920/920
f 926/926/926 927/927/927 925/925/925
f 926/926/926 925/925/925 924/924/924
f 73/73/73 74/74/74 927/927/927
f 73/73/73 927/927/927 926/926/926
f 928/928/928 929/929/929 930/930/930
f 928/928/928 930/930/930 931/931/931
f 932/932/932 82/82/82 81/81/81
f 932/932/932 81/81/81 933/933/933
f 929/929/929 934/934/934 935/935/935
f 929/929/929 935/935/935 930/930/930
f 934/934/934 932/932/932 933/933/933
f 934/934/934 933/933/933 935/935/935
f 936/936/936 937/937/937 938/938/938
f 936/936/936 938/938/938 939/939/939
f 940/940/940 941/941/941 937/937/937
f 940/940/940 937/937/937 936/936/936
f 942/942/942 943/943/943 941/941/941
f 942/942/942 941/941/941 940/940/940
f 93/93/93 94/94/94 943/943/943
f 93/93/93 943/943/943 942/942/942
f 944/944/944 945/945/945 946/946/946
f 944/944/944 946/946/946 947/947/947
f 99/99/99 100/100/100 945/945/945
f 99/99/99 945/945/945 944/944/944
f 948/948/948 949/949/949 950/950/950
f 948/948/948 950/950/950 951/951/951
f 947/947/947 946/946/946 949/949/949
f 947/947/947 949/949/949 948/948/948
f 952/952/952 953/953/953 954/954/954
f 952/952/952 954/954/954 955/955/955
f 956/956/956 957/957/957 953/953/953
f 956/956/956 953/953/953 952/952/952
f 958/958/958 959/959/959 957/957/957
f 958/958/958 957/957/957 956/956/956
f 113/113/113 114/114/114 959/959/959
f 113/113/113 959/959/959 958/958/958
f 960/960/960 961/961/961 962/962/962
f 960/960/960 962/962/962 963/963/963
f 963/963/963 962/962/962 964/964/964
f 963/963/963 964/964/964 965/965/965
f 121/121/121 124/124/124 966/966/966
f 121/121/121 966/966/966 967/967/967
f 967/967/967 966/966/966 961/961/961
f 967/967/967 961/961/961 960/960/960
f 968/968/968 967/967/967 960/960/960
f 968/968/968 960/960/960 969/969/969
f 127/127/127 121/121/121 967/967/967
f 127/127/127 967/967/967 968/968/968
f 970/970/970 963/963/963 965/965/965
f 970/970/970 965/965/965 971/971/971
f 969/969/969 960/960/960 963/963/963
f 969/969/969 963/963/963 970/970/970
f 972/972/972 973/973/973 974/974/974
f 972/972/972 974/974/974 975/975/975
f 976/976/976 977/977/977 973/973/973
f 976/976/976 973/973/973 972/972/972
f 978/978/978 979/979/979 977/977/977
f 978/978/978 977/977/977 976/976/976
f 138/138/138 139/139/139 979/979/979
f 138/138/138 979/979/979 978/978/978
f 980/980/980 981/981/981 982/982/982
f 980/980/980 982/982/982 983/983/983
f 984/984/984 985/985/985 986/986/986
f 984/984/984 986/986/986 987/987/987
f 988/988/988 989/989/989 985/985/985
f 988/988/988 985/985/985 984/984/984
f 990/990/990 991/991/991 989/989/989
f 990/990/990 989/989/989 988/988/988
f 152/152/152 153/153/153 991/991/991
f 152/152/152 991/991/991 990/990/990
f 154/154/154 156/156/156 980/980/980
f 154/154/154 980/980/980 992/992/992
f 992/992/992 980/980/980 983/983/983
f 992/992/992 983/983/983 993/993/993
f 993/993/993 983/983/983 994/994/994
f 993/993/993 994/994/994 995/995/995
f 995/995/995 994/994/994 996/996/996
f 995/995/995 996/996/996 997/997/997
f 998/998/998 991/991/991 153/153/153
f 998/998/998 153/153/153 163/163/163
f 999/999/999 989/989/989 991/991/991
f 999/999/999 991/991/991 998/998/998
f 1000/1000/1000 985/985/985 989/989/989
f 1000/1000/1000 989/989/989 999/999/999
f 1001/1001/1001 986/986/986 985/985/985
f 1001/1001/1001 985/985/985 1000/1000/1000
f 1000/1000/1000 1002/1002/1002 1003/1003/1003
f 1000/1000/1000 1003/1003/1003 1001/1001/1001
f 999/999/999 1004/1004/1004 1002/1002/1002
f 999/999/999 1002/1002/1002 1000/1000/1000
f 998/998/998 1005/1005/1005 1004/1004/1004
f 998/998/998 1004/1004/1004 999/999/999
f 163/163/163 171/171/171 1005/1005/1005
f 163/163/163 1005/1005/1005 998/998/998
f 172/172/172 152/152/152 990/990/990
f 172/172/172 990/990/990 1006/1006/1006
f 1006/1006/1006 990/990/990 988/988/988
f 1006/1006/1006 988/988/988 1007/1007/1007
f 1007/1007/1007 988/988/988 984/984/984
f 1007/1007/1007 984/984/984 1008/1008/1008
f 1008/1008/1008 984/984/984 987/987/987
f 1008/1008/1008 987/987/987 1009/1009/1009
f 1002/1002/1002 995/995/995 997/997/997
f 1002/1002/1002 997/997/997 1003/1003/1003
f 1004/1004/1004 993/993/993 995/995/995
f 1004/1004/1004 995/995/995 1002/1002/1002
f 1005/1005/1005 992/992/992 993/993/993
f 1005/1005/1005 993/993/993 1004/1004/1004
f 171/171/171 154/154/154 992/992/992
f 171/171/171 992/992/992 1005/1005/1005
f 1010/1010/1010 1011/1011/1011 1012/1012/1012
f 1010/1010/1010 1012/1012/1012 1013/1013/1013
f 156/156/156 181/181/181 981/981/981
f 156/156/156 981/981/981 980/980/980
f 994/994/994 1014/1014/1014 1015/1015/1015
f 994/994/994 1015/1015/1015 996/996/996
f 983/983/983 982/982/982 1014/1014/1014
f 983/983/983 1014/1014/1014 994/994/994
f 1016/1016/1016 1017/1017/1017 1011/1011/1011
f 1016/1016/1016 1011/1011/1011 1010/1010/1010
f 1018/1018/1018 1019/1019/1019 1017/1017/1017
f 1018/1018/1018 1017/1017/1017 1016/1016/1016
f 188/188/188 189/189/189 1019/1019/1019
f 188/188/188 1019/1019/1019 1018/1018/1018
f 190/190/190 193/193/193 1020/1020/1020
f 190/190/190 1020/1020/1020 1021/1021/1021
f 1021/1021/1021 1020/1020/1020 1022/1022/1022
f 1021/1021/1021 1022/1022/1022 1023/1023/1023
f 1023/1023/1023 1022/1022/1022 1024/1024/1024
f 1023/1023/1023 1024/1024/1024 1025/1025/1025
f 1025/1025/1025 1024/1024/1024 1026/1026/1026
f 1025/1025/1025 1026/1026/1026 1027/1027/1027
f 1028/1028/1028 1029/1029/1029 1030/1030/1030
f 1028/1028/1028 1030/1030/1030 1031/1031/1031
f 1032/1032/1032 1033/1033/1033 1029/1029/1029
f 1032/1032/1032 1029/1029/1029 1028/1028/1028
f 1034/1034/1034 1035/1035/1035 1033/1033/1033
f 1034/1034/1034 1033/1033/1033 1032/1032/1032
f 208/208/208 209/209/209 1035/1035/1035
f 208/208/208 1035/1035/1035 1034/1034/1034
f 193/193/193 188/188/188 1018/1018/1018
f 193/193/193 1018/1018/1018 1020/1020/1020
f 1020/1020/1020 1018/1018/1018 1016/1016/1016
f 1020/1020/1020 1016/1016/1016 1022/1022/1022
f 1022/1022/1022 1016/1016/1016 1010/1010/1010
f 1022/1022/1022 1010/1010/1010 1024/1024/1024
f 1024/1024/1024 1010/1010/1010 1013/1013/1013
f 1024/1024/1024 1013/1013/1013 1026/1026/1026
f 210/210/210 213/213/213 1036/1036/1036
f 210/210/210 1036/1036/1036 1037/1037/1037
f 1038/1038/1038 1039/1039/1039 1040/1040/1040
f 1038/1038/1038 1040/1040/1040 1041/1041/1041
f 1042/1042/1042 1043/1043/1043 1039/1039/1039
f 1042/1042/1042 1039/1039/1039 1038/1038/1038
f 1044/1044/1044 1045/1045/1045 1043/1043/1043
f 1044/1044/1044 1043/1043/1043 1042/1042/1042
f 222/222/222 223/223/223 1045/1045/1045
f 222/222/222 1045/1045/1045 1044/1044/1044
f 1046/1046/1046 1047/1047/1047 1048/1048/1048
f 1046/1046/1046 1048/1048/1048 1049/1049/1049
f 1050/1050/1050 1051/1051/1051 1047/1047/1047
f 1050/1050/1050 1047/1047/1047 1046/1046/1046
f 1037/1037/1037 1036/1036/1036 1051/1051/1051
f 1037/1037/1037 1051/1051/1051 1050/1050/1050
f 1052/1052/1052 1053/1053/1053 1054/1054/1054
f 1052/1052/1052 1054/1054/1054 1055/1055/1055
f 1055/1055/1055 1054/1054/1054 1056/1056/1056
f 1055/1055/1055 1056/1056/1056 1057/1057/1057
f 1057/1057/1057 1056/1056/1056 1058/1058/1058
f 1057/1057/1057 1058/1058/1058 1059/1059/1059
f 238/238/238 239/239/239 1053/1053/1053
f 238/238/238 1053/1053/1053 1052/1052/1052
f 1060/1060/1060 1061/1061/1061 1062/1062/1062
f 1060/1060/1060 1062/1062/1062 1063/1063/1063
f 1063/1063/1063 1062/1062/1062 1064/1064/1064
f 1063/1063/1063 1064/1064/1064 1065/1065/1065
f 1065/1065/1065 1064/1064/1064 1066/1066/1066
f 1065/1065/1065 1066/1066/1066 1067/1067/1067
f 248/248/248 249/249/249 1061/1061/1061
f 248/248/248 1061/1061/1061 1060/1060/1060
f 250/250/250 253/253/253 1068/1068/1068
f 250/250/250 1068/1068/1068 1069/1069/1069
f 1070/1070/1070 1071/1071/1071 1072/1072/1072
f 1070/1070/1070 1072/1072/1072 1073/1073/1073
f 1074/1074/1074 1075/1075/1075 1071/1071/1071
f 1074/1074/1074 1071/1071/1071 1070/1070/1070
f 1069/1069/1069 1068/1068/1068 1075/1075/1075
f 1069/1069/1069 1075/1075/1075 1074/1074/1074
f 1076/1076/1076 1069/1069/1069 1074/1074/1074
f 1076/1076/1076 1074/1074/1074 1077/1077/1077
f 1077/1077/1077 1074/1074/1074 1070/1070/1070
f 1077/1077/1077 1070/1070/1070 1078/1078/1078
f 1078/1078/1078 1070/1070/1070 1073/1073/1073
f 1078/1078/1078 1073/1073/1073 1079/1079/1079
f 264/264/264 250/250/250 1069/1069/1069
f 264/264/264 1069/1069/1069 1076/1076/1076
f 1080/1080/1080 1037/1037/1037 1050/1050/1050
f 1080/1080/1080 1050/1050/1050 1081/1081/1081
f 1081/1081/1081 1050/1050/1050 1046/1046/1046
f 1081/1081/1081 1046/1046/1046 1082/1082/1082
f 1082/1082/1082 1046/1046/1046 1049/1049/1049
f 1082/1082/1082 1049/1049/1049 1083/1083/1083
f 269/269/269 210/210/210 1037/1037/1037
f 269/269/269 1037/1037/1037 1080/1080/1080
f 1084/1084/1084 1085/1085/1085 1086/1086/1086
f 1084/1084/1084 1086/1086/1086 1087/1087/1087
f 1088/1088/1088 1089/1089/1089 1085/1085/1085
f 1088/1088/1088 1085/1085/1085 1084/1084/1084
f 276/276/276 277/277/277 1089/1089/1089
f 276/276/276 1089/1089/1089 1088/1088/1088
f 1087/1087/1087 1086/1086/1086 1090/1090/1090
f 1087/1087/1087 1090/1090/1090 1091/1091/1091
f 1092/1092/1092 1093/1093/1093 1094/1094/1094
f 1092/1092/1092 1094/1094/1094 1095/1095/1095
f 1096/1096/1096 1097/1097/1097 1093/1093/1093
f 1096/1096/1096 1093/1093/1093 1092/1092/1092
f 1098/1098/1098 1099/1099/1099 1097/1097/1097
f 1098/1098/1098 1097/1097/1097 1096/1096/1096
f 288/288/288 289/289/289 1099/1099/1099
f 288/288/288 1099/1099/1099 1098/1098/1098
f 1093/1093/1093 1100/1100/1100 1101/1101/1101
f 1093/1093/1093 1101/1101/1101 1094/1094/1094
f 289/289/289 293/293/293 1102/1102/1102
f 289/289/289 1102/1102/1102 1099/1099/1099
f 1099/1099/1099 1102/1102/1102 1103/1103/1103
f 1099/1099/1099 1103/1103/1103 1097/1097/1097
f 1097/1097/1097 1103/1103/1103 1100/1100/1100
f 1097/1097/1097 1100/1100/1100 1093/1093/1093
f 1104/1104/1104 969/969/969 970/970/970
f 1104/1104/1104 970/970/970 1105/1105/1105
f 1105/1105/1105 970/970/970 971/971/971
f 1105/1105/1105 971/971/971 1106/1106/1106
f 298/298/298 127/127/127 968/968/968
f 298/298/298 968/968/968 1107/1107/1107
f 1107/1107/1107 968/968/968 969/969/969
f 1107/1107/1107 969/969/969 1104/1104/1104
f 966/966/966 1108/1108/1108 1109/1109/1109
f 966/966/966 1109/1109/1109 961/961/961
f 124/124/124 302/302/302 1108/1108/1108
f 124/124/124 1108/1108/1108 966/966/966
f 962/962/962 1110/1110/1110 1111/1111/1111
f 962/962/962 1111/1111/1111 964/964/964
f 961/961/961 1109/1109/1109 1110/1110/1110
f 961/961/961 1110/1110/1110 962/962/962
f 1109/1109/1109 1112/1112/1112 1113/1113/1113
f 1109/1109/1109 1113/1113/1113 1110/1110/1110
f 1110/1110/1110 1113/1113/1113 1114/1114/1114
f 1110/1110/1110 1114/1114/1114 1111/1111/1111
f 302/302/302 309/309/309 1115/1115/1115
f 302/302/302 1115/1115/1115 1108/1108/1108
f 1108/1108/1108 1115/1115/1115 1112/1112/1112
f 1108/1108/1108 1112/1112/1112 1109/1109/1109
f 310/310/310 313/313/313 1116/1116/1116
f 310/310/310 1116/1116/1116 1117/1117/1117
f 1117/1117/1117 1116/1116/1116 1118/1118/1118
f 1117/1117/1117 1118/1118/1118 1119/1119/1119
f 1119/1119/1119 1118/1118/1118 1120/1120/1120
f 1119/1119/1119 1120/1120/1120 1121/1121/1121
f 1121/1121/1121 1120/1120/1120 1122/1122/1122
f 1121/1121/1121 1122/1122/1122 1123/1123/1123
f 1124/1124/1124 1125/1125/1125 1126/1126/1126
f 1124/1124/1124 1126/1126/1126 1127/1127/1127
f 1127/1127/1127 1126/1126/1126 1128/1128/1128
f 1127/1127/1127 1128/1128/1128 1129/1129/1129
f 326/326/326 329/329/329 1130/1130/1130
f 326/326/326 1130/1130/1130 1131/1131/1131
f 1131/1131/1131 1130/1130/1130 1125/1125/1125
f 1131/1131/1131 1125/1125/1125 1124/1124/1124
f 1132/1132/1132 1133/1133/1133 1134/1134/1134
f 1132/1132/1132 1134/1134/1134 1135/1135/1135
f 334/334/334 335/335/335 1133/1133/1133
f 334/334/334 1133/1133/1133 1132/1132/1132
f 1136/1136/1136 1137/1137/1137 1138/1138/1138
f 1136/1136/1136 1138/1138/1138 1139/1139/1139
f 1135/1135/1135 1134/1134/1134 1137/1137/1137
f 1135/1135/1135 1137/1137/1137 1136/1136/1136
f 1125/1125/1125 947/947/947 948/948/948
f 1125/1125/1125 948/948/948 1126/1126/1126
f 1126/1126/1126 948/948/948 951/951/951
f 1126/1126/1126 951/951/951 1128/1128/1128
f 329/329/329 99/99/99 944/944/944
f 329/329/329 944/944/944 1130/1130/1130
f 1130/1130/1130 944/944/944 947/947/947
f 1130/1130/1130 947/947/947 1125/1125/1125
f 1140/1140/1140 920/920/920 923/923/923
f 1140/1140/1140 923/923/923 1141/1141/1141
f 1142/1142/1142 924/924/924 920/920/920
f 1142/1142/1142 920/920/920 1140/1140/1140
f 1143/1143/1143 926/926/926 924/924/924
f 1143/1143/1143 924/924/924 1142/1142/1142
f 344/344/344 73/73/73 926/926/926
f 344/344/344 926/926/926 1143/1143/1143
f 1144/1144/1144 1145/1145/1145 1146/1146/1146
f 1144/1144/1144 1146/1146/1146 1147/1147/1147
f 1148/1148/1148 1149/1149/1149 1150/1150/1150
f 1148/1148/1148 1150/1150/1150 1151/1151/1151
f 1147/1147/1147 1146/1146/1146 354/354/354
f 1147/1147/1147 354/354/354 353/353/353
f 1151/1151/1151 1150/1150/1150 1145/1145/1145
f 1151/1151/1151 1145/1145/1145 1144/1144/1144
f 355/355/355 358/358/358 1152/1152/1152
f 355/355/355 1152/1152/1152 1153/1153/1153
f 1153/1153/1153 1152/1152/1152 1154/1154/1154
f 1153/1153/1153 1154/1154/1154 1155/1155/1155
f 1155/1155/1155 1154/1154/1154 1156/1156/1156
f 1155/1155/1155 1156/1156/1156 1157/1157/1157
f 1157/1157/1157 1156/1156/1156 1158/1158/1158
f 1157/1157/1157 1158/1158/1158 1159/1159/1159
f 358/358/358 222/222/222 1044/1044/1044
f 358/358/358 1044/1044/1044 1152/1152/1152
f 1152/1152/1152 1044/1044/1044 1042/1042/1042
f 1152/1152/1152 1042/1042/1042 1154/1154/1154
f 1154/1154/1154 1042/1042/1042 1038/1038/1038
f 1154/1154/1154 1038/1038/1038 1156/1156/1156
f 1156/1156/1156 1038/1038/1038 1041/1041/1041
f 1156/1156/1156 1041/1041/1041 1158/1158/1158
f 1160/1160/1160 1161/1161/1161 1162/1162/1162
f 1160/1160/1160 1162/1162/1162 1163/1163/1163
f 369/369/369 372/372/372 1164/1164/1164
f 369/369/369 1164/1164/1164 1165/1165/1165
f 1165/1165/1165 1164/1164/1164 1166/1166/1166
f 1165/1165/1165 1166/1166/1166 1167/1167/1167
f 1167/1167/1167 1166/1166/1166 1161/1161/1161
f 1167/1167/1167 1161/1161/1161 1160/1160/1160
f 1168/1168/1168 1169/1169/1169 1170/1170/1170
f 1168/1168/1168 1170/1170/1170 1171/1171/1171
f 379/379/379 382/382/382 1172/1172/1172
f 379/379/379 1172/1172/1172 1173/1173/1173
f 1173/1173/1173 1172/1172/1172 1174/1174/1174
f 1173/1173/1173 1174/1174/1174 1175/1175/1175
f 1175/1175/1175 1174/1174/1174 1169/1169/1169
f 1175/1175/1175 1169/1169/1169 1168/1168/1168
f 385/385/385 388/388/388 1176/1176/1176
f 385/385/385 1176/1176/1176 1177/1177/1177
f 1177/1177/1177 1176/1176/1176 1178/1178/1178
f 1177/1177/1177 1178/1178/1178 1179/1179/1179
f 1179/1179/1179 1178/1178/1178 1180/1180/1180
f 1179/1179/1179 1180/1180/1180 1181/1181/1181
f 1181/1181/1181 1180/1180/1180 1182/1182/1182
f 1181/1181/1181 1182/1182/1182 1183/1183/1183
f 1184/1184/1184 1185/1185/1185 1186/1186/1186
f 1184/1184/1184 1186/1186/1186 1187/1187/1187
f 1186/1186/1186 1188/1188/1188 1189/1189/1189
f 1186/1186/1186 1189/1189/1189 1187/1187/1187
f 1190/1190/1190 1191/1191/1191 1188/1188/1188
f 1190/1190/1190 1188/1188/1188 1186/1186/1186
f 1187/1187/1187 1189/1189/1189 1192/1192/1192
f 1187/1187/1187 1192/1192/1192 1193/1193/1193
f 1194/1194/1194 1195/1195/1195 1191/1191/1191
f 1194/1194/1194 1191/1191/1191 1190/1190/1190
f 1196/1196/1196 1197/1197/1197 1194/1194/1194
f 1196/1196/1196 1194/1194/1194 1190/1190/1190
f 1198/1198/1198 1199/1199/1199 1200/1200/1200
f 1198/1198/1198 1200/1200/1200 1201/1201/1201
f 1201/1201/1201 1200/1200/1200 1185/1185/1185
f 1201/1201/1201 1185/1185/1185 1184/1184/1184
f 1202/1202/1202 1203/1203/1203 1204/1204/1204
f 1202/1202/1202 1204/1204/1204 27/27/27
f 28/28/28 1205/1205/1205 1206/1206/1206
f 28/28/28 1206/1206/1206 1207/1207/1207
f 1192/1192/1192 1208/1208/1208 1209/1209/1209
f 1192/1192/1192 1209/1209/1209 1193/1193/1193
f 27/27/27 1204/1204/1204 1205/1205/1205
f 27/27/27 1205/1205/1205 28/28/28
f 1210/1210/1210 1211/1211/1211 1212/1212/1212
f 1210/1210/1210 1212/1212/1212 1213/1213/1213
f 1214/1214/1214 1215/1215/1215 1216/1216/1216
f 1214/1214/1214 1216/1216/1216 33/33/33
f 33/33/33 1216/1216/1216 1217/1217/1217
f 33/33/33 1217/1217/1217 34/34/34
f 1213/1213/1213 1212/1212/1212 1218/1218/1218
f 1213/1213/1213 1218/1218/1218 1219/1219/1219
f 1193/1193/1193 1209/1209/1209 1203/1203/1203
f 1193/1193/1193 1203/1203/1203 1202/1202/1202
f 1220/1220/1220 31/31/31 30/30/30
f 1220/1220/1220 30/30/30 1221/1221/1221
f 1222/1222/1222 1223/1223/1223 31/31/31
f 1222/1222/1222 31/31/31 1220/1220/1220
f 1223/1223/1223 1224/1224/1224 32/32/32
f 1223/1223/1223 32/32/32 31/31/31
f 34/34/34 1217/1217/1217 1225/1225/1225
f 34/34/34 1225/1225/1225 1226/1226/1226
f 29/29/29 28/28/28 1227/1227/1227
f 29/29/29 1227/1227/1227 1228/1228/1228
f 28/28/28 1207/1207/1207 1229/1229/1229
f 28/28/28 1229/1229/1229 1227/1227/1227
f 1230/1230/1230 1231/1231/1231 1232/1232/1232
f 1230/1230/1230 1232/1232/1232 1233/1233/1233
f 1234/1234/1234 1235/1235/1235 459/459/459
f 1234/1234/1234 459/459/459 458/458/458
f 1236/1236/1236 900/900/900 903/903/903
f 1236/1236/1236 903/903/903 1237/1237/1237
f 1238/1238/1238 452/452/452 453/453/453
f 1238/1238/1238 453/453/453 1239/1239/1239
f 1240/1240/1240 1241/1241/1241 1242/1242/1242
f 1240/1240/1240 1242/1242/1242 1243/1243/1243
f 457/457/457 456/456/456 451/451/451
f 457/457/457 451/451/451 450/450/450
f 1244/1244/1244 1240/1240/1240 1243/1243/1243
f 1244/1244/1244 1243/1243/1243 1245/1245/1245
f 1246/1246/1246 1247/1247/1247 1248/1248/1248
f 1246/1246/1246 1248/1248/1248 1249/1249/1249
f 1250/1250/1250 1251/1251/1251 1252/1252/1252
f 1250/1250/1250 1252/1252/1252 1253/1253/1253
f 1254/1254/1254 1255/1255/1255 1256/1256/1256
f 1254/1254/1254 1256/1256/1256 1257/1257/1257
f 1258/1258/1258 1259/1259/1259 1260/1260/1260
f 1258/1258/1258 1260/1260/1260 1261/1261/1261
f 1257/1257/1257 1256/1256/1256 1259/1259/1259
f 1257/1257/1257 1259/1259/1259 1258/1258/1258
f 487/487/487 1262/1262/1262 1263/1263/1263
f 487/487/487 1263/1263/1263 488/488/488
f 1264/1264/1264 1265/1265/1265 1266/1266/1266
f 1264/1264/1264 1266/1266/1266 1267/1267/1267
f 477/477/477 476/476/476 1268/1268/1268
f 477/477/477 1268/1268/1268 1269/1269/1269
f 1270/1270/1270 1271/1271/1271 1272/1272/1272
f 1270/1270/1270 1272/1272/1272 1273/1273/1273
f 1274/1274/1274 1275/1275/1275 1272/1272/1272
f 1274/1274/1274 1272/1272/1272 1271/1271/1271
f 35/35/35 34/34/34 1276/1276/1276
f 35/35/35 1276/1276/1276 1277/1277/1277
f 1278/1278/1278 1279/1279/1279 1280/1280/1280
f 1278/1278/1278 1280/1280/1280 1281/1281/1281
f 1282/1282/1282 1283/1283/1283 1279/1279/1279
f 1282/1282/1282 1279/1279/1279 1278/1278/1278
f 1284/1284/1284 923/923/923 922/922/922
f 1284/1284/1284 922/922/922 1285/1285/1285
f 1286/1286/1286 1284/1284/1284 1285/1285/1285
f 1286/1286/1286 1285/1285/1285 1287/1287/1287
f 1288/1288/1288 1286/1286/1286 1287/1287/1287
f 1288/1288/1288 1287/1287/1287 1289/1289/1289
f 510/510/510 1288/1288/1288 1289/1289/1289
f 510/510/510 1289/1289/1289 511/511/511
f 928/928/928 931/931/931 1290/1290/1290
f 928/928/928 1290/1290/1290 1291/1291/1291
f 1292/1292/1292 1293/1293/1293 516/516/516
f 1292/1292/1292 516/516/516 515/515/515
f 1291/1291/1291 1290/1290/1290 1294/1294/1294
f 1291/1291/1291 1294/1294/1294 1295/1295/1295
f 1295/1295/1295 1294/1294/1294 1293/1293/1293
f 1295/1295/1295 1293/1293/1293 1292/1292/1292
f 1296/1296/1296 939/939/939 938/938/938
f 1296/1296/1296 938/938/938 1297/1297/1297
f 1298/1298/1298 1296/1296/1296 1297/1297/1297
f 1298/1298/1298 1297/1297/1297 1299/1299/1299
f 1300/1300/1300 1298/1298/1298 1299/1299/1299
f 1300/1300/1300 1299/1299/1299 1301/1301/1301
f 528/528/528 1300/1300/1300 1301/1301/1301
f 528/528/528 1301/1301/1301 529/529/529
f 1302/1302/1302 1303/1303/1303 1304/1304/1304
f 1302/1302/1302 1304/1304/1304 1305/1305/1305
f 534/534/534 1302/1302/1302 1305/1305/1305
f 534/534/534 1305/1305/1305 535/535/535
f 1306/1306/1306 951/951/951 950/950/950
f 1306/1306/1306 950/950/950 1307/1307/1307
f 1303/1303/1303 1306/1306/1306 1307/1307/1307
f 1303/1303/1303 1307/1307/1307 1304/1304/1304
f 1308/1308/1308 955/955/955 954/954/954
f 1308/1308/1308 954/954/954 1309/1309/1309
f 1310/1310/1310 1308/1308/1308 1309/1309/1309
f 1310/1310/1310 1309/1309/1309 1311/1311/1311
f 1312/1312/1312 1310/1310/1310 1311/1311/1311
f 1312/1312/1312 1311/1311/1311 1313/1313/1313
f 548/548/548 1312/1312/1312 1313/1313/1313
f 548/548/548 1313/1313/1313 549/549/549
f 1314/1314/1314 1315/1315/1315 1316/1316/1316
f 1314/1314/1314 1316/1316/1316 1317/1317/1317
f 1315/1315/1315 965/965/965 964/964/964
f 1315/1315/1315 964/964/964 1316/1316/1316
f 556/556/556 1318/1318/1318 1319/1319/1319
f 556/556/556 1319/1319/1319 557/557/557
f 1318/1318/1318 1314/1314/1314 1317/1317/1317
f 1318/1318/1318 1317/1317/1317 1319/1319/1319
f 1320/1320/1320 1321/1321/1321 1314/1314/1314
f 1320/1320/1320 1314/1314/1314 1318/1318/1318
f 562/562/562 1320/1320/1320 1318/1318/1318
f 562/562/562 1318/1318/1318 556/556/556
f 1322/1322/1322 971/971/971 965/965/965
f 1322/1322/1322 965/965/965 1315/1315/1315
f 1321/1321/1321 1322/1322/1322 1315/1315/1315
f 1321/1321/1321 1315/1315/1315 1314/1314/1314
f 1323/1323/1323 975/975/975 974/974/974
f 1323/1323/1323 974/974/974 1324/1324/1324
f 1325/1325/1325 1323/1323/1323 1324/1324/1324
f 1325/1325/1325 1324/1324/1324 1326/1326/1326
f 1327/1327/1327 1325/1325/1325 1326/1326/1326
f 1327/1327/1327 1326/1326/1326 1328/1328/1328
f 573/573/573 1327/1327/1327 1328/1328/1328
f 573/573/573 1328/1328/1328 574/574/574
f 1329/1329/1329 1330/1330/1330 1331/1331/1331
f 1329/1329/1329 1331/1331/1331 1332/1332/1332
f 1333/1333/1333 987/987/987 986/986/986
f 1333/1333/1333 986/986/986 1334/1334/1334
f 1335/1335/1335 1333/1333/1333 1334/1334/1334
f 1335/1335/1335 1334/1334/1334 1336/1336/1336
f 1337/1337/1337 1335/1335/1335 1336/1336/1336
f 1337/1337/1337 1336/1336/1336 1338/1338/1338
f 587/587/587 1337/1337/1337 1338/1338/1338
f 587/587/587 1338/1338/1338 588/588/588
f 589/589/589 1339/1339/1339 1329/1329/1329
f 589/589/589 1329/1329/1329 590/590/590
f 1339/1339/1339 1340/1340/1340 1330/1330/1330
f 1339/1339/1339 1330/1330/1330 1329/1329/1329
f 1340/1340/1340 1341/1341/1341 1342/1342/1342
f 1340/1340/1340 1342/1342/1342 1330/1330/1330
f 1341/1341/1341 997/997/997 996/996/996
f 1341/1341/1341 996/996/996 1342/1342/1342
f 1343/1343/1343 598/598/598 588/588/588
f 1343/1343/1343 588/588/588 1338/1338/1338
f 1344/1344/1344 1343/1343/1343 1338/1338/1338
f 1344/1344/1344 1338/1338/1338 1336/1336/1336
f 1345/1345/1345 1344/1344/1344 1336/1336/1336
f 1345/1345/1345 1336/1336/1336 1334/1334/1334
f 1001/1001/1001 1345/1345/1345 1334/1334/1334
f 1001/1001/1001 1334/1334/1334 986/986/986
f 1345/1345/1345 1001/1001/1001 1003/1003/1003
f 1345/1345/1345 1003/1003/1003 1346/1346/1346
f 1344/1344/1344 1345/1345/1345 1346/1346/1346
f 1344/1344/1344 1346/1346/1346 1347/1347/1347
f 1343/1343/1343 1344/1344/1344 1347/1347/1347
f 1343/1343/1343 1347/1347/1347 1348/1348/1348
f 598/598/598 1343/1343/1343 1348/1348/1348
f 598/598/598 1348/1348/1348 606/606/606
f 607/607/607 1349/1349/1349 1337/1337/1337
f 607/607/607 1337/1337/1337 587/587/587
f 1349/1349/1349 1350/1350/1350 1335/1335/1335
f 1349/1349/1349 1335/1335/1335 1337/1337/1337
f 1350/1350/1350 1351/1351/1351 1333/1333/1333
f 1350/1350/1350 1333/1333/1333 1335/1335/1335
f 1351/1351/1351 1009/1009/1009 987/987/987
f 1351/1351/1351 987/987/987 1333/1333/1333
f 1346/1346/1346 1003/1003/1003 997/997/997
f 1346/1346/1346 997/997/997 1341/1341/1341
f 1347/1347/1347 1346/1346/1346 1341/1341/1341
f 1347/1347/1347 1341/1341/1341 1340/1340/1340
f 1348/1348/1348 1347/1347/1347 1340/1340/1340
f 1348/1348/1348 1340/1340/1340 1339/1339/1339
f 606/606/606 1348/1348/1348 1339/1339/1339
f 606/606/606 1339/1339/1339 589/589/589
f 1352/1352/1352 1013/1013/1013 1012/1012/1012
f 1352/1352/1352 1012/1012/1012 1353/1353/1353
f 590/590/590 1329/1329/1329 1332/1332/1332
f 590/590/590 1332/1332/1332 616/616/616
f 1342/1342/1342 996/996/996 1015/1015/1015
f 1342/1342/1342 1015/1015/1015 1354/1354/1354
f 1330/1330/1330 1342/1342/1342 1354/1354/1354
f 1330/1330/1330 1354/1354/1354 1331/1331/1331
f 1355/1355/1355 1352/1352/1352 1353/1353/1353
f 1355/1355/1355 1353/1353/1353 1356/1356/1356
f 1357/1357/1357 1355/1355/1355 1356/1356/1356
f 1357/1357/1357 1356/1356/1356 1358/1358/1358
f 623/623/623 1357/1357/1357 1358/1358/1358
f 623/623/623 1358/1358/1358 624/624/624
f 625/625/625 1359/1359/1359 1360/1360/1360
f 625/625/625 1360/1360/1360 626/626/626
f 1359/1359/1359 1361/1361/1361 1362/1362/1362
f 1359/1359/1359 1362/1362/1362 1360/1360/1360
f 1361/1361/1361 1363/1363/1363 1364/1364/1364
f 1361/1361/1361 1364/1364/1364 1362/1362/1362
f 1363/1363/1363 1027/1027/1027 1026/1026/1026
f 1363/1363/1363 1026/1026/1026 1364/1364/1364
f 1365/1365/1365 1031/1031/1031 1030/1030/1030
f 1365/1365/1365 1030/1030/1030 1366/1366/1366
f 1367/1367/1367 1365/1365/1365 1366/1366/1366
f 1367/1367/1367 1366/1366/1366 1368/1368/1368
f 1369/1369/1369 1367/1367/1367 1368/1368/1368
f 1369/1369/1369 1368/1368/1368 1370/1370/1370
f 643/643/643 1369/1369/1369 1370/1370/1370
f 643/643/643 1370/1370/1370 644/644/644
f 626/626/626 1360/1360/1360 1357/1357/1357
f 626/626/626 1357/1357/1357 623/623/623
f 1360/1360/1360 1362/1362/1362 1355/1355/1355
f 1360/1360/1360 1355/1355/1355 1357/1357/1357
f 1362/1362/1362 1364/1364/1364 1352/1352/1352
f 1362/1362/1362 1352/1352/1352 1355/1355/1355
f 1364/1364/1364 1026/1026/1026 1013/1013/1013
f 1364/1364/1364 1013/1013/1013 1352/1352/1352
f 645/645/645 1371/1371/1371 1372/1372/1372
f 645/645/645 1372/1372/1372 646/646/646
f 1373/1373/1373 1041/1041/1041 1040/1040/1040
f 1373/1373/1373 1040/1040/1040 1374/1374/1374
f 1375/1375/1375 1373/1373/1373 1374/1374/1374
f 1375/1375/1375 1374/1374/1374 1376/1376/1376
f 1377/1377/1377 1375/1375/1375 1376/1376/1376
f 1377/1377/1377 1376/1376/1376 1378/1378/1378
f 657/657/657 1377/1377/1377 1378/1378/1378
f 657/657/657 1378/1378/1378 658/658/658
f 1379/1379/1379 1049/1049/1049 1048/1048/1048
f 1379/1379/1379 1048/1048/1048 1380/1380/1380
f 1381/1381/1381 1379/1379/1379 1380/1380/1380
f 1381/1381/1381 1380/1380/1380 1382/1382/1382
f 1371/1371/1371 1381/1381/1381 1382/1382/1382
f 1371/1371/1371 1382/1382/1382 1372/1372/1372
f 1383/1383/1383 1384/1384/1384 1385/1385/1385
f 1383/1383/1383 1385/1385/1385 1386/1386/1386
f 1384/1384/1384 1387/1387/1387 1388/1388/1388
f 1384/1384/1384 1388/1388/1388 1385/1385/1385
f 1387/1387/1387 1059/1059/1059 1058/1058/1058
f 1387/1387/1387 1058/1058/1058 1388/1388/1388
f 673/673/673 1383/1383/1383 1386/1386/1386
f 673/673/673 1386/1386/1386 674/674/674
f 1389/1389/1389 1390/1390/1390 1391/1391/1391
f 1389/1389/1389 1391/1391/1391 1392/1392/1392
f 1390/1390/1390 1393/1393/1393 1394/1394/1394
f 1390/1390/1390 1394/1394/1394 1391/1391/1391
f 1393/1393/1393 1067/1067/1067 1066/1066/1066
f 1393/1393/1393 1066/1066/1066 1394/1394/1394
f 683/683/683 1389/1389/1389 1392/1392/1392
f 683/683/683 1392/1392/1392 684/684/684
f 685/685/685 1395/1395/1395 1396/1396/1396
f 685/685/685 1396/1396/1396 686/686/686
f 1397/1397/1397 1073/1073/1073 1072/1072/1072
f 1397/1397/1397 1072/1072/1072 1398/1398/1398
f 1399/1399/1399 1397/1397/1397 1398/1398/1398
f 1399/1399/1399 1398/1398/1398 1400/1400/1400
f 1395/1395/1395 1399/1399/1399 1400/1400/1400
f 1395/1395/1395 1400/1400/1400 1396/1396/1396
f 1401/1401/1401 1402/1402/1402 1399/1399/1399
f 1401/1401/1401 1399/1399/1399 1395/1395/1395
f 1402/1402/1402 1403/1403/1403 1397/1397/1397
f 1402/1402/1402 1397/1397/1397 1399/1399/1399
f 1403/1403/1403 1079/1079/1079 1073/1073/1073
f 1403/1403/1403 1073/1073/1073 1397/1397/1397
f 699/699/699 1401/1401/1401 1395/1395/1395
f 699/699/699 1395/1395/1395 685/685/685
f 1404/1404/1404 1405/1405/1405 1381/1381/1381
f 1404/1404/1404 1381/1381/1381 1371/1371/1371
f 1405/1405/1405 1406/1406/1406 1379/1379/1379
f 1405/1405/1405 1379/1379/1379 1381/1381/1381
f 1406/1406/1406 1083/1083/1083 1049/1049/1049
f 1406/1406/1406 1049/1049/1049 1379/1379/1379
f 704/704/704 1404/1404/1404 1371/1371/1371
f 704/704/704 1371/1371/1371 645/645/645
f 1407/1407/1407 1408/1408/1408 1409/1409/1409
f 1407/1407/1407 1409/1409/1409 1410/1410/1410
f 1411/1411/1411 1407/1407/1407 1410/1410/1410
f 1411/1411/1411 1410/1410/1410 1412/1412/1412
f 711/711/711 1411/1411/1411 1412/1412/1412
f 711/711/711 1412/1412/1412 712/712/712
f 1408/1408/1408 1091/1091/1091 1090/1090/1090
f 1408/1408/1408 1090/1090/1090 1409/1409/1409
f 1413/1413/1413 1095/1095/1095 1094/1094/1094
f 1413/1413/1413 1094/1094/1094 1414/1414/1414
f 1415/1415/1415 1413/1413/1413 1414/1414/1414
f 1415/1415/1415 1414/1414/1414 1416/1416/1416
f 1417/1417/1417 1415/1415/1415 1416/1416/1416
f 1417/1417/1417 1416/1416/1416 1418/1418/1418
f 723/723/723 1417/1417/1417 1418/1418/1418
f 723/723/723 1418/1418/1418 724/724/724
f 1414/1414/1414 1094/1094/1094 1101/1101/1101
f 1414/1414/1414 1101/1101/1101 1419/1419/1419
f 724/724/724 1418/1418/1418 1420/1420/1420
f 724/724/724 1420/1420/1420 727/727/727
f 1418/1418/1418 1416/1416/1416 1421/1421/1421
f 1418/1418/1418 1421/1421/1421 1420/1420/1420
f 1416/1416/1416 1414/1414/1414 1419/1419/1419
f 1416/1416/1416 1419/1419/1419 1421/1421/1421
f 1422/1422/1422 1423/1423/1423 1322/1322/1322
f 1422/1422/1422 1322/1322/1322 1321/1321/1321
f 1423/1423/1423 1106/1106/1106 971/971/971
f 1423/1423/1423 971/971/971 1322/1322/1322
f 733/733/733 1424/1424/1424 1320/1320/1320
f 733/733/733 1320/1320/1320 562/562/562
f 1424/1424/1424 1422/1422/1422 1321/1321/1321
f 1424/1424/1424 1321/1321/1321 1320/1320/1320
f 1319/1319/1319 1317/1317/1317 1425/1425/1425
f 1319/1319/1319 1425/1425/1425 1426/1426/1426
f 557/557/557 1319/1319/1319 1426/1426/1426
f 557/557/557 1426/1426/1426 737/737/737
f 1316/1316/1316 964/964/964 1111/1111/1111
f 1316/1316/1316 1111/1111/1111 1427/1427/1427
f 1317/1317/1317 1316/1316/1316 1427/1427/1427
f 1317/1317/1317 1427/1427/1427 1425/1425/1425
f 1425/1425/1425 1427/1427/1427 1428/1428/1428
f 1425/1425/1425 1428/1428/1428 1429/1429/1429
f 1427/1427/1427 1111/1111/1111 1114/1114/1114
f 1427/1427/1427 1114/1114/1114 1428/1428/1428
f 737/737/737 1426/1426/1426 1430/1430/1430
f 737/737/737 1430/1430/1430 743/743/743
f 1426/1426/1426 1425/1425/1425 1429/1429/1429
f 1426/1426/1426 1429/1429/1429 1430/1430/1430
f 745/745/745 1431/1431/1431 1432/1432/1432
f 745/745/745 1432/1432/1432 746/746/746
f 1431/1431/1431 1433/1433/1433 1434/1434/1434
f 1431/1431/1431 1434/1434/1434 1432/1432/1432
f 1433/1433/1433 1435/1435/1435 1436/1436/1436
f 1433/1433/1433 1436/1436/1436 1434/1434/1434
f 1435/1435/1435 1123/1123/1123 1122/1122/1122
f 1435/1435/1435 1122/1122/1122 1436/1436/1436
f 1437/1437/1437 1438/1438/1438 1439/1439/1439
f 1437/1437/1437 1439/1439/1439 1440/1440/1440
f 1438/1438/1438 1129/1129/1129 1128/1128/1128
f 1438/1438/1438 1128/1128/1128 1439/1439/1439
f 761/761/761 1441/1441/1441 1442/1442/1442
f 761/761/761 1442/1442/1442 762/762/762
f 1441/1441/1441 1437/1437/1437 1440/1440/1440
f 1441/1441/1441 1440/1440/1440 1442/1442/1442
f 1443/1443/1443 1444/1444/1444 1445/1445/1445
f 1443/1443/1443 1445/1445/1445 1446/1446/1446
f 769/769/769 1443/1443/1443 1446/1446/1446
f 769/769/769 1446/1446/1446 770/770/770
f 1447/1447/1447 1139/1139/1139 1138/1138/1138
f 1447/1447/1447 1138/1138/1138 1448/1448/1448
f 1444/1444/1444 1447/1447/1447 1448/1448/1448
f 1444/1444/1444 1448/1448/1448 1445/1445/1445
f 1440/1440/1440 1439/1439/1439 1306/1306/1306
f 1440/1440/1440 1306/1306/1306 1303/1303/1303
f 1439/1439/1439 1128/1128/1128 951/951/951
f 1439/1439/1439 951/951/951 1306/1306/1306
f 762/762/762 1442/1442/1442 1302/1302/1302
f 762/762/762 1302/1302/1302 534/534/534
f 1442/1442/1442 1440/1440/1440 1303/1303/1303
f 1442/1442/1442 1303/1303/1303 1302/1302/1302
f 1449/1449/1449 1141/1141/1141 923/923/923
f 1449/1449/1449 923/923/923 1284/1284/1284
f 1450/1450/1450 1449/1449/1449 1284/1284/1284
f 1450/1450/1450 1284/1284/1284 1286/1286/1286
f 1451/1451/1451 1450/1450/1450 1286/1286/1286
f 1451/1451/1451 1286/1286/1286 1288/1288/1288
f 779/779/779 1451/1451/1451 1288/1288/1288
f 779/779/779 1288/1288/1288 510/510/510
f 1452/1452/1452 1453/1453/1453 1454/1454/1454
f 1452/1452/1452 1454/1454/1454 1455/1455/1455
f 1148/1148/1148 1456/1456/1456 1457/1457/1457
f 1148/1148/1148 1457/1457/1457 1149/1149/1149
f 1453/1453/1453 787/787/787 786/786/786
f 1453/1453/1453 786/786/786 1454/1454/1454
f 1456/1456/1456 1452/1452/1452 1455/1455/1455
f 1456/1456/1456 1455/1455/1455 1457/1457/1457
f 788/788/788 1458/1458/1458 1459/1459/1459
f 788/788/788 1459/1459/1459 789/789/789
f 1458/1458/1458 1460/1460/1460 1461/1461/1461
f 1458/1458/1458 1461/1461/1461 1459/1459/1459
f 1460/1460/1460 1462/1462/1462 1463/1463/1463
f 1460/1460/1460 1463/1463/1463 1461/1461/1461
f 1462/1462/1462 1159/1159/1159 1158/1158/1158
f 1462/1462/1462 1158/1158/1158 1463/1463/1463
f 789/789/789 1459/1459/1459 1377/1377/1377
f 789/789/789 1377/1377/1377 657/657/657
f 1459/1459/1459 1461/1461/1461 1375/1375/1375
f 1459/1459/1459 1375/1375/1375 1377/1377/1377
f 1461/1461/1461 1463/1463/1463 1373/1373/1373
f 1461/1461/1461 1373/1373/1373 1375/1375/1375
f 1463/1463/1463 1158/1158/1158 1041/1041/1041
f 1463/1463/1463 1041/1041/1041 1373/1373/1373
f 1464/1464/1464 1163/1163/1163 1162/1162/1162
f 1464/1464/1464 1162/1162/1162 1465/1465/1465
f 802/802/802 1466/1466/1466 1467/1467/1467
f 802/802/802 1467/1467/1467 803/803/803
f 1466/1466/1466 1468/1468/1468 1469/1469/1469
f 1466/1466/1466 1469/1469/1469 1467/1467/1467
f 1468/1468/1468 1464/1464/1464 1465/1465/1465
f 1468/1468/1468 1465/1465/1465 1469/1469/1469
f 1470/1470/1470 1171/1171/1171 1170/1170/1170
f 1470/1470/1470 1170/1170/1170 1471/1471/1471
f 812/812/812 1472/1472/1472 1473/1473/1473
f 812/812/812 1473/1473/1473 813/813/813
f 1472/1472/1472 1474/1474/1474 1475/1475/1475
f 1472/1472/1472 1475/1475/1475 1473/1473/1473
f 1474/1474/1474 1470/1470/1470 1471/1471/1471
f 1474/1474/1474 1471/1471/1471 1475/1475/1475
f 818/818/818 1476/1476/1476 1477/1477/1477
f 818/818/818 1477/1477/1477 819/819/819
f 1476/1476/1476 1478/1478/1478 1479/1479/1479
f 1476/1476/1476 1479/1479/1479 1477/1477/1477
f 1478/1478/1478 1480/1480/1480 1481/1481/1481
f 1478/1478/1478 1481/1481/1481 1479/1479/1479
f 1480/1480/1480 1183/1183/1183 1182/1182/1182
f 1480/1480/1480 1182/1182/1182 1481/1481/1481
f 1482/1482/1482 1483/1483/1483 1484/1484/1484
f 1482/1482/1482 1484/1484/1484 1485/1485/1485
f 1484/1484/1484 1483/1483/1483 1189/1189/1189
f 1484/1484/1484 1189/1189/1189 1188/1188/1188
f 1486/1486/1486 1484/1484/1484 1188/1188/1188
f 1486/1486/1486 1188/1188/1188 1191/1191/1191
f 1483/1483/1483 1487/1487/1487 1192/1192/1192
f 1483/1483/1483 1192/1192/1192 1189/1189/1189
f 1488/1488/1488 1486/1486/1486 1191/1191/1191
f 1488/1488/1488 1191/1191/1191 1195/1195/1195
f 1489/1489/1489 1486/1486/1486 1488/1488/1488
f 1489/1489/1489 1488/1488/1488 1490/1490/1490
f 1491/1491/1491 1492/1492/1492 1493/1493/1493
f 1491/1491/1491 1493/1493/1493 1494/1494/1494
f 1492/1492/1492 1482/1482/1482 1485/1485/1485
f 1492/1492/1492 1485/1485/1485 1493/1493/1493
f 1495/1495/1495 39/39/39 1496/1496/1496
f 1495/1495/1495 1496/1496/1496 1497/1497/1497
f 41/41/41 1207/1207/1207 1206/1206/1206
f 41/41/41 1206/1206/1206 1498/1498/1498
f 1192/1192/1192 1487/1487/1487 1499/1499/1499
f 1192/1192/1192 1499/1499/1499 1208/1208/1208
f 39/39/39 41/41/41 1498/1498/1498
f 39/39/39 1498/1498/1498 1496/1496/1496
f 1500/1500/1500 1501/1501/1501 1502/1502/1502
f 1500/1500/1500 1502/1502/1502 1503/1503/1503
f 1504/1504/1504 45/45/45 1505/1505/1505
f 1504/1504/1504 1505/1505/1505 1506/1506/1506
f 45/45/45 47/47/47 1507/1507/1507
f 45/45/45 1507/1507/1507 1505/1505/1505
f 1501/1501/1501 1219/1219/1219 1218/1218/1218
f 1501/1501/1501 1218/1218/1218 1502/1502/1502
f 1487/1487/1487 1495/1495/1495 1497/1497/1497
f 1487/1487/1487 1497/1497/1497 1499/1499/1499
f 1220/1220/1220 1221/1221/1221 42/42/42
f 1220/1220/1220 42/42/42 44/44/44
f 1222/1222/1222 1220/1220/1220 44/44/44
f 1222/1222/1222 44/44/44 1508/1508/1508
f 1508/1508/1508 44/44/44 43/43/43
f 1508/1508/1508 43/43/43 1509/1509/1509
f 47/47/47 1510/1510/1510 1511/1511/1511
f 47/47/47 1511/1511/1511 1507/1507/1507
f 40/40/40 1512/1512/1512 1513/1513/1513
f 40/40/40 1513/1513/1513 41/41/41
f 41/41/41 1513/1513/1513 1229/1229/1229
f 41/41/41 1229/1229/1229 1207/1207/1207
f 1514/1514/1514 1515/1515/1515 1516/1516/1516
f 1514/1514/1514 1516/1516/1516 1517/1517/1517
f 1518/1518/1518 1519/1519/1519 1520/1520/1520
f 1518/1518/1518 1520/1520/1520 1521/1521/1521
f 1521/1521/1521 1520/1520/1520 1517/1517/1517
f 1521/1521/1521 1517/1517/1517 1516/1516/1516
f 1522/1522/1522 1523/1523/1523 1524/1524/1524
f 1522/1522/1522 1524/1524/1524 1525/1525/1525
f 1526/1526/1526 1527/1527/1527 1528/1528/1528
f 1526/1526/1526 1528/1528/1528 1529/1529/1529
f 1530/1530/1530 1531/1531/1531 1532/1532/1532
f 1530/1530/1530 1532/1532/1532 1533/1533/1533
f 1534/1534/1534 880/880/880 883/883/883
f 1534/1534/1534 883/883/883 1535/1535/1535
f 1536/1536/1536 1537/1537/1537 1538/1538/1538
f 1536/1536/1536 1538/1538/1538 1539/1539/1539
f 1540/1540/1540 1541/1541/1541 1542/1542/1542
f 1540/1540/1540 1542/1542/1542 1543/1543/1543
f 1541/1541/1541 1522/1522/1522 1525/1525/1525
f 1541/1541/1541 1525/1525/1525 1542/1542/1542
f 1544/1544/1544 1545/1545/1545 1546/1546/1546
f 1544/1544/1544 1546/1546/1546 1547/1547/1547
f 907/907/907 906/906/906 1548/1548/1548
f 907/907/907 1548/1548/1548 1549/1549/1549
f 879/879/879 878/878/878 1550/1550/1550
f 879/879/879 1550/1550/1550 1551/1551/1551
f 1552/1552/1552 1553/1553/1553 1554/1554/1554
f 1552/1552/1552 1554/1554/1554 1555/1555/1555
f 1556/1556/1556 1557/1557/1557 1558/1558/1558
f 1556/1556/1556 1558/1558/1558 1559/1559/1559
f 1560/1560/1560 1561/1561/1561 1554/1554/1554
f 1560/1560/1560 1554/1554/1554 1553/1553/1553
f 46/46/46 1562/1562/1562 1563/1563/1563
f 46/46/46 1563/1563/1563 47/47/47
f 1564/1564/1564 1281/1281/1281 1280/1280/1280
f 1564/1564/1564 1280/1280/1280 1565/1565/1565
f 1566/1566/1566 1564/1564/1564 1565/1565/1565
f 1566/1566/1566 1565/1565/1565 1567/1567/1567
f 1568/1568/1568 1569/1569/1569 1570/1570/1570
f 1568/1568/1568 1570/1570/1570 1571/1571/1571
f 1572/1572/1572 1568/1568/1568 1571/1571/1571
f 1572/1572/1572 1571/1571/1571 1573/1573/1573
f 1569/1569/1569 1574/1574/1574 1575/1575/1575
f 1569/1569/1569 1575/1575/1575 1570/1570/1570
f 1576/1576/1576 1577/1577/1577 1578/1578/1578
f 1576/1576/1576 1578/1578/1578 1579/1579/1579
f 1580/1580/1580 1572/1572/1572 1573/1573/1573
f 1580/1580/1580 1573/1573/1573 1581/1581/1581
f 1582/1582/1582 1583/1583/1583 1584/1584/1584
f 1582/1582/1582 1584/1584/1584 1585/1585/1585
f 1574/1574/1574 1586/1586/1586 1587/1587/1587
f 1574/1574/1574 1587/1587/1587 1575/1575/1575
f 1588/1588/1588 1580/1580/1580 1581/1581/1581
f 1588/1588/1588 1581/1581/1581 1589/1589/1589
f 1590/1590/1590 1591/1591/1591 1592/1592/1592
f 1590/1590/1590 1592/1592/1592 1593/1593/1593
f 1594/1594/1594 1590/1590/1590 1593/1593/1593
f 1594/1594/1594 1593/1593/1593 1595/1595/1595
f 1591/1591/1591 1596/1596/1596 1597/1597/1597
f 1591/1591/1591 1597/1597/1597 1592/1592/1592
f 1598/1598/1598 1594/1594/1594 1595/1595/1595
f 1598/1598/1598 1595/1595/1595 1599/1599/1599
f 1596/1596/1596 1576/1576/1576 1579/1579/1579
f 1596/1596/1596 1579/1579/1579 1597/1597/1597
f 1583/1583/1583 1598/1598/1598 1599/1599/1599
f 1583/1583/1583 1599/1599/1599 1584/1584/1584
f 1586/1586/1586 1582/1582/1582 1585/1585/1585
f 1586/1586/1586 1585/1585/1585 1587/1587/1587
f 1577/1577/1577 1588/1588/1588 1589/1589/1589
f 1577/1577/1577 1589/1589/1589 1578/1578/1578
f 1600/1600/1600 1601/1601/1601 1602/1602/1602
f 1600/1600/1600 1602/1602/1602 1603/1603/1603
f 1604/1604/1604 1605/1605/1605 1606/1606/1606
f 1604/1604/1604 1606/1606/1606 1607/1607/1607
f 1608/1608/1608 1609/1609/1609 1610/1610/1610
f 1608/1608/1608 1610/1610/1610 1611/1611/1611
f 1612/1612/1612 1613/1613/1613 1614/1614/1614
f 1612/1612/1612 1614/1614/1614 1615/1615/1615
f 1616/1616/1616 1617/1617/1617 1618/1618/1618
f 1616/1616/1616 1618/1618/1618 1619/1619/1619
f 1617/1617/1617 1620/1620/1620 1621/1621/1621
f 1617/1617/1617 1621/1621/1621 1618/1618/1618
f 1622/1622/1622 1616/1616/1616 1619/1619/1619
f 1622/1622/1622 1619/1619/1619 1623/1623/1623
f 1620/1620/1620 1624/1624/1624 1625/1625/1625
f 1620/1620/1620 1625/1625/1625 1621/1621/1621
f 1609/1609/1609 1622/1622/1622 1623/1623/1623
f 1609/1609/1609 1623/1623/1623 1610/1610/1610
f 1601/1601/1601 1608/1608/1608 1611/1611/1611
f 1601/1601/1601 1611/1611/1611 1602/1602/1602
f 1624/1624/1624 1612/1612/1612 1615/1615/1615
f 1624/1624/1624 1615/1615/1615 1625/1625/1625
f 1613/1613/1613 1604/1604/1604 1607/1607/1607
f 1613/1613/1613 1607/1607/1607 1614/1614/1614
f 1626/1626/1626 1627/1627/1627 1628/1628/1628
f 1626/1626/1626 1628/1628/1628 1629/1629/1629
f 1630/1630/1630 1626/1626/1626 1629/1629/1629
f 1630/1630/1630 1629/1629/1629 1631/1631/1631
f 1627/1627/1627 1600/1600/1600 1603/1603/1603
f 1627/1627/1627 1603/1603/1603 1628/1628/1628
f 1605/1605/1605 1630/1630/1630 1631/1631/1631
f 1605/1605/1605 1631/1631/1631 1606/1606/1606
f 1632/1632/1632 1633/1633/1633 1634/1634/1634
f 1632/1632/1632 1634/1634/1634 1635/1635/1635
f 1636/1636/1636 1637/1637/1637 1638/1638/1638
f 1636/1636/1636 1638/1638/1638 1639/1639/1639
f 1640/1640/1640 1636/1636/1636 1639/1639/1639
f 1640/1640/1640 1639/1639/1639 1641/1641/1641
f 1637/1637/1637 1642/1642/1642 1643/1643/1643
f 1637/1637/1637 1643/1643/1643 1638/1638/1638
f 1644/1644/1644 1640/1640/1640 1641/1641/1641
f 1644/1644/1644 1641/1641/1641 1645/1645/1645
f 1642/1642/1642 1646/1646/1646 1647/1647/1647
f 1642/1642/1642 1647/1647/1647 1643/1643/1643
f 1633/1633/1633 1644/1644/1644 1645/1645/1645
f 1633/1633/1633 1645/1645/1645 1634/1634/1634
f 1648/1648/1648 1649/1649/1649 1650/1650/1650
f 1648/1648/1648 1650/1650/1650 1651/1651/1651
f 1652/1652/1652 1632/1632/1632 1635/1635/1635
f 1652/1652/1652 1635/1635/1635 1653/1653/1653
f 1654/1654/1654 1655/1655/1655 1656/1656/1656
f 1654/1654/1654 1656/1656/1656 1657/1657/1657
f 1655/1655/1655 1658/1658/1658 1659/1659/1659
f 1655/1655/1655 1659/1659/1659 1656/1656/1656
f 1660/1660/1660 1654/1654/1654 1657/1657/1657
f 1660/1660/1660 1657/1657/1657 1661/1661/1661
f 1658/1658/1658 1662/1662/1662 1663/1663/1663
f 1658/1658/1658 1663/1663/1663 1659/1659/1659
f 1649/1649/1649 1660/1660/1660 1661/1661/1661
f 1649/1649/1649 1661/1661/1661 1650/1650/1650
f 1646/1646/1646 1648/1648/1648 1651/1651/1651
f 1646/1646/1646 1651/1651/1651 1647/1647/1647
f 1662/1662/1662 1652/1652/1652 1653/1653/1653
f 1662/1662/1662 1653/1653/1653 1663/1663/1663
f 1664/1664/1664 1665/1665/1665 57/57/57
f 1664/1664/1664 57/57/57 56/56/56
f 1666/1666/1666 1667/1667/1667 55/55/55
f 1666/1666/1666 55/55/55 58/58/58
f 1665/1665/1665 1668/1668/1668 59/59/59
f 1665/1665/1665 59/59/59 57/57/57
f 1669/1669/1669 1666/1666/1666 58/58/58
f 1669/1669/1669 58/58/58 52/52/52
f 1670/1670/1670 1671/1671/1671 51/51/51
f 1670/1670/1670 51/51/51 60/60/60
f 1668/1668/1668 1672/1672/1672 53/53/53
f 1668/1668/1668 53/53/53 59/59/59
f 1673/1673/1673 1674/1674/1674 48/48/48
f 1673/1673/1673 48/48/48 54/54/54
f 1675/1675/1675 1676/1676/1676 62/62/62
f 1675/1675/1675 62/62/62 61/61/61
f 1677/1677/1677 1675/1675/1675 61/61/61
f 1677/1677/1677 61/61/61 63/63/63
f 1676/1676/1676 1678/1678/1678 64/64/64
f 1676/1676/1676 64/64/64 62/62/62
f 1679/1679/1679 1677/1677/1677 63/63/63
f 1679/1679/1679 63/63/63 49/49/49
f 1678/1678/1678 1670/1670/1670 60/60/60
f 1678/1678/1678 60/60/60 64/64/64
f 1674/1674/1674 1679/1679/1679 49/49/49
f 1674/1674/1674 49/49/49 48/48/48
f 1671/1671/1671 1669/1669/1669 52/52/52
f 1671/1671/1671 52/52/52 51/51/51
f 1672/1672/1672 1673/1673/1673 54/54/54
f 1672/1672/1672 54/54/54 53/53/53
f 1667/1667/1667 1664/1664/1664 56/56/56
f 1667/1667/1667 56/56/56 55/55/55
f 1307/1307/1307 950/950/950 1680/1680/1680
f 1307/1307/1307 1680/1680/1680 1681/1681/1681
f 1304/1304/1304 1307/1307/1307 1681/1681/1681
f 1304/1304/1304 1681/1681/1681 1682/1682/1682
f 1305/1305/1305 1304/1304/1304 1682/1682/1682
f 1305/1305/1305 1682/1682/1682 1683/1683/1683
f 535/535/535 1305/1305/1305 1683/1683/1683
f 535/535/535 1683/1683/1683 1684/1684/1684
f 949/949/949 1685/1685/1685 1680/1680/1680
f 949/949/949 1680/1680/1680 950/950/950
f 946/946/946 1686/1686/1686 1685/1685/1685
f 946/946/946 1685/1685/1685 949/949/949
f 945/945/945 1687/1687/1687 1686/1686/1686
f 945/945/945 1686/1686/1686 946/946/946
f 100/100/100 1688/1688/1688 1687/1687/1687
f 100/100/100 1687/1687/1687 945/945/945
f 537/537/537 1689/1689/1689 1690/1690/1690
f 537/537/537 1690/1690/1690 538/538/538
f 532/532/532 1691/1691/1691 1689/1689/1689
f 532/532/532 1689/1689/1689 537/537/537
f 531/531/531 1692/1692/1692 1691/1691/1691
f 531/531/531 1691/1691/1691 532/532/532
f 535/535/535 1684/1684/1684 1692/1692/1692
f 535/535/535 1692/1692/1692 531/531/531
f 104/104/104 103/103/103 1693/1693/1693
f 104/104/104 1693/1693/1693 1694/1694/1694
f 97/97/97 104/104/104 1694/1694/1694
f 97/97/97 1694/1694/1694 1695/1695/1695
f 98/98/98 97/97/97 1695/1695/1695
f 98/98/98 1695/1695/1695 1696/1696/1696
f 100/100/100 98/98/98 1696/1696/1696
f 100/100/100 1696/1696/1696 1688/1688/1688
f 1233/1233/1233 1232/1232/1232 492/492/492
f 1233/1233/1233 492/492/492 491/491/491
f 1697/1697/1697 1698/1698/1698 1699/1699/1699
f 1697/1697/1697 1699/1699/1699 1700/1700/1700
f 1701/1701/1701 1702/1702/1702 1703/1703/1703
f 1701/1701/1701 1703/1703/1703 1704/1704/1704
f 1705/1705/1705 895/895/895 1541/1541/1541
f 1705/1705/1705 1541/1541/1541 1706/1706/1706
f 1707/1707/1707 1708/1708/1708 1709/1709/1709
f 1707/1707/1707 1709/1709/1709 1710/1710/1710
f 863/863/863 862/862/862 918/918/918
f 863/863/863 918/918/918 917/917/917
f 1711/1711/1711 1712/1712/1712 1713/1713/1713
f 1711/1711/1711 1713/1713/1713 1714/1714/1714
f 1715/1715/1715 1716/1716/1716 1717/1717/1717
f 1715/1715/1715 1717/1717/1717 1718/1718/1718
f 1719/1719/1719 1720/1720/1720 1721/1721/1721
f 1719/1719/1719 1721/1721/1721 1722/1722/1722
f 1723/1723/1723 1724/1724/1724 1725/1725/1725
f 1723/1723/1723 1725/1725/1725 1726/1726/1726
f 1727/1727/1727 1728/1728/1728 1729/1729/1729
f 1727/1727/1727 1729/1729/1729 1730/1730/1730
f 895/895/895 897/897/897 1522/1522/1522
f 895/895/895 1522/1522/1522 1541/1541/1541
f 1731/1731/1731 1732/1732/1732 1733/1733/1733
f 1731/1731/1731 1733/1733/1733 1734/1734/1734
f 1735/1735/1735 1736/1736/1736 1737/1737/1737
f 1735/1735/1735 1737/1737/1737 1738/1738/1738
f 1739/1739/1739 1740/1740/1740 1741/1741/1741
f 1739/1739/1739 1741/1741/1741 1742/1742/1742
f 1743/1743/1743 1735/1735/1735 1738/1738/1738
f 1743/1743/1743 1738/1738/1738 1744/1744/1744
f 1712/1712/1712 1745/1745/1745 1746/1746/1746
f 1712/1712/1712 1746/1746/1746 1713/1713/1713
f 1747/1747/1747 1748/1748/1748 1749/1749/1749
f 1747/1747/1747 1749/1749/1749 1750/1750/1750
f 1751/1751/1751 1752/1752/1752 1753/1753/1753
f 1751/1751/1751 1753/1753/1753 1754/1754/1754
f 1755/1755/1755 1756/1756/1756 1757/1757/1757
f 1755/1755/1755 1757/1757/1757 1758/1758/1758
f 1759/1759/1759 1755/1755/1755 1758/1758/1758
f 1759/1759/1759 1758/1758/1758 1760/1760/1760
f 1761/1761/1761 1762/1762/1762 1763/1763/1763
f 1761/1761/1761 1763/1763/1763 1764/1764/1764
f 1765/1765/1765 1766/1766/1766 1767/1767/1767
f 1765/1765/1765 1767/1767/1767 1768/1768/1768
f 1258/1258/1258 1261/1261/1261 483/483/483
f 1258/1258/1258 483/483/483 482/482/482
f 1769/1769/1769 1770/1770/1770 1771/1771/1771
f 1769/1769/1769 1771/1771/1771 1772/1772/1772
f 1257/1257/1257 1258/1258/1258 482/482/482
f 1257/1257/1257 482/482/482 467/467/467
f 1773/1773/1773 1257/1257/1257 467/467/467
f 1773/1773/1773 467/467/467 1774/1774/1774
f 1775/1775/1775 1776/1776/1776 1777/1777/1777
f 1775/1775/1775 1777/1777/1777 1778/1778/1778
f 1779/1779/1779 1780/1780/1780 1781/1781/1781
f 1779/1779/1779 1781/1781/1781 1782/1782/1782
f 1783/1783/1783 1784/1784/1784 1785/1785/1785
f 1783/1783/1783 1785/1785/1785 1786/1786/1786
f 1787/1787/1787 1747/1747/1747 1750/1750/1750
f 1787/1787/1787 1750/1750/1750 1788/1788/1788
f 1752/1752/1752 1789/1789/1789 1790/1790/1790
f 1752/1752/1752 1790/1790/1790 1753/1753/1753
f 1791/1791/1791 1792/1792/1792 1793/1793/1793
f 1791/1791/1791 1793/1793/1793 1794/1794/1794
f 897/897/897 899/899/899 1523/1523/1523
f 897/897/897 1523/1523/1523 1522/1522/1522
f 1795/1795/1795 501/501/501 500/500/500
f 1795/1795/1795 500/500/500 1796/1796/1796
