o knight
v 0.15924236 0.0 0.020907126
v 0.14002179 0.0 0.08043446
v 0.0 0.0 0.0023565313
v 0.12571865 0.0 -0.09712756
v 0.15421979 0.0 -0.0414444
v 0.04380099 0.0 0.15657634
v -0.018550681 0.0 0.16159889
v 0.018550681 0.0 -0.15688583
v 0.07807787 0.0 -0.1376652
v 0.099484205 0.0 0.12807512
v 0.049745124 0.5963895 0.062094342
v 0.050611336 0.6197896 0.08798849
v 0.04825229 0.59842044 0.067092195
v 0.05547829 0.53736436 -0.01894013
v 0.052218378 0.5482179 -0.014690497
v 0.054121293 0.5430104 0.007118411
v 0.053881712 0.4842883 -0.1269468
v 0.057040676 0.49700227 -0.13176236
v 0.049585793 0.4998682 -0.1296501
v 0.048382778 0.4952843 -0.11161887
v 0.049150597 0.48880953 -0.10773434
v 0.053881712 0.4842883 -0.1269468
v 0.030769713 0.39288858 -0.10987337
v 0.03269333 0.39419052 -0.12530765
v 0.03793361 0.40006122 -0.11526668
v 0.052512154 0.5479723 -0.01879897
v 0.054999366 0.5396918 -0.022041233
v 0.05286129 0.547753 -0.031138256
v 0.04742283 0.54507387 -0.04218416
v 0.044799548 0.55354893 -0.03895777
v 0.054499038 0.53546995 -0.030238146
v 0.051760387 0.5377845 -0.038535107
v 0.045299876 0.5577707 -0.030760948
v 0.048494425 0.5554608 -0.022410808
v 0.050611336 0.6197896 0.08798849
v 0.050546438 0.6280202 0.09323732
v 0.05227676 0.621941 0.09382092
v 0.050611336 0.6197896 0.08798849
v 0.05227676 0.621941 0.09382092
v 0.04199693 0.61492866 0.08746019
v 0.05564716 0.46353838 -0.14588377
v 0.049974237 0.4660476 -0.14993489
v 0.04611212 0.47187343 -0.1439028
v -0.15924236 0.0 -0.016194062
v -0.15421979 0.0 0.046157405
v -0.099484205 0.0 -0.12336206
v -0.14002179 0.0 -0.07572143
v -0.07807787 0.0 0.14237832
v -0.04380099 0.0 -0.1518632
v -0.12571865 0.0 0.101840615
v -0.04909733 0.53736436 -0.03112241
v -0.053766575 0.5430104 -0.0054497556
v -0.04690157 0.5482179 -0.026237221
v -0.022716345 0.4842883 -0.13586992
v -0.01730068 0.5034256 -0.13981293
v -0.02468369 0.49700227 -0.14128268
v -0.020888096 0.4952843 -0.11968844
v -0.022716345 0.4842883 -0.13586992
v -0.02252817 0.48880953 -0.11608442
v -0.004147753 0.39288858 -0.11394099
v -0.009880221 0.40006122 -0.120836675
v -0.0024720905 0.39419052 -0.12940417
v -0.046243075 0.5479723 -0.030303245
v -0.04374633 0.547753 -0.04239234
v -0.04791827 0.5396918 -0.034030396
v -0.03591463 0.54507387 -0.051892404
v -0.03410313 0.55354893 -0.048149377
v -0.04554713 0.53546995 -0.041892797
v -0.040974647 0.5377845 -0.049338058
v -0.03647427 0.5577707 -0.040287033
v -0.041502886 0.5554608 -0.032894835
v -0.062150937 0.5963895 0.049059227
v -0.061846927 0.59842044 0.054266423
v -0.06894593 0.6197896 0.07406094
v -0.06894593 0.6197896 0.07406094
v -0.06044085 0.61492866 0.075526975
v -0.07190765 0.621941 0.079354316
v -0.06894593 0.6197896 0.07406094
v -0.07190765 0.621941 0.079354316
v -0.0700894 0.6280202 0.07918411
v -0.020081665 0.46353838 -0.15470563
v -0.011257224 0.47187343 -0.1505859
v -0.013629295 0.4660476 -0.15734424
v 0.011538207 0.56264913 0.060746938
v 0.018432287 0.557706 0.052611053
v 0.010015363 0.5683262 0.055874687
v -0.024657173 0.56264913 0.05653045
v -0.02205529 0.5683262 0.052138697
v -0.029496452 0.557706 0.047027685
v -0.01459529 0.24243619 0.12764649
v 0.016760811 0.24219011 0.12101398
v 0.016454708 0.26576573 0.10844651
v -0.013125247 0.26577485 0.11502727
v 0.0450161 0.23087494 -0.12772202
v 0.016735226 0.23062888 -0.14130196
v 0.017091107 0.26591185 -0.14435808
v 0.04322972 0.26592088 -0.1312865
v 0.06428389 0.23157568 -0.096187614
v 0.0450161 0.23087494 -0.12772202
v 0.04322972 0.26592088 -0.1312865
v 0.061785053 0.26594672 -0.10057166
v 0.07481889 0.2379666 -0.048763562
v 0.07227911 0.2659854 -0.056616075
v 0.07445254 0.23920362 0.0029014007
v 0.07247706 0.2656557 -0.0067209527
v 0.06304436 0.24044067 0.053280074
v 0.061253324 0.26570126 0.04237876
v 0.043012235 0.2414894 0.094782144
v 0.041873187 0.26573995 0.08285433
v 0.016454708 0.26576573 0.10844651
v 0.015906233 0.11435946 -0.13418642
v 0.011737313 0.14019433 -0.09839837
v 0.04964278 0.14019434 -0.08620903
v 0.0668574 0.11435946 -0.11771618
v 0.078775674 0.14019434 -0.060678
v 0.10719728 0.11435946 -0.083016455
v 0.09643224 0.14019433 -0.02549028
v 0.13157882 0.11435946 -0.035277374
v 0.0993907 0.14019434 0.013934832
v 0.13591288 0.11435946 0.018189408
v 0.0874166 0.14019433 0.051620405
v 0.11941514 0.11435946 0.06922934
v 0.06234516 0.14019433 0.08183059
v 0.08490915 0.11435946 0.1101085
v 0.027859634 0.14019433 0.09995067
v 0.037517022 0.11435946 0.13458814
v -0.011737313 0.14019433 0.10311144
v -0.015906233 0.11435946 0.13889948
v -0.012675628 0.2892386 0.111167364
v 0.014913256 0.28946647 0.10461335
v 0.013354127 0.3121663 0.10152504
v -0.012237174 0.31169972 0.107402936
v 0.040514793 0.29499927 -0.12951258
v 0.016821288 0.2952272 -0.14204067
v 0.015134228 0.3255988 -0.12755889
v 0.036166538 0.3251321 -0.11624957
v 0.058497228 0.2943502 -0.0996011
v 0.05393498 0.32380328 -0.088951
v 0.06891476 0.29337877 -0.05675683
v 0.064818874 0.32181448 -0.04992561
v 0.069135964 0.29223287 -0.0076242904
v 0.06454417 0.3178299 -3.6038724E-5
v 0.05827626 0.291087 0.040217396
v 0.054654416 0.315484 0.043349903
v 0.039556473 0.2901156 0.07966746
v 0.036955986 0.3134952 0.07904571
v 0.014913256 0.28946647 0.10461335
v 0.027859634 0.14019433 0.09995067
v 0.026733143 0.15380621 0.095578454
v -0.01120954 0.15380621 0.098582625
v -0.011737313 0.14019433 0.10311144
v 0.06234516 0.14019433 0.08183059
v 0.059365764 0.15380621 0.07823765
v 0.0874166 0.14019433 0.051620405
v 0.08309183 0.15380621 0.04935992
v 0.0993907 0.14019434 0.013934832
v 0.09444094 0.15380622 0.013358213
v 0.09643224 0.14019433 -0.02549028
v 0.091715775 0.15380621 -0.024283048
v 0.078775674 0.14019434 -0.060678
v 0.07505498 0.15380622 -0.057865527
v 0.04964278 0.14019434 -0.08620903
v 0.047577277 0.15380622 -0.082208745
v 0.011737313 0.14019433 -0.09839837
v 0.01120954 0.15380621 -0.09386948
v 0.08228773 0.17494482 0.02260634
v 0.07152199 0.17661886 0.063986965
v 0.081495956 0.17327079 -0.020120699
v 0.0686054 0.1718516 -0.057766408
v 0.04634449 0.17097875 -0.08410029
v 0.01155286 0.17058542 -0.0968161
v -0.01120954 0.15380621 0.098582625
v 0.026733143 0.15380621 0.095578454
v 0.023602093 0.17957626 0.112020195
v -0.013262715 0.17990926 0.11620633
v 0.051306114 0.17873658 0.09260906
v 0.04506774 0.0037834116 0.1610364
v 0.04506774 0.048210595 0.1610364
v -0.019087061 0.048210595 0.16620423
v -0.019087061 0.0037834116 0.16620423
v 0.102361254 0.0037834116 0.13171098
v 0.102361254 0.048210595 0.13171098
v 0.14407139 0.0037834116 0.082692444
v 0.14407139 0.048210595 0.082692444
v 0.16384764 0.0037834116 0.021443622
v 0.16384764 0.048210595 0.021443622
v 0.15867993 0.0037834116 -0.04271112
v 0.15867993 0.048210595 -0.04271112
v 0.12935445 0.0037834116 -0.100004636
v 0.12935445 0.048210595 -0.100004636
v 0.08033597 0.0037834116 -0.1417147
v 0.08033597 0.048210595 -0.1417147
v 0.019087061 0.0037834116 -0.16149117
v 0.019087061 0.048210595 -0.16149117
v 0.0447721 0.05254344 0.15999551
v 0.03829205 0.0637032 0.1371802
v -0.016217453 0.06370323 0.14157102
v -0.018961921 0.05254344 0.1651295
v 0.10168973 0.05254344 0.13086244
v 0.086972095 0.06370323 0.1122635
v 0.1431261 0.05254344 0.08216548
v 0.12241129 0.06370323 0.0706146
v 0.16277303 0.05254344 0.021318395
v 0.13921466 0.06370323 0.018574014
v 0.15763904 0.05254344 -0.042415485
v 0.1348236 0.06370323 -0.035935577
v 0.12850592 0.05254344 -0.09933323
v 0.10990708 0.06370323 -0.084615506
v 0.07980889 0.05254344 -0.14076962
v 0.06825813 0.06370323 -0.12005475
v 0.018961921 0.05254344 -0.16041644
v 0.016217453 0.06370323 -0.13685799
v 0.03829205 0.0637032 0.1371802
v 0.0407553 0.06853519 0.14585292
v -0.017260673 0.06853519 0.1505263
v -0.016217453 0.06370323 0.14157102
v 0.086972095 0.06370323 0.1122635
v 0.09256663 0.06853521 0.11933348
v 0.12241129 0.06370323 0.0706146
v 0.13028555 0.06853521 0.07500548
v 0.13921466 0.06370323 0.018574014
v 0.14816983 0.06853519 0.019617233
v 0.1348236 0.06370323 -0.035935577
v 0.1434964 0.06853519 -0.038398772
v 0.10990708 0.06370323 -0.084615506
v 0.11697701 0.06853519 -0.090210095
v 0.06825813 0.06370323 -0.12005475
v 0.07264848 0.06853519 -0.12792914
v 0.016217453 0.06370323 -0.13685799
v 0.017260673 0.06853519 -0.14581324
v 0.042573318 0.075715944 0.15225366
v 0.042998977 0.08835081 0.15376057
v -0.018212013 0.08835081 0.15869178
v -0.018030584 0.075715944 0.15713544
v 0.09669577 0.075715944 0.12455127
v 0.09764432 0.08835081 0.12577724
v 0.1360971 0.075715944 0.07824597
v 0.13743177 0.08835081 0.07900512
v 0.15477897 0.075715944 0.020387175
v 0.15632369 0.08835081 0.020567121
v 0.14989713 0.075715944 -0.04021664
v 0.15135972 0.08835081 -0.04064995
v 0.122187056 0.075715944 -0.09434003
v 0.12331168 0.08835081 -0.09532437
v 0.07588328 0.075715944 -0.13374119
v 0.076615736 0.08835081 -0.13511333
v 0.018030584 0.075715944 -0.15242235
v 0.018212013 0.08835081 -0.15397869
v 0.04162384 0.101355135 0.14899741
v -0.017639348 0.101355135 0.15377621
v 0.09442721 0.101355135 0.12187943
v 0.13288464 0.101355135 0.0765688
v 0.15121202 0.101355165 0.01997166
v 0.1463653 0.101355135 -0.039325137
v 0.11920417 0.101355165 -0.09227996
v 0.07415667 0.101355165 -0.1307967
v 0.017639348 0.101355135 -0.14906316
v 0.018030584 0.075715944 -0.15242235
v 0.07588328 0.075715944 -0.13374119
v 0.122187056 0.075715944 -0.09434003
v 0.14989713 0.075715944 -0.04021664
v 0.15477897 0.075715944 0.020387175
v 0.1360971 0.075715944 0.07824597
v 0.09669577 0.075715944 0.12455127
v 0.042573318 0.075715944 0.15225366
v -0.018030584 0.075715944 0.15713544
v 0.0447721 0.05254344 0.15999551
v -0.018961921 0.05254344 0.1651295
v 0.10168973 0.05254344 0.13086244
v 0.1431261 0.05254344 0.08216548
v 0.16277303 0.05254344 0.021318395
v 0.15763904 0.05254344 -0.042415485
v 0.12850592 0.05254344 -0.09933323
v 0.07980889 0.05254344 -0.14076962
v 0.018961921 0.05254344 -0.16041644
v 0.018550681 0.0 -0.15688583
v 0.019087061 0.0037834116 -0.16149117
v 0.08033597 0.0037834116 -0.1417147
v 0.07807787 0.0 -0.1376652
v 0.12935445 0.0037834116 -0.100004636
v 0.12571865 0.0 -0.09712756
v 0.15867993 0.0037834116 -0.04271112
v 0.15421979 0.0 -0.0414444
v 0.16384764 0.0037834116 0.021443622
v 0.15924236 0.0 0.020907126
v 0.14407139 0.0037834116 0.082692444
v 0.14002179 0.0 0.08043446
v 0.102361254 0.0037834116 0.13171098
v 0.099484205 0.0 0.12807512
v 0.04506774 0.0037834116 0.1610364
v 0.04380099 0.0 0.15657634
v -0.019087061 0.0037834116 0.16620423
v -0.018550681 0.0 0.16159889
v 0.008305276 0.35576847 0.11435418
v 0.03037778 0.3584569 0.09687265
v 0.026112562 0.39218825 0.111366235
v 0.0045557367 0.3910614 0.12660973
v 0.046514984 0.36248043 0.068741344
v 0.041951574 0.39387473 0.08663946
v 0.05456254 0.3672265 0.034278292
v 0.049798857 0.39586404 0.05620981
v 0.05409431 0.37317336 -0.0049232324
v 0.048623055 0.39690968 0.025008388
v 0.04412989 0.3771969 -0.036095202
v 0.03839393 0.40195057 -0.002321234
v 0.025986027 0.37988526 -0.05826156
v 0.020801801 0.4053187 -0.021835323
v 0.008124311 0.3808294 -0.06738397
v 0.0037637278 0.40650153 -0.029952975
v -0.013570447 0.35482448 0.11884741
v -0.014936284 0.3906657 0.13057362
v 0.035511762 0.42755085 0.016003765
v 0.018093387 0.42575592 -0.0027923686
v 0.017484203 0.4335167 0.00243643
v 0.034170583 0.43810663 0.027516967
v 0.0015107479 0.42512566 -0.010611943
v 0.0015323799 0.43394747 -0.010798547
v -0.016269092 0.44168606 0.14201377
v 0.0016670562 0.44105577 0.1382154
v 0.0016642651 0.4895093 0.13823807
v -0.016290957 0.49103412 0.14220218
v 0.022939643 0.43926084 0.1239265
v 0.022991978 0.4851671 0.123477
v 0.03874981 0.43657455 0.100674585
v 0.038884487 0.4786686 0.09951861
v 0.046691064 0.43340585 0.071999684
v 0.046922736 0.47100317 0.070010245
v 0.045553874 0.43023714 0.04226723
v 0.0445923 0.4519613 0.05052142
v 0.0445923 0.4519613 0.05052142
v 0.023851441 0.5287021 0.116098285
v 0.03929759 0.51572716 0.095972545
v 0.041259352 0.539214 0.079132184
v 0.026259799 0.55866545 0.09542529
v -0.015028395 0.5404162 0.1313633
v 0.002822156 0.53737175 0.12829842
v 0.0055289418 0.5716625 0.105064474
v -0.012216938 0.5762264 0.10723011
v 0.046809226 0.50042224 0.07098513
v 0.047495402 0.52302414 0.065095425
v 0.049745124 0.5963895 0.062094342
v 0.043846115 0.60821354 0.06439971
v -0.039623696 0.569417 0.073899925
v -0.03877912 0.57097673 0.066523366
v -0.046627797 0.5629597 0.05111118
v -0.053242758 0.5526764 0.057621237
v -0.008018943 0.59351665 0.071192555
v 0.00463296 0.58887666 0.07240842
v 0.013245735 0.59498936 0.03076871
v -0.003343184 0.59770435 0.031054897
v 0.03911337 0.5526764 0.06838005
v 0.049331326 0.53803736 0.049335092
v 0.051267736 0.54687625 0.032711893
v 0.046292152 0.56622005 0.03593017
v 0.003667896 0.5784716 -0.029128693
v 0.02217415 0.5776407 -0.025751695
v 0.024124283 0.5702227 -0.049710773
v 0.0064991233 0.57094467 -0.05343333
v 0.039719295 0.5687201 -0.027440354
v 0.040932313 0.5625547 -0.045147855
v 0.033311117 0.5827663 0.034894627
v 0.03635192 0.5794027 0.008759561
v 0.017305564 0.5898428 0.0039702053
v 0.049265966 0.5627392 0.009830314
v 1.5002808E-4 0.5935089 0.0010690518
v 0.05047177 0.44470614 -0.14794861
v 0.050315 0.45013624 -0.14660153
v 0.05456789 0.45468605 -0.13662003
v 0.053793557 0.44944867 -0.13641116
v 0.033561632 0.42611247 -0.16041063
v 0.033160392 0.4360983 -0.16020687
v 0.050368965 0.43950644 -0.14643714
v 0.05085882 0.43154392 -0.14765538
v 0.050368965 0.43950644 -0.14643714
v 0.05370354 0.44843733 -0.12890385
v 0.050751127 0.45825252 -0.15034635
v 0.054798864 0.45914567 -0.13860218
v 0.024124283 0.5702227 -0.049710773
v 0.040932313 0.5625547 -0.045147855
v 0.04082834 0.54060864 -0.059436925
v 0.022048546 0.5487146 -0.06674838
v 0.0064991233 0.57094467 -0.05343333
v 0.0084308805 0.54919624 -0.070015706
v 0.011136038 0.3338029 0.105474904
v -0.012616315 0.3330976 0.11065826
v 0.012086681 0.35140473 -0.10139818
v 0.031023249 0.35069934 -0.0912418
v 0.04915967 0.34869075 -0.06648833
v 0.06054366 0.3456846 -0.031277902
v 0.059501138 0.34236372 0.01461464
v 0.050610635 0.33881775 0.053548265
v 0.033848196 0.3358116 0.08547994
v 0.013058025 0.22118764 0.15259157
v 0.043556526 0.21897638 0.124907956
v 0.06677901 0.215667 0.08086431
v 0.07941649 0.21176332 0.02719243
v 0.07984797 0.20785965 -0.027901342
v 0.06677948 0.20380986 -0.07649986
v 0.043576065 0.20159861 -0.11043932
v 0.01480812 0.20082213 -0.1247595
v -0.018352738 0.22196414 0.1599013
v 0.022117164 0.569417 0.08109231
v 0.017484203 0.4335167 0.00243643
v 0.0015323799 0.43394747 -0.010798547
v 0.002864257 0.43637455 -0.02223095
v 0.020123534 0.43594375 -0.02022037
v 0.034170583 0.43810663 0.027516967
v 0.039469015 0.44053367 -0.01796675
v 0.025566414 0.42751068 -0.066676736
v 0.008276433 0.42794147 -0.068690896
v 0.010925999 0.42084152 -0.09143544
v 0.028488588 0.42041072 -0.08938954
v 0.044832576 0.43210062 -0.06443237
v 0.0394946 0.4242466 -0.08810741
v 0.04238654 0.43797603 -0.043221768
v 0.023080599 0.4333861 -0.045470763
v 0.0058059706 0.43381688 -0.047483146
v 0.040720645 0.6212263 0.10158144
v 0.04971605 0.6200125 0.10487578
v 0.050546438 0.6280202 0.09323732
v 0.041802242 0.62575483 0.09229633
v 0.030469656 0.6120115 0.06302632
v 0.025821345 0.6043636 0.09097876
v 0.040720645 0.6212263 0.10158144
v 0.041802242 0.62575483 0.09229633
v 0.025821345 0.6043636 0.09097876
v 0.03785662 0.59635 0.09314399
v 0.04971605 0.6200125 0.10487578
v 0.040720645 0.6212263 0.10158144
v 0.050546438 0.6280202 0.09323732
v 0.04971605 0.6200125 0.10487578
v 0.05048061 0.6140324 0.09676583
v 0.05227676 0.621941 0.09382092
v 0.030469656 0.6120115 0.06302632
v 0.041802242 0.62575483 0.09229633
v 0.050546438 0.6280202 0.09323732
v 0.053978477 0.4429475 -0.12860955
v 0.053158324 0.45727748 -0.109929025
v 0.052961543 0.45099792 -0.107510574
v 0.033089448 0.44848228 -0.16024147
v 0.03341742 0.45790178 -0.16273542
v 0.050751127 0.45825252 -0.15034635
v 0.050315 0.45013624 -0.14660153
v 0.033337172 0.44211748 -0.1623661
v 0.05047177 0.44470614 -0.14794861
v 0.033089448 0.44848228 -0.16024147
v 0.050315 0.45013624 -0.14660153
v 0.019609252 0.43937787 -0.1659743
v 0.019271282 0.4466773 -0.16307211
v 0.019283377 0.43253922 -0.16317613
v 0.019609252 0.43937787 -0.1659743
v 0.019271282 0.4466773 -0.16307211
v 0.019525748 0.4573594 -0.16525659
v 0.019429917 0.42457664 -0.16443437
v 0.019549938 0.46657535 -0.16546465
v 0.033441607 0.46711773 -0.16294348
v 0.032984313 0.47342244 -0.15901682
v 0.019092644 0.47288007 -0.16153793
v 0.01880631 0.4798514 -0.15908009
v 0.03269798 0.48039377 -0.15655895
v 0.018507883 0.49045303 -0.15651861
v 0.031604752 0.4900113 -0.1543831
v 0.033441607 0.46711773 -0.16294348
v 0.019549938 0.46657535 -0.16546465
v 0.017541656 0.5012649 -0.1482257
v 0.029656015 0.5009612 -0.14614627
v 0.01607487 0.5088113 -0.13563284
v 0.028333908 0.50850755 -0.13353652
v 0.013459961 0.52098346 -0.113186434
v 0.02613815 0.5206094 -0.11105289
v 0.02503957 0.535144 -0.088811524
v 0.010952283 0.5362722 -0.09165935
v 0.047886174 0.5002903 -0.09173387
v 0.0482381 0.48884413 -0.08902083
v 0.050234288 0.47709286 -0.11093874
v 0.053832866 0.46794176 -0.13031045
v 0.04864213 0.50206625 -0.06647903
v 0.054111525 0.5146925 -0.041495252
v 0.056320775 0.50125617 -0.033783022
v 0.05221512 0.4882276 -0.062015023
v 0.054822586 0.5318307 -0.029684117
v 0.06025942 0.51169163 -0.019705128
v 0.056946937 0.5292381 0.02340018
v 0.05892568 0.5194197 -9.2071015E-4
v 0.05617284 0.4443623 -0.017854897
v 0.05176341 0.4431466 0.027346529
v 0.0445923 0.4519613 0.05052142
v 0.056083523 0.4563893 0.049599618
v 0.056598734 0.47464332 0.058813844
v 0.05754077 0.49906224 0.054550894
v 0.046922736 0.47100317 0.070010245
v 0.056598734 0.47464332 0.058813844
v 0.056525465 0.51676375 0.045076128
v 0.0207069 0.58293325 -0.009547994
v 0.03833764 0.57312644 -0.01193187
v 0.0017600969 0.5838185 -0.0127522275
v 0.04276475 0.5610609 -0.030369304
v 0.042109046 0.55552727 -0.041113146
v 0.040932313 0.5625547 -0.045147855
v 0.039719295 0.5687201 -0.027440354
v 0.046952277 0.5580333 -0.01942461
v 0.028488588 0.42041072 -0.08938954
v 0.010925999 0.42084152 -0.09143544
v 0.011885713 0.40274474 -0.099674046
v 0.02936573 0.40231398 -0.097637765
v 0.052940376 0.52847713 -0.05035781
v 0.045547597 0.5444189 -0.045342047
v 0.051232845 0.5348645 -0.040559117
v 0.054343194 0.4747025 -0.08768416
v 0.055968616 0.46599331 -0.108767405
v 0.04788059 0.51468164 -0.072266854
v 0.039510883 0.52744365 -0.08416234
v 0.042780332 0.5137417 -0.10653987
v 0.042780332 0.5137417 -0.10653987
v 0.013310864 0.39331934 -0.111907184
v 0.030769713 0.39288858 -0.10987337
v 0.030769713 0.39288858 -0.10987337
v 0.013310864 0.39331934 -0.111907184
v 0.015110503 0.3946213 -0.12735592
v 0.03269333 0.39419052 -0.12530765
v 0.052961543 0.45099792 -0.107510574
v 0.053590264 0.44894302 -0.0887197
v 0.059449036 0.44576913 -0.090347566
v 0.057617065 0.44679987 -0.10724692
v 0.051365662 0.44364652 -0.080383725
v 0.05137264 0.42892495 -0.08390043
v 0.058502577 0.42842886 -0.08783171
v 0.059662096 0.44123012 -0.083772875
v 0.0580932 0.4386064 -0.12524752
v 0.053590264 0.44894302 -0.0887197
v 0.051365662 0.44364652 -0.080383725
v 0.059662096 0.44123012 -0.083772875
v 0.059449036 0.44576913 -0.090347566
v 0.035638765 0.39125353 -0.13277818
v 0.016348874 0.39054975 -0.1379859
v 0.016607992 0.39268973 -0.1402099
v 0.039739065 0.39348015 -0.13477468
v 0.047011357 0.39818949 -0.12203687
v 0.035638765 0.39125353 -0.13277818
v 0.039739065 0.39348015 -0.13477468
v 0.049787227 0.39936593 -0.12198163
v 0.04803155 0.41104522 -0.10247929
v 0.050665762 0.41185573 -0.10299383
v 0.04048409 0.39908347 -0.13529511
v 0.016641486 0.39849004 -0.14049771
v 0.016347013 0.40372714 -0.13797015
v 0.036444962 0.40424865 -0.13343488
v 0.055077054 0.4270743 -0.14454485
v 0.038137604 0.41968966 -0.1604754
v 0.01950086 0.41821972 -0.16504288
v 0.05929203 0.43791693 -0.09896427
v 0.0594288 0.4352063 -0.09503693
v 0.055812076 0.43338242 -0.09952504
v 0.05572927 0.43536037 -0.10238895
v 0.037989203 0.41451156 -0.15664725
v 0.05478258 0.4208768 -0.14031371
v 0.05139753 0.4182227 -0.1387361
v 0.034064516 0.41279125 -0.15149552
v 0.048090164 0.4640183 -0.15499513
v 0.04969977 0.41638047 -0.108124964
v 0.04522684 0.41891554 -0.11102836
v 0.055514343 0.4284514 -0.100458644
v 0.058786586 0.4282895 -0.0965025
v 0.019049147 0.41292682 -0.16116631
v 0.018412052 0.41125545 -0.15569642
v 0.04969977 0.41638047 -0.108124964
v 0.049255963 0.40590575 -0.124015175
v 0.044726048 0.40938863 -0.12549205
v 0.04522684 0.41891554 -0.11102836
v 0.0594288 0.4352063 -0.09503693
v 0.055812076 0.43338242 -0.09952504
v 0.05809413 0.43908033 -0.10816924
v 0.054826308 0.4362093 -0.109109126
v 0.058502577 0.42842886 -0.08783171
v 0.05137264 0.42892495 -0.08390043
v 0.05478258 0.4208768 -0.14031371
v 0.058380697 0.43273693 -0.12150898
v 0.05503565 0.4314841 -0.11872834
v 0.05139753 0.4182227 -0.1387361
v 0.058380697 0.43273693 -0.12150898
v 0.05478258 0.4208768 -0.14031371
v 0.055077054 0.4270743 -0.14454485
v 0.0580932 0.4386064 -0.12524752
v 0.05478258 0.4208768 -0.14031371
v 0.037989203 0.41451156 -0.15664725
v 0.038137604 0.41968966 -0.1604754
v 0.055077054 0.4270743 -0.14454485
v 0.037989203 0.41451156 -0.15664725
v 0.019049147 0.41292682 -0.16116631
v 0.01950086 0.41821972 -0.16504288
v 0.038137604 0.41968966 -0.1604754
v 0.04969977 0.41638047 -0.108124964
v 0.058786586 0.4282895 -0.0965025
v 0.058502577 0.42842886 -0.08783171
v 0.050665762 0.41185573 -0.10299383
v 0.049255963 0.40590575 -0.124015175
v 0.049787227 0.39936593 -0.12198163
v 0.04048409 0.39908347 -0.13529511
v 0.049255963 0.40590575 -0.124015175
v 0.049787227 0.39936593 -0.12198163
v 0.039739065 0.39348015 -0.13477468
v 0.016641486 0.39849004 -0.14049771
v 0.04048409 0.39908347 -0.13529511
v 0.039739065 0.39348015 -0.13477468
v 0.016607992 0.39268973 -0.1402099
v 0.0594288 0.4352063 -0.09503693
v 0.059662096 0.44123012 -0.083772875
v 0.05929203 0.43791693 -0.09896427
v 0.05809413 0.43908033 -0.10816924
v 0.057617065 0.44679987 -0.10724692
v 0.059449036 0.44576913 -0.090347566
v 0.05809413 0.43908033 -0.10816924
v 0.054826308 0.4362093 -0.109109126
v 0.057040676 0.49700227 -0.13176236
v 0.05514195 0.49583596 -0.14154772
v 0.047618914 0.5022593 -0.14181447
v 0.049585793 0.4998682 -0.1296501
v 0.05514195 0.49583596 -0.14154772
v 0.0544895 0.49002665 -0.13867429
v 0.051931813 0.48176014 -0.14230546
v 0.049871195 0.48147908 -0.147699
v 0.053881712 0.4842883 -0.1269468
v 0.055072635 0.48422626 -0.13069622
v 0.055434562 0.49060723 -0.1338032
v 0.057040676 0.49700227 -0.13176236
v 0.054798864 0.45914567 -0.13860218
v 0.055022623 0.46407652 -0.14052367
v 0.055557378 0.47008815 -0.13485712
v 0.053832866 0.46794176 -0.13031045
v 0.04961231 0.4717274 -0.14813903
v 0.0475168 0.47189626 -0.15385276
v 0.049974237 0.4660476 -0.14993489
v 0.048090164 0.4640183 -0.15499513
v 0.050751127 0.45825252 -0.15034635
v 0.05564716 0.46353838 -0.14588377
v 0.05564716 0.46353838 -0.14588377
v 0.050751127 0.45825252 -0.15034635
v 0.049871195 0.48147908 -0.147699
v 0.043413475 0.49074098 -0.14964515
v 0.047618914 0.5022593 -0.14181447
v 0.05514195 0.49583596 -0.14154772
v 0.0475168 0.47189626 -0.15385276
v 0.048090164 0.4640183 -0.15499513
v 0.049585793 0.4998682 -0.1296501
v 0.053033184 0.46065277 -0.12344489
v 0.03425711 0.43536037 -0.10489029
v 0.03413453 0.43338242 -0.102050334
v 0.0124567505 0.43338242 -0.104575604
v 0.012784951 0.43536037 -0.107391626
v 0.034844663 0.4314841 -0.121080466
v 0.0341857 0.4362093 -0.11151362
v 0.013545093 0.4362093 -0.11391808
v 0.014653441 0.4314841 -0.1234326
v 0.03413453 0.43338242 -0.102050334
v 0.034037303 0.4284514 -0.102960594
v 0.012560258 0.4284514 -0.105462514
v 0.0124567505 0.43338242 -0.104575604
v 0.0341857 0.4362093 -0.11151362
v 0.013545093 0.4362093 -0.11391808
v 0.034037303 0.4284514 -0.102960594
v 0.029432021 0.41891554 -0.112868324
v 0.013637204 0.41891554 -0.11470829
v 0.012560258 0.4284514 -0.105462514
v 0.055514343 0.4284514 -0.100458644
v 0.04522684 0.41891554 -0.11102836
v 0.054826308 0.4362093 -0.109109126
v 0.05572927 0.43536037 -0.10238895
v 0.055812076 0.43338242 -0.09952504
v 0.055514343 0.4284514 -0.100458644
v 0.05503565 0.4314841 -0.11872834
v 0.054826308 0.4362093 -0.109109126
v 0.055812076 0.43338242 -0.09952504
v 0.044726048 0.40938863 -0.12549205
v 0.034064516 0.41279125 -0.15149552
v 0.018412052 0.41125545 -0.15569642
v 0.05139753 0.4182227 -0.1387361
v 0.016348874 0.39054975 -0.1379859
v 0.03900637 0.40863842 -0.09881572
v 0.02936573 0.40231398 -0.097637765
v 0.0394946 0.4242466 -0.08810741
v 0.05137264 0.42892495 -0.08390043
v 0.05347117 0.43831515 -0.07029556
v 0.053509086 0.44887 -0.06973795
v 0.05347117 0.43831515 -0.07029556
v 0.05137264 0.42892495 -0.08390043
v 0.051365662 0.44364652 -0.080383725
v 0.05522499 0.46005484 -0.08446763
v 0.053590264 0.44894302 -0.0887197
v 0.05547829 0.53736436 -0.01894013
v 0.054822586 0.5318307 -0.029684117
v 0.052387714 0.53345466 -0.029648937
v 0.052932933 0.53805715 -0.020712903
v 0.045547597 0.5444189 -0.045342047
v 0.04181364 0.55316365 -0.039154757
v 0.04467348 0.54392457 -0.042672012
v 0.051232845 0.5348645 -0.040559117
v 0.04940204 0.53597796 -0.038693916
v 0.046952277 0.5580333 -0.01942461
v 0.045841835 0.555248 -0.021115856
v 0.04235909 0.55776614 -0.03021881
v 0.052218378 0.5482179 -0.014690497
v 0.050221726 0.54708433 -0.017178345
v 0.04181364 0.55316365 -0.039154757
v 0.04235909 0.55776614 -0.03021881
v 0.045299876 0.5577707 -0.030760948
v 0.044799548 0.55354893 -0.03895777
v 0.04940204 0.53597796 -0.038693916
v 0.04467348 0.54392457 -0.042672012
v 0.04742283 0.54507387 -0.04218416
v 0.051760387 0.5377845 -0.038535107
v 0.045841835 0.555248 -0.021115856
v 0.050221726 0.54708433 -0.017178345
v 0.052512154 0.5479723 -0.01879897
v 0.048494425 0.5554608 -0.022410808
v 0.050221726 0.54708433 -0.017178345
v 0.052932933 0.53805715 -0.020712903
v 0.054999366 0.5396918 -0.022041233
v 0.052512154 0.5479723 -0.01879897
v 0.04467348 0.54392457 -0.042672012
v 0.04181364 0.55316365 -0.039154757
v 0.044799548 0.55354893 -0.03895777
v 0.04742283 0.54507387 -0.04218416
v 0.052387714 0.53345466 -0.029648937
v 0.04940204 0.53597796 -0.038693916
v 0.051760387 0.5377845 -0.038535107
v 0.054499038 0.53546995 -0.030238146
v 0.04235909 0.55776614 -0.03021881
v 0.045841835 0.555248 -0.021115856
v 0.048494425 0.5554608 -0.022410808
v 0.045299876 0.5577707 -0.030760948
v 0.052932933 0.53805715 -0.020712903
v 0.052387714 0.53345466 -0.029648937
v 0.054499038 0.53546995 -0.030238146
v 0.054999366 0.5396918 -0.022041233
v 0.056083523 0.4563893 0.049599618
v 0.05176341 0.4431466 0.027346529
v 0.05334929 0.4623784 0.013731334
v 0.058109947 0.47559506 0.032205287
v 0.056598734 0.47464332 0.058813844
v 0.0596614 0.5019099 0.018156407
v 0.057290025 0.45352066 -0.020096857
v 0.05617284 0.4443623 -0.017854897
v 0.05609771 0.45194936 -0.050909195
v 0.055057514 0.4429976 -0.04609748
v 0.055057514 0.4429976 -0.04609748
v 0.04885077 0.4737518 -0.0593035
v 0.049047787 0.48683807 -0.031440698
v 0.056320775 0.50125617 -0.033783022
v 0.05411385 0.4950979 -0.00457497
v 0.05227676 0.621941 0.09382092
v 0.05048061 0.6140324 0.09676583
v 0.04286686 0.61266506 0.09083885
v 0.04199693 0.61492866 0.08746019
v 0.04825229 0.59842044 0.067092195
v 0.050611336 0.6197896 0.08798849
v 0.04199693 0.61492866 0.08746019
v 0.04066668 0.59891987 0.06981172
v 0.031638246 0.58172923 0.05225488
v 0.021737557 0.5819051 0.066937864
v 0.010015363 0.5683262 0.055874687
v 0.016554726 0.5692938 0.04417433
v 0.022117164 0.569417 0.08109231
v 0.03911337 0.5526764 0.06838005
v 0.03416616 0.5629597 0.060523115
v 0.022984767 0.57097673 0.07371838
v 0.046292152 0.56622005 0.03593017
v 0.03669943 0.5685511 0.04561794
v 0.03508773 0.5970092 0.08163154
v 0.04066668 0.59891987 0.06981172
v 0.04199693 0.61492866 0.08746019
v 0.04286686 0.61266506 0.09083885
v 0.03416616 0.5629597 0.060523115
v 0.03669943 0.5685511 0.04561794
v 0.020267747 0.56224453 0.041073196
v 0.018432287 0.557706 0.052611053
v -0.04226698 0.58172923 0.043645453
v -0.025729932 0.5692938 0.039248496
v -0.02205529 0.5683262 0.052138697
v -0.036006507 0.5819051 0.06021108
v 0.038975436 0.5955521 0.08849039
v 0.022984767 0.57097673 0.07371838
v 0.021737557 0.5819051 0.066937864
v 0.03508773 0.5970092 0.08163154
v -0.061846927 0.59842044 0.054266423
v -0.05508938 0.59891987 0.058656838
v -0.06044085 0.61492866 0.075526975
v -0.06894593 0.6197896 0.07406094
v -0.07190765 0.621941 0.079354316
v -0.06044085 0.61492866 0.075526975
v -0.062064175 0.61266506 0.078615166
v -0.07083628 0.6140324 0.08263324
v -0.05693973 0.60821354 0.052658852
v -0.0700894 0.6280202 0.07918411
v -0.061363112 0.62575483 0.08027833
v -0.043605838 0.6120115 0.054397028
v -0.0700894 0.6280202 0.07918411
v -0.07190765 0.621941 0.079354316
v -0.07083628 0.6140324 0.08263324
v -0.07195649 0.6200125 0.09070185
v -0.04550712 0.6043636 0.08266953
v -0.062444713 0.6212263 0.08956344
v -0.07195649 0.6200125 0.09070185
v -0.057718012 0.59635 0.08201022
v 0.03785662 0.59635 0.09314399
v 0.022117164 0.569417 0.08109231
v 0.022984767 0.57097673 0.07371838
v 0.038975436 0.5955521 0.08849039
v -0.043605838 0.6120115 0.054397028
v -0.061363112 0.62575483 0.08027833
v -0.062444713 0.6212263 0.08956344
v -0.04550712 0.6043636 0.08266953
v -0.019037982 0.20836641 0.16578206
v 0.012618873 0.20750459 0.15839103
v -0.018352738 0.22196414 0.1599013
v 0.043512795 0.18658434 -0.10693846
v 0.014417582 0.18572251 -0.1214067
v 0.06696928 0.18903862 -0.07265632
v 0.08017942 0.19271174 -0.023899866
v 0.07964375 0.19704446 0.031734705
v 0.06690019 0.20137717 0.08594712
v 0.043416265 0.20505029 0.13042904
v 0.06690019 0.20137717 0.08594712
v 0.043416265 0.20505029 0.13042904
v 0.012618873 0.20750459 0.15839103
v -0.019037982 0.20836641 0.16578206
v 0.04634449 0.17097875 -0.08410029
v 0.01155286 0.17058542 -0.0968161
v 0.014417582 0.18572251 -0.1214067
v 0.043512795 0.18658434 -0.10693846
v 0.0686054 0.1718516 -0.057766408
v 0.04634449 0.17097875 -0.08410029
v 0.043512795 0.18658434 -0.10693846
v 0.06696928 0.18903862 -0.07265632
v 0.06696928 0.18903862 -0.07265632
v 0.08017942 0.19271174 -0.023899866
v 0.07964375 0.19704446 0.031734705
v 0.04961231 0.4717274 -0.14813903
v 0.051931813 0.48176014 -0.14230546
v 0.047125332 0.4800065 -0.13995366
v 0.045924876 0.47481337 -0.14297323
v 0.055557378 0.47008815 -0.13485712
v 0.055022623 0.46407652 -0.14052367
v 0.048725165 0.47085318 -0.13903138
v 0.049001962 0.4739649 -0.13609834
v 0.055434562 0.49060723 -0.1338032
v 0.055072635 0.48422626 -0.13069622
v 0.048750985 0.48128298 -0.13394456
v 0.048938464 0.48458585 -0.13555276
v 0.049974237 0.4660476 -0.14993489
v 0.04611212 0.47187343 -0.1439028
v 0.0544895 0.49002665 -0.13867429
v 0.055434562 0.49060723 -0.1338032
v 0.048938464 0.48458585 -0.13555276
v 0.0484493 0.48428532 -0.13807411
v 0.055072635 0.48422626 -0.13069622
v 0.048750985 0.48128298 -0.13394456
v 0.055022623 0.46407652 -0.14052367
v 0.048725165 0.47085318 -0.13903138
v 0.0544895 0.49002665 -0.13867429
v 0.0484493 0.48428532 -0.13807411
v 0.0484493 0.48428532 -0.13807411
v 0.048938464 0.48458585 -0.13555276
v 0.048750985 0.48128298 -0.13394456
v 0.047125332 0.4800065 -0.13995366
v 0.049001962 0.4739649 -0.13609834
v 0.045924876 0.47481337 -0.14297323
v 0.048725165 0.47085318 -0.13903138
v 0.04611212 0.47187343 -0.1439028
v 0.04971605 0.6200125 0.10487578
v 0.05048061 0.6140324 0.09676583
v 0.03669943 0.5685511 0.04561794
v 0.031638246 0.58172923 0.05225488
v 0.033311117 0.5827663 0.034894627
v 0.013245735 0.59498936 0.03076871
v 0.00463296 0.58887666 0.07240842
v 0.022117164 0.569417 0.08109231
v 0.013245735 0.59498936 0.03076871
v 0.00463296 0.58887666 0.07240842
v 0.046292152 0.56622005 0.03593017
v 0.03669943 0.5685511 0.04561794
v 0.046292152 0.56622005 0.03593017
v -0.01459529 0.24243619 0.12764649
v -0.013125247 0.26577485 0.11502727
v -0.040400587 0.26576573 0.10182323
v -0.04358723 0.24219011 0.113983825
v -0.013910046 0.23087494 -0.13458648
v -0.011352125 0.26592088 -0.13764484
v 0.017091107 0.26591185 -0.14435808
v 0.016735226 0.23062888 -0.14130196
v -0.039910495 0.23157568 -0.1083255
v -0.036471013 0.26594672 -0.11201779
v -0.011352125 0.26592088 -0.13764484
v -0.013910046 0.23087494 -0.13458648
v -0.061064687 0.2379666 -0.06459301
v -0.056787837 0.2659854 -0.07165142
v -0.07258405 0.23920362 -0.0142273
v -0.06844979 0.2656557 -0.023137892
v -0.07306182 0.24044067 0.037424725
v -0.06881288 0.26570126 0.027227001
v -0.063106 0.2414894 0.082420126
v -0.05925574 0.26573995 0.071073525
v -0.040400587 0.26576573 0.10182323
v 0.015906233 0.11435946 -0.13418642
v -0.037466314 0.11435946 -0.12986912
v -0.027955232 0.14019434 -0.095248654
v 0.011737313 0.14019433 -0.09839837
v -0.084702365 0.11435946 -0.10537136
v -0.062176753 0.14019434 -0.07709794
v -0.11940467 0.11435946 -0.064515114
v -0.087448925 0.14019433 -0.04691109
v -0.13591288 0.11435946 -0.013476345
v -0.0993907 0.14019434 -0.00922177
v -0.13158928 0.11435946 0.03998916
v -0.0963999 0.14019433 0.030207122
v -0.10740406 0.11435946 0.08770536
v -0.07894408 0.14019433 0.06537141
v -0.066908106 0.11435946 0.122423366
v -0.04954718 0.14019433 0.090933286
v -0.015906233 0.11435946 0.13889948
v -0.011737313 0.14019433 0.10311144
v -0.012675628 0.2892386 0.111167364
v -0.012237174 0.31169972 0.107402936
v -0.03579205 0.3121663 0.09579983
v -0.03801921 0.28946647 0.09844708
v -0.009117753 0.29499927 -0.13529441
v -0.007934509 0.3251321 -0.121387035
v 0.015134228 0.3255988 -0.12755889
v 0.016821288 0.2952272 -0.14204067
v -0.03349418 0.2943502 -0.11031741
v -0.031502176 0.32380328 -0.09890382
v -0.053481173 0.29337877 -0.07101508
v -0.051065374 0.32181448 -0.06342532
v -0.064990304 0.29223287 -0.023249047
v -0.06226584 0.3178299 -0.014808513
v -0.06541876 0.291087 0.025807839
v -0.062614046 0.315484 0.029688973
v -0.05626844 0.2901156 0.0685045
v -0.05359445 0.3134952 0.068497226
v -0.03801921 0.28946647 0.09844708
v -0.04954718 0.14019433 0.090933286
v -0.011737313 0.14019433 0.10311144
v -0.01120954 0.15380621 0.098582625
v -0.047445856 0.15380621 0.08693713
v -0.07894408 0.14019433 0.06537141
v -0.0752185 0.15380621 0.062559545
v -0.0963999 0.14019433 0.030207122
v -0.09167135 0.15380621 0.029001286
v -0.0993907 0.14019434 -0.00922177
v -0.09444094 0.15380622 -0.00864515
v -0.087448925 0.14019433 -0.04691109
v -0.08313626 0.15380621 -0.044652063
v -0.062176753 0.14019434 -0.07709794
v -0.059202243 0.15380622 -0.07350552
v -0.027955232 0.14019434 -0.095248654
v -0.026864564 0.15380622 -0.090880714
v 0.011737313 0.14019433 -0.09839837
v 0.01120954 0.15380621 -0.09386948
v -0.08377335 0.17661886 0.04589619
v -0.08473889 0.17494482 0.003148976
v -0.074146904 0.17327079 -0.03825197
v -0.05294805 0.1718516 -0.071926504
v -0.02523007 0.17097875 -0.09243822
v 0.01155286 0.17058542 -0.0968161
v -0.01120954 0.15380621 0.098582625
v -0.013262715 0.17990926 0.11620633
v -0.048178088 0.17957626 0.10365834
v -0.047445856 0.15380621 0.08693713
v -0.070678346 0.17873658 0.07839879
v -0.08033597 0.0037834116 0.14642774
v -0.019087061 0.0037834116 0.16620423
v -0.019087061 0.048210595 0.16620423
v -0.08033597 0.048210595 0.14642774
v -0.12935445 0.0037834116 0.104717724
v -0.12935445 0.048210595 0.104717724
v -0.15867993 0.0037834116 0.047424097
v -0.15867993 0.048210595 0.047424097
v -0.16384764 0.0037834116 -0.016730558
v -0.16384764 0.048210595 -0.016730558
v -0.14407115 0.0037834116 -0.07797944
v -0.14407115 0.048210595 -0.07797944
v -0.102361254 0.0037834116 -0.12699786
v -0.102361254 0.048210595 -0.12699786
v -0.04506774 0.0037834116 -0.15632334
v -0.04506774 0.048210595 -0.15632334
v 0.019087061 0.0037834116 -0.16149117
v 0.019087061 0.048210595 -0.16149117
v -0.07980912 0.05254344 0.14548269
v -0.018961921 0.05254344 0.1651295
v -0.016217453 0.06370323 0.14157102
v -0.06825813 0.0637032 0.12476788
v -0.12850592 0.05254344 0.10404626
v -0.10990708 0.06370323 0.089328505
v -0.15763904 0.05254344 0.047128458
v -0.1348236 0.06370323 0.040648583
v -0.16277303 0.05254344 -0.016605332
v -0.13921466 0.06370323 -0.013860952
v -0.1431261 0.05254344 -0.07745248
v -0.12241129 0.06370323 -0.06590159
v -0.10168973 0.05254344 -0.12614939
v -0.086972095 0.06370323 -0.107550494
v -0.0447721 0.05254344 -0.15528242
v -0.03829205 0.06370323 -0.13246708
v 0.018961921 0.05254344 -0.16041644
v 0.016217453 0.06370323 -0.13685799
v -0.06825813 0.0637032 0.12476788
v -0.016217453 0.06370323 0.14157102
v -0.017260673 0.06853519 0.1505263
v -0.07264895 0.06853519 0.13264214
v -0.10990708 0.06370323 0.089328505
v -0.11697701 0.06853521 0.09492316
v -0.1348236 0.06370323 0.040648583
v -0.1434964 0.06853521 0.043111835
v -0.13921466 0.06370323 -0.013860952
v -0.14816983 0.06853519 -0.01490417
v -0.12241129 0.06370323 -0.06590159
v -0.13028555 0.06853519 -0.07029241
v -0.086972095 0.06370323 -0.107550494
v -0.09256663 0.06853519 -0.114620455
v -0.03829205 0.06370323 -0.13246708
v -0.040754836 0.06853519 -0.1411398
v 0.016217453 0.06370323 -0.13685799
v 0.017260673 0.06853519 -0.14581324
v -0.07588956 0.075715944 0.13845357
v -0.018030584 0.075715944 0.15713544
v -0.018212013 0.08835081 0.15869178
v -0.076650165 0.08835081 0.13982232
v -0.12219473 0.075715944 0.09905213
v -0.12339984 0.08835081 0.100027196
v -0.14989713 0.075715944 0.0449297
v -0.15137066 0.08835081 0.0453617
v -0.15477897 0.075715944 -0.01567411
v -0.15632369 0.08835081 -0.015854057
v -0.1360971 0.075715944 -0.07353291
v -0.13742107 0.08835081 -0.07429084
v -0.09668787 0.075715944 -0.11983736
v -0.09755617 0.08835081 -0.1210539
v -0.042567037 0.075715944 -0.14753981
v -0.04296432 0.08835081 -0.14904353
v 0.018030584 0.075715944 -0.15242235
v 0.018212013 0.08835081 -0.15397869
v -0.07421692 0.101355135 0.13550279
v -0.017639348 0.101355135 0.15377621
v -0.11937281 0.101355135 0.096973315
v -0.14638507 0.101355135 0.044035874
v -0.15121202 0.101355165 -0.015258597
v -0.13286464 0.101355135 -0.07185341
v -0.09425834 0.101355165 -0.1171468
v -0.041563593 0.101355165 -0.1442773
v 0.017639348 0.101355135 -0.14906316
v -0.042567037 0.075715944 -0.14753981
v 0.018030584 0.075715944 -0.15242235
v -0.09668787 0.075715944 -0.11983736
v -0.1360971 0.075715944 -0.07353291
v -0.15477897 0.075715944 -0.01567411
v -0.14989713 0.075715944 0.0449297
v -0.12219473 0.075715944 0.09905213
v -0.07588956 0.075715944 0.13845357
v -0.018030584 0.075715944 0.15713544
v -0.018961921 0.05254344 0.1651295
v -0.07980912 0.05254344 0.14548269
v -0.12850592 0.05254344 0.10404626
v -0.15763904 0.05254344 0.047128458
v -0.16277303 0.05254344 -0.016605332
v -0.1431261 0.05254344 -0.07745248
v -0.10168973 0.05254344 -0.12614939
v -0.0447721 0.05254344 -0.15528242
v 0.018961921 0.05254344 -0.16041644
v -0.04380099 0.0 -0.1518632
v -0.04506774 0.0037834116 -0.15632334
v -0.099484205 0.0 -0.12336206
v -0.102361254 0.0037834116 -0.12699786
v -0.14002179 0.0 -0.07572143
v -0.14407115 0.0037834116 -0.07797944
v -0.15924236 0.0 -0.016194062
v -0.16384764 0.0037834116 -0.016730558
v -0.15421979 0.0 0.046157405
v -0.15867993 0.0037834116 0.047424097
v -0.12571865 0.0 0.101840615
v -0.12935445 0.0037834116 0.104717724
v -0.07807787 0.0 0.14237832
v -0.08033597 0.0037834116 0.14642774
v -0.033827264 0.35576847 0.109446056
v -0.032995477 0.3910614 0.122235306
v -0.050471075 0.39218825 0.1024448
v -0.0512903 0.3584569 0.08735895
v -0.060201965 0.39387473 0.07473932
v -0.060529005 0.36248043 0.05627151
v -0.060844414 0.39586404 0.04332071
v -0.06043922 0.3672265 0.020881394
v -0.05252797 0.39690968 0.013225019
v -0.050972566 0.37317336 -0.017162763
v -0.036290515 0.40195057 -0.011021438
v -0.034109406 0.3771969 -0.045209523
v -0.014683912 0.4053187 -0.02596915
v -0.011356079 0.37988526 -0.06261162
v 0.0037637278 0.40650153 -0.029952975
v 0.008124311 0.3808294 -0.06738397
v -0.013570447 0.35482448 0.11884741
v -0.014936284 0.3906657 0.13057362
v -0.037697986 0.42755085 0.0074753673
v -0.03903917 0.43810663 0.018988568
v -0.017034352 0.4335167 -0.0015847298
v -0.016425401 0.42575592 -0.0068135574
v 0.0015323799 0.43394747 -0.010798547
v 0.0015107479 0.42512566 -0.010611943
v -0.016269092 0.44168606 0.14201377
v -0.016290957 0.49103412 0.14220218
v -0.03285429 0.4895093 0.13421686
v -0.03285173 0.44105577 0.13419423
v -0.050217774 0.4851671 0.11494859
v -0.050270107 0.43926084 0.115398094
v -0.060177542 0.4786686 0.08797855
v -0.06031222 0.43657455 0.089134574
v -0.061217505 0.47100317 0.05741265
v -0.06144941 0.43340585 0.05940215
v -0.05446973 0.4519613 0.038981352
v -0.053508155 0.43023714 0.03072719
v -0.05446973 0.4519613 0.038981352
v -0.04935831 0.5287021 0.10756989
v -0.04694995 0.55866545 0.08689689
v -0.05780268 0.539214 0.067592174
v -0.05976444 0.51572716 0.084432475
v -0.015028395 0.5404162 0.1313633
v -0.012216938 0.5762264 0.10723011
v -0.028989846 0.5716625 0.10104332
v -0.031696398 0.53737175 0.124277204
v -0.060645074 0.52302414 0.052497894
v -0.061331246 0.50042224 0.0583876
v -0.07195649 0.6200125 0.09070185
v -0.07083628 0.6140324 0.08263324
v -0.057737086 0.5955521 0.07722403
v -0.057718012 0.59635 0.08201022
v -0.008018943 0.59351665 0.071192555
v -0.003343184 0.59770435 0.031054897
v -0.019422008 0.59498936 0.026963143
v -0.0206113 0.58887666 0.0694677
v -0.053242758 0.5526764 0.057621237
v -0.05277011 0.56622005 0.024390133
v -0.056872506 0.54687625 0.020114303
v -0.058809146 0.53803736 0.03673753
v 0.003667896 0.5784716 -0.029128693
v 0.0064991233 0.57094467 -0.05343333
v -0.011509596 0.5702227 -0.05386187
v -0.015119109 0.5776407 -0.030096084
v -0.028916575 0.5625547 -0.053284727
v -0.03180642 0.5687201 -0.035772584
v -0.017213222 0.5898428 -5.098338E-5
v -0.036850385 0.5794027 2.3200564E-4
v -0.03989863 0.5827663 0.026366228
v -0.049664646 0.5627392 -0.0016944015
v 1.5002808E-4 0.5935089 0.0010690518
v -0.014570169 0.44470614 -0.15552555
v -0.020454992 0.44944867 -0.14506057
v -0.021160705 0.45468605 -0.14544189
v -0.014727175 0.45013624 -0.15417847
v 0.0047515873 0.42611247 -0.16376677
v -0.015014206 0.43154392 -0.1553291
v -0.014817425 0.43950644 -0.15403087
v 0.0050953724 0.4360983 -0.1634762
v -0.014817425 0.43950644 -0.15403087
v -0.022093205 0.44843733 -0.13773364
v -0.020929731 0.45914567 -0.14742401
v -0.014291047 0.45825252 -0.1579233
v -0.011509596 0.5702227 -0.05386187
v -0.0055733686 0.5487146 -0.06996614
v -0.025530826 0.54060864 -0.0671673
v -0.028916575 0.5625547 -0.053284727
v 0.0064991233 0.57094467 -0.05343333
v 0.0084308805 0.54919624 -0.070015706
v -0.012616315 0.3330976 0.11065826
v -0.034541115 0.3338029 0.10015385
v -0.008677438 0.35069934 -0.09586662
v 0.012086681 0.35140473 -0.10139818
v -0.032018088 0.34869075 -0.07594498
v -0.051190976 0.3456846 -0.04429418
v -0.06072555 0.34236372 6.0908205E-4
v -0.061022583 0.33881775 0.040543824
v -0.052049045 0.3358116 0.07547353
v -0.047242332 0.22118764 0.145567
v -0.07056065 0.21897638 0.11161413
v -0.08303694 0.215667 0.063411854
v -0.08299879 0.21176332 0.008272203
v -0.07075464 0.20785965 -0.04544547
v -0.04686482 0.20380986 -0.089738585
v -0.016481224 0.20159861 -0.117435545
v 0.01480812 0.20082213 -0.1247595
v -0.018352738 0.22196414 0.1599013
v -0.039623696 0.569417 0.073899925
v -0.017034352 0.4335167 -0.0015847298
v -0.01439502 0.43594375 -0.024241557
v 0.002864257 0.43637455 -0.02223095
v 0.0015323799 0.43394747 -0.010798547
v -0.03903917 0.43810663 0.018988568
v -0.0337405 0.44053367 -0.026495147
v -0.009013548 0.42751068 -0.07070505
v -0.0066363583 0.42041072 -0.09348135
v 0.010925999 0.42084152 -0.09143544
v 0.008276433 0.42794147 -0.068690896
v -0.028279712 0.43210062 -0.072949424
v -0.017642371 0.4242466 -0.09476345
v -0.030774597 0.43797603 -0.051744524
v -0.011468658 0.4333861 -0.04949553
v 0.0058059706 0.43381688 -0.047483146
v -0.022428384 0.4429475 -0.1375104
v -0.026288642 0.45099792 -0.11674265
v -0.025924155 0.45727748 -0.119141586
v 0.0051723635 0.44848228 -0.16349359
v -0.014727175 0.45013624 -0.15417847
v -0.014291047 0.45825252 -0.1579233
v 0.0054263645 0.45790178 -0.16599621
v -0.014570169 0.44470614 -0.15552555
v 0.0054198517 0.44211748 -0.16561823
v -0.014727175 0.45013624 -0.15417847
v 0.0051723635 0.44848228 -0.16349359
v 0.019609252 0.43937787 -0.1659743
v 0.019271282 0.4466773 -0.16307211
v 0.019283377 0.43253922 -0.16317613
v 0.019609252 0.43937787 -0.1659743
v 0.019271282 0.4466773 -0.16307211
v 0.019525748 0.4573594 -0.16525659
v 0.019429917 0.42457664 -0.16443437
v 0.005450788 0.46711773 -0.16620423
v 0.019549938 0.46657535 -0.16546465
v 0.0049932604 0.47342244 -0.16227753
v 0.0047069276 0.48039377 -0.15981969
v 0.01880631 0.4798514 -0.15908009
v 0.019092644 0.47288007 -0.16153793
v 0.0052705216 0.4900113 -0.15745088
v 0.018507883 0.49045303 -0.15651861
v 0.005450788 0.46711773 -0.16620423
v 0.019549938 0.46657535 -0.16546465
v 0.0052740104 0.5009612 -0.14898656
v 0.017541656 0.5012649 -0.1482257
v 0.0036618481 0.50850755 -0.13641061
v 0.01607487 0.5088113 -0.13563284
v 6.3081575E-4 0.5206094 -0.114024326
v 0.013459961 0.52098346 -0.113186434
v -0.003412732 0.535144 -0.09212601
v 0.010952283 0.5362722 -0.09165935
v -0.024975838 0.5002903 -0.1002218
v -0.02284637 0.47709286 -0.11945214
v -0.025941832 0.48884413 -0.09766228
v -0.021895727 0.46794176 -0.13913234
v -0.03151683 0.50206625 -0.07581694
v -0.03602023 0.4882276 -0.07229378
v -0.046505447 0.50125617 -0.045761514
v -0.042582624 0.5146925 -0.052759424
v -0.053574447 0.51169163 -0.032965954
v -0.045989305 0.5318307 -0.041427974
v -0.056594316 0.5194197 -0.014377939
v -0.060259186 0.5292381 0.009746519
v -0.056121666 0.4431466 0.014778711
v -0.05002262 0.4443623 -0.030225905
v -0.05446973 0.4519613 0.038981352
v -0.06544132 0.4563893 0.03544281
v -0.06799784 0.49906224 0.03992659
v -0.06806088 0.47464332 0.04429191
v -0.061217505 0.47100317 0.05741265
v -0.06806088 0.47464332 0.04429191
v -0.06483167 0.51676375 0.030938888
v -0.01741605 0.58293325 -0.013989057
v -0.0340266 0.57312644 -0.020361762
v 0.0017600969 0.5838185 -0.0127522275
v -0.03409708 0.5610609 -0.03932316
v -0.03180642 0.5687201 -0.035772584
v -0.028916575 0.5625547 -0.053284727
v -0.03098929 0.55552727 -0.049628608
v -0.040688314 0.5580333 -0.029634079
v -0.0066363583 0.42041072 -0.09348135
v -0.0055940705 0.40231398 -0.101710334
v 0.011885713 0.40274474 -0.099674046
v 0.010925999 0.42084152 -0.09143544
v -0.039405517 0.52847713 -0.061115436
v -0.03999609 0.5348645 -0.051186632
v -0.03336369 0.5444189 -0.05453464
v -0.028926345 0.46599331 -0.11865708
v -0.032190677 0.4747025 -0.09776474
v -0.029445047 0.51468164 -0.08127473
v -0.018565103 0.52744365 -0.09092779
v -0.016603108 0.5137417 -0.11345762
v -0.016603108 0.5137417 -0.11345762
v -0.004147753 0.39288858 -0.11394099
v 0.013310864 0.39331934 -0.111907184
v -0.004147753 0.39288858 -0.11394099
v -0.0024720905 0.39419052 -0.12940417
v 0.015110503 0.3946213 -0.12735592
v 0.013310864 0.39331934 -0.111907184
v -0.026288642 0.45099792 -0.11674265
v -0.030879967 0.44679987 -0.11755618
v -0.036547538 0.44576913 -0.10153047
v -0.03122003 0.44894302 -0.098599456
v -0.030970914 0.44364652 -0.08997534
v -0.038266234 0.44123012 -0.095180824
v -0.036204685 0.42842886 -0.09886445
v -0.0301696 0.42892495 -0.0933995
v -0.02720579 0.4386064 -0.13518424
v -0.03122003 0.44894302 -0.098599456
v -0.036547538 0.44576913 -0.10153047
v -0.038266234 0.44123012 -0.095180824
v -0.030970914 0.44364652 -0.08997534
v -0.003621608 0.39125353 -0.1373517
v -0.0071531995 0.39348015 -0.14023729
v 0.016607992 0.39268973 -0.1402099
v 0.016348874 0.39054975 -0.1379859
v -0.017158793 0.39818949 -0.12951225
v -0.019873023 0.39936593 -0.13009657
v -0.0071531995 0.39348015 -0.14023729
v -0.003621608 0.39125353 -0.1373517
v -0.02264703 0.41104522 -0.11071283
v -0.025092604 0.41185573 -0.11181911
v -0.0077586616 0.39908347 -0.14091505
v -0.004255215 0.40424865 -0.13817617
v 3.1331446E-4 0.41968966 -0.16488166
v -0.01983441 0.4270743 -0.1532715
v 0.01950086 0.41821972 -0.16504288
v -0.034414116 0.43791693 -0.10988038
v -0.030159365 0.43536037 -0.11239434
v -0.030898342 0.43338242 -0.109626174
v -0.035449892 0.4352063 -0.106089614
v -4.2240464E-4 0.41451156 -0.16112192
v 0.002213205 0.41279125 -0.15520592
v -0.017588641 0.4182227 -0.14677249
v -0.020520585 0.4208768 -0.149086
v -0.010632688 0.4640183 -0.1618359
v -0.022972904 0.41638047 -0.11659079
v -0.034488082 0.4282895 -0.10736831
v -0.03039406 0.4284514 -0.11046639
v -0.017952431 0.41891554 -0.11838828
v -0.022972904 0.41638047 -0.11659079
v -0.017952431 0.41891554 -0.11838828
v -0.014140321 0.40938863 -0.13234955
v -0.01888842 0.40590575 -0.1319535
v -0.035449892 0.4352063 -0.106089614
v -0.030898342 0.43338242 -0.109626174
v -0.031132339 0.43908033 -0.11856349
v -0.027735889 0.4362093 -0.118727066
v -0.0301696 0.42892495 -0.0933995
v -0.036204685 0.42842886 -0.09886445
v -0.020520585 0.4208768 -0.149086
v -0.017588641 0.4182227 -0.14677249
v -0.025728537 0.4314841 -0.12813681
v -0.028345073 0.43273693 -0.13161191
v -0.028345073 0.43273693 -0.13161191
v -0.02720579 0.4386064 -0.13518424
v -0.01983441 0.4270743 -0.1532715
v -0.020520585 0.4208768 -0.149086
v -0.020520585 0.4208768 -0.149086
v -0.01983441 0.4270743 -0.1532715
v 3.1331446E-4 0.41968966 -0.16488166
v -4.2240464E-4 0.41451156 -0.16112192
v -4.2240464E-4 0.41451156 -0.16112192
v 3.1331446E-4 0.41968966 -0.16488166
v -0.022972904 0.41638047 -0.11659079
v -0.025092604 0.41185573 -0.11181911
v -0.036204685 0.42842886 -0.09886445
v -0.034488082 0.4282895 -0.10736831
v -0.01888842 0.40590575 -0.1319535
v -0.019873023 0.39936593 -0.13009657
v -0.0077586616 0.39908347 -0.14091505
v -0.0071531995 0.39348015 -0.14023729
v -0.019873023 0.39936593 -0.13009657
v -0.01888842 0.40590575 -0.1319535
v -0.0071531995 0.39348015 -0.14023729
v -0.0077586616 0.39908347 -0.14091505
v -0.038266234 0.44123012 -0.095180824
v -0.035449892 0.4352063 -0.106089614
v -0.034414116 0.43791693 -0.10988038
v -0.036547538 0.44576913 -0.10153047
v -0.030879967 0.44679987 -0.11755618
v -0.031132339 0.43908033 -0.11856349
v -0.027735889 0.4362093 -0.118727066
v -0.031132339 0.43908033 -0.11856349
v -0.02468369 0.49700227 -0.14128268
v -0.01730068 0.5034256 -0.13981293
v -0.013203634 0.5022593 -0.14889987
v -0.020586643 0.49583596 -0.15036961
v -0.020586643 0.49583596 -0.15036961
v -0.014042861 0.48147908 -0.15514451
v -0.017288351 0.48176014 -0.15036912
v -0.020611998 0.49002665 -0.14742307
v -0.022716345 0.4842883 -0.13586992
v -0.02468369 0.49700227 -0.14128268
v -0.022651682 0.49060723 -0.14289968
v -0.02301361 0.48422626 -0.1397927
v -0.020929731 0.45914567 -0.14742401
v -0.021895727 0.46794176 -0.13913234
v -0.022528868 0.47008815 -0.14395359
v -0.020705968 0.46407652 -0.14934553
v -0.010337051 0.47189626 -0.16059232
v -0.013690004 0.4717274 -0.15551332
v -0.010632688 0.4640183 -0.1618359
v -0.013629295 0.4660476 -0.15734424
v -0.014291047 0.45825252 -0.1579233
v -0.020081665 0.46353838 -0.15470563
v -0.014291047 0.45825252 -0.1579233
v -0.020081665 0.46353838 -0.15470563
v -0.014042861 0.48147908 -0.15514451
v -0.020586643 0.49583596 -0.15036961
v -0.013203634 0.5022593 -0.14889987
v -0.007310903 0.49074098 -0.15555419
v -0.013203634 0.5022593 -0.14889987
v -0.01730068 0.5034256 -0.13981293
v -0.010337051 0.47189626 -0.16059232
v -0.010632688 0.4640183 -0.1618359
v -0.01730068 0.5034256 -0.13981293
v -0.022695644 0.46065277 -0.13226674
v -0.0086872075 0.43536037 -0.10989297
v -0.009220796 0.43338242 -0.107100904
v -0.005537548 0.4314841 -0.1257847
v -0.0070955143 0.4362093 -0.11632257
v -0.009220796 0.43338242 -0.107100904
v -0.008917018 0.4284514 -0.10796444
v -0.0070955143 0.4362093 -0.11632257
v -0.008917018 0.4284514 -0.10796444
v -0.0021576132 0.41891554 -0.116548285
v -0.03039406 0.4284514 -0.11046639
v -0.017952431 0.41891554 -0.11838828
v -0.027735889 0.4362093 -0.118727066
v -0.030159365 0.43536037 -0.11239434
v -0.030898342 0.43338242 -0.109626174
v -0.03039406 0.4284514 -0.11046639
v -0.025728537 0.4314841 -0.12813681
v -0.027735889 0.4362093 -0.118727066
v -0.030898342 0.43338242 -0.109626174
v -0.014140321 0.40938863 -0.13234955
v 0.002213205 0.41279125 -0.15520592
v -0.017588641 0.4182227 -0.14677249
v 0.016348874 0.39054975 -0.1379859
v -0.014705776 0.40863842 -0.1050728
v -0.0055940705 0.40231398 -0.101710334
v -0.017642371 0.4242466 -0.09476345
v -0.035338942 0.43831515 -0.08064127
v -0.0301696 0.42892495 -0.0933995
v -0.035504088 0.44887 -0.08010733
v -0.030970914 0.44364652 -0.08997534
v -0.0301696 0.42892495 -0.0933995
v -0.035338942 0.43831515 -0.08064127
v -0.033788186 0.46005484 -0.09483701
v -0.03122003 0.44894302 -0.098599456
v -0.04909733 0.53736436 -0.03112241
v -0.046212837 0.53805715 -0.032262683
v -0.0436277 0.53345466 -0.040834025
v -0.045989305 0.5318307 -0.041427974
v -0.03336369 0.5444189 -0.05453464
v -0.033126667 0.54392457 -0.051735163
v -0.031151878 0.55316365 -0.047654692
v -0.038643047 0.53597796 -0.048950516
v -0.03999609 0.5348645 -0.051186632
v -0.03373678 0.55776614 -0.039083406
v -0.039218735 0.555248 -0.031024775
v -0.040688314 0.5580333 -0.029634079
v -0.04690157 0.5482179 -0.026237221
v -0.044386446 0.54708433 -0.028199509
v -0.031151878 0.55316365 -0.047654692
v -0.03410313 0.55354893 -0.048149377
v -0.03647427 0.5577707 -0.040287033
v -0.03373678 0.55776614 -0.039083406
v -0.038643047 0.53597796 -0.048950516
v -0.040974647 0.5377845 -0.049338058
v -0.03591463 0.54507387 -0.051892404
v -0.033126667 0.54392457 -0.051735163
v -0.039218735 0.555248 -0.031024775
v -0.041502886 0.5554608 -0.032894835
v -0.046243075 0.5479723 -0.030303245
v -0.044386446 0.54708433 -0.028199509
v -0.044386446 0.54708433 -0.028199509
v -0.046243075 0.5479723 -0.030303245
v -0.04791827 0.5396918 -0.034030396
v -0.046212837 0.53805715 -0.032262683
v -0.033126667 0.54392457 -0.051735163
v -0.03591463 0.54507387 -0.051892404
v -0.03410313 0.55354893 -0.048149377
v -0.031151878 0.55316365 -0.047654692
v -0.0436277 0.53345466 -0.040834025
v -0.04554713 0.53546995 -0.041892797
v -0.040974647 0.5377845 -0.049338058
v -0.038643047 0.53597796 -0.048950516
v -0.03373678 0.55776614 -0.039083406
v -0.03647427 0.5577707 -0.040287033
v -0.041502886 0.5554608 -0.032894835
v -0.039218735 0.555248 -0.031024775
v -0.046212837 0.53805715 -0.032262683
v -0.04791827 0.5396918 -0.034030396
v -0.04554713 0.53546995 -0.041892797
v -0.0436277 0.53345466 -0.040834025
v -0.06544132 0.4563893 0.03544281
v -0.063414894 0.47559506 0.01804851
v -0.054535557 0.4623784 0.0011635172
v -0.056121666 0.4431466 0.014778711
v -0.06806088 0.47464332 0.04429191
v -0.061695736 0.5019099 0.004019168
v -0.050594818 0.45352066 -0.032664675
v -0.05002262 0.4443623 -0.030225905
v -0.042351417 0.45194936 -0.062377796
v -0.042445153 0.4429976 -0.057455856
v -0.042445153 0.4429976 -0.057455856
v -0.03336904 0.4737518 -0.06888151
v -0.039965622 0.48683807 -0.041810106
v -0.046505447 0.50125617 -0.045761514
v -0.05107142 0.4950979 -0.01682831
v -0.03877912 0.57097673 0.066523366
v -0.039623696 0.569417 0.073899925
v -0.057737086 0.5955521 0.07722403
v -0.05237701 0.5970092 0.071442485
v -0.036006507 0.5819051 0.06021108
v -0.03877912 0.57097673 0.066523366
v -0.046627797 0.5629597 0.05111118
v -0.029496452 0.557706 0.047027685
v -0.028630707 0.56224453 0.03537687
v -0.045667153 0.5685511 0.03602286
v -0.05237701 0.5970092 0.071442485
v -0.062064175 0.61266506 0.078615166
v -0.06044085 0.61492866 0.075526975
v -0.05508938 0.59891987 0.058656838
v -0.045667153 0.5685511 0.03602286
v -0.05277011 0.56622005 0.024390133
v -0.019037982 0.20836641 0.16578206
v -0.018352738 0.22196414 0.1599013
v -0.04814808 0.20750459 0.15131214
v -0.017224386 0.18658434 -0.11401391
v 0.014417582 0.18572251 -0.1214067
v -0.047932927 0.18903862 -0.086041585
v -0.07199673 0.19271174 -0.041627284
v -0.084264144 0.19704446 0.012640636
v -0.08432323 0.20137717 0.06833062
v -0.07169342 0.20505029 0.117019564
v -0.07169342 0.20505029 0.117019564
v -0.08432323 0.20137717 0.06833062
v -0.04814808 0.20750459 0.15131214
v -0.019037982 0.20836641 0.16578206
v -0.02523007 0.17097875 -0.09243822
v -0.017224386 0.18658434 -0.11401391
v 0.014417582 0.18572251 -0.1214067
v 0.01155286 0.17058542 -0.0968161
v -0.05294805 0.1718516 -0.071926504
v -0.047932927 0.18903862 -0.086041585
v -0.017224386 0.18658434 -0.11401391
v -0.02523007 0.17097875 -0.09243822
v -0.07199673 0.19271174 -0.041627284
v -0.047932927 0.18903862 -0.086041585
v -0.084264144 0.19704446 0.012640636
v -0.013690004 0.4717274 -0.15551332
v -0.011288624 0.47481337 -0.14963818
v -0.013151066 0.4800065 -0.14697543
v -0.017288351 0.48176014 -0.15036912
v -0.022528868 0.47008815 -0.14395359
v -0.015863666 0.4739649 -0.14365469
v -0.014920235 0.47085318 -0.14644562
v -0.020705968 0.46407652 -0.14934553
v -0.022651682 0.49060723 -0.14289968
v -0.015927168 0.48458585 -0.14310916
v -0.016114645 0.48128298 -0.14150095
v -0.02301361 0.48422626 -0.1397927
v -0.013629295 0.4660476 -0.15734424
v -0.011257224 0.47187343 -0.1505859
v -0.020611998 0.49002665 -0.14742307
v -0.014871621 0.48428532 -0.1454505
v -0.015927168 0.48458585 -0.14310916
v -0.022651682 0.49060723 -0.14289968
v -0.02301361 0.48422626 -0.1397927
v -0.016114645 0.48128298 -0.14150095
v -0.020705968 0.46407652 -0.14934553
v -0.014920235 0.47085318 -0.14644562
v -0.014871621 0.48428532 -0.1454505
v -0.020611998 0.49002665 -0.14742307
v -0.014871621 0.48428532 -0.1454505
v -0.013151066 0.4800065 -0.14697543
v -0.016114645 0.48128298 -0.14150095
v -0.015927168 0.48458585 -0.14310916
v -0.011288624 0.47481337 -0.14963818
v -0.015863666 0.4739649 -0.14365469
v -0.011257224 0.47187343 -0.1505859
v -0.014920235 0.47085318 -0.14644562
v -0.062444713 0.6212263 0.08956344
v -0.061363112 0.62575483 0.08027833
v -0.0700894 0.6280202 0.07918411
v -0.07195649 0.6200125 0.09070185
v 0.020267747 0.56224453 0.041073196
v 0.016554726 0.5692938 0.04417433
v 0.016554726 0.5692938 0.04417433
v 0.020267747 0.56224453 0.041073196
v 0.022984767 0.57097673 0.07371838
v 0.03416616 0.5629597 0.060523115
v 0.018432287 0.557706 0.052611053
v 0.011538207 0.56264913 0.060746938
v 0.011538207 0.56264913 0.060746938
v 0.010015363 0.5683262 0.055874687
v -0.062150937 0.5963895 0.049059227
v -0.045667153 0.5685511 0.03602286
v -0.04226698 0.58172923 0.043645453
v -0.03989863 0.5827663 0.026366228
v -0.019422008 0.59498936 0.026963143
v -0.0206113 0.58887666 0.0694677
v -0.039623696 0.569417 0.073899925
v -0.019422008 0.59498936 0.026963143
v -0.0206113 0.58887666 0.0694677
v -0.05277011 0.56622005 0.024390133
v -0.045667153 0.5685511 0.03602286
v -0.05277011 0.56622005 0.024390133
v -0.025729932 0.5692938 0.039248496
v -0.028630707 0.56224453 0.03537687
v -0.028630707 0.56224453 0.03537687
v -0.025729932 0.5692938 0.039248496
v -0.03877912 0.57097673 0.066523366
v -0.024657173 0.56264913 0.05653045
v -0.029496452 0.557706 0.047027685
v -0.046627797 0.5629597 0.05111118
v -0.02205529 0.5683262 0.052138697
v -0.024657173 0.56264913 0.05653045
vt 0.94017893 -0.5977795
vt 0.91383064 -0.5975988
vt 0.9272828 -0.5314524
vt 0.98341453 -0.5693046
vt 0.9646172 -0.5878531
vt 0.8711052 -0.5686848
vt 0.8611525 -0.5444845
vt 0.99375075 -0.5183536
vt 0.9936779 -0.54492354
vt 0.8895818 -0.5873678
vt 0.16081512 -0.8065407
vt 0.16179368 -0.82200193
vt 0.15989801 -0.80881286
vt 0.4864794 -0.7307837
vt 0.48253423 -0.733058
vt 0.47747248 -0.7264451
vt 0.53416204 -0.74606884
vt 0.5330844 -0.74995744
vt 0.53031594 -0.750602
vt 0.5262872 -0.7447884
vt 0.52703047 -0.7417922
vt 0.53416204 -0.74606884
vt 0.56035 -0.70677876
vt 0.565011 -0.7100005
vt 0.55993116 -0.7109237
vt 0.48954475 -0.9554219
vt 0.5015294 -0.94385993
vt 0.5091024 -0.9640269
vt 0.5294203 -0.97272825
vt 0.517122 -0.9844955
vt 0.5181255 -0.9440961
vt 0.5288185 -0.9562293
vt 0.5004373 -0.98418844
vt 0.4888633 -0.9721273
vt 0.16179368 -0.82200193
vt 0.16309713 -0.8261757
vt 0.16075276 -0.8246852
vt 0.019259239 -0.6915593
vt 0.01636427 -0.69441164
vt 0.017157251 -0.6864469
vt 0.6018285 -0.71925473
vt 0.6026548 -0.72215426
vt 0.598905 -0.72264147
vt 0.91405 -0.46519136
vt 0.88974017 -0.47535515
vt 0.96485645 -0.47513366
vt 0.9404273 -0.46510363
vt 0.8611794 -0.51831746
vt 0.9836026 -0.49379766
vt 0.871186 -0.49402142
vt 0.66522944 -0.72786474
vt 0.6742403 -0.72352505
vt 0.6691764 -0.73014045
vt 0.6176081 -0.74306655
vt 0.621532 -0.7486272
vt 0.61873484 -0.74703646
vt 0.62535536 -0.7417598
vt 0.6176081 -0.74306655
vt 0.6246357 -0.738796
vt 0.59137607 -0.7038399
vt 0.59179467 -0.70798326
vt 0.58671653 -0.70706034
vt 0.6620936 -0.97103393
vt 0.6827587 -0.9622283
vt 0.6745506 -0.9833354
vt 0.704224 -0.9533299
vt 0.6914396 -0.94080925
vt 0.69199944 -0.9832907
vt 0.70338863 -0.97066617
vt 0.67389625 -0.94092727
vt 0.6615818 -0.95346487
vt 0.16227527 -0.76358175
vt 0.16157559 -0.760952
vt 0.16544677 -0.74673796
vt 0.0057188477 -0.79174984
vt 0.008460734 -0.7884562
vt 0.0071172146 -0.7946019
vt 0.16544677 -0.74673796
vt 0.16466689 -0.7436377
vt 0.16744488 -0.74234223
vt 0.54834795 -0.7213291
vt 0.55138046 -0.7246189
vt 0.5476167 -0.72425413
vt 0.017711455 -0.6488006
vt 0.02251404 -0.645355
vt 0.020703906 -0.6510755
vt 0.01711138 -0.7602041
vt 0.014410726 -0.76115656
vt 0.014482773 -0.7564331
vt 0.43976682 -0.585562
vt 0.45238993 -0.58621085
vt 0.45574397 -0.5973966
vt 0.44340602 -0.5967624
vt 0.561257 -0.5918071
vt 0.573114 -0.59241676
vt 0.57185394 -0.6033654
vt 0.5609973 -0.6028073
vt 0.5479173 -0.59112144
vt 0.561257 -0.5918071
vt 0.5609973 -0.6028073
vt 0.54808486 -0.6021434
vt 0.52938324 -0.5901687
vt 0.53128004 -0.6012795
vt 0.5089407 -0.589118
vt 0.51171625 -0.60027385
vt 0.4877165 -0.5880269
vt 0.49089587 -0.5992036
vt 0.46822995 -0.58702517
vt 0.47156107 -0.59820986
vt 0.45574397 -0.5973966
vt 0.0151354475 -0.80127144
vt 0.022663666 -0.7801157
vt 0.036421765 -0.78493
vt 0.03181621 -0.80119026
vt 0.050906207 -0.78920484
vt 0.047827534 -0.8011129
vt 0.06563106 -0.7915342
vt 0.063841514 -0.80103517
vt 0.08007729 -0.7919402
vt 0.08001854 -0.80095696
vt 0.09503539 -0.7912307
vt 0.09645605 -0.8008771
vt 0.11064786 -0.78842497
vt 0.113067456 -0.8007966
vt 0.12622418 -0.7850437
vt 0.13006814 -0.80071425
vt 0.14075051 -0.78134024
vt 0.14758997 -0.8006294
vt 0.4449284 -0.606853
vt 0.45653403 -0.6061356
vt 0.45653638 -0.61610603
vt 0.4457544 -0.61571217
vt 0.55945706 -0.61421204
vt 0.56896406 -0.616809
vt 0.5631352 -0.6284859
vt 0.55474055 -0.6251457
vt 0.5470492 -0.61230457
vt 0.5430313 -0.6231314
vt 0.5307123 -0.6106603
vt 0.5277958 -0.6216639
vt 0.51136285 -0.60923314
vt 0.5077553 -0.6197933
vt 0.4908535 -0.6078975
vt 0.4887386 -0.61846685
vt 0.47184065 -0.60669327
vt 0.47107878 -0.6170647
vt 0.45653403 -0.6061356
vt 0.12622418 -0.7850437
vt 0.12505175 -0.7791486
vt 0.1392853 -0.776335
vt 0.14075051 -0.78134024
vt 0.11064786 -0.78842497
vt 0.10953707 -0.7824861
vt 0.09503539 -0.7912307
vt 0.09429796 -0.7853453
vt 0.08007729 -0.7919402
vt 0.07995756 -0.78654766
vt 0.06563106 -0.7915342
vt 0.06611597 -0.78607965
vt 0.050906207 -0.78920484
vt 0.05206681 -0.7835417
vt 0.036421765 -0.78493
vt 0.037951052 -0.77943623
vt 0.022663666 -0.7801157
vt 0.024414292 -0.7753911
vt 0.08349817 -0.77743936
vt 0.099826515 -0.7746682
vt 0.067506276 -0.7775967
vt 0.052300073 -0.7758148
vt 0.03894619 -0.7724438
vt 0.025492052 -0.7696526
vt 0.1392853 -0.776335
vt 0.12505175 -0.7791486
vt 0.12591578 -0.7662704
vt 0.13937761 -0.76529396
vt 0.113231555 -0.77025735
vt 0.13932401 -0.84515715
vt 0.13683425 -0.8340268
vt 0.15638605 -0.8339319
vt 0.15945308 -0.84505963
vt 0.119278684 -0.8452544
vt 0.11769314 -0.83411956
vt 0.09937371 -0.84535086
vt 0.09875684 -0.83421123
vt 0.07968501 -0.8454462
vt 0.08004444 -0.83430195
vt 0.06032752 -0.8455399
vt 0.061580904 -0.83439136
vt 0.04125286 -0.84563255
vt 0.04327588 -0.83448005
vt 0.022039039 -0.84572554
vt 0.024755308 -0.83456993
vt 0.0025492595 -0.84581995
vt 0.0054886104 -0.8346634
vt 0.1365325 -0.82996845
vt 0.13466747 -0.82188725
vt 0.15294962 -0.82179856
vt 0.15593614 -0.8298745
vt 0.11749916 -0.83006084
vt 0.116134726 -0.821977
vt 0.09866164 -0.83015203
vt 0.09790791 -0.8220655
vt 0.080048494 -0.8302424
vt 0.07991131 -0.8221526
vt 0.06168005 -0.8303313
vt 0.062135056 -0.8222389
vt 0.04345271 -0.8304198
vt 0.04449588 -0.8223243
vt 0.025009936 -0.8305092
vt 0.026689662 -0.8224106
vt 0.005825578 -0.83060217
vt 0.009184225 -0.82249546
vt 0.13466747 -0.82188725
vt 0.13393958 -0.818578
vt 0.15287308 -0.8184862
vt 0.15294962 -0.82179856
vt 0.116134726 -0.821977
vt 0.1156275 -0.8186667
vt 0.09790791 -0.8220655
vt 0.09763614 -0.81875384
vt 0.07991131 -0.8221526
vt 0.07988179 -0.81884
vt 0.062135056 -0.8222389
vt 0.0623592 -0.8189249
vt 0.04449588 -0.8223243
vt 0.04496517 -0.8190093
vt 0.026689662 -0.8224106
vt 0.02748956 -0.81909394
vt 0.009184225 -0.82249546
vt 0.009347222 -0.8191819
vt 0.13331912 -0.8153757
vt 0.13252898 -0.81132746
vt 0.15177336 -0.81123424
vt 0.15262903 -0.8152821
vt 0.11518936 -0.81546354
vt 0.11465472 -0.811414
vt 0.09742851 -0.8155496
vt 0.09718781 -0.81149864
vt 0.0799119 -0.8156345
vt 0.07995228 -0.8115823
vt 0.062633984 -0.8157183
vt 0.06296207 -0.8116646
vt 0.045480914 -0.8158014
vt 0.046091903 -0.81174636
vt 0.028185183 -0.8158853
vt 0.029070081 -0.81182885
vt 0.009666956 -0.81597495
vt 0.010630428 -0.81191826
vt 0.13160843 -0.80698633
vt 0.15030657 -0.80689585
vt 0.11406535 -0.80707145
vt 0.096925884 -0.8071544
vt 0.07998668 -0.8072367
vt 0.063301116 -0.8073175
vt 0.04675568 -0.8073977
vt 0.030104002 -0.8074783
vt 0.012207217 -0.8075652
vt 0.009666956 -0.81597495
vt 0.028185183 -0.8158853
vt 0.045480914 -0.8158014
vt 0.062633984 -0.8157183
vt 0.0799119 -0.8156345
vt 0.09742851 -0.8155496
vt 0.11518936 -0.81546354
vt 0.13331912 -0.8153757
vt 0.15262903 -0.8152821
vt 0.1365325 -0.82996845
vt 0.15593614 -0.8298745
vt 0.11749916 -0.83006084
vt 0.09866164 -0.83015203
vt 0.080048494 -0.8302424
vt 0.06168005 -0.8303313
vt 0.04345271 -0.8304198
vt 0.025009936 -0.8305092
vt 0.005825578 -0.83060217
vt 0.99375075 -0.5183536
vt 0.9963148 -0.51784825
vt 0.9962096 -0.5454464
vt 0.9936779 -0.54492354
vt 0.98554325 -0.57075536
vt 0.98341453 -0.5693046
vt 0.96602535 -0.59000564
vt 0.9646172 -0.5878531
vt 0.9406553 -0.6003041
vt 0.94017893 -0.5977795
vt 0.9133058 -0.60011077
vt 0.91383064 -0.5975988
vt 0.88813907 -0.5894853
vt 0.8895818 -0.5873678
vt 0.8689717 -0.57008886
vt 0.8711052 -0.5686848
vt 0.8586727 -0.54497313
vt 0.8611525 -0.5444845
vt 0.45088655 -0.6348648
vt 0.46258926 -0.6369221
vt 0.4557054 -0.6509088
vt 0.44511676 -0.6489334
vt 0.47670975 -0.6391814
vt 0.4680881 -0.65275717
vt 0.49257314 -0.6414976
vt 0.48216137 -0.6545718
vt 0.5100956 -0.643772
vt 0.49688637 -0.6556611
vt 0.52393305 -0.6455741
vt 0.51071125 -0.65877056
vt 0.5350857 -0.64867723
vt 0.5222862 -0.6621088
vt 0.5419967 -0.6526041
vt 0.5294083 -0.66558933
vt 0.44210607 -0.63281393
vt 0.43742183 -0.6469753
vt 0.50231826 -0.67212605
vt 0.5153977 -0.6733432
vt 0.51327413 -0.6777189
vt 0.4965806 -0.6781168
vt 0.5235768 -0.6745317
vt 0.5231097 -0.67806065
vt 0.43113965 -0.66670203
vt 0.4382636 -0.6680367
vt 0.43442968 -0.68640137
vt 0.42721874 -0.68585527
vt 0.448334 -0.6692679
vt 0.44455847 -0.6868386
vt 0.4598673 -0.67025685
vt 0.4562055 -0.6873132
vt 0.47303727 -0.671258
vt 0.46984196 -0.68833923
vt 0.4875962 -0.67208004
vt 0.48147655 -0.6822963
vt 0.48147655 -0.6822963
vt 0.44263336 -0.7030691
vt 0.45281842 -0.7013662
vt 0.45498854 -0.71170247
vt 0.44529492 -0.71554923
vt 0.42641625 -0.7057245
vt 0.433405 -0.7046826
vt 0.4368574 -0.7192105
vt 0.43054318 -0.7220417
vt 0.4643063 -0.6997062
vt 0.4626752 -0.708673
vt 0.16081512 -0.8065407
vt 0.16511634 -0.8103752
vt 0.02735895 -0.7575145
vt 0.024290219 -0.7571591
vt 0.019176815 -0.7498468
vt 0.024273898 -0.74613225
vt 0.4393509 -0.73477006
vt 0.44291478 -0.7311162
vt 0.45550096 -0.740644
vt 0.45109975 -0.7452626
vt 0.45582497 -0.7179582
vt 0.46529248 -0.7164316
vt 0.4689091 -0.7223283
vt 0.46408182 -0.7275119
vt 0.47467 -0.75602674
vt 0.47644642 -0.7488191
vt 0.4852538 -0.75156164
vt 0.4846609 -0.7583809
vt 0.48079374 -0.7429153
vt 0.48706383 -0.7451482
vt 0.45980793 -0.7333331
vt 0.46795455 -0.73787093
vt 0.46452317 -0.74523187
vt 0.47225073 -0.7316904
vt 0.46145856 -0.75146747
vt 0.5517758 -0.7433386
vt 0.5495414 -0.74429464
vt 0.54524714 -0.74152565
vt 0.5470479 -0.7402525
vt 0.5639868 -0.7469275
vt 0.5601657 -0.749362
vt 0.553463 -0.7415608
vt 0.5566867 -0.73984134
vt 0.553463 -0.7415608
vt 0.5456231 -0.73733544
vt 0.54716146 -0.747174
vt 0.54418963 -0.74319816
vt 0.4852538 -0.75156164
vt 0.48706383 -0.7451482
vt 0.49686557 -0.744308
vt 0.49582446 -0.7533102
vt 0.4846609 -0.7583809
vt 0.49565685 -0.7590189
vt 0.45454794 -0.62550855
vt 0.44464648 -0.6240413
vt 0.55409205 -0.63969827
vt 0.54665166 -0.6358876
vt 0.5351243 -0.63315296
vt 0.52056235 -0.6313777
vt 0.5013289 -0.63030803
vt 0.48378158 -0.6286948
vt 0.46775484 -0.62698746
vt 0.44393796 -0.5734073
vt 0.4594657 -0.5742054
vt 0.47903976 -0.5752115
vt 0.50096905 -0.576339
vt 0.5227006 -0.5774559
vt 0.54241145 -0.5784693
vt 0.558608 -0.57930183
vt 0.57136905 -0.5799577
vt 0.4321444 -0.5728009
vt 0.44688654 -0.7218356
vt 0.51327413 -0.6777189
vt 0.5231097 -0.67806065
vt 0.52618176 -0.6813719
vt 0.52088565 -0.6864399
vt 0.4965806 -0.6781168
vt 0.5148205 -0.6929405
vt 0.5376132 -0.6990032
vt 0.5411062 -0.69266593
vt 0.5496773 -0.69671917
vt 0.54716456 -0.70361876
vt 0.5324751 -0.7066636
vt 0.5446248 -0.70827866
vt 0.5238479 -0.70073855
vt 0.52949387 -0.69374824
vt 0.5337759 -0.68793607
vt 0.36589473 -0.64982164
vt 0.3627379 -0.6460445
vt 0.37047458 -0.63898754
vt 0.3738838 -0.6478107
vt 0.38542038 -0.67551804
vt 0.36181697 -0.6667119
vt 0.36589473 -0.64982164
vt 0.3738838 -0.6478107
vt 0.36181697 -0.6667119
vt 0.35009265 -0.6604035
vt 0.3627379 -0.6460445
vt 0.36589473 -0.64982164
vt 0.37047458 -0.63898754
vt 0.3627379 -0.6460445
vt 0.35717627 -0.6443088
vt 0.36339837 -0.6384518
vt 0.17109898 -0.8102014
vt 0.16689561 -0.82501507
vt 0.16309713 -0.8261757
vt 0.54744554 -0.7358439
vt 0.53769374 -0.7331376
vt 0.5391498 -0.73069775
vt 0.55518055 -0.7523923
vt 0.55158556 -0.7547288
vt 0.54716146 -0.747174
vt 0.5495414 -0.74429464
vt 0.5579003 -0.7511672
vt 0.5517758 -0.7433386
vt 0.55518055 -0.7523923
vt 0.5495414 -0.74429464
vt 0.5621378 -0.7559452
vt 0.5589023 -0.7576585
vt 0.5648324 -0.75407636
vt 0.5621378 -0.7559452
vt 0.5589023 -0.7576585
vt 0.5546369 -0.7600801
vt 0.5679384 -0.7523221
vt 0.5508155 -0.761966
vt 0.54818773 -0.75650144
vt 0.5453333 -0.7574172
vt 0.54755414 -0.7631409
vt 0.54430604 -0.7640989
vt 0.5424648 -0.75827575
vt 0.5393683 -0.76500916
vt 0.5387223 -0.7594714
vt 0.54818773 -0.75650144
vt 0.5508155 -0.761966
vt 0.5333198 -0.76510954
vt 0.533414 -0.7600926
vt 0.52694976 -0.76432085
vt 0.52757674 -0.75917196
vt 0.516494 -0.7621465
vt 0.5173384 -0.756878
vt 0.50653106 -0.7545092
vt 0.5058317 -0.76038074
vt 0.5188022 -0.74056864
vt 0.52138966 -0.7362355
vt 0.53139126 -0.73931503
vt 0.5394635 -0.74270165
vt 0.51044434 -0.73359823
vt 0.4990031 -0.73009205
vt 0.5001837 -0.72379804
vt 0.5131033 -0.72760963
vt 0.4909646 -0.7319609
vt 0.4930576 -0.72327614
vt 0.47561073 -0.71865034
vt 0.48546398 -0.7209592
vt 0.51030594 -0.6995101
vt 0.49332255 -0.68697333
vt 0.48147655 -0.6822963
vt 0.48150343 -0.6881478
vt 0.474639 -0.6930982
vt 0.47160593 -0.70255136
vt 0.46984196 -0.68833923
vt 0.474639 -0.6930982
vt 0.4712293 -0.7102953
vt 0.4702908 -0.746562
vt 0.4752695 -0.740764
vt 0.4679525 -0.7538502
vt 0.4835334 -0.74123263
vt 0.4877491 -0.7424581
vt 0.48706383 -0.7451482
vt 0.48079374 -0.7429153
vt 0.48135805 -0.73736
vt 0.54716456 -0.70361876
vt 0.5496773 -0.69671917
vt 0.5569059 -0.69898033
vt 0.5551076 -0.7053163
vt 0.49788994 -0.73655796
vt 0.49191242 -0.74047947
vt 0.49331796 -0.73593974
vt 0.5255819 -0.7310004
vt 0.53437865 -0.7350919
vt 0.50843644 -0.7392405
vt 0.50825584 -0.7475188
vt 0.5193751 -0.7493074
vt 0.5193751 -0.7493074
vt 0.5626836 -0.7008426
vt 0.56035 -0.70677876
vt 0.56035 -0.70677876
vt 0.5626836 -0.7008426
vt 0.56851894 -0.70374584
vt 0.565011 -0.7100005
vt 0.5391498 -0.73069775
vt 0.5347339 -0.72320795
vt 0.53781974 -0.7227154
vt 0.54116356 -0.7289362
vt 0.5341432 -0.71803
vt 0.54048485 -0.71329963
vt 0.5424566 -0.7166302
vt 0.5379941 -0.7196498
vt 0.54830474 -0.7329893
vt 0.5347339 -0.72320795
vt 0.5341432 -0.71803
vt 0.5379941 -0.7196498
vt 0.53781974 -0.7227154
vt 0.5675849 -0.7121053
vt 0.57246554 -0.70604205
vt 0.5735157 -0.7067659
vt 0.5677322 -0.7140926
vt 0.56163317 -0.7151334
vt 0.5675849 -0.7121053
vt 0.5677322 -0.7140926
vt 0.56111085 -0.71622
vt 0.5523705 -0.7131846
vt 0.5521308 -0.7143272
vt 0.5879579 -0.69266665
vt 0.5752509 -0.69339275
vt 0.5752658 -0.69103
vt 0.5860586 -0.690429
vt 0.55729115 -0.736874
vt 0.565634 -0.743819
vt 0.57040346 -0.7509471
vt 0.6102631 -0.6680751
vt 0.61133915 -0.67030764
vt 0.6065183 -0.6701145
vt 0.6059432 -0.6678953
vt 0.584998 -0.6447346
vt 0.59443563 -0.64964557
vt 0.5924358 -0.6504909
vt 0.5832494 -0.64684534
vt 0.54616463 -0.7503059
vt 0.59975123 -0.68089116
vt 0.59572816 -0.68006456
vt 0.60573816 -0.67329335
vt 0.6091536 -0.673362
vt 0.5755645 -0.6437751
vt 0.575551 -0.64592767
vt 0.59975123 -0.68089116
vt 0.5941727 -0.68869686
vt 0.59140134 -0.68750167
vt 0.59572816 -0.68006456
vt 0.61133915 -0.67030764
vt 0.6065183 -0.6701145
vt 0.6069123 -0.6635163
vt 0.6036027 -0.66391563
vt 0.5424566 -0.7166302
vt 0.54048485 -0.71329963
vt 0.59443563 -0.64964557
vt 0.6014538 -0.6570138
vt 0.5998564 -0.6586704
vt 0.5924358 -0.6504909
vt 0.6014538 -0.6570138
vt 0.59443563 -0.64964557
vt 0.5969268 -0.6472833
vt 0.604579 -0.6550443
vt 0.59443563 -0.64964557
vt 0.584998 -0.6447346
vt 0.58578825 -0.6422627
vt 0.5969268 -0.6472833
vt 0.584998 -0.6447346
vt 0.5755645 -0.6437751
vt 0.57558066 -0.64124346
vt 0.58578825 -0.6422627
vt 0.59975123 -0.68089116
vt 0.6091536 -0.673362
vt 0.61414176 -0.67428267
vt 0.6039635 -0.6822853
vt 0.5941727 -0.68869686
vt 0.5965512 -0.6911485
vt 0.5879579 -0.69266665
vt 0.5941727 -0.68869686
vt 0.5965512 -0.6911485
vt 0.5882242 -0.6950047
vt 0.5752509 -0.69339275
vt 0.5879579 -0.69266665
vt 0.5882242 -0.6950047
vt 0.57523584 -0.6957551
vt 0.61133915 -0.67030764
vt 0.6189585 -0.67060184
vt 0.6102631 -0.6680751
vt 0.6069123 -0.6635163
vt 0.61159974 -0.66227806
vt 0.61744845 -0.6677654
vt 0.6069123 -0.6635163
vt 0.6036027 -0.66391563
vt 0.5330844 -0.74995744
vt 0.53440976 -0.7519374
vt 0.53302 -0.7539785
vt 0.53031594 -0.750602
vt 0.59111464 -0.7294743
vt 0.592197 -0.726774
vt 0.59613657 -0.7258048
vt 0.59788686 -0.72727895
vt 0.5899947 -0.72060823
vt 0.59132 -0.7217574
vt 0.59034574 -0.7251675
vt 0.58748955 -0.72674465
vt 0.60112494 -0.7159717
vt 0.60014814 -0.7181368
vt 0.5964846 -0.71824265
vt 0.59568214 -0.71615815
vt 0.6005452 -0.72399235
vt 0.6026852 -0.72562337
vt 0.6026548 -0.72215426
vt 0.6052239 -0.7230158
vt 0.60514045 -0.7193947
vt 0.6018285 -0.71925473
vt 0.6018285 -0.71925473
vt 0.60514045 -0.7193947
vt 0.53935486 -0.7516887
vt 0.5372595 -0.7551377
vt 0.53302 -0.7539785
vt 0.53440976 -0.7519374
vt 0.54351985 -0.7517853
vt 0.54616463 -0.7503059
vt 0.53031594 -0.750602
vt 0.5399865 -0.73859215
vt 0.58929485 -0.66867876
vt 0.5895036 -0.67042994
vt 0.57539546 -0.67052305
vt 0.57540584 -0.66886663
vt 0.58737695 -0.66055536
vt 0.588449 -0.66548574
vt 0.5754254 -0.66576576
vt 0.57545614 -0.660939
vt 0.5895036 -0.67042994
vt 0.58935857 -0.67297626
vt 0.57538027 -0.67291677
vt 0.57539546 -0.67052305
vt 0.588449 -0.66548574
vt 0.5754254 -0.66576576
vt 0.58935857 -0.67297626
vt 0.5851325 -0.67919254
vt 0.57534134 -0.6790731
vt 0.57538027 -0.67291677
vt 0.60573816 -0.67329335
vt 0.59572816 -0.68006456
vt 0.6036027 -0.66391563
vt 0.6059432 -0.6678953
vt 0.6065183 -0.6701145
vt 0.60573816 -0.67329335
vt 0.5998564 -0.6586704
vt 0.6036027 -0.66391563
vt 0.6065183 -0.6701145
vt 0.59140134 -0.68750167
vt 0.5832494 -0.64684534
vt 0.575551 -0.64592767
vt 0.5924358 -0.6504909
vt 0.57246554 -0.70604205
vt 0.55278176 -0.7091007
vt 0.5551076 -0.7053163
vt 0.5446248 -0.70827866
vt 0.54048485 -0.71329963
vt 0.53188336 -0.7124984
vt 0.52821785 -0.7163067
vt 0.53188336 -0.7124984
vt 0.54048485 -0.71329963
vt 0.5341432 -0.71803
vt 0.5294727 -0.72525907
vt 0.5347339 -0.72320795
vt 0.4864794 -0.7307837
vt 0.4909646 -0.7319609
vt 0.49036127 -0.7329211
vt 0.48678058 -0.73195004
vt 0.49191242 -0.74047947
vt 0.48780054 -0.74135125
vt 0.4911173 -0.73970366
vt 0.49331796 -0.73593974
vt 0.49217874 -0.73610115
vt 0.48135805 -0.73736
vt 0.48259515 -0.73723006
vt 0.48437852 -0.74035513
vt 0.48253423 -0.733058
vt 0.4835822 -0.733757
vt 0.5198279 -0.9903077
vt 0.49833113 -0.9903077
vt 0.5004373 -0.98418844
vt 0.517122 -0.9844955
vt 0.53501624 -0.95388246
vt 0.53502214 -0.9751636
vt 0.5294203 -0.97272825
vt 0.5288185 -0.9562293
vt 0.48295856 -0.9749068
vt 0.48321873 -0.9526136
vt 0.48954475 -0.9554219
vt 0.4888633 -0.9721273
vt 0.48321873 -0.9526136
vt 0.49961126 -0.9377816
vt 0.5015294 -0.94385993
vt 0.48954475 -0.9554219
vt 0.53502214 -0.9751636
vt 0.5198279 -0.9903077
vt 0.517122 -0.9844955
vt 0.5294203 -0.97272825
vt 0.52072716 -0.93864906
vt 0.53501624 -0.95388246
vt 0.5288185 -0.9562293
vt 0.5181255 -0.9440961
vt 0.49833113 -0.9903077
vt 0.48295856 -0.9749068
vt 0.4888633 -0.9721273
vt 0.5004373 -0.98418844
vt 0.49961126 -0.9377816
vt 0.52072716 -0.93864906
vt 0.5181255 -0.9440961
vt 0.5015294 -0.94385993
vt 0.48150343 -0.6881478
vt 0.49332255 -0.68697333
vt 0.49402452 -0.69792485
vt 0.48409417 -0.6987579
vt 0.474639 -0.6930982
vt 0.48325408 -0.71093416
vt 0.50870275 -0.70345306
vt 0.51030594 -0.6995101
vt 0.5203312 -0.7114465
vt 0.5212186 -0.706761
vt 0.5212186 -0.706761
vt 0.5165411 -0.7218387
vt 0.5038379 -0.718161
vt 0.5001837 -0.72379804
vt 0.49273878 -0.71388984
vt 0.01636427 -0.69441164
vt 0.011781479 -0.6910448
vt 0.015016104 -0.68642664
vt 0.017157251 -0.6864469
vt 0.028441662 -0.6768422
vt 0.019259239 -0.6915593
vt 0.017157251 -0.6864469
vt 0.02377292 -0.67520905
vt 0.028232122 -0.6604301
vt 0.01849475 -0.6608236
vt 0.020703906 -0.6510755
vt 0.026249493 -0.6503562
vt 0.0059853448 -0.64128065
vt 0.0144211305 -0.6288564
vt 0.01929679 -0.63546133
vt 0.009963418 -0.6421356
vt 0.03577959 -0.631163
vt 0.029742057 -0.6361494
vt 0.015448267 -0.6755643
vt 0.02377292 -0.67520905
vt 0.017157251 -0.6864469
vt 0.015016104 -0.68642664
vt 0.01929679 -0.63546133
vt 0.029742057 -0.6361494
vt 0.028778369 -0.6467726
vt 0.02251404 -0.645355
vt 0.006743364 -0.7662649
vt 0.0105920015 -0.75923634
vt 0.014410726 -0.76115656
vt 0.013657404 -0.7689874
vt 0.011083211 -0.67774034
vt 0.011508162 -0.65757465
vt 0.01849475 -0.6608236
vt 0.015448267 -0.6755643
vt 0.0026475396 -0.7784691
vt 0.006400535 -0.7784138
vt 0.008460734 -0.7884562
vt 0.0057188477 -0.79174984
vt 0.0071172146 -0.7946019
vt 0.008460734 -0.7884562
vt 0.010006858 -0.78897476
vt 0.011224901 -0.7932303
vt 0.16752063 -0.7599971
vt 0.16744488 -0.74234223
vt 0.17146084 -0.7441721
vt 0.17406991 -0.7610619
vt 0.37081316 -0.7787329
vt 0.3643369 -0.7787497
vt 0.3590926 -0.7845218
vt 0.36427608 -0.78570473
vt 0.36491016 -0.8045752
vt 0.3674176 -0.7889166
vt 0.36427608 -0.78570473
vt 0.35379386 -0.79967
vt 0.35009265 -0.6604035
vt 0.33588877 -0.686254
vt 0.32958093 -0.6838136
vt 0.34608 -0.6596403
vt 0.38701385 -0.8109058
vt 0.37454316 -0.78651834
vt 0.3674176 -0.7889166
vt 0.36491016 -0.8045752
vt 0.43026176 -0.56721056
vt 0.4423251 -0.5678308
vt 0.4321444 -0.5728009
vt 0.5581704 -0.5737858
vt 0.5710241 -0.5744467
vt 0.5417763 -0.5729431
vt 0.52193743 -0.57192326
vt 0.49999237 -0.5707953
vt 0.47795022 -0.569662
vt 0.4582286 -0.56864834
vt 0.10527301 -0.76320624
vt 0.1199937 -0.7537608
vt 0.13224772 -0.7468574
vt 0.1431439 -0.74559987
vt 0.03894619 -0.7724438
vt 0.025492052 -0.7696526
vt 0.025056655 -0.7596395
vt 0.03558686 -0.7623004
vt 0.052300073 -0.7758148
vt 0.03894619 -0.7724438
vt 0.03558686 -0.7623004
vt 0.049012534 -0.76791143
vt 0.049012534 -0.76791143
vt 0.06671729 -0.7704127
vt 0.08627742 -0.7689848
vt 0.6005452 -0.72399235
vt 0.59613657 -0.7258048
vt 0.5960622 -0.72372913
vt 0.5980016 -0.7231462
vt 0.5964846 -0.71824265
vt 0.60014814 -0.7181368
vt 0.59780836 -0.7209747
vt 0.59632176 -0.72116613
vt 0.59034574 -0.7251675
vt 0.59132 -0.7217574
vt 0.5942945 -0.72268856
vt 0.59383464 -0.7237823
vt 0.6026548 -0.72215426
vt 0.598905 -0.72264147
vt 0.592197 -0.726774
vt 0.59034574 -0.7251675
vt 0.59383464 -0.7237823
vt 0.5945386 -0.7243192
vt 0.59132 -0.7217574
vt 0.5942945 -0.72268856
vt 0.60014814 -0.7181368
vt 0.59780836 -0.7209747
vt 0.592197 -0.726774
vt 0.5945386 -0.7243192
vt 0.5945386 -0.7243192
vt 0.59383464 -0.7237823
vt 0.5942945 -0.72268856
vt 0.5960622 -0.72372913
vt 0.59632176 -0.72116613
vt 0.5980016 -0.7231462
vt 0.59780836 -0.7209747
vt 0.598905 -0.72264147
vt 0.3627379 -0.6460445
vt 0.35717627 -0.6443088
vt 0.03577959 -0.6548705
vt 0.028232122 -0.6604301
vt 0.16679382 -0.79266024
vt 0.1770041 -0.793331
vt 0.35961425 -0.69483054
vt 0.33588877 -0.686254
vt 0.39484456 -0.71045697
vt 0.35961425 -0.69483054
vt 0.15833086 -0.78910303
vt 0.15376621 -0.79311657
vt 0.15833086 -0.78910303
vt 0.71189296 -0.5818751
vt 0.70825136 -0.5927353
vt 0.69597113 -0.5935837
vt 0.69935155 -0.58274174
vt 0.59055626 -0.59025955
vt 0.5907556 -0.6008543
vt 0.57988167 -0.60160565
vt 0.5787023 -0.59107876
vt 0.60391045 -0.58933675
vt 0.6036809 -0.59996116
vt 0.5907556 -0.6008543
vt 0.59055626 -0.59025955
vt 0.6224168 -0.588058
vt 0.6204906 -0.59879947
vt 0.6428546 -0.5866456
vt 0.6400523 -0.5974479
vt 0.6640685 -0.5851798
vt 0.6608614 -0.59600997
vt 0.68354124 -0.5838342
vt 0.6801817 -0.5946748
vt 0.69597113 -0.5935837
vt 0.31486946 -0.79139495
vt 0.29828256 -0.79319763
vt 0.29190892 -0.7775605
vt 0.30505028 -0.77122366
vt 0.28236106 -0.79492784
vt 0.27798602 -0.78344274
vt 0.26643702 -0.7966583
vt 0.2636092 -0.78741956
vt 0.25035116 -0.79840636
vt 0.24929683 -0.78945327
vt 0.23400602 -0.8001826
vt 0.23435247 -0.7904365
vt 0.21748796 -0.80197763
vt 0.21852608 -0.78941095
vt 0.20058288 -0.8038149
vt 0.2026721 -0.7878094
vt 0.18315946 -0.80570817
vt 0.18782616 -0.785769
vt 0.70681715 -0.6039159
vt 0.70598763 -0.61277723
vt 0.6952027 -0.6131675
vt 0.6952083 -0.6031946
vt 0.5922431 -0.6112499
vt 0.5969607 -0.62219
vt 0.58856136 -0.6255312
vt 0.5827305 -0.61384726
vt 0.6046576 -0.6093435
vt 0.60867596 -0.6201762
vt 0.6210027 -0.60770154
vt 0.6239184 -0.6187105
vt 0.6403604 -0.60627794
vt 0.64396715 -0.616843
vt 0.6608777 -0.60494685
vt 0.66299057 -0.61552036
vt 0.679897 -0.6037475
vt 0.6806561 -0.6141224
vt 0.6952083 -0.6031946
vt 0.2026721 -0.7878094
vt 0.18782616 -0.785769
vt 0.18872947 -0.78062963
vt 0.20318621 -0.7818191
vt 0.21852608 -0.78941095
vt 0.21897383 -0.7833843
vt 0.23435247 -0.7904365
vt 0.23443532 -0.78450537
vt 0.24929683 -0.78945327
vt 0.24881989 -0.78408146
vt 0.2636092 -0.78741956
vt 0.26252472 -0.7820542
vt 0.27798602 -0.78344274
vt 0.27620703 -0.7779467
vt 0.29190892 -0.7775605
vt 0.2897822 -0.77227426
vt 0.30505028 -0.77122366
vt 0.3027887 -0.76672673
vt 0.22776094 -0.7745199
vt 0.24429502 -0.7754307
vt 0.2602059 -0.773782
vt 0.2751216 -0.77029514
vt 0.28802097 -0.7654383
vt 0.3010839 -0.7611463
vt 0.18872947 -0.78062963
vt 0.1874181 -0.7696694
vt 0.20090485 -0.7691202
vt 0.20318621 -0.7818191
vt 0.21395147 -0.7716503
vt 0.19629334 -0.84902024
vt 0.17627715 -0.85119534
vt 0.17809615 -0.83979225
vt 0.19753836 -0.8376794
vt 0.2162262 -0.846854
vt 0.21657181 -0.835611
vt 0.2360191 -0.8447032
vt 0.23540157 -0.83356464
vt 0.25559738 -0.84257555
vt 0.25400907 -0.8315426
vt 0.27484593 -0.84048367
vt 0.27236864 -0.8295474
vt 0.29381302 -0.83842254
vt 0.29057065 -0.82756937
vt 0.31291854 -0.8363464
vt 0.30898696 -0.82556796
vt 0.33229882 -0.8342402
vt 0.3281449 -0.8234861
vt 0.19738993 -0.83361304
vt 0.17809531 -0.8357098
vt 0.180171 -0.8273481
vt 0.19835055 -0.82537246
vt 0.21631634 -0.8315561
vt 0.21677932 -0.82336974
vt 0.23504806 -0.82952046
vt 0.23490393 -0.82140017
vt 0.25355637 -0.82750916
vt 0.25279915 -0.8194554
vt 0.2718216 -0.82552433
vt 0.2704754 -0.81753445
vt 0.28994662 -0.82355464
vt 0.28801548 -0.8156283
vt 0.30828553 -0.8215616
vt 0.30572134 -0.81370425
vt 0.32736152 -0.81948876
vt 0.32312787 -0.81181264
vt 0.19835055 -0.82537246
vt 0.180171 -0.8273481
vt 0.17988138 -0.82404804
vt 0.1987086 -0.8220022
vt 0.21677932 -0.82336974
vt 0.2169178 -0.8200232
vt 0.23490393 -0.82140017
vt 0.23480798 -0.818079
vt 0.25279915 -0.8194554
vt 0.2524628 -0.81616044
vt 0.2704754 -0.81753445
vt 0.26988643 -0.8142669
vt 0.28801548 -0.8156283
vt 0.28718263 -0.8123872
vt 0.30572134 -0.81370425
vt 0.30455986 -0.81049895
vt 0.32312787 -0.81181264
vt 0.32259992 -0.80853844
vt 0.19897145 -0.81875014
vt 0.17977013 -0.8208368
vt 0.18017322 -0.81671786
vt 0.19930953 -0.8146384
vt 0.21699935 -0.81679106
vt 0.21708345 -0.81270695
vt 0.2346604 -0.8148718
vt 0.23445222 -0.81081927
vt 0.25207853 -0.81297886
vt 0.25159073 -0.80895686
vt 0.26925936 -0.8111117
vt 0.26848522 -0.8071208
vt 0.28631592 -0.8092582
vt 0.28526047 -0.80529785
vt 0.3035141 -0.80738926
vt 0.30218667 -0.80345845
vt 0.32192808 -0.8053881
vt 0.32052258 -0.80146575
vt 0.19974494 -0.81022096
vt 0.1811519 -0.8122413
vt 0.21718964 -0.8083253
vt 0.23423263 -0.806473
vt 0.2510764 -0.80464256
vt 0.26766813 -0.80283964
vt 0.28412053 -0.8010516
vt 0.30067867 -0.7992523
vt 0.31847453 -0.79731846
vt 0.3035141 -0.80738926
vt 0.32192808 -0.8053881
vt 0.28631592 -0.8092582
vt 0.26925936 -0.8111117
vt 0.25207853 -0.81297886
vt 0.2346604 -0.8148718
vt 0.21699935 -0.81679106
vt 0.19897145 -0.81875014
vt 0.17977013 -0.8208368
vt 0.17809531 -0.8357098
vt 0.19738993 -0.83361304
vt 0.21631634 -0.8315561
vt 0.23504806 -0.82952046
vt 0.25355637 -0.82750916
vt 0.2718216 -0.82552433
vt 0.28994662 -0.82355464
vt 0.30828553 -0.8215616
vt 0.32736152 -0.81948876
vt 0.9836026 -0.49379766
vt 0.98574656 -0.49235356
vt 0.96485645 -0.47513366
vt 0.9662755 -0.4729836
vt 0.9404273 -0.46510363
vt 0.94091356 -0.46257782
vt 0.91405 -0.46519136
vt 0.913533 -0.46267474
vt 0.88974017 -0.47535515
vt 0.8883015 -0.47323012
vt 0.871186 -0.49402142
vt 0.8690478 -0.4926095
vt 0.8611794 -0.51831746
vt 0.8586727 -0.51782775
vt 0.700848 -0.6319325
vt 0.70661503 -0.6460053
vt 0.69602406 -0.64797854
vt 0.6891424 -0.63398707
vt 0.6836386 -0.6498244
vt 0.67501795 -0.6362436
vt 0.6695621 -0.6516366
vt 0.65915 -0.6385572
vt 0.65483344 -0.652724
vt 0.64162195 -0.6408293
vt 0.6410047 -0.65583265
vt 0.6277797 -0.6426306
vt 0.6294262 -0.6591711
vt 0.6166226 -0.6457341
vt 0.62230164 -0.6626526
vt 0.6097085 -0.64966226
vt 0.70963085 -0.629884
vt 0.7143116 -0.6440489
vt 0.64939845 -0.6691921
vt 0.6551363 -0.6751845
vt 0.63844085 -0.674785
vt 0.6363165 -0.6704085
vt 0.6286038 -0.6751275
vt 0.6281353 -0.6715975
vt 0.7205894 -0.6637794
vt 0.7245068 -0.68293476
vt 0.71729517 -0.68347955
vt 0.7134644 -0.66511273
vt 0.7071654 -0.6839156
vt 0.70339257 -0.666342
vt 0.6955168 -0.6843884
vt 0.69185746 -0.66732883
vt 0.68187785 -0.68541265
vt 0.6786851 -0.6683278
vt 0.6702424 -0.6793668
vt 0.6641233 -0.66914785
vt 0.6702424 -0.6793668
vt 0.7090885 -0.70014787
vt 0.7064255 -0.7126293
vt 0.6967307 -0.70878124
vt 0.69890225 -0.69844365
vt 0.7253065 -0.70280504
vt 0.72117835 -0.7191229
vt 0.7148639 -0.7162912
vt 0.71831757 -0.70176244
vt 0.689043 -0.7057507
vt 0.68741274 -0.6967821
vt 0.36427608 -0.78570473
vt 0.3590926 -0.7845218
vt 0.35008875 -0.79926157
vt 0.35379386 -0.79967
vt 0.7123697 -0.73185253
vt 0.7006199 -0.74234676
vt 0.6962179 -0.73772764
vt 0.70880544 -0.7281983
vt 0.69589365 -0.7150378
vt 0.68763506 -0.7245933
vt 0.68280673 -0.7194079
vt 0.6864244 -0.71351004
vt 0.6770479 -0.75311565
vt 0.66705686 -0.75547457
vt 0.66645956 -0.748654
vt 0.675269 -0.74590707
vt 0.6646459 -0.7422383
vt 0.67091876 -0.74000204
vt 0.6871943 -0.74231696
vt 0.6837615 -0.7349546
vt 0.6919098 -0.7304157
vt 0.6794638 -0.7287723
vt 0.69026005 -0.7485528
vt 0.60002685 -0.74031067
vt 0.60472906 -0.7372544
vt 0.6065154 -0.7385254
vt 0.60224646 -0.7412658
vt 0.5878916 -0.74382925
vt 0.5951586 -0.73682785
vt 0.5983551 -0.73854184
vt 0.5916725 -0.7462604
vt 0.5983551 -0.73854184
vt 0.60614836 -0.7343564
vt 0.607574 -0.74019194
vt 0.60460776 -0.744133
vt 0.66645956 -0.748654
vt 0.655883 -0.7504108
vt 0.6548342 -0.7413995
vt 0.6646459 -0.7422383
vt 0.66705686 -0.75547457
vt 0.65605974 -0.7561228
vt 0.70709294 -0.6211088
vt 0.6971887 -0.62257326
vt 0.60505235 -0.63293815
vt 0.59760815 -0.63675
vt 0.6165853 -0.63020325
vt 0.63115335 -0.6284294
vt 0.6503936 -0.6273626
vt 0.6679467 -0.6257527
vt 0.6839782 -0.6240486
vt 0.70779485 -0.56977284
vt 0.6922963 -0.5708437
vt 0.6727337 -0.57219553
vt 0.6508167 -0.5737101
vt 0.62909764 -0.57521105
vt 0.60939837 -0.5765722
vt 0.5932077 -0.57769084
vt 0.5804664 -0.57857156
vt 0.7195167 -0.5689628
vt 0.7048332 -0.7189164
vt 0.63844085 -0.674785
vt 0.63082826 -0.6835072
vt 0.62553203 -0.67843986
vt 0.6286038 -0.6751275
vt 0.6551363 -0.6751845
vt 0.63689303 -0.6900079
vt 0.6141053 -0.69606805
vt 0.60455704 -0.70068145
vt 0.60204554 -0.69378436
vt 0.61061317 -0.6897328
vt 0.61924183 -0.7037258
vt 0.60709566 -0.7053399
vt 0.62786627 -0.6978036
vt 0.6222218 -0.69081426
vt 0.61794037 -0.68500376
vt 0.6043378 -0.7328725
vt 0.6125871 -0.72774816
vt 0.61403835 -0.73017967
vt 0.5966091 -0.7492914
vt 0.60224646 -0.7412658
vt 0.60460776 -0.744133
vt 0.6001706 -0.75163174
vt 0.60002685 -0.74031067
vt 0.5939127 -0.74806225
vt 0.60224646 -0.7412658
vt 0.5966091 -0.7492914
vt 0.58968115 -0.7527821
vt 0.5928798 -0.75450087
vt 0.5870186 -0.7509148
vt 0.58968115 -0.7527821
vt 0.5928798 -0.75450087
vt 0.5970936 -0.75693715
vt 0.58394754 -0.74916065
vt 0.60354716 -0.7534194
vt 0.6008781 -0.7588508
vt 0.60639155 -0.7543583
vt 0.6092619 -0.7552457
vt 0.60735565 -0.76105523
vt 0.6041189 -0.7600584
vt 0.6130109 -0.7564895
vt 0.61228806 -0.7620394
vt 0.60354716 -0.7534194
vt 0.6008781 -0.7588508
vt 0.6183613 -0.75719774
vt 0.61837155 -0.76223505
vt 0.6242077 -0.75640965
vt 0.624775 -0.761539
vt 0.63433415 -0.7540486
vt 0.6352109 -0.7593293
vt 0.64516425 -0.7516308
vt 0.64588296 -0.75751007
vt 0.63285214 -0.73762417
vt 0.6203219 -0.73634124
vt 0.63028365 -0.7332804
vt 0.61227256 -0.7396982
vt 0.64124227 -0.7306682
vt 0.6385915 -0.72467446
vt 0.6515205 -0.72087145
vt 0.65269816 -0.7271695
vt 0.65865004 -0.7203524
vt 0.6607413 -0.7290418
vt 0.6662471 -0.71803665
vt 0.6761035 -0.7157285
vt 0.6583937 -0.68404293
vt 0.6414063 -0.696578
vt 0.6702424 -0.6793668
vt 0.6702146 -0.6852193
vt 0.68011117 -0.6996267
vt 0.6770793 -0.6901715
vt 0.68187785 -0.68541265
vt 0.6770793 -0.6901715
vt 0.680487 -0.7073722
vt 0.6814257 -0.74364805
vt 0.67644477 -0.73784924
vt 0.6837659 -0.750937
vt 0.66817737 -0.73831916
vt 0.67091876 -0.74000204
vt 0.6646459 -0.7422383
vt 0.66395926 -0.7395463
vt 0.6703535 -0.7344446
vt 0.60455704 -0.70068145
vt 0.59661674 -0.70237803
vt 0.5948194 -0.69604445
vt 0.60204554 -0.69378436
vt 0.65380985 -0.73364055
vt 0.65838623 -0.7330229
vt 0.6597924 -0.7375665
vt 0.6173434 -0.7321259
vt 0.62611747 -0.7280476
vt 0.6432452 -0.73632
vt 0.64341885 -0.74461997
vt 0.632219 -0.746428
vt 0.632219 -0.746428
vt 0.59137607 -0.7038399
vt 0.58904374 -0.69790566
vt 0.59137607 -0.7038399
vt 0.58671653 -0.70706034
vt 0.58321023 -0.7008076
vt 0.58904374 -0.69790566
vt 0.6125871 -0.72774816
vt 0.61057806 -0.72599435
vt 0.6139037 -0.7197745
vt 0.6169872 -0.72026324
vt 0.617575 -0.7150867
vt 0.6137253 -0.7167072
vt 0.6092635 -0.7136893
vt 0.61123484 -0.7103596
vt 0.6034842 -0.730036
vt 0.6169872 -0.72026324
vt 0.6139037 -0.7197745
vt 0.6137253 -0.7167072
vt 0.617575 -0.7150867
vt 0.58414334 -0.709164
vt 0.58399594 -0.7111509
vt 0.5782149 -0.7038262
vt 0.57926476 -0.7031026
vt 0.5900928 -0.7121916
vt 0.5906148 -0.71327806
vt 0.58399594 -0.7111509
vt 0.58414334 -0.709164
vt 0.59935266 -0.71024394
vt 0.5995922 -0.7113862
vt 0.5625536 -0.6925752
vt 0.5644809 -0.69035125
vt 0.5862709 -0.7407403
vt 0.5945664 -0.73388267
vt 0.5815097 -0.74778605
vt 0.5405604 -0.6678244
vt 0.5448823 -0.66767573
vt 0.54427916 -0.66989064
vt 0.539456 -0.6700492
vt 0.5661195 -0.6446669
vt 0.5678411 -0.6467899
vt 0.5586093 -0.65036917
vt 0.55662006 -0.64950955
vt 0.6055938 -0.74722815
vt 0.55090976 -0.68071556
vt 0.54160297 -0.6731192
vt 0.5450191 -0.67307496
vt 0.5549431 -0.67991805
vt 0.55090976 -0.68071556
vt 0.5549431 -0.67991805
vt 0.55917555 -0.6873858
vt 0.55638915 -0.68856084
vt 0.539456 -0.6700492
vt 0.54427916 -0.66989064
vt 0.5439685 -0.6632899
vt 0.5472729 -0.663713
vt 0.61123484 -0.7103596
vt 0.6092635 -0.7136893
vt 0.55662006 -0.64950955
vt 0.5586093 -0.65036917
vt 0.5510854 -0.65849507
vt 0.5495091 -0.656827
vt 0.5495091 -0.656827
vt 0.546409 -0.6548352
vt 0.55415887 -0.6471294
vt 0.55662006 -0.64950955
vt 0.55662006 -0.64950955
vt 0.55415887 -0.6471294
vt 0.56536055 -0.64218926
vt 0.5661195 -0.6446669
vt 0.5661195 -0.6446669
vt 0.56536055 -0.64218926
vt 0.55090976 -0.68071556
vt 0.5466799 -0.6820793
vt 0.5366034 -0.67400384
vt 0.54160297 -0.6731192
vt 0.55638915 -0.68856084
vt 0.5539798 -0.69099534
vt 0.5625536 -0.6925752
vt 0.56225777 -0.69491124
vt 0.5539798 -0.69099534
vt 0.55638915 -0.68856084
vt 0.56225777 -0.69491124
vt 0.5625536 -0.6925752
vt 0.5318334 -0.6702887
vt 0.539456 -0.6700492
vt 0.5405604 -0.6678244
vt 0.53337914 -0.66746306
vt 0.5392969 -0.66201806
vt 0.5439685 -0.6632899
vt 0.5472729 -0.663713
vt 0.5439685 -0.6632899
vt 0.61873484 -0.74703646
vt 0.621532 -0.7486272
vt 0.61890566 -0.75097203
vt 0.61738193 -0.7489126
vt 0.55938923 -0.7311944
vt 0.5525491 -0.72922087
vt 0.55425036 -0.72769046
vt 0.5582195 -0.72853065
vt 0.5602198 -0.7222967
vt 0.56292355 -0.728348
vt 0.5600175 -0.7268648
vt 0.55893266 -0.72348833
vt 0.54894423 -0.71802497
vt 0.5543904 -0.71803415
vt 0.5536561 -0.7201438
vt 0.5499911 -0.72015715
vt 0.5476993 -0.7277224
vt 0.549785 -0.7260226
vt 0.54507697 -0.725199
vt 0.5476167 -0.72425413
vt 0.5450425 -0.7215773
vt 0.54834795 -0.7213291
vt 0.5450425 -0.7215773
vt 0.54834795 -0.7213291
vt 0.61241364 -0.7486336
vt 0.61738193 -0.7489126
vt 0.61890566 -0.75097203
vt 0.614533 -0.7521416
vt 0.61890566 -0.75097203
vt 0.621532 -0.7486272
vt 0.60823333 -0.74870396
vt 0.6055938 -0.74722815
vt 0.621532 -0.7486272
vt 0.61175716 -0.7356094
vt 0.56152 -0.66857886
vt 0.56128913 -0.6703284
vt 0.5635405 -0.66046965
vt 0.56240624 -0.66539216
vt 0.56128913 -0.6703284
vt 0.56140196 -0.67287576
vt 0.56240624 -0.66539216
vt 0.56140196 -0.67287576
vt 0.5655491 -0.6791221
vt 0.5450191 -0.67307496
vt 0.5549431 -0.67991805
vt 0.5472729 -0.663713
vt 0.5448823 -0.66767573
vt 0.54427916 -0.66989064
vt 0.5450191 -0.67307496
vt 0.5510854 -0.65849507
vt 0.5472729 -0.663713
vt 0.54427916 -0.66989064
vt 0.55917555 -0.6873858
vt 0.5678411 -0.6467899
vt 0.5586093 -0.65036917
vt 0.57926476 -0.7031026
vt 0.5989417 -0.7061615
vt 0.59661674 -0.70237803
vt 0.60709566 -0.7053399
vt 0.61983293 -0.70955825
vt 0.61123484 -0.7103596
vt 0.62349623 -0.7133646
vt 0.617575 -0.7150867
vt 0.61123484 -0.7103596
vt 0.61983293 -0.70955825
vt 0.62223923 -0.7223108
vt 0.6169872 -0.72026324
vt 0.66522944 -0.72786474
vt 0.66492796 -0.72903156
vt 0.66134495 -0.7300025
vt 0.6607413 -0.7290418
vt 0.6597924 -0.7375665
vt 0.6605883 -0.7367902
vt 0.66390777 -0.7384387
vt 0.65952635 -0.7331847
vt 0.65838623 -0.7330229
vt 0.66733146 -0.73744154
vt 0.6691157 -0.73431444
vt 0.6703535 -0.7344446
vt 0.6691764 -0.73014045
vt 0.6681281 -0.7308397
vt 0.69435567 -0.9347328
vt 0.6914396 -0.94080925
vt 0.67389625 -0.94092727
vt 0.67175776 -0.934469
vt 0.7098751 -0.9732096
vt 0.70338863 -0.97066617
vt 0.704224 -0.9533299
vt 0.710142 -0.9508382
vt 0.6554086 -0.95047104
vt 0.6615818 -0.95346487
vt 0.6620936 -0.97103393
vt 0.6554086 -0.973909
vt 0.6554086 -0.973909
vt 0.6620936 -0.97103393
vt 0.6745506 -0.9833354
vt 0.67245954 -0.9897015
vt 0.710142 -0.9508382
vt 0.704224 -0.9533299
vt 0.6914396 -0.94080925
vt 0.69435567 -0.9347328
vt 0.6946681 -0.9890479
vt 0.69199944 -0.9832907
vt 0.70338863 -0.97066617
vt 0.7098751 -0.9732096
vt 0.67175776 -0.934469
vt 0.67389625 -0.94092727
vt 0.6615818 -0.95346487
vt 0.6554086 -0.95047104
vt 0.67245954 -0.9897015
vt 0.6745506 -0.9833354
vt 0.69199944 -0.9832907
vt 0.6946681 -0.9890479
vt 0.6702146 -0.6852193
vt 0.66762185 -0.6958306
vt 0.65769017 -0.6949961
vt 0.6583937 -0.68404293
vt 0.6770793 -0.6901715
vt 0.6684594 -0.70800924
vt 0.64300907 -0.700521
vt 0.6414063 -0.696578
vt 0.63137925 -0.7085097
vt 0.6304938 -0.70382524
vt 0.6304938 -0.70382524
vt 0.63516164 -0.71890116
vt 0.64786816 -0.7152314
vt 0.6515205 -0.72087145
vt 0.6589718 -0.71096337
vt 0.33680046 -0.8224313
vt 0.34271234 -0.82420444
vt 0.01492555 -0.78346896
vt 0.012306638 -0.7807553
vt 0.013657404 -0.7689874
vt 0.019467143 -0.76830316
vt 0.019176815 -0.7498468
vt 0.014482773 -0.7564331
vt 0.00963342 -0.75592923
vt 0.011493234 -0.74775577
vt 0.012306638 -0.7807553
vt 0.010006858 -0.78897476
vt 0.008460734 -0.7884562
vt 0.006400535 -0.7784138
vt 0.011493234 -0.74775577
vt 0.008345702 -0.7425282
vt 0.7213852 -0.56317616
vt 0.7195167 -0.5689628
vt 0.7093941 -0.56400466
vt 0.5936456 -0.5720031
vt 0.58081114 -0.5728899
vt 0.6100316 -0.57087076
vt 0.6298614 -0.56950057
vt 0.65179217 -0.56798506
vt 0.67382014 -0.5664629
vt 0.69352627 -0.56510115
vt 0.20540863 -0.7560215
vt 0.22108209 -0.76374555
vt 0.19246756 -0.750545
vt 0.18149926 -0.75052536
vt 0.28802097 -0.7654383
vt 0.2902389 -0.7549803
vt 0.30041045 -0.75114775
vt 0.3010839 -0.7611463
vt 0.2751216 -0.77029514
vt 0.27751583 -0.7620708
vt 0.2902389 -0.7549803
vt 0.28802097 -0.7654383
vt 0.26019633 -0.7665546
vt 0.27751583 -0.7620708
vt 0.24059922 -0.7673435
vt 0.549785 -0.7260226
vt 0.5522998 -0.7250941
vt 0.55425704 -0.7256136
vt 0.55425036 -0.72769046
vt 0.5536561 -0.7201438
vt 0.55391407 -0.72306025
vt 0.5524219 -0.72291744
vt 0.5499911 -0.72015715
vt 0.5600175 -0.7268648
vt 0.55648524 -0.72559404
vt 0.5559899 -0.7245158
vt 0.55893266 -0.72348833
vt 0.5476167 -0.72425413
vt 0.55138046 -0.7246189
vt 0.5582195 -0.72853065
vt 0.5557992 -0.7261536
vt 0.55648524 -0.72559404
vt 0.5600175 -0.7268648
vt 0.55893266 -0.72348833
vt 0.5559899 -0.7245158
vt 0.5499911 -0.72015715
vt 0.5524219 -0.72291744
vt 0.5557992 -0.7261536
vt 0.5582195 -0.72853065
vt 0.5557992 -0.7261536
vt 0.55425704 -0.7256136
vt 0.5559899 -0.7245158
vt 0.55648524 -0.72559404
vt 0.5522998 -0.7250941
vt 0.55391407 -0.72306025
vt 0.55138046 -0.7246189
vt 0.5524219 -0.72291744
vt 0.3674176 -0.7889166
vt 0.37454316 -0.78651834
vt 0.37081316 -0.7787329
vt 0.36427608 -0.78570473
vt 0.028778369 -0.6467726
vt 0.026249493 -0.6503562
vt 0.026249493 -0.6503562
vt 0.028778369 -0.6467726
vt 0.009963418 -0.6421356
vt 0.01929679 -0.63546133
vt 0.02251404 -0.645355
vt 0.017711455 -0.6488006
vt 0.017711455 -0.6488006
vt 0.020703906 -0.6510755
vt 0.16227527 -0.76358175
vt 0.0026475396 -0.7602304
vt 0.006743364 -0.7662649
vt 0.16696197 -0.77970564
vt 0.1782706 -0.7804601
vt 0.3649095 -0.8303195
vt 0.34271234 -0.82420444
vt 0.39807656 -0.842026
vt 0.3649095 -0.8303195
vt 0.15718089 -0.78237724
vt 0.15271193 -0.7773018
vt 0.15718089 -0.78237724
vt 0.0105920015 -0.75923634
vt 0.00963342 -0.75592923
vt 0.00963342 -0.75592923
vt 0.0105920015 -0.75923634
vt 0.024290219 -0.7571591
vt 0.01711138 -0.7602041
vt 0.014482773 -0.7564331
vt 0.019176815 -0.7498468
vt 0.014410726 -0.76115656
vt 0.01711138 -0.7602041
vn 0.0 -1.0 0.0
vn 0.0 -1.0 0.0
vn 0.0 -1.0 0.0
vn 0.0 -1.0 0.0
vn 0.0 -1.0 0.0
vn 0.0 -1.0 0.0
vn 0.0 -1.0 0.0
vn 0.0 -1.0 0.0
vn 0.0 -1.0 0.0
vn 0.0 -1.0 0.0
vn 0.7724881 -0.47350046 0.42315412
vn 0.7514171 -0.50185657 0.42838338
vn 0.5693156 -0.5918808 0.570576
vn 0.98081976 0.19405687 -0.018289773
vn 0.9481849 0.31211892 -0.059389636
vn 0.96965665 0.23734313 0.058601573
vn 0.3526833 0.25353593 0.90074086
vn 0.3526833 0.25353593 0.90074086
vn 0.3526833 0.25353593 0.90074086
vn 0.95511717 0.23542242 0.17979845
vn 0.9825172 0.17626642 0.059917107
vn 0.97281706 0.15508695 0.171974
vn 0.7741943 -0.5760714 0.26223096
vn 0.71875316 -0.6945744 0.030990023
vn 0.45982143 -0.800737 0.38390693
vn 0.9241006 0.38165858 0.01936255
vn 0.97806466 0.2019913 -0.05088392
vn 0.8979452 0.37118402 -0.23646733
vn 0.8069158 0.34341192 -0.48057786
vn 0.76084244 0.49970508 -0.41402134
vn 0.9721959 0.114665054 -0.20417412
vn 0.9036909 0.1862797 -0.385542
vn 0.7704044 0.59055144 -0.24026236
vn 0.837635 0.542887 -0.060343552
vn 0.97777957 0.11814513 -0.17317235
vn 0.8181024 0.38918015 -0.42337593
vn 0.9113627 0.22639945 -0.34374583
vn 0.47473183 -0.86109287 0.18206798
vn 0.47473183 -0.86109287 0.18206798
vn 0.47473183 -0.86109287 0.18206798
vn 0.6266075 0.7589282 -0.17717543
vn 0.57536805 0.7406613 -0.3469473
vn 0.6444258 0.7405359 -0.19058302
vn 0.0 -1.0 0.0
vn 0.0 -1.0 0.0
vn 0.0 -1.0 0.0
vn 0.0 -1.0 0.0
vn 0.0 -1.0 0.0
vn 0.0 -1.0 0.0
vn 0.0 -1.0 0.0
vn -0.9503523 0.19405133 -0.24325821
vn -0.95716226 0.23734206 -0.16585931
vn -0.9091444 0.31211752 -0.27575213
vn -0.4283228 0.2970455 0.85340714
vn -0.4283228 0.2970455 0.85340714
vn -0.4283228 0.2970455 0.85340714
vn -0.9708715 0.23542015 -0.044562537
vn -0.9862338 0.15826876 -0.04789614
vn -0.9699789 0.17626841 -0.16754213
vn -0.81373423 -0.576081 0.077248506
vn -0.53575057 -0.8007399 0.26793078
vn -0.7066234 -0.69458175 -0.1350543
vn -0.90381026 0.38164246 -0.19358733
vn -0.81954676 0.37117675 -0.43654427
vn -0.9401768 0.20198628 -0.2743521
vn -0.6748506 0.34341088 -0.65318114
vn -0.64530474 0.49970496 -0.57782066
vn -0.89922994 0.114665285 -0.42218173
vn -0.7908761 0.18627419 -0.5829383
vn -0.69454724 0.5905436 -0.4109286
vn -0.8013378 0.5428733 -0.25128928
vn -0.8490069 -0.47360033 0.23428616
vn -0.68533474 -0.5918676 0.42427462
vn -0.8297761 -0.50184464 0.24417958
vn -0.50387305 -0.8610932 0.06804741
vn -0.50387305 -0.8610932 0.06804741
vn -0.50387305 -0.8610932 0.06804741
vn -0.91180164 0.11811961 -0.39327547
vn -0.80792093 0.22640863 -0.5440615
vn -0.6988781 0.38917866 -0.6000911
vn -0.569095 0.75893056 -0.31647307
vn -0.58335394 0.7405368 -0.3336216
vn -0.48020115 0.74066186 -0.46992207
vn 0.7831493 0.5124194 0.35228345
vn 0.81007326 0.4429501 0.38415697
vn 0.768547 0.47863987 0.42454588
vn -0.8431629 0.51240635 0.16283767
vn -0.8455616 0.47862998 0.2365138
vn -0.8766897 0.44294217 0.18766308
vn 0.16624634 0.63538474 0.75408787
vn 0.39454028 0.64249855 0.65691215
vn 0.1993355 0.37526077 0.90523183
vn 0.21295416 0.27190775 0.93846506
vn 0.42890534 -0.21428655 -0.8775656
vn 0.41471425 -0.3461952 -0.84152305
vn 0.44193178 -0.032439403 -0.8964619
vn 0.45326266 0.026430411 -0.8909851
vn 0.9328721 -0.043918453 -0.35752043
vn 0.8297253 -0.20898335 -0.5175731
vn 0.8546804 0.027783543 -0.5184105
vn 0.93190235 0.0649827 -0.35684073
vn 0.9899775 0.08769777 -0.110697076
vn 0.98952067 0.09206496 -0.111234
vn 0.97287613 0.20595518 0.10533042
vn 0.9857945 0.12790683 0.10885371
vn 0.89340895 0.334132 0.30029353
vn 0.9319225 0.17509615 0.3175874
vn 0.7301427 0.47606072 0.49016106
vn 0.80539906 0.23316988 0.5449442
vn 0.6907902 0.22837904 0.6860408
vn 0.18603182 0.79564613 -0.57648885
vn 0.18064636 0.80733615 -0.56176084
vn 0.24404995 0.8112238 -0.5313714
vn 0.30235568 0.7938722 -0.52758694
vn 0.43130806 0.8117043 -0.39383963
vn 0.4793612 0.7960018 -0.36958626
vn 0.54471254 0.8143452 -0.20032538
vn 0.5800402 0.79893035 -0.15894532
vn 0.57679 0.8166306 0.020679612
vn 0.5952114 0.80018115 0.07371319
vn 0.52692556 0.81613636 0.23721501
vn 0.5245923 0.7983575 0.29568285
vn 0.3998891 0.8138204 0.4216455
vn 0.3745187 0.7956071 0.47617754
vn 0.20579785 0.81190974 0.5463057
vn 0.16169783 0.7941048 0.58587664
vn 0.047271788 0.80712414 0.58848625
vn 0.05035792 0.77969015 0.62413734
vn 0.22454216 0.15241826 0.96247053
vn 0.2226355 0.15711626 0.9621579
vn 0.489453 0.021453872 0.87176573
vn 0.22157508 -0.041425288 0.974263
vn 0.69516546 0.2538868 -0.67252254
vn 0.45228392 0.20158915 -0.8687929
vn 0.41285688 0.5095037 -0.75495374
vn 0.6316216 0.50447845 -0.58868974
vn 0.91202706 0.20384128 -0.3558867
vn 0.8623146 0.36743972 -0.34842736
vn 0.981034 0.15626577 -0.11468849
vn 0.9673671 0.22977017 -0.10680183
vn 0.9844151 0.13574561 0.111803316
vn 0.9832921 0.13606076 0.12093064
vn 0.9387854 0.12013189 0.32287824
vn 0.9411485 0.06840702 0.3309984
vn 0.8184609 0.124495566 0.56091225
vn 0.81326556 0.033439748 0.58093107
vn 0.69602257 0.13318788 0.705559
vn 0.20106488 0.31514898 0.9274988
vn 0.3260485 0.3172048 0.89054674
vn 0.07531653 0.31138223 0.9472953
vn 0.07559445 0.3121522 0.9470198
vn 0.5497063 0.31989017 0.7716821
vn 0.6899582 0.0307719 0.72319484
vn 0.79863685 0.33264178 0.50152636
vn 0.8781351 0.28074998 0.3873737
vn 0.92504615 0.34139755 0.16654529
vn 0.9062906 0.41938797 0.052451245
vn 0.9212424 0.33855873 -0.19154736
vn 0.87450945 0.39633504 -0.2795565
vn 0.7839591 0.3273663 -0.5274841
vn 0.74671453 0.24858637 -0.61694586
vn 0.5206292 0.31672642 -0.79286164
vn 0.43494958 0.09483244 -0.8954472
vn 0.29055843 0.31116623 -0.9048488
vn 0.3049203 0.051362786 -0.9509918
vn 0.9633542 0.2432003 0.11314782
vn 0.9123161 -0.014629151 0.40922529
vn 0.9515046 0.25658587 -0.16971359
vn 0.8725935 0.24609482 -0.42192167
vn 0.60064584 0.053975083 -0.7976912
vn 0.3221415 -0.12527889 -0.93836564
vn 0.078027524 -0.54178995 0.8368843
vn 0.33119112 -0.44497207 0.832053
vn 0.24836066 -0.691226 0.67861885
vn 0.07744519 -0.7966056 0.599518
vn 0.63638717 -0.42609292 0.6430057
vn 0.20896977 0.0 0.977922
vn 0.32514068 0.02210866 0.94540715
vn 0.080287166 0.011387235 0.99670666
vn 0.08029238 0.0 0.99677134
vn 0.56729805 0.0 0.8235125
vn 0.6621825 0.022109574 0.74901634
vn 0.83925956 0.0 0.5437309
vn 0.8984136 0.022111904 0.4385933
vn 0.9834517 0.0 0.18116988
vn 0.9978683 0.022108039 0.061401177
vn 0.9779222 0.0 -0.20896901
vn 0.9454072 0.022107756 -0.32514077
vn 0.82351226 0.0 -0.56729853
vn 0.74901617 0.022108631 -0.66218275
vn 0.54373133 0.0 -0.8392594
vn 0.43859458 0.022109728 -0.898413
vn 0.30726665 0.0 -0.9516235
vn 0.30702293 0.039835937 -0.950868
vn 0.09188773 0.90455 0.41634843
vn 0.14630315 0.9043996 0.40082034
vn 0.03473009 0.9016135 0.43114594
vn 0.034730207 0.90161365 0.43114567
vn 0.24422348 0.90454966 0.34949222
vn 0.2885544 0.904399 0.31432277
vn 0.35937873 0.9045491 0.22942953
vn 0.38687584 0.90439874 0.17997234
vn 0.41982117 0.90454924 0.07443743
vn 0.426298 0.9043993 0.01822095
vn 0.41634873 0.9045497 -0.09188839
vn 0.40082046 0.90439934 -0.14630337
vn 0.34949258 0.9045495 -0.2442237
vn 0.3143231 0.9043988 -0.28855482
vn 0.22942957 0.90454906 -0.3593789
vn 0.1799717 0.9043989 -0.38687554
vn 0.13290654 0.90161324 -0.41161817
vn 0.13290568 0.9016137 -0.41161728
vn 0.09761342 -0.88092595 0.46307787
vn 0.15725818 -0.79179335 0.59019756
vn 0.046005495 -0.8195734 0.57112426
vn 0.03850072 -0.87753195 0.47797015
vn 0.26739672 -0.8809248 0.39047468
vn 0.37114528 -0.79179466 0.48509
vn 0.39647004 -0.88092476 0.25842398
vn 0.52852845 -0.79179525 0.30613416
vn 0.46518436 -0.88092524 0.08703023
vn 0.6054507 -0.791794 0.08057174
vn 0.463077 -0.8809264 -0.097613454
vn 0.5901971 -0.79179376 -0.15725775
vn 0.39047322 -0.88092595 -0.26739508
vn 0.48516032 -0.79171896 -0.37121505
vn 0.25842443 -0.88092357 -0.39647245
vn 0.3061738 -0.7917351 -0.52859545
vn 0.1473416 -0.87752974 -0.4563245
vn 0.20294379 -0.7508589 -0.62850994
vn 0.2069662 -0.122748084 0.9706173
vn 0.27074206 0.1302889 0.95379424
vn 0.08020911 0.04702627 0.9956682
vn 0.07970486 -0.12073752 0.9894794
vn 0.56277156 -0.121894106 0.8175757
vn 0.6151401 0.1333956 0.7770511
vn 0.83291733 -0.12065906 0.54008347
vn 0.8650532 0.13765222 0.48242593
vn 0.9760853 -0.12132147 0.18038446
vn 0.9836615 0.13859527 0.11489757
vn 0.9708595 -0.12035835 -0.20723313
vn 0.95234144 0.14002521 -0.2709958
vn 0.81783396 -0.11799474 -0.5632272
vn 0.77669543 0.13857809 -0.61444306
vn 0.5402966 -0.12066671 -0.8327779
vn 0.48339054 0.13216628 -0.8653702
vn 0.30509257 -0.1205101 -0.94466704
vn 0.30087352 0.20543364 -0.9312745
vn 0.22131555 0.6046261 0.7651449
vn 0.068206415 0.5286144 0.84611744
vn 0.49626487 0.6083987 0.619332
vn 0.6917045 0.6135042 0.38099548
vn 0.7830321 0.6157797 0.08761328
vn 0.75736874 0.61499685 -0.21947978
vn 0.6194292 0.6105264 -0.49352294
vn 0.3856751 0.6049733 -0.69660753
vn 0.23215257 0.65590787 -0.7182548
vn 0.22740526 -0.672558 -0.704239
vn 0.31566972 -0.67884195 -0.66296774
vn 0.5454509 -0.67866296 -0.49183318
vn 0.6920166 -0.67880887 -0.24562484
vn 0.73322654 -0.6789264 0.0379188
vn 0.66289866 -0.67893016 0.31562522
vn 0.49165294 -0.67893237 0.5452781
vn 0.24556004 -0.6789303 0.69192046
vn 0.05941982 -0.6725629 0.7376507
vn 0.3265417 0.24179135 0.9137327
vn 0.07798762 0.23789747 0.9681543
vn 0.65135336 0.24180613 0.7192139
vn 0.87700385 0.24180318 0.41520548
vn 0.9691478 0.24176414 0.04798727
vn 0.91373336 0.24178757 -0.32654268
vn 0.71921664 0.24179101 -0.651356
vn 0.415207 0.24179319 -0.8770058
vn 0.29844785 0.23788688 -0.9243044
vn 0.07315522 -0.77478313 -0.6279805
vn 0.07315557 -0.7747807 -0.62798333
vn 0.27175516 -0.7741292 -0.5717281
vn 0.34490094 -0.77407736 -0.5308932
vn 0.46986142 -0.7741269 -0.42421427
vn 0.52181304 -0.7740748 -0.35849598
vn 0.5964333 -0.7741288 -0.21211322
vn 0.619281 -0.77407664 -0.13151617
vn 0.6322083 -0.7741258 0.03227787
vn 0.62247175 -0.7740754 0.11548237
vn 0.57172763 -0.7741299 0.27175412
vn 0.5308918 -0.7740789 0.34489965
vn 0.42421305 -0.77412814 0.46986055
vn 0.3584957 -0.7740748 0.5218131
vn 0.21211433 -0.7741267 0.5964356
vn 0.13151692 -0.77407527 0.6192824
vn -0.0731557 -0.7747804 0.62798375
vn -0.07315559 -0.7747808 0.62798333
vn 0.44603553 -0.27456155 0.85186166
vn 0.7670046 -0.18214491 0.6152455
vn 0.72813016 -0.15817279 0.6669391
vn 0.41615206 -0.22072355 0.8820989
vn 0.9342683 -0.0631486 0.35093436
vn 0.91898245 -0.07045854 0.38795212
vn 0.9882023 0.101470746 0.11471734
vn 0.99243295 0.05636297 0.10908756
vn 0.9419612 0.3232929 -0.09050314
vn 0.95452243 0.25926346 -0.14720535
vn 0.7592238 0.5607682 -0.33033052
vn 0.7712296 0.5205285 -0.3664082
vn 0.50755715 0.70974594 -0.48851448
vn 0.5017523 0.7040437 -0.5025605
vn 0.33089796 0.7541149 -0.56728935
vn 0.3142147 0.7792145 -0.5423044
vn 0.20114502 -0.3093123 0.9294442
vn 0.19708972 -0.23458846 0.95190537
vn 0.79813856 0.4112501 -0.44028196
vn 0.562239 0.52911514 -0.6355505
vn 0.5967374 0.5525058 -0.58192945
vn 0.7608782 0.4372049 -0.4794959
vn 0.3483323 0.60719645 -0.7141268
vn 0.52274835 0.26490137 -0.81028473
vn 0.20683019 -0.07448839 0.9755371
vn 0.41063035 -0.09531719 0.9068061
vn 0.42562807 0.08198612 0.9011764
vn 0.21486966 0.1323955 0.9676272
vn 0.7082134 -0.07085017 0.7024343
vn 0.7124316 0.042767465 0.7004371
vn 0.90804404 -0.035290983 0.4173854
vn 0.90575105 0.012593399 0.42362303
vn 0.99153376 0.016712217 0.12876907
vn 0.9700733 -0.0016531004 0.24280672
vn 0.9662139 0.17862774 -0.18580325
vn 0.9966179 0.020662019 -0.07953499
vn 0.82600695 0.23178175 -0.5137993
vn 0.71246433 0.21377213 0.6683532
vn 0.8980347 0.09045865 0.43052402
vn 0.8933132 0.25286254 0.37155345
vn 0.71978945 0.44638598 0.53164154
vn 0.22410423 0.4165 0.8810817
vn 0.42642787 0.32272106 0.8449914
vn 0.44748607 0.63203794 0.6326802
vn 0.26591337 0.7486987 0.60724
vn 0.92394894 0.02886777 0.38142505
vn 0.93386936 0.14108634 0.32860708
vn 0.7497303 0.42446107 -0.5076783
vn 0.4692124 0.6312128 -0.6175841
vn -0.80016893 0.5947593 0.07740257
vn -0.7600286 0.6479643 0.04998952
vn -0.7941089 0.5990271 0.10275063
vn -0.7518486 0.63406837 0.18077864
vn 0.24903312 0.9365919 0.24653184
vn 0.39435264 0.84149057 0.36929613
vn 0.34744728 0.9376018 0.013534538
vn 0.18273135 0.9826767 -0.030915653
vn 0.89386743 0.3551496 0.2736232
vn 0.9411613 0.2548128 0.2220043
vn 0.9584766 0.20003353 0.20324671
vn 0.93820655 0.3211403 0.12898648
vn 0.09710576 0.95239276 -0.28899577
vn 0.270797 0.92241997 -0.27533695
vn 0.22190705 0.93670195 -0.27082586
vn 0.09901647 0.95374763 -0.28383297
vn 0.4292284 0.86966777 -0.24380532
vn 0.43798533 0.86398 -0.24840991
vn 0.70364314 0.71046656 -0.011109736
vn 0.6247601 0.7762704 -0.084137455
vn 0.35833132 0.9148808 -0.18598875
vn 0.87505686 0.48241484 -0.039385594
vn 0.21071076 0.92658514 -0.31151393
vn 0.9548152 -0.0461644 -0.2935929
vn 0.9319986 -0.110394865 -0.3452415
vn 0.9956335 -0.045702096 -0.08139617
vn 0.97404456 -0.18612184 -0.12882443
vn 0.50567585 0.14340436 -0.85072154
vn 0.48519984 -0.08205134 -0.8705451
vn 0.6080224 0.01759192 -0.79372495
vn 0.8195662 0.23272751 -0.5235926
vn 0.981877 -0.0705541 -0.1758964
vn 0.99767745 -0.041749008 -0.053820305
vn 0.9322987 -0.19163132 -0.3067517
vn 0.99266833 -0.089601554 -0.08112437
vn 0.3833485 0.5370982 -0.75137836
vn 0.42977872 0.49124235 -0.7576089
vn 0.633763 0.5838578 -0.5073998
vn 0.32175672 0.7055194 -0.6314388
vn 0.19644193 0.60130316 -0.7744967
vn 0.18183234 0.73879725 -0.64893425
vn 0.46806136 -0.20561936 0.8594412
vn 0.21047021 -0.2774383 0.9374062
vn 0.35401577 0.7027157 -0.6171414
vn 0.5461939 0.6526073 -0.5251436
vn 0.7939045 0.495616 -0.3522504
vn 0.9523735 0.28845114 -0.09889732
vn 0.9847928 0.12435812 0.12131787
vn 0.9413176 -0.011738386 0.33731794
vn 0.7957768 -0.116978385 0.59418464
vn 0.41480786 0.6407444 0.6460504
vn 0.7274632 0.48069885 0.48961815
vn 0.8988059 0.3237246 0.29555082
vn 0.98005545 0.17454448 0.09500296
vn 0.9916732 0.02318411 -0.12667608
vn 0.9026671 -0.17675541 -0.39236408
vn 0.6259387 -0.34667793 -0.6985808
vn 0.42596462 -0.34334007 -0.83706135
vn 0.13578534 0.82345134 0.5508995
vn 0.6566824 0.6817456 0.3224765
vn 0.17607488 -0.97885346 -0.10413176
vn 0.13226824 -0.9726227 -0.1910762
vn 0.006060604 -0.9992607 -0.037964486
vn 0.14383326 -0.9894485 0.017424371
vn 0.2629886 -0.96415234 0.03531607
vn 0.2409678 -0.9696218 0.042048726
vn 0.072962105 -0.95413846 0.29033828
vn -0.055573884 -0.96083456 0.27149296
vn -0.057534058 -0.95491713 0.29124388
vn 0.124473855 -0.9482744 0.292031
vn 0.3410016 -0.89397514 0.2907343
vn 0.28656608 -0.9267736 0.24283852
vn 0.31276613 -0.92661184 0.20872897
vn 0.093087465 -0.977983 0.18677239
vn -0.041734345 -0.9883121 0.1466197
vn -0.16874786 0.85223734 0.49519262
vn -0.09390838 0.8233105 0.5597687
vn -0.16874786 0.85223734 0.49519262
vn -0.26998928 0.87743884 0.39649323
vn -0.77783924 0.62528294 0.063145906
vn -0.6886357 0.7245451 0.028549895
vn -0.8011922 0.59417903 0.071008995
vn -0.87825096 0.46209294 0.12306637
vn -0.37888613 -0.32474625 0.86659396
vn -0.45517874 -0.20996056 0.8652912
vn -0.34943905 -0.26462498 0.89881366
vn -0.36239237 -0.24518669 0.899197
vn 0.97062147 0.054547653 0.23434682
vn 0.99649304 0.016027205 0.08212552
vn 0.97062147 0.054547653 0.23434682
vn 0.46411687 0.21460064 0.8593847
vn 0.38713434 0.6955601 -0.60524637
vn 0.11324185 0.84482306 -0.5229247
vn -0.15775865 0.8307005 -0.53389966
vn 0.923019 0.33739802 -0.18492852
vn 0.9950378 -0.09826069 0.015638823
vn 0.99956703 -0.02606773 0.013645923
vn 0.5015799 -0.28915727 -0.81535614
vn 0.36278722 -0.16745763 -0.9167024
vn 0.57664484 -0.31006134 -0.75587213
vn 0.5998836 -0.3615509 -0.7137371
vn 0.49572045 -0.021692298 -0.8682112
vn 0.64593416 -0.11024195 -0.7553912
vn 0.34092024 0.3268787 -0.8814327
vn 0.5947185 0.24570344 -0.76546705
vn 0.15884194 0.34686697 -0.924366
vn 0.13951963 0.37141895 -0.9179228
vn 0.25549588 -0.17300367 -0.9512054
vn 0.3047802 -0.37308288 -0.87630945
vn 0.20320582 -0.22753261 -0.9523321
vn 0.18181284 -0.11990002 -0.97599596
vn 0.23259671 0.10996114 -0.966337
vn 0.17938212 -0.02267532 -0.9835181
vn 0.34256294 -0.022103835 -0.93923485
vn 0.2316298 0.41295585 -0.8808037
vn 0.14007546 0.4680621 -0.8725231
vn 0.15965769 0.2928607 -0.9427312
vn 0.2984746 0.30661362 -0.9038258
vn 0.16115995 0.38946435 -0.9068324
vn 0.24409588 0.44944936 -0.8593093
vn 0.29646906 0.4307163 -0.8524022
vn 0.1312106 0.53093904 -0.8371903
vn 0.13648467 0.706102 -0.69483227
vn 0.17171556 0.85037494 -0.4973693
vn 0.104587235 0.8682907 -0.4849047
vn 0.30660298 0.84898186 -0.43037716
vn 0.12690015 0.85108405 -0.5094627
vn 0.35938066 0.8155077 -0.45364365
vn 0.36893767 0.79700005 -0.47820073
vn 0.1656176 0.83943194 -0.51761454
vn 0.9869989 0.14796081 -0.06277496
vn 0.97664624 0.20170622 -0.07400457
vn 0.9745368 0.22293925 0.02400548
vn 0.9940702 0.09362555 0.055306375
vn 0.9821484 0.06367805 -0.17700152
vn 0.9764897 0.05564034 -0.20825908
vn 0.9683578 0.080967456 -0.23606648
vn 0.9993651 -0.027731435 -0.02236905
vn 0.97441024 0.16424455 -0.15345481
vn 0.9936724 -0.06293217 -0.09303093
vn 0.97733736 0.19808109 0.074669346
vn 0.9896675 0.1433816 3.0396236E-4
vn 0.24405976 -0.9697601 -4.278863E-4
vn 0.29187953 -0.9336102 0.20779398
vn 0.30505946 -0.81767344 0.48820984
vn 0.50323945 -0.6458195 0.57416654
vn 0.8032076 0.023991032 0.5952159
vn 0.96083915 0.07703405 0.26618412
vn 0.5643576 -0.5301007 0.6328459
vn 0.7672671 -0.30612388 0.5635507
vn 0.98069346 0.12609825 0.1494642
vn 0.29853803 0.89019144 -0.34414282
vn 0.6714541 0.71887046 -0.17992973
vn 0.10938403 0.91443187 -0.3896787
vn 0.96194935 0.21661875 -0.1665225
vn 0.97074574 0.17024319 -0.16932154
vn 0.976065 0.18530422 -0.11383931
vn 0.8775637 0.46771124 -0.10549003
vn 0.85823375 0.49421814 -0.1385037
vn -0.07859444 -0.41662076 0.90567654
vn -0.115264796 -0.41663167 0.90173835
vn -0.110737994 -0.5349572 0.8375906
vn 0.004158373 -0.6148268 0.7886511
vn 0.93031883 0.2528824 -0.26562628
vn 0.82546836 0.45673046 -0.33166143
vn 0.9667842 0.22486855 -0.12150117
vn 0.9896279 0.14285977 0.015093218
vn 0.99357116 0.109348826 -0.029312905
vn 0.96661055 0.18866494 -0.17340598
vn 0.7113829 0.60031646 -0.3654511
vn 0.4275788 0.8126557 -0.39593807
vn 0.9550739 0.29401353 -0.03728054
vn -0.08962604 -0.79396987 0.60131437
vn -0.08963875 -0.7939616 0.6013234
vn -0.014504841 -0.9962115 -0.08574483
vn -0.014601106 -0.99621755 -0.0856592
vn -0.034311242 -0.99521047 0.09153606
vn 0.0023724434 -0.99248797 0.12231933
vn 0.61324716 0.7866731 -0.07122671
vn 0.49161413 0.8672774 0.07839339
vn 0.57649255 0.81652 0.030846503
vn 0.71478254 0.67542994 -0.18132946
vn 0.37328196 -0.26069292 0.89033693
vn 0.46147057 -0.20591809 0.86292684
vn 0.37328196 -0.26069292 0.89033693
vn 0.279581 -0.31310362 0.90763456
vn 0.7962145 0.4920377 -0.35205302
vn 0.46730012 0.70771813 0.5298732
vn 0.43467432 0.70311797 0.5627463
vn 0.46730012 0.70771813 0.5298732
vn 0.5175535 0.71189505 0.47470388
vn 0.18045232 -0.7707541 -0.61104417
vn 0.20594403 -0.71701777 -0.66593736
vn 0.18045232 -0.7707541 -0.61104417
vn 0.16117553 -0.80665636 -0.5686194
vn 0.28865027 -0.8633964 0.41379663
vn 0.07926326 -0.9320932 0.3534396
vn 0.4576046 -0.8866615 0.0665538
vn 0.35141435 -0.83410263 0.42518312
vn 0.2906202 -0.7196408 0.6306006
vn 0.34170404 -0.7569617 0.55699855
vn 0.25686383 0.49135363 -0.8322215
vn 0.10407533 0.43703252 -0.8934041
vn 0.074085824 0.76815104 -0.63596797
vn 0.13898298 0.7713717 -0.6210229
vn 0.66105855 0.32405058 -0.6767516
vn 0.3843895 0.25914872 -0.8860511
vn 0.22985628 0.095277615 -0.96854955
vn 0.72630894 -0.6221588 -0.29222214
vn 0.7527333 -0.5292585 -0.39150748
vn 0.7531342 -0.5297429 -0.39007857
vn 0.7001158 -0.6776441 -0.2250253
vn 0.32978272 -0.9303868 -0.16007438
vn 0.53208375 -0.81500834 -0.2294519
vn 0.4197977 -0.898534 -0.12808803
vn 0.22735412 -0.959222 -0.16793811
vn 0.516707 -0.18038408 -0.8369441
vn 0.68221474 0.12850708 -0.71977013
vn 0.6092921 0.19469248 -0.7686729
vn 0.7080881 0.111172274 -0.6973177
vn 0.7707095 0.04364615 -0.63569003
vn 0.030087065 -0.9656023 -0.25827697
vn 0.033604823 -0.9568976 -0.28847468
vn 0.6370756 0.6343721 -0.43784314
vn 0.54330635 0.562347 -0.62336504
vn 0.62167835 0.57761145 -0.52903795
vn 0.6412498 0.63042563 -0.43744978
vn 0.7663827 0.06853854 -0.63871753
vn 0.7610726 0.07601415 -0.6441975
vn 0.67976916 -0.7111131 -0.17953253
vn 0.67799425 -0.7124106 -0.18109371
vn 0.30874938 -0.71474725 0.627543
vn 0.14993915 -0.72572297 0.67144954
vn 0.6265152 -0.7023938 0.33781907
vn 0.5680557 -0.7388663 0.36247662
vn 0.6185299 -0.70675886 0.34338412
vn 0.6724347 -0.66737264 0.3200709
vn 0.99434024 -0.050483037 -0.09348288
vn 0.98617643 -0.12280516 -0.11124283
vn 0.9892196 -0.08110158 -0.12193075
vn 0.9983214 0.018764839 -0.054792717
vn 0.7100931 -0.42523688 -0.5611963
vn 0.70740557 -0.43317893 -0.5585099
vn 0.7100931 -0.42523688 -0.5611963
vn 0.7123186 -0.4185081 -0.56342983
vn 0.23526698 -0.58473927 -0.7763566
vn 0.093129866 -0.593472 -0.79944843
vn 0.09335002 -0.5908833 -0.801338
vn 0.23658141 -0.5819768 -0.778031
vn 0.9597669 -0.23830561 -0.14851908
vn 0.94137365 -0.33545774 0.0358286
vn 0.9451334 -0.30718115 -0.11118661
vn 0.98462206 -0.009623444 -0.17443283
vn 0.9930921 0.07712317 -0.08843112
vn 0.995071 0.05522344 -0.08236524
vn 0.8137116 -0.13331877 -0.56577337
vn 0.8158019 -0.1102608 -0.56772333
vn 0.8137116 -0.13331877 -0.56577337
vn 0.8107217 -0.16009566 -0.563116
vn 0.11529617 -0.08452963 -0.98972803
vn 0.21450211 -0.118565485 -0.9695004
vn 0.22244343 -0.08402885 -0.97131777
vn 0.11556602 -0.049893472 -0.992046
vn 0.9996467 -0.025522722 -0.007412847
vn 0.9978795 -0.0636311 0.013698364
vn 0.99324024 0.071147 -0.091716774
vn 0.99772435 0.060576595 -0.029608084
vn 0.9947191 0.07717944 -0.06765495
vn 0.99666566 0.050650448 -0.063968696
vn 0.55182314 -0.74848515 0.36777875
vn 0.56360626 -0.739258 0.36857244
vn 0.52257186 0.851432 -0.04452151
vn 0.6388997 0.73947114 -0.21210772
vn 0.19856593 0.9754935 0.09478459
vn 0.3343315 0.903016 -0.2697864
vn 0.9480253 -0.19569547 -0.25090107
vn 0.9643898 -0.19610183 -0.17747207
vn 0.9393535 -0.14093988 -0.31265128
vn 0.93356335 -0.08524822 -0.3481267
vn 0.9765536 -0.11026574 0.18489078
vn 0.9484119 -0.04081574 0.31440252
vn 0.9872339 -0.15796338 0.020417832
vn 0.9719852 -0.21117024 -0.103208214
vn 0.9894931 -0.14257191 -0.024015354
vn 0.94239897 -0.31449834 -0.113907814
vn 0.9671743 -0.097424604 0.23469593
vn 0.9472436 -0.09403035 0.3064113
vn 0.93703413 0.031791314 -0.3477876
vn 0.93105394 0.07625744 -0.35682416
vn 0.85865533 0.30082482 -0.4149885
vn 0.8194233 0.114826046 -0.56156945
vn 0.89854676 -0.41417146 -0.14517467
vn 0.6585643 -0.7372696 0.15075341
vn 0.7678844 0.10984324 -0.6311007
vn 0.755114 -0.16340992 -0.6349015
vn 0.42524606 0.27975547 -0.860757
vn 0.4449349 0.28832653 -0.8478801
vn 0.3181822 0.44937766 -0.8347573
vn 0.27966887 0.28953394 -0.915399
vn 0.40047932 0.3646016 -0.8406438
vn 0.49670282 0.15985243 -0.853073
vn 0.95291966 0.2820625 0.111287296
vn 0.9994532 -0.009077636 -0.03179393
vn 0.03350217 -0.95716697 -0.28759187
vn 0.0662069 -0.8201277 -0.5683373
vn 0.066206984 -0.8201278 -0.56833726
vn 0.026119268 -0.9741897 -0.22421442
vn -0.073894456 -0.8577774 0.50868213
vn -0.05118993 -0.89681953 0.43942493
vn -0.051189642 -0.8968199 0.43942437
vn -0.059734687 -0.8564402 0.5127787
vn 0.113858365 0.17818135 -0.9773882
vn 0.113859385 0.17817819 -0.9773887
vn 0.113858275 0.17818204 -0.9773881
vn 0.1138583 0.1781857 -0.9773874
vn 0.014826495 -0.99175674 -0.1272743
vn 0.014826507 -0.99175674 -0.12727445
vn 0.08280167 0.6985171 -0.71078676
vn 0.08099859 0.7889127 -0.6091436
vn 0.07392552 0.76930153 -0.63459444
vn 0.08280122 0.6985168 -0.7107871
vn 0.08280164 0.6985181 -0.7107857
vn 0.060515203 0.7938069 -0.60515153
vn 0.014826567 -0.9917567 -0.12727451
vn 0.04234194 -0.93064207 -0.36347288
vn 0.11385973 0.17817768 -0.9773887
vn 0.1138601 0.17817625 -0.977389
vn -0.058629274 -0.86213076 0.50328237
vn -0.05119017 -0.8968195 0.43942514
vn 0.06620728 -0.82012933 -0.56833476
vn 0.009571786 0.8349263 -0.5502786
vn -0.07847794 -0.84810764 0.5239798
vn -0.06116766 -0.8488499 0.52508307
vn -0.095838115 -0.83696264 0.5388029
vn -0.060628958 -0.9344628 0.35086077
vn 0.41259626 -0.71266574 0.5673375
vn 0.66370326 -0.6300945 0.40308663
vn 0.21736193 -0.5753119 0.788524
vn 0.46670517 -0.83449996 0.29290962
vn 0.56880224 -0.78691936 0.23921116
vn 0.98653257 -0.12202861 -0.108914785
vn 0.9952246 0.0015809869 -0.09759891
vn 0.9814721 0.029319845 -0.1893488
vn 0.98737925 -0.14346369 -0.06708443
vn 0.9984679 0.051379897 0.020538978
vn 0.9924975 -0.12153335 -0.013349304
vn 0.54431725 0.65331125 -0.52621573
vn 0.54895353 0.8258661 -0.12882279
vn 0.5283529 0.79846144 -0.28862196
vn 0.57405454 0.54472506 -0.61133945
vn 0.8817107 0.31890687 0.3476846
vn 0.9705732 0.06967478 0.2305064
vn 0.80906653 0.47064483 0.3520013
vn 0.67450386 0.6958448 0.24666679
vn 0.6175881 0.7730756 0.14470354
vn 0.8245085 0.014747243 -0.56565726
vn 0.87748903 -0.06097216 -0.4757051
vn 0.9838134 -0.12691653 -0.1265049
vn 0.66226584 0.32018703 -0.6774099
vn 0.7171508 0.20122686 -0.66723496
vn -0.08474068 0.8879085 -0.45214757
vn -0.08473976 0.88790846 -0.45214796
vn -0.08474068 0.8879085 -0.45214757
vn -0.0847417 0.88790864 -0.45214728
vn 0.28316513 -0.2892589 -0.91441065
vn 0.283172 -0.2892568 -0.9144091
vn 0.28316513 -0.2892589 -0.91441065
vn 0.2831576 -0.2892612 -0.91441226
vn 0.33101985 0.5480831 0.7681346
vn 0.3310171 0.54808134 0.76813704
vn 0.33101985 0.5480831 0.7681346
vn 0.33102286 0.54808503 0.768132
vn 0.60508096 -0.12606692 0.78611976
vn 0.60506856 -0.12607983 0.78612715
vn 0.60508096 -0.12606692 0.78611976
vn 0.6050945 -0.12605284 0.78611153
vn 0.015117259 0.35982627 -0.93289685
vn 0.015115039 0.35982627 -0.93289685
vn 0.015117259 0.35982627 -0.93289685
vn 0.015119676 0.35982618 -0.9328968
vn 0.5762717 -0.7179285 -0.39049911
vn 0.57625645 -0.7179387 -0.390503
vn 0.5762717 -0.7179285 -0.39049911
vn 0.5762883 -0.71791744 -0.39049488
vn 0.044669237 0.96710134 0.25043875
vn 0.044677164 0.9671025 0.25043288
vn 0.044669237 0.96710134 0.25043875
vn 0.044660594 0.96710014 0.25044513
vn 0.70175123 -0.6498784 0.29189605
vn 0.7017651 -0.6498641 0.29189444
vn 0.70175123 -0.6498784 0.29189605
vn 0.70173603 -0.649894 0.29189777
vn 0.98818713 -0.1417103 -0.058347933
vn 0.99649334 -0.07496739 0.037160642
vn 0.99608296 -0.07982758 -0.038033005
vn 0.99826163 -0.05882263 -0.0036825852
vn 0.9976539 -0.040475424 0.05521325
vn 0.99775 -0.060544554 -0.02879996
vn 0.9942983 0.10386465 -0.024146482
vn 0.9929148 -0.11675335 0.022110447
vn 0.9928191 0.11695738 -0.02512368
vn 0.9933505 -0.095426984 -0.064409874
vn 0.3241421 -0.9406531 0.10051728
vn 0.9889955 0.1461055 0.023262702
vn 0.9956445 -0.03719584 -0.08548915
vn 0.9084158 -0.4177728 0.01570672
vn 0.9910311 -0.109278195 -0.07691321
vn 0.6391207 -0.44718665 -0.6257386
vn 0.7189198 -0.14865522 -0.679011
vn 0.64699376 -0.14634684 -0.74831915
vn 0.67695326 -0.5189269 -0.5219666
vn 0.2574555 -0.67232394 0.6940441
vn 0.34148473 -0.6761246 0.65287346
vn 0.2777952 -0.7027853 0.65492177
vn -0.016313182 -0.6508737 0.7590108
vn 0.5550511 -0.75603825 0.3468782
vn 0.58511364 -0.74134535 0.3287084
vn 0.53776103 -0.78340906 0.3115819
vn 0.54021317 -0.8080199 0.23510331
vn 0.7608551 0.5950425 0.25888976
vn 0.6899619 0.6343303 0.34867996
vn 0.74908113 0.59932756 0.28228325
vn 0.72789687 0.6484771 0.22280876
vn 0.5904455 0.6900235 0.41861874
vn 0.6291187 0.667291 0.39866334
vn 0.790918 -0.58496517 0.17962328
vn 0.6796812 -0.6611376 0.31769568
vn 0.9000691 -0.40184808 0.16850445
vn 0.8977475 -0.22247572 -0.38020244
vn -0.41532168 0.8702871 0.26477942
vn -0.4077231 0.87555707 0.2591559
vn -0.41532168 0.8702871 0.26477942
vn -0.42504972 0.86334014 0.27198625
vn -0.6199246 -0.75603753 0.21000221
vn -0.5797911 -0.80801946 0.104627304
vn -0.5949852 -0.7834076 0.17962489
vn -0.6450051 -0.7413453 0.18540642
vn 0.8222585 -0.23781043 -0.51704675
vn 0.8158658 -0.23476003 -0.5284418
vn 0.8151338 -0.23625137 -0.52890664
vn 0.77423275 -0.12870048 -0.61967725
vn -0.41009668 -0.6723232 0.616281
vn -0.15859333 -0.65087384 0.7424361
vn -0.42090076 -0.702785 0.5735293
vn -0.48241907 -0.67612153 0.5568944
vn -0.4781684 -0.44719252 -0.7558927
vn -0.53883487 -0.5189247 -0.6636069
vn -0.45765615 -0.14634901 -0.8770022
vn -0.5435938 -0.14865802 -0.826079
vn -0.31466088 0.6311875 -0.7089364
vn 0.27626207 0.83070064 -0.48333818
vn 0.009993432 0.8448235 -0.53495175
vn -0.23762906 0.69553417 -0.67805946
vn -0.99849916 0.05454077 0.004970804
vn -0.6491958 0.21459912 0.72972053
vn -0.99849916 0.05454077 0.004970804
vn -0.98868686 0.01601701 -0.1491361
vn 0.16952454 -0.3247321 0.93048936
vn 0.14599566 -0.2451835 0.95842075
vn 0.13347349 -0.26462772 0.95506907
vn 0.24405314 -0.20992224 0.9467686
vn 0.8183699 -0.55586255 0.14590184
vn 0.86428565 -0.5029793 -0.0046998975
vn 0.8228905 -0.5592444 0.10048356
vn 0.7069159 -0.60257655 0.37036654
vn 0.74244624 0.6253393 0.24025862
vn 0.8264434 0.46209937 0.32164502
vn 0.76341397 0.59418327 0.2532692
vn 0.6635548 0.7246156 0.18608415
vn 0.21958302 0.37632233 0.9000916
vn 0.54676735 0.31030807 0.7776596
vn 0.21869294 0.37803492 0.89959043
vn 0.6080315 -0.18265502 -0.7726156
vn 0.44063342 -0.20543449 -0.87386423
vn 0.88803333 -0.10478226 -0.4476801
vn 0.9862914 -0.024006573 -0.1632572
vn 0.9959987 0.041832753 0.07897223
vn 0.9489937 0.111631155 0.29487196
vn 0.8233995 0.20130688 0.5305553
vn 0.87442327 -0.26111645 0.4089035
vn 0.54685754 -0.64105004 0.538518
vn 0.17999566 -0.828881 0.5296771
vn 0.09425985 -0.8586338 0.50384825
vn 0.24059367 -0.8145659 -0.5278229
vn 0.19164595 -0.8456148 -0.49820408
vn 0.24059367 -0.8145659 -0.5278229
vn 0.3027462 -0.7690044 -0.56300694
vn 0.709472 -0.48814023 -0.50829977
vn 0.61164993 -0.6158219 -0.4966364
vn 0.709472 -0.48814023 -0.50829977
vn 0.7801819 -0.36552858 -0.5076467
vn 0.9561573 -0.06809673 -0.28482622
vn 0.99325347 0.06970194 -0.09267822
vn 0.9869794 0.03669887 0.15660396
vn 0.58893925 -0.43569314 0.6806778
vn 0.5208645 -0.493152 0.6967792
vn 0.52098036 -0.5071687 0.6865561
vn 0.676615 -0.30974326 0.6680205
vn 0.40889552 0.43448758 -0.8025117
vn 0.47017118 0.5828634 -0.6627288
vn 0.47017193 0.5828607 -0.6627306
vn 0.36240074 0.33425796 -0.87002146
vn 0.5577995 -0.38871095 -0.7333235
vn 0.55779326 -0.38870636 -0.7333308
vn 0.5577995 -0.38871095 -0.7333235
vn 0.55781174 -0.3887199 -0.7333096
vn 0.75940895 -0.1516639 0.6326897
vn 0.7593894 -0.15168715 0.63270754
vn 0.6857718 -0.7263311 -0.046476856
vn 0.68577117 -0.7263316 -0.046478957
vn 0.6857718 -0.7263311 -0.046476856
vn 0.68577313 -0.7263301 -0.046472806
vn 0.33418375 0.27662805 -0.90099835
vn 0.3341751 0.27663395 -0.9009998
vn 0.67598367 0.7305105 -0.09695643
vn 0.6885585 0.68940616 -0.22495851
vn 0.5204463 -0.47323903 0.7107605
vn 0.52044404 -0.4732419 0.71076024
vn 0.96140087 -0.18434921 -0.20426404
vn 0.97508836 -0.13937162 -0.1725636
vn 0.9516185 -9.5340953E-4 -0.30728072
vn 0.96315175 -0.13697548 -0.23146597
vn 0.90140843 0.18579406 -0.39107978
vn 0.93086195 0.09444347 -0.35295388
vn 0.865182 0.30104795 -0.40103656
vn 0.88851094 0.23745914 -0.39263406
vn 0.69903797 -0.5836815 0.41311237
vn 0.61227095 -0.6076808 0.50581455
vn -0.082544215 -0.5475798 0.8326721
vn -0.24862446 -0.510159 0.82336116
vn 0.49871743 0.5883661 -0.6364796
vn 0.503079 0.62402755 -0.5979139
vn -0.4889507 -0.18908417 0.8515717
vn -0.5144811 -0.08131692 0.85363734
vn -0.66251534 0.7487309 0.021802582
vn -0.5883764 0.80858153 -0.0030005395
vn 0.5415135 -0.6014284 0.58740705
vn 0.47242525 -0.62760925 0.61880606
vn 0.6426192 0.4552379 -0.61627835
vn -0.33513412 0.6353843 0.6956809
vn -0.42297298 0.27190778 0.86438423
vn -0.40207982 0.3752604 0.8351715
vn -0.5349758 0.64249915 0.5486308
vn -0.21569805 -0.2142876 -0.95265687
vn -0.23631977 0.026431499 -0.9713158
vn -0.22403347 -0.03243902 -0.97404146
vn -0.21017091 -0.34619588 -0.91431755
vn -0.8257093 -0.043920215 -0.5623834
vn -0.82492244 0.06498215 -0.5614982
vn -0.71262777 0.027781287 -0.70099205
vn -0.6885356 -0.20898288 -0.6944385
vn -0.93802273 0.087698385 -0.33529437
vn -0.9374547 0.092066064 -0.33571196
vn -0.9710371 0.20595297 -0.12112113
vn -0.98441875 0.1279074 -0.1206622
vn -0.93851423 0.3341283 0.08688723
vn -0.9799703 0.17509672 0.094865255
vn -0.8232618 0.47606155 0.30920118
vn -0.9090962 0.23316936 0.34521884
vn -0.8299884 0.2283801 0.5088829
vn -0.04853522 0.79564595 -0.60381436
vn -0.172985 0.7938723 -0.58296067
vn -0.11537069 0.8112235 -0.5732418
vn -0.046678416 0.8073366 -0.58824205
vn -0.3815695 0.79600185 -0.46987835
vn -0.32922858 0.8117036 -0.4824373
vn -0.5279722 0.79893005 -0.28802127
vn -0.48407826 0.8143451 -0.32017222
vn -0.5962174 0.80018085 -0.06507994
vn -0.5660982 0.8166308 -0.112458944
vn -0.5785129 0.798357 0.16717929
vn -0.5673434 0.8161363 0.10974056
vn -0.47394747 0.79560685 0.37733746
vn -0.4861027 0.81382054 0.318434
vn -0.29204148 0.7941046 0.5330195
vn -0.32586443 0.8119102 0.4843698
vn -0.19247739 0.7796898 0.5958492
vn -0.18127926 0.80712426 0.56186146
vn -0.43976966 0.1524168 0.88508296
vn -0.4395928 -0.041424725 0.8972414
vn -0.676737 0.021452753 0.7359122
vn -0.43784153 0.1571157 0.88521713
vn -0.52195925 0.2538873 -0.81430936
vn -0.47938845 0.504479 -0.7181139
vn -0.22826205 0.50950354 -0.8296399
vn -0.24046624 0.20158976 -0.94949335
vn -0.80579925 0.2038435 -0.55599946
vn -0.75913167 0.36743948 -0.537315
vn -0.92840093 0.1562659 -0.33712426
vn -0.91691303 0.22976999 -0.326307
vn -0.9837545 0.13574582 -0.117474385
vn -0.9847595 0.13606022 -0.10833436
vn -0.987866 0.12013024 0.098435424
vn -0.9920317 0.06840961 0.10579857
vn -0.9254776 0.12449867 0.35775873
vn -0.92502385 0.03344107 0.37843433
vn -0.83956856 0.13318971 0.5266737
vn -0.40888152 0.3151486 0.8564446
vn -0.29125953 0.31215692 0.904282
vn -0.2910514 0.31138322 0.9046157
vn -0.5220238 0.31720382 0.7917531
vn -0.71236956 0.3198915 0.6246591
vn -0.83772117 0.030772813 0.54523057
vn -0.8925344 0.33264276 0.30451792
vn -0.9436634 0.28075364 0.17514797
vn -0.93855864 0.34139735 -0.050552085
vn -0.8940782 0.4193894 -0.15727897
vn -0.85254353 0.33855808 -0.39818078
vn -0.78683186 0.396335 -0.47309017
vn -0.64171696 0.32736415 -0.6935647
vn -0.58490473 0.24858664 -0.7720694
vn -0.32443538 0.31672516 -0.8913062
vn -0.21746962 0.094831556 -0.97144943
vn -0.07478329 0.31116343 -0.9474095
vn -0.078154534 0.051361144 -0.9956174
vn -0.9819534 -0.014627961 0.1885563
vn -0.963566 0.24320246 -0.111324236
vn -0.8870131 0.2565907 -0.38388672
vn -0.75224185 0.24609827 -0.611202
vn -0.4012 0.053975753 -0.9143988
vn -0.09781677 -0.12527806 -0.9872878
vn -0.26830873 -0.5417911 0.79653805
vn -0.21318002 -0.79660577 0.56566197
vn -0.3977008 -0.6912266 0.60335714
vn -0.51358217 -0.44497442 0.73364234
vn -0.76715297 -0.42609286 0.47950095
vn -0.4281657 0.0 0.9037003
vn -0.30726704 0.0 0.95162326
vn -0.30724713 0.011386978 0.9515616
vn -0.5337514 0.022107372 0.8453525
vn -0.7414044 0.0 0.6710584
vn -0.8166242 0.022108382 0.57674617
vn -0.94177157 0.0 0.3362536
vn -0.9751739 0.022109097 0.22033425
vn -0.99876195 0.0 -0.04974403
vn -0.9852615 0.022106593 -0.16962062
vn -0.9037004 0.0 -0.4281654
vn -0.84535277 0.022107538 -0.5337509
vn -0.671059 0.0 -0.74140394
vn -0.57674676 0.02210877 -0.81662375
vn -0.33625427 0.0 -0.9417712
vn -0.22033511 0.022109255 -0.9751736
vn -0.08029238 0.0 -0.99677134
vn -0.080228746 0.03983592 -0.99598014
vn -0.18513162 0.90454996 0.38407764
vn -0.13290599 0.9016139 0.41161683
vn -0.13290589 0.9016136 0.4116175
vn -0.2345206 0.9043994 0.3564573
vn -0.3180203 0.9045496 0.28399503
vn -0.35307932 0.9043992 0.23957683
vn -0.4024921 0.9045498 0.14067638
vn -0.41788444 0.90439934 0.086222835
vn -0.4256891 0.90454954 -0.02405921
vn -0.41907185 0.9043989 -0.08025891
vn -0.38407916 0.90454906 -0.18513292
vn -0.3564586 0.9043987 -0.23452134
vn -0.28399602 0.9045491 -0.31802058
vn -0.23957697 0.90439904 -0.3530795
vn -0.14067638 0.9045496 -0.40249252
vn -0.08622252 0.90439945 -0.41788444
vn -0.034730338 0.9016133 -0.43114638
vn -0.034730162 0.9016134 -0.4311461
vn -0.20144574 -0.8809255 0.4282406
vn -0.1473387 -0.87753177 0.45632148
vn -0.17605573 -0.819573 0.5452563
vn -0.28871378 -0.7917928 0.53824574
vn -0.3499931 -0.880925 0.3185529
vn -0.47271416 -0.7917933 0.38678777
vn -0.44525433 -0.880926 0.1603682
vn -0.58474725 -0.7917937 0.17644647
vn -0.47273216 -0.8809258 -0.022230463
vn -0.60776 -0.7917929 -0.06075899
vn -0.42824054 -0.88092536 -0.20144626
vn -0.5382448 -0.79179364 -0.28871328
vn -0.31855282 -0.88092536 -0.3499924
vn -0.38683867 -0.7917192 -0.47279638
vn -0.16036865 -0.8809239 -0.44525814
vn -0.17646906 -0.7917355 -0.5848194
vn -0.038502723 -0.8775299 -0.47797367
vn -0.05303631 -0.7508592 -0.65832937
vn -0.42453638 -0.12274977 0.8970514
vn -0.30501825 -0.12074121 0.94466156
vn -0.30693203 0.047024675 0.950569
vn -0.48273793 0.1302891 0.866019
vn -0.73563427 -0.121898666 0.6663204
vn -0.77728546 0.13339385 0.61484426
vn -0.93475926 -0.12066653 0.3341627
vn -0.95278203 0.13765515 0.27066132
vn -0.99141186 -0.12132399 -0.04881511
vn -0.98373234 0.13859577 -0.11428888
vn -0.89722574 -0.12036538 -0.42485073
vn -0.8645467 0.14002758 -0.4826504
vn -0.6664665 -0.11800136 -0.73613733
vn -0.61465627 0.1385834 -0.77652574
vn -0.33440107 -0.12066385 -0.9346744
vn -0.27152687 0.1321668 -0.95331275
vn -0.079776 -0.120505966 -0.98950195
vn -0.07874803 0.20543246 -0.975498
vn -0.39127037 0.6046257 0.69378334
vn -0.2608741 0.52861565 0.80778104
vn -0.62533975 0.6083983 0.4886734
vn -0.76076 0.61350435 0.211794
vn -0.7822027 0.61578095 -0.09472504
vn -0.6866349 0.6149997 -0.3876956
vn -0.48939878 0.6105257 -0.62269354
vn -0.21522105 0.6049731 -0.76660776
vn -0.06083329 0.65590817 -0.7523854
vn -0.15482308 -0.67884284 -0.71777594
vn -0.059435133 -0.6725581 -0.7376538
vn -0.41778913 -0.6786629 -0.6040438
vn -0.617023 -0.6788115 -0.39811754
vn -0.7223072 -0.67892784 -0.13164045
vn -0.7177015 -0.6789275 0.15479645
vn -0.6038339 -0.6789254 0.41766608
vn -0.39803493 -0.6789275 0.61694866
vn -0.22738968 -0.6725625 0.7042398
vn -0.29844636 0.23788892 0.9243045
vn -0.52783585 0.24177794 0.8142068
vn -0.7992377 0.24178994 0.5502333
vn -0.9489678 0.24177618 0.2024952
vn -0.95422673 0.2417625 -0.17607452
vn -0.8142053 0.24178617 -0.52783453
vn -0.55023414 0.24179037 -0.79923695
vn -0.20249456 0.2417891 -0.9489647
vn -0.077988595 0.23789172 -0.9681557
vn -0.21363077 -0.77407724 -0.59595835
vn -0.1330567 -0.77413005 -0.61888486
vn -0.4254377 -0.77407104 -0.46884644
vn -0.35976836 -0.7741262 -0.5208604
vn -0.57247454 -0.7740694 -0.27035034
vn -0.53171253 -0.774121 -0.34353828
vn -0.6323503 -0.7740742 -0.030695075
vn -0.6227033 -0.77412194 -0.11391096
vn -0.59595865 -0.77407706 0.21363077
vn -0.6188876 -0.7741278 0.13305686
vn -0.46884304 -0.7740747 0.42543462
vn -0.52085966 -0.774127 0.35976753
vn -0.27034825 -0.77407414 0.57246923
vn -0.34353507 -0.774126 0.5317071
vn -0.6299071 -0.27456394 0.7265203
vn -0.60777247 -0.22072296 0.76281977
vn -0.8619396 -0.1581733 0.48170665
vn -0.88788986 -0.18214652 0.42246214
vn -0.98355126 -0.07045973 0.16631974
vn -0.98991853 -0.063149296 0.12678142
vn -0.9909335 0.056362595 -0.12195943
vn -0.98811036 0.10146942 -0.11550682
vn -0.89512515 0.2592639 -0.36267507
vn -0.8959337 0.32329297 -0.30460563
vn -0.66635215 0.5205287 -0.5338769
vn -0.66296077 0.5607681 -0.4960062
vn -0.37279597 0.7040431 -0.60443896
vn -0.38167325 0.7097455 -0.59210366
vn -0.18114491 0.779214 -0.60001016
vn -0.19163702 0.7541147 -0.628161
vn -0.4094067 -0.3093128 0.8583191
vn -0.41061988 -0.23458827 0.88111275
vn -0.6755601 0.4112498 -0.6119576
vn -0.63028336 0.43720582 -0.6415559
vn -0.44699103 0.5525096 -0.7035142
vn -0.401092 0.5291144 -0.74777204
vn -0.32249478 0.2648987 -0.9087496
vn -0.17485149 0.60719573 -0.7750743
vn -0.42553526 -0.07448788 0.901871
vn -0.43154174 0.13239522 0.8923246
vn -0.6213796 0.0819861 0.77920836
vn -0.60807836 -0.09531713 0.7881341
vn -0.85436165 0.042765867 0.51791626
vn -0.8507148 -0.07084885 0.520831
vn -0.97887343 0.0125931855 0.20407902
vn -0.9796714 -0.035290267 0.19748032
vn -0.9999099 -0.0016535755 0.013318062
vn -0.9945824 0.016711988 -0.10259913
vn -0.9516489 0.020661615 -0.30649227
vn -0.89763176 0.17862691 -0.40292642
vn -0.68578404 0.23177929 -0.689912
vn -0.847018 0.21377197 0.48668468
vn -0.8227199 0.44638768 0.35195187
vn -0.95480067 0.2528601 0.15626091
vn -0.9729506 0.09045741 0.21256676
vn -0.42063534 0.41649985 0.80597377
vn -0.39837667 0.7486982 0.5298557
vn -0.58093405 0.6320389 0.5128766
vn -0.60924304 0.3227217 0.72434366
vn -0.9843977 0.14108816 0.10514357
vn -0.98688394 0.028868003 0.1588294
vn -0.7752876 -0.58367735 0.24134994
vn -0.7121549 -0.6076782 0.35151473
vn -0.7731282 -0.6025722 0.19793835
vn -0.8299217 -0.5559947 -0.04582268
vn -0.29903686 0.9365911 0.18268579
vn -0.17073168 0.9826767 -0.07209218
vn -0.3412563 0.93760127 -0.06669437
vn -0.4686828 0.84148955 0.26875976
vn -0.9328302 0.3551448 0.060826465
vn -0.94273394 0.32113647 -0.09013375
vn -0.9795311 0.20002903 -0.02252032
vn -0.9669908 0.25481087 -2.8300597E-4
vn -0.028075246 0.9523927 -0.30357838
vn -0.031121923 0.95374775 -0.29899275
vn -0.15371113 0.93670195 -0.31458277
vn -0.2002533 0.92241985 -0.33021218
vn -0.3691528 0.8639811 -0.34243664
vn -0.36169004 0.86966795 -0.3359435
vn -0.30598325 0.9148809 -0.26337662
vn -0.5886908 0.7762697 -0.22549611
vn -0.6822467 0.7104668 -0.17255837
vn -0.8425717 0.4824139 -0.23947804
vn -0.13345979 0.9265854 -0.3516077
vn -0.86176336 -0.046175934 -0.5052047
vn -0.91834736 -0.18613265 -0.34927458
vn -0.95026016 -0.045698833 -0.30808637
vn -0.82768226 -0.11039256 -0.5502323
vn -0.29658446 0.1434043 -0.9441784
vn -0.6772636 0.23272699 -0.6979629
vn -0.40929323 0.017592553 -0.91223323
vn -0.27209744 -0.08204724 -0.9587655
vn -0.9151488 -0.07054992 -0.3968947
vn -0.95858973 -0.041752145 -0.28171343
vn -0.9474383 -0.08960004 -0.30713585
vn -0.83682936 -0.1916481 -0.5128232
vn -0.20036808 0.5370996 -0.8193758
vn -0.16799371 0.7055209 -0.68848985
vn -0.5001587 0.5838575 -0.6394933
vn -0.24412015 0.49124363 -0.83611304
vn -0.013150799 0.60130346 -0.7989125
vn -0.027793726 0.7387971 -0.6733545
vn -0.42031342 -0.2774389 0.8639237
vn -0.6530839 -0.20561852 0.72883636
vn -0.4108554 0.6526076 -0.6366326
vn -0.20267627 0.70271575 -0.6819919
vn -0.69167453 0.495617 -0.5253096
vn -0.9041375 0.2884514 -0.31516844
vn -0.98630923 0.12435778 -0.10830133
vn -0.993649 -0.011737666 0.11191015
vn -0.91105044 -0.11697955 0.39535153
vn -0.55220306 0.6407469 0.53339964
vn -0.82053 0.48069936 0.30928743
vn -0.9426761 0.3237218 0.08103005
vn -0.9756495 0.17454736 -0.13282031
vn -0.9359997 0.023180354 -0.3512368
vn -0.7883039 -0.17675944 -0.58934975
vn -0.44859734 -0.34667873 -0.82375616
vn -0.22214618 -0.34333968 -0.9125618
vn -0.25878188 0.8234517 0.5049349
vn -0.7132222 0.68174684 0.16289656
vn -0.14742376 -0.9788536 -0.1418165
vn -0.14398687 -0.9894485 -0.016104715
vn 0.0028283808 -0.9992607 -0.038340583
vn -0.08480659 -0.9726222 -0.21636532
vn -0.26406473 -0.9641522 -0.026082223
vn -0.24418156 -0.96962166 -0.014467893
vn -0.13774751 -0.95413834 0.26579243
vn -0.18826936 -0.9482746 0.25559717
vn -0.01095354 -0.95491713 0.29667026
vn -0.008321403 -0.96083456 0.27699754
vn -0.39870185 -0.8939744 0.20456441
vn -0.3347103 -0.9267748 0.17046262
vn -0.35237232 -0.9266111 0.131246
vn -0.13352749 -0.977983 0.1603736
vn 0.0069136624 -0.9883122 0.15228684
vn -0.85579485 0.33739653 -0.39214647
vn -0.9759369 -0.026057964 -0.21649075
vn -0.9719883 -0.09826081 -0.2135027
vn -0.30072603 -0.28916672 -0.9088159
vn -0.41975662 -0.36156306 -0.8325122
vn -0.3874547 -0.31006733 -0.8681803
vn -0.1423529 -0.16745804 -0.97554773
vn -0.4549953 -0.110237055 -0.8836442
vn -0.28287548 -0.02169248 -0.9589113
vn -0.40283716 0.24569848 -0.88167703
vn -0.12918313 0.32687038 -0.9361984
vn 0.05788904 0.34686542 -0.93612677
vn 0.07521479 0.37141982 -0.9254135
vn -0.030007888 -0.17300121 -0.98446435
vn -0.09519333 -0.37308678 -0.9229
vn 0.021145603 -0.22753568 -0.9735401
vn 0.047407396 -0.11990044 -0.9916534
vn -0.004240867 0.109961435 -0.99392676
vn -0.11749234 -0.022098498 -0.99282783
vn 0.051501047 -0.022674248 -0.9984155
vn -0.022959758 0.4129571 -0.91046107
vn -0.08272218 0.30660936 -0.948234
vn 0.061318975 0.29285944 -0.9541872
vn 0.06423805 0.46806422 -0.8813566
vn -0.040033337 0.44944915 -0.8924085
vn 0.05160859 0.38946274 -0.9195952
vn -0.09259169 0.4307219 -0.89772236
vn 0.06474558 0.5309401 -0.8449323
vn -0.0054973494 0.81938624 -0.5732154
vn 0.02688788 0.7061018 -0.70759976
vn -0.13242665 0.8781411 -0.45970792
vn 0.009676195 0.8682909 -0.49596107
vn -0.24548009 0.8155076 -0.5241057
vn -0.0063928585 0.8510841 -0.52499044
vn -0.24913481 0.79700005 -0.5502024
vn -0.042198546 0.83943206 -0.5418238
vn -0.94613814 0.1479629 -0.287975
vn -0.95395774 0.2229428 -0.2006518
vn -0.93348277 0.2017037 -0.2965223
vn -0.98016346 0.093629085 -0.17468019
vn -0.9151607 0.06368117 -0.39802706
vn -0.9674623 -0.02773758 -0.2514901
vn -0.888166 0.08096673 -0.45233342
vn -0.9024723 0.05564492 -0.42713866
vn -0.9456805 -0.06292659 -0.31894898
vn -0.9130453 0.16424556 -0.37332514
vn -0.9632355 0.14338152 -0.22719842
vn -0.9683299 0.19808206 -0.15198883
vn -0.3318292 -0.93360996 0.13513601
vn -0.23742731 -0.9697597 -0.056518067
vn -0.40911436 -0.8176728 0.40501443
vn -0.6217438 -0.64581984 0.4431155
vn -0.9962969 0.07703495 0.038186885
vn -0.918517 0.02398773 0.39465308
vn -0.6947121 -0.53010285 0.48617494
vn -0.87625724 -0.30613214 0.37209737
vn -0.9887893 0.12609823 -0.07996752
vn -0.21143577 0.8901912 -0.40355238
vn -0.6121155 0.71886945 -0.32945603
vn -0.016880369 0.91443163 -0.4043883
vn -0.8979128 0.21661465 -0.38318488
vn -0.82981443 0.46771407 -0.30438706
vn -0.92375785 0.1853096 -0.33515933
vn -0.9058305 0.17024224 -0.3879287
vn -0.803415 0.49421954 -0.33207145
vn -0.13169488 -0.41662073 0.8994908
vn -0.18533209 -0.6148261 0.7665775
vn -0.0847611 -0.5349572 0.84061664
vn -0.095100954 -0.41663167 0.90408736
vn -0.84434694 0.2528851 -0.47236356
vn -0.9129685 0.22487201 -0.3404717
vn -0.72712654 0.45672926 -0.5125285
vn -0.96022844 0.10934722 -0.25691313
vn -0.9665981 0.14285518 -0.2127922
vn -0.90086514 0.1886688 -0.39095515
vn -0.60833 0.6003146 -0.5191886
vn -0.2722172 0.8524953 -0.4462617
vn -0.927654 0.28770038 -0.23808897
vn -0.05098495 -0.79396105 0.605827
vn -0.050995465 -0.7939696 0.60581493
vn 0.033826567 -0.99621147 -0.0801146
vn -0.030426199 -0.9924876 0.11850111
vn 0.012351633 -0.9952104 0.09697282
vn 0.033900544 -0.9962175 -0.08000918
vn -0.58046365 0.7866643 -0.21028823
vn -0.6539661 0.6754247 -0.3407782
vn -0.5681561 0.816512 -0.10250254
vn -0.49648 0.86727124 -0.036717903
vn -0.5679508 -0.2606899 0.78068733
vn -0.48072425 -0.31310728 0.81906533
vn -0.5679508 -0.2606899 0.78068733
vn -0.6474893 -0.20590553 0.73373055
vn -0.69396776 0.4920378 -0.52564967
vn -0.5765916 0.70771205 0.4082717
vn -0.61282575 0.7118894 0.34301344
vn -0.5765916 0.70771205 0.4082717
vn -0.5523907 0.7031109 0.44777182
vn -0.03516185 -0.7707545 -0.6361612
vn -0.026152952 -0.8066581 -0.59043944
vn -0.03516185 -0.7707545 -0.6361612
vn -0.047353406 -0.71701545 -0.69544697
vn -0.37603846 -0.8633959 0.33636674
vn -0.43973085 -0.83410406 0.33302724
vn -0.4606484 -0.88666207 -0.040417
vn -0.1583842 -0.9320928 0.32575682
vn -0.42779148 -0.7196408 0.54691106
vn -0.4605646 -0.756965 0.4635559
vn -0.05868593 0.4913544 -0.86898035
vn 0.007490568 0.7713721 -0.6363403
vn -0.1704252 0.2591411 -0.95068455
vn -0.4877996 0.32404238 -0.8105851
vn -0.0010648982 0.0952756 -0.99545044
vn -0.63967294 -0.62217456 -0.45135063
vn -0.62962776 -0.6776575 -0.37993315
vn -0.64329034 -0.5297542 -0.5527549
vn -0.6425785 -0.52927446 -0.5540411
vn -0.28415352 -0.9303906 -0.23158213
vn -0.18266274 -0.9592239 -0.21569388
vn -0.37910774 -0.89853984 -0.22114125
vn -0.46508598 -0.81501985 -0.34559754
vn -0.31048688 -0.18037634 -0.9333072
vn -0.49850094 0.12849666 -0.8573129
vn -0.6039521 0.043641903 -0.7958249
vn -0.5288407 0.11116835 -0.841409
vn -0.41628915 0.19468334 -0.8881451
vn -0.5193745 0.6343702 -0.5725596
vn -0.5235305 0.6304206 -0.57313657
vn -0.4834263 0.57760996 -0.6577733
vn -0.385468 0.5623489 -0.7315587
vn -0.5990402 0.06855086 -0.7977792
vn -0.592606 0.076034 -0.8018958
vn -0.620284 -0.7111275 -0.33097655
vn -0.61820585 -0.71241987 -0.33208358
vn -0.30026895 -0.7257249 0.61900085
vn -0.44473517 -0.71474755 0.5397652
vn -0.68737054 -0.7024101 0.18477492
vn -0.72798496 -0.6673875 0.15694502
vn -0.6808774 -0.7067755 0.19202676
vn -0.63614357 -0.7388802 0.22221029
vn -0.9462224 -0.05046781 -0.31955624
vn -0.9589921 0.018779002 -0.28280985
vn -0.934698 -0.08108874 -0.3460696
vn -0.9341939 -0.12279012 -0.33496925
vn -0.562079 -0.4252224 -0.7094034
vn -0.56373113 -0.41849458 -0.7120881
vn -0.562079 -0.4252224 -0.7094034
vn -0.56008136 -0.4331633 -0.70617175
vn -0.050509416 -0.5847357 -0.8096498
vn -0.05140347 -0.5819741 -0.811581
vn -0.8999277 -0.23830028 -0.36516184
vn -0.9181575 -0.009608587 -0.396099
vn -0.89426744 -0.3071837 -0.32545972
vn -0.92440075 -0.3354632 -0.18151493
vn -0.94616884 0.07713938 -0.31434703
vn -0.9494892 0.055241372 -0.30889902
vn -0.6618694 -0.13331158 -0.73766994
vn -0.65956944 -0.16010012 -0.734395
vn -0.6618694 -0.13331158 -0.73766994
vn -0.663456 -0.11024349 -0.740049
vn 0.006786688 -0.08403131 -0.99644005
vn 0.01409784 -0.11856908 -0.9928457
vn -0.97430706 -0.06363118 -0.21604794
vn -0.97117394 -0.02551999 -0.23700204
vn -0.94556075 0.07115526 -0.31757194
vn -0.95527273 0.050655156 -0.29135552
vn -0.9525301 0.077191986 -0.29449582
vn -0.96420115 0.0605924 -0.2581561
vn -0.63321793 -0.73926896 0.2291647
vn -0.6215735 -0.7484914 0.23109955
vn -0.5730323 0.73947966 -0.35327575
vn -0.5730319 0.7394807 -0.35327446
vn -0.5730323 0.73947966 -0.35327575
vn -0.57303274 0.7394787 -0.35327703
vn -0.8649659 -0.19570094 -0.4620987
vn -0.8285225 -0.08522999 -0.5534315
vn -0.8423241 -0.14092939 -0.52022016
vn -0.8977782 -0.19610238 -0.39438322
vn -0.99290633 -0.11025484 -0.044506997
vn -0.9222388 -0.2111624 -0.3238608
vn -0.9654974 -0.15793851 -0.20705143
vn -0.9952855 -0.040813982 0.08798289
vn -0.95747715 -0.14258598 -0.250812
vn -0.9923122 -0.09403052 0.080466
vn -0.9952238 -0.09742925 0.006087422
vn -0.89098364 -0.31450877 -0.32746345
vn -0.8240934 0.076270066 -0.56129575
vn -0.8319795 0.031807415 -0.5538939
vn -0.66839933 0.114847645 -0.7348826
vn -0.740268 0.30083802 -0.60124856
vn -0.8411165 -0.41417897 -0.34781998
vn -0.6755904 -0.73726237 -0.004668199
vn -0.5889542 -0.16339889 -0.79147565
vn -0.6022541 0.10986521 -0.7907083
vn -0.21600212 0.27975214 -0.93545806
vn -0.061750412 0.28953215 -0.95517427
vn -0.1177787 0.44937906 -0.88554317
vn -0.2381297 0.28832394 -0.92745
vn 0.069307216 0.9929468 -0.09619337
vn -0.11713525 0.9218859 -0.36933145
vn -0.19652046 0.3646045 -0.9101886
vn -0.28731027 0.15986043 -0.94440323
vn -0.96344197 0.25715923 -0.07515766
vn -0.9653806 -0.0090762535 -0.26068747
vn 0.033502493 -0.957167 -0.28759137
vn 0.066207565 -0.8201271 -0.5683381
vn -0.04501344 -0.85777724 0.5120468
vn -0.051190257 -0.8968196 0.4394248
vn 0.1138586 0.17818026 -0.9773884
vn 0.11385871 0.17817993 -0.9773884
vn 0.014826623 -0.99175674 -0.12727429
vn 0.08280172 0.69851774 -0.7107861
vn 0.061192147 0.7889129 -0.6114507
vn 0.0828022 0.69851816 -0.7107857
vn 0.080208704 0.79380673 -0.60285777
vn 0.014826672 -0.9917568 -0.12727393
vn 0.042341955 -0.9306424 -0.36347178
vn 0.113859154 0.17818114 -0.97738814
vn 0.11385991 0.17818475 -0.97738737
vn -0.0586293 -0.8621305 0.5032827
vn -0.05119076 -0.8968193 0.43942538
vn 0.066206835 -0.8201286 -0.56833595
vn 0.11717334 0.8349263 -0.537744
vn -0.044068437 -0.8481073 0.5279886
vn -0.030581776 -0.83696234 0.5464053
vn -0.021645153 -0.9344628 0.35540226
vn -0.5319608 -0.71266496 0.4573032
vn -0.7385838 -0.63009834 0.23972909
vn -0.39279568 -0.57531273 0.71744466
vn -0.608567 -0.7869122 0.102056295
vn -0.5215391 -0.8344992 0.17778659
vn -0.9350805 -0.122027464 -0.33276668
vn -0.94552076 -0.14345707 -0.29225087
vn -0.9116681 0.02932587 -0.40987948
vn -0.9461431 0.0015735176 -0.3237449
vn -0.9764529 0.05138071 -0.20952263
vn -0.96285504 -0.12152025 -0.24112856
vn -0.40880436 0.65330124 -0.6372413
vn -0.41817778 0.54471207 -0.7269223
vn -0.44787228 0.798454 -0.4023453
vn -0.5046412 0.8258673 -0.251556
vn -0.9380204 0.31890073 0.13572046
vn -0.8683129 0.47064367 0.15661182
vn -0.99757 0.06965997 0.0012536335
vn -0.63431454 0.77307427 -0.0011255437
vn -0.713143 0.69584316 0.08502559
vn -0.9283892 -0.12694657 -0.3492535
vn -0.74463373 -0.060995888 -0.6646805
vn -0.6723967 0.014731514 -0.7400443
vn -0.4888286 0.3201863 -0.811497
vn -0.54456294 0.20122652 -0.81422293
vn 0.18640585 0.88790876 -0.42056003
vn 0.18640947 0.88790923 -0.4205577
vn 0.18640585 0.88790876 -0.42056003
vn 0.18640256 0.88790846 -0.42056224
vn -0.06538716 -0.28926605 -0.9550129
vn -0.06539115 -0.28926486 -0.955013
vn -0.06538716 -0.28926605 -0.9550129
vn -0.06538349 -0.2892671 -0.9550128
vn -0.49871263 0.5480747 0.6714907
vn -0.49870664 0.5480698 0.6714993
vn -0.49871263 0.5480747 0.6714907
vn -0.49871817 0.54807925 0.6714829
vn -0.7695991 -0.12604974 0.6259622
vn -0.76958525 -0.12606698 0.6259757
vn -0.7695991 -0.12604974 0.6259622
vn -0.7696118 -0.12603393 0.6259498
vn 0.19973792 0.35982478 -0.9113895
vn 0.1997348 0.35982475 -0.91139024
vn 0.19973792 0.35982478 -0.9113895
vn 0.19974078 0.35982484 -0.9113889
vn -0.4710813 -0.7179299 -0.5125028
vn -0.47108373 -0.71792835 -0.51250273
vn -0.4710813 -0.7179299 -0.5125028
vn -0.47107902 -0.71793133 -0.5125028
vn -0.10103749 0.96710145 0.2334657
vn -0.10103219 0.96710044 0.23347199
vn -0.10103749 0.96710145 0.2334657
vn -0.101042345 0.9671024 0.23345993
vn -0.7500717 -0.64986706 0.12274089
vn -0.7500918 -0.64984524 0.12273363
vn -0.7500717 -0.64986706 0.12274089
vn -0.7500532 -0.6498871 0.12274755
vn -0.94831413 -0.14170605 -0.28393632
vn -0.970684 -0.058822602 -0.23305053
vn -0.96066844 -0.07982508 -0.26597762
vn -0.9783508 -0.074979484 -0.1928932
vn -0.98362833 -0.040477667 -0.17560415
vn -0.96441257 -0.060543228 -0.25737685
vn -0.9621225 0.10386129 -0.2520578
vn -0.9714059 -0.116775274 -0.20672236
vn -0.96045846 0.11695204 -0.25266933
vn -0.95194536 -0.095426686 -0.29102212
vn -0.33856982 -0.9406524 0.023315579
vn -0.96785986 0.14610061 -0.2046994
vn -0.9493325 -0.03719595 -0.31206453
vn -0.8877029 -0.41777036 -0.193524
vn -0.94681394 -0.10927418 -0.30265898
vn -0.82387173 -0.55943024 -0.09095686
vn -0.8400068 -0.5033296 -0.20260248
vn -0.6813892 -0.23781288 -0.6922094
vn -0.6110643 -0.12870942 -0.7810469
vn -0.67172706 -0.2362531 -0.70211625
vn -0.6725431 -0.23475505 -0.7018375
vn 0.34333524 0.87028843 0.35315558
vn 0.3511455 0.8633421 0.3624048
vn 0.34333524 0.87028843 0.35315558
vn 0.33723325 0.8755579 0.34593654
vn -0.8110305 -0.58496195 -0.007004078
vn -0.7863103 -0.22246273 -0.5763908
vn -0.91470426 -0.40183854 -0.04291578
vn -0.73450965 -0.6611376 0.15294687
vn -0.70420456 0.6670231 0.24326107
vn -0.6711522 0.68978137 0.2715814
vn -0.4206023 0.37632746 0.82551277
vn -0.41961956 0.3780423 0.82522935
vn -0.7108826 0.3103127 0.6311513
vn -0.41415194 -0.18265429 -0.8916925
vn -0.22796117 -0.20543627 -0.9517508
vn -0.761348 -0.10478581 -0.63981956
vn -0.92235285 -0.024021976 -0.3856011
vn -0.98748136 0.041829243 -0.1520882
vn -0.9913628 0.111631595 0.06883407
vn -0.9233077 0.20131083 0.32707322
vn -0.6560015 -0.6410503 0.39839265
vn -0.94500273 -0.2611135 0.19695066
vn -0.2969306 -0.8288812 0.47411847
vn -0.20755343 -0.85863394 0.46868894
vn -0.11282215 -0.8145655 -0.5689941
vn -0.1652223 -0.76900417 -0.61752266
vn -0.11282215 -0.8145655 -0.5689941
vn -0.071993746 -0.8456144 -0.52891695
vn -0.5736365 -0.488135 -0.657773
vn -0.642603 -0.36552197 -0.6733908
vn -0.5736365 -0.488135 -0.657773
vn -0.48111448 -0.61581844 -0.62393624
vn -0.94535226 0.069706015 -0.31851262
vn -0.86508214 -0.068088464 -0.49698773
vn -0.9965486 0.03669379 -0.07446199
vn -0.7296223 -0.4356997 0.5270836
vn -0.81204325 -0.30975208 0.4946103
vn -0.6648373 -0.50717175 0.5484232
vn -0.6670796 -0.4931496 0.558398
vn -0.21347758 0.43449023 -0.8750118
vn -0.15271078 0.3342577 -0.93002754
vn -0.3052499 0.58286744 -0.7530525
vn -0.30525005 0.58286613 -0.7530534
vn -0.37429136 -0.38870272 -0.84191227
vn -0.3742803 -0.38869613 -0.8419202
vn -0.37429136 -0.38870272 -0.84191227
vn -0.37429708 -0.3887061 -0.8419081
vn -0.88450116 -0.15167484 0.4411944
vn -0.8845038 -0.1516707 0.44119048
vn -0.6567196 -0.72633237 -0.20288068
vn -0.65673894 -0.7263238 -0.20284891
vn -0.6567196 -0.72633237 -0.20288068
vn -0.6567097 -0.72633684 -0.20289715
vn -0.118127756 0.2766241 -0.95369023
vn -0.11812869 0.2766235 -0.95369023
vn -0.6355899 0.73051155 -0.24975672
vn -0.6184016 0.6894024 -0.37723157
vn -0.6698883 -0.47323483 0.5721001
vn -0.66989535 -0.47322604 0.5720991
vn -0.8887016 -0.18431339 -0.41980702
vn -0.88414323 -0.13696094 -0.44669065
vn -0.8554949 -9.498344E-4 -0.5178104
vn -0.90932786 -0.13928986 -0.39207295
vn -0.8247975 0.09443862 -0.5574858
vn -0.7873696 0.18579908 -0.5878161
vn -0.7744535 0.23749465 -0.58636004
vn -0.74980706 0.30110368 -0.5891739
vn 0.050401606 0.85223806 0.52072054
vn 0.17161998 0.8774397 0.44793552
vn 0.050401606 0.85223806 0.52072054
vn -0.03727704 0.82331157 0.5663643
vn 0.8947501 0.34838223 0.27937797
vn 0.8177756 0.4194367 0.39410132
vn -0.08032788 -0.46045002 0.88404363
vn -0.08030985 -0.43651795 0.89610404
vn -0.01687728 0.848093 -0.5295785
vn -0.016877249 0.848093 -0.5295785
vn -0.01687728 0.848093 -0.5295785
vn -0.016877329 0.84809303 -0.5295785
vn 0.8006617 -0.24887308 -0.54497993
vn 0.8019453 -0.25038436 -0.54239404
vn -0.61290956 0.42445758 -0.66646653
vn -0.111068845 -0.5475801 0.82934904
vn 0.05270435 -0.51015854 0.858464
vn -0.33902693 0.5883284 -0.7341187
vn -0.35214007 0.62398773 -0.69759345
vn 0.28006056 -0.18903448 0.9411865
vn 0.3044272 -0.081267245 0.9490625
vn 0.6396609 0.7488161 0.17351745
vn 0.5732117 0.8086509 0.13233294
vn -0.66215837 -0.601421 0.44703364
vn -0.6021869 -0.6275902 0.49345866
vn -0.483678 0.4552071 -0.7475574
vn -0.88647103 0.4194306 0.19556877
vn -0.9350102 0.34838086 0.066232204
vn -0.12782383 -0.43652165 0.8905672
vn -0.12503445 -0.46045005 0.8788357
vn 0.13815774 0.848094 -0.5115163
vn 0.13815714 0.848094 -0.5115166
vn 0.13815774 0.848094 -0.5115163
vn 0.13815811 0.84809405 -0.5115162
vn -0.65580076 -0.25039247 -0.7122001
vn -0.6539485 -0.24887407 -0.71443206
f 1/1/1 2/2/2 3/3/3
f 4/4/4 5/5/5 3/3/3
f 6/6/6 7/7/7 3/3/3
f 8/8/8 9/9/9 3/3/3
f 2/2/2 10/10/10 3/3/3
f 5/5/5 1/1/1 3/3/3
f 9/9/9 4/4/4 3/3/3
f 10/10/10 6/6/6 3/3/3
f 11/11/11 12/12/12 13/13/13
f 14/14/14 15/15/15 16/16/16
f 17/17/17 18/18/18 19/19/19
f 20/20/20 21/21/21 22/22/22
f 23/23/23 24/24/24 25/25/25
f 26/26/26 27/27/27 28/28/28
f 29/29/29 30/30/30 28/28/28
f 31/31/31 32/32/32 28/28/28
f 33/33/33 34/34/34 28/28/28
f 27/27/27 31/31/31 28/28/28
f 30/30/30 33/33/33 28/28/28
f 32/32/32 29/29/29 28/28/28
f 34/34/34 26/26/26 28/28/28
f 35/35/35 36/36/36 37/37/37
f 38/38/38 39/39/39 40/40/40
f 41/41/41 42/42/42 43/43/43
f 44/44/44 3/3/3 45/45/45
f 46/46/46 3/3/3 47/47/47
f 48/48/48 3/3/3 7/7/7
f 8/8/8 3/3/3 49/49/49
f 45/45/45 3/3/3 50/50/50
f 47/47/47 3/3/3 44/44/44
f 49/49/49 3/3/3 46/46/46
f 50/50/50 3/3/3 48/48/48
f 51/51/51 52/52/52 53/53/53
f 54/54/54 55/55/55 56/56/56
f 57/57/57 58/58/58 59/59/59
f 60/60/60 61/61/61 62/62/62
f 63/63/63 64/64/64 65/65/65
f 66/66/66 64/64/64 67/67/67
f 68/68/68 64/64/64 69/69/69
f 70/70/70 64/64/64 71/71/71
f 65/65/65 64/64/64 68/68/68
f 67/67/67 64/64/64 70/70/70
f 69/69/69 64/64/64 66/66/66
f 71/71/71 64/64/64 63/63/63
f 72/72/72 73/73/73 74/74/74
f 75/75/75 76/76/76 77/77/77
f 78/78/78 79/79/79 80/80/80
f 81/81/81 82/82/82 83/83/83
f 84/84/84 85/85/85 86/86/86
f 87/87/87 88/88/88 89/89/89
f 90/90/90 91/91/91 92/92/92
f 90/90/90 92/92/92 93/93/93
f 94/94/94 95/95/95 96/96/96
f 94/94/94 96/96/96 97/97/97
f 98/98/98 99/99/99 100/100/100
f 98/98/98 100/100/100 101/101/101
f 102/102/102 98/98/98 101/101/101
f 102/102/102 101/101/101 103/103/103
f 104/104/104 102/102/102 103/103/103
f 104/104/104 103/103/103 105/105/105
f 106/106/106 104/104/104 105/105/105
f 106/106/106 105/105/105 107/107/107
f 108/108/108 106/106/106 107/107/107
f 108/108/108 107/107/107 109/109/109
f 91/91/91 108/108/108 109/109/109
f 91/91/91 109/109/109 110/110/110
f 111/111/111 112/112/112 113/113/113
f 111/111/111 113/113/113 114/114/114
f 114/114/114 113/113/113 115/115/115
f 114/114/114 115/115/115 116/116/116
f 116/116/116 115/115/115 117/117/117
f 116/116/116 117/117/117 118/118/118
f 118/118/118 117/117/117 119/119/119
f 118/118/118 119/119/119 120/120/120
f 120/120/120 119/119/119 121/121/121
f 120/120/120 121/121/121 122/122/122
f 122/122/122 121/121/121 123/123/123
f 122/122/122 123/123/123 124/124/124
f 124/124/124 123/123/123 125/125/125
f 124/124/124 125/125/125 126/126/126
f 126/126/126 125/125/125 127/127/127
f 126/126/126 127/127/127 128/128/128
f 129/129/129 130/130/130 131/131/131
f 129/129/129 131/131/131 132/132/132
f 133/133/133 134/134/134 135/135/135
f 133/133/133 135/135/135 136/136/136
f 137/137/137 133/133/133 136/136/136
f 137/137/137 136/136/136 138/138/138
f 139/139/139 137/137/137 138/138/138
f 139/139/139 138/138/138 140/140/140
f 141/141/141 139/139/139 140/140/140
f 141/141/141 140/140/140 142/142/142
f 143/143/143 141/141/141 142/142/142
f 143/143/143 142/142/142 144/144/144
f 145/145/145 143/143/143 144/144/144
f 145/145/145 144/144/144 146/146/146
f 147/147/147 145/145/145 146/146/146
f 147/147/147 146/146/146 131/131/131
f 148/148/148 149/149/149 150/150/150
f 148/148/148 150/150/150 151/151/151
f 152/152/152 153/153/153 149/149/149
f 152/152/152 149/149/149 148/148/148
f 154/154/154 155/155/155 153/153/153
f 154/154/154 153/153/153 152/152/152
f 156/156/156 157/157/157 155/155/155
f 156/156/156 155/155/155 154/154/154
f 158/158/158 159/159/159 157/157/157
f 158/158/158 157/157/157 156/156/156
f 160/160/160 161/161/161 159/159/159
f 160/160/160 159/159/159 158/158/158
f 162/162/162 163/163/163 161/161/161
f 162/162/162 161/161/161 160/160/160
f 164/164/164 165/165/165 163/163/163
f 164/164/164 163/163/163 162/162/162
f 155/155/155 157/157/157 166/166/166
f 155/155/155 166/166/166 167/167/167
f 157/157/157 159/159/159 168/168/168
f 157/157/157 168/168/168 166/166/166
f 159/159/159 161/161/161 169/169/169
f 159/159/159 169/169/169 168/168/168
f 161/161/161 163/163/163 170/170/170
f 161/161/161 170/170/170 169/169/169
f 163/163/163 165/165/165 171/171/171
f 163/163/163 171/171/171 170/170/170
f 172/172/172 173/173/173 174/174/174
f 172/172/172 174/174/174 175/175/175
f 173/173/173 153/153/153 176/176/176
f 173/173/173 176/176/176 174/174/174
f 153/153/153 155/155/155 167/167/167
f 153/153/153 167/167/167 176/176/176
f 177/177/177 178/178/178 179/179/179
f 177/177/177 179/179/179 180/180/180
f 181/181/181 182/182/182 178/178/178
f 181/181/181 178/178/178 177/177/177
f 183/183/183 184/184/184 182/182/182
f 183/183/183 182/182/182 181/181/181
f 185/185/185 186/186/186 184/184/184
f 185/185/185 184/184/184 183/183/183
f 187/187/187 188/188/188 186/186/186
f 187/187/187 186/186/186 185/185/185
f 189/189/189 190/190/190 188/188/188
f 189/189/189 188/188/188 187/187/187
f 191/191/191 192/192/192 190/190/190
f 191/191/191 190/190/190 189/189/189
f 193/193/193 194/194/194 192/192/192
f 193/193/193 192/192/192 191/191/191
f 195/195/195 196/196/196 197/197/197
f 195/195/195 197/197/197 198/198/198
f 199/199/199 200/200/200 196/196/196
f 199/199/199 196/196/196 195/195/195
f 201/201/201 202/202/202 200/200/200
f 201/201/201 200/200/200 199/199/199
f 203/203/203 204/204/204 202/202/202
f 203/203/203 202/202/202 201/201/201
f 205/205/205 206/206/206 204/204/204
f 205/205/205 204/204/204 203/203/203
f 207/207/207 208/208/208 206/206/206
f 207/207/207 206/206/206 205/205/205
f 209/209/209 210/210/210 208/208/208
f 209/209/209 208/208/208 207/207/207
f 211/211/211 212/212/212 210/210/210
f 211/211/211 210/210/210 209/209/209
f 213/213/213 214/214/214 215/215/215
f 213/213/213 215/215/215 216/216/216
f 217/217/217 218/218/218 214/214/214
f 217/217/217 214/214/214 213/213/213
f 219/219/219 220/220/220 218/218/218
f 219/219/219 218/218/218 217/217/217
f 221/221/221 222/222/222 220/220/220
f 221/221/221 220/220/220 219/219/219
f 223/223/223 224/224/224 222/222/222
f 223/223/223 222/222/222 221/221/221
f 225/225/225 226/226/226 224/224/224
f 225/225/225 224/224/224 223/223/223
f 227/227/227 228/228/228 226/226/226
f 227/227/227 226/226/226 225/225/225
f 229/229/229 230/230/230 228/228/228
f 229/229/229 228/228/228 227/227/227
f 231/231/231 232/232/232 233/233/233
f 231/231/231 233/233/233 234/234/234
f 235/235/235 236/236/236 232/232/232
f 235/235/235 232/232/232 231/231/231
f 237/237/237 238/238/238 236/236/236
f 237/237/237 236/236/236 235/235/235
f 239/239/239 240/240/240 238/238/238
f 239/239/239 238/238/238 237/237/237
f 241/241/241 242/242/242 240/240/240
f 241/241/241 240/240/240 239/239/239
f 243/243/243 244/244/244 242/242/242
f 243/243/243 242/242/242 241/241/241
f 245/245/245 246/246/246 244/244/244
f 245/245/245 244/244/244 243/243/243
f 247/247/247 248/248/248 246/246/246
f 247/247/247 246/246/246 245/245/245
f 249/249/249 126/126/126 128/128/128
f 249/249/249 128/128/128 250/250/250
f 251/251/251 124/124/124 126/126/126
f 251/251/251 126/126/126 249/249/249
f 252/252/252 122/122/122 124/124/124
f 252/252/252 124/124/124 251/251/251
f 253/253/253 120/120/120 122/122/122
f 253/253/253 122/122/122 252/252/252
f 254/254/254 118/118/118 120/120/120
f 254/254/254 120/120/120 253/253/253
f 255/255/255 116/116/116 118/118/118
f 255/255/255 118/118/118 254/254/254
f 256/256/256 114/114/114 116/116/116
f 256/256/256 116/116/116 255/255/255
f 257/257/257 111/111/111 114/114/114
f 257/257/257 114/114/114 256/256/256
f 248/248/248 257/257/257 256/256/256
f 248/248/248 256/256/256 246/246/246
f 246/246/246 256/256/256 255/255/255
f 246/246/246 255/255/255 244/244/244
f 244/244/244 255/255/255 254/254/254
f 244/244/244 254/254/254 242/242/242
f 242/242/242 254/254/254 253/253/253
f 242/242/242 253/253/253 240/240/240
f 240/240/240 253/253/253 252/252/252
f 240/240/240 252/252/252 238/238/238
f 238/238/238 252/252/252 251/251/251
f 238/238/238 251/251/251 236/236/236
f 236/236/236 251/251/251 249/249/249
f 236/236/236 249/249/249 232/232/232
f 232/232/232 249/249/249 250/250/250
f 232/232/232 250/250/250 233/233/233
f 230/230/230 258/258/258 259/259/259
f 230/230/230 259/259/259 228/228/228
f 228/228/228 259/259/259 260/260/260
f 228/228/228 260/260/260 226/226/226
f 226/226/226 260/260/260 261/261/261
f 226/226/226 261/261/261 224/224/224
f 224/224/224 261/261/261 262/262/262
f 224/224/224 262/262/262 222/222/222
f 222/222/222 262/262/262 263/263/263
f 222/222/222 263/263/263 220/220/220
f 220/220/220 263/263/263 264/264/264
f 220/220/220 264/264/264 218/218/218
f 218/218/218 264/264/264 265/265/265
f 218/218/218 265/265/265 214/214/214
f 214/214/214 265/265/265 266/266/266
f 214/214/214 266/266/266 215/215/215
f 178/178/178 267/267/267 268/268/268
f 178/178/178 268/268/268 179/179/179
f 182/182/182 269/269/269 267/267/267
f 182/182/182 267/267/267 178/178/178
f 184/184/184 270/270/270 269/269/269
f 184/184/184 269/269/269 182/182/182
f 186/186/186 271/271/271 270/270/270
f 186/186/186 270/270/270 184/184/184
f 188/188/188 272/272/272 271/271/271
f 188/188/188 271/271/271 186/186/186
f 190/190/190 273/273/273 272/272/272
f 190/190/190 272/272/272 188/188/188
f 192/192/192 274/274/274 273/273/273
f 192/192/192 273/273/273 190/190/190
f 194/194/194 275/275/275 274/274/274
f 194/194/194 274/274/274 192/192/192
f 276/276/276 277/277/277 278/278/278
f 276/276/276 278/278/278 279/279/279
f 279/279/279 278/278/278 280/280/280
f 279/279/279 280/280/280 281/281/281
f 281/281/281 280/280/280 282/282/282
f 281/281/281 282/282/282 283/283/283
f 283/283/283 282/282/282 284/284/284
f 283/283/283 284/284/284 285/285/285
f 285/285/285 284/284/284 286/286/286
f 285/285/285 286/286/286 287/287/287
f 287/287/287 286/286/286 288/288/288
f 287/287/287 288/288/288 289/289/289
f 289/289/289 288/288/288 290/290/290
f 289/289/289 290/290/290 291/291/291
f 291/291/291 290/290/290 292/292/292
f 291/291/291 292/292/292 293/293/293
f 294/294/294 295/295/295 296/296/296
f 294/294/294 296/296/296 297/297/297
f 295/295/295 298/298/298 299/299/299
f 295/295/295 299/299/299 296/296/296
f 298/298/298 300/300/300 301/301/301
f 298/298/298 301/301/301 299/299/299
f 300/300/300 302/302/302 303/303/303
f 300/300/300 303/303/303 301/301/301
f 302/302/302 304/304/304 305/305/305
f 302/302/302 305/305/305 303/303/303
f 304/304/304 306/306/306 307/307/307
f 304/304/304 307/307/307 305/305/305
f 306/306/306 308/308/308 309/309/309
f 306/306/306 309/309/309 307/307/307
f 310/310/310 294/294/294 297/297/297
f 310/310/310 297/297/297 311/311/311
f 312/312/312 313/313/313 314/314/314
f 312/312/312 314/314/314 315/315/315
f 313/313/313 316/316/316 317/317/317
f 313/313/313 317/317/317 314/314/314
f 318/318/318 319/319/319 320/320/320
f 318/318/318 320/320/320 321/321/321
f 319/319/319 322/322/322 323/323/323
f 319/319/319 323/323/323 320/320/320
f 322/322/322 324/324/324 325/325/325
f 322/322/322 325/325/325 323/323/323
f 324/324/324 326/326/326 327/327/327
f 324/324/324 327/327/327 325/325/325
f 326/326/326 328/328/328 329/329/329
f 326/326/326 329/329/329 327/327/327
f 328/328/328 312/312/312 315/315/315
f 328/328/328 315/315/315 330/330/330
f 303/303/303 305/305/305 312/312/312
f 303/303/303 312/312/312 328/328/328
f 301/301/301 303/303/303 328/328/328
f 301/301/301 328/328/328 326/326/326
f 299/299/299 301/301/301 326/326/326
f 299/299/299 326/326/326 324/324/324
f 296/296/296 299/299/299 324/324/324
f 296/296/296 324/324/324 322/322/322
f 297/297/297 296/296/296 322/322/322
f 297/297/297 322/322/322 319/319/319
f 311/311/311 297/297/297 319/319/319
f 311/311/311 319/319/319 318/318/318
f 307/307/307 309/309/309 316/316/316
f 307/307/307 316/316/316 313/313/313
f 305/305/305 307/307/307 313/313/313
f 305/305/305 313/313/313 312/312/312
f 331/331/331 332/332/332 333/333/333
f 331/331/331 333/333/333 334/334/334
f 335/335/335 336/336/336 337/337/337
f 335/335/335 337/337/337 338/338/338
f 332/332/332 339/339/339 340/340/340
f 332/332/332 340/340/340 333/333/333
f 336/336/336 331/331/331 334/334/334
f 336/336/336 334/334/334 337/337/337
f 341/341/341 342/342/342 36/36/36
f 341/341/341 36/36/36 35/35/35
f 343/343/343 344/344/344 345/345/345
f 343/343/343 345/345/345 346/346/346
f 347/347/347 348/348/348 349/349/349
f 347/347/347 349/349/349 350/350/350
f 351/351/351 352/352/352 353/353/353
f 351/351/351 353/353/353 354/354/354
f 355/355/355 356/356/356 357/357/357
f 355/355/355 357/357/357 358/358/358
f 356/356/356 359/359/359 360/360/360
f 356/356/356 360/360/360 357/357/357
f 349/349/349 361/361/361 362/362/362
f 349/349/349 362/362/362 363/363/363
f 354/354/354 353/353/353 16/16/16
f 354/354/354 16/16/16 364/364/364
f 350/350/350 349/349/349 363/363/363
f 350/350/350 363/363/363 365/365/365
f 361/361/361 354/354/354 364/364/364
f 361/361/361 364/364/364 362/362/362
f 366/366/366 367/367/367 368/368/368
f 366/366/366 368/368/368 369/369/369
f 370/370/370 371/371/371 372/372/372
f 370/370/370 372/372/372 373/373/373
f 374/374/374 366/366/366 369/369/369
f 374/374/374 369/369/369 375/375/375
f 367/367/367 376/376/376 377/377/377
f 367/367/367 377/377/377 368/368/368
f 378/378/378 379/379/379 380/380/380
f 378/378/378 380/380/380 381/381/381
f 382/382/382 378/378/378 381/381/381
f 382/382/382 381/381/381 383/383/383
f 93/93/93 92/92/92 130/130/130
f 93/93/93 130/130/130 129/129/129
f 97/97/97 96/96/96 134/134/134
f 97/97/97 134/134/134 133/133/133
f 101/101/101 100/100/100 133/133/133
f 101/101/101 133/133/133 137/137/137
f 103/103/103 101/101/101 137/137/137
f 103/103/103 137/137/137 139/139/139
f 105/105/105 103/103/103 139/139/139
f 105/105/105 139/139/139 141/141/141
f 107/107/107 105/105/105 141/141/141
f 107/107/107 141/141/141 143/143/143
f 109/109/109 107/107/107 143/143/143
f 109/109/109 143/143/143 145/145/145
f 110/110/110 109/109/109 145/145/145
f 110/110/110 145/145/145 147/147/147
f 132/132/132 131/131/131 384/384/384
f 132/132/132 384/384/384 385/385/385
f 136/136/136 135/135/135 386/386/386
f 136/136/136 386/386/386 387/387/387
f 138/138/138 136/136/136 387/387/387
f 138/138/138 387/387/387 388/388/388
f 140/140/140 138/138/138 388/388/388
f 140/140/140 388/388/388 389/389/389
f 142/142/142 140/140/140 389/389/389
f 142/142/142 389/389/389 390/390/390
f 144/144/144 142/142/142 390/390/390
f 144/144/144 390/390/390 391/391/391
f 146/146/146 144/144/144 391/391/391
f 146/146/146 391/391/391 392/392/392
f 131/131/131 146/146/146 392/392/392
f 131/131/131 392/392/392 384/384/384
f 393/393/393 394/394/394 108/108/108
f 393/393/393 108/108/108 91/91/91
f 394/394/394 395/395/395 106/106/106
f 394/394/394 106/106/106 108/108/108
f 395/395/395 396/396/396 104/104/104
f 395/395/395 104/104/104 106/106/106
f 396/396/396 397/397/397 102/102/102
f 396/396/396 102/102/102 104/104/104
f 397/397/397 398/398/398 98/98/98
f 397/397/397 98/98/98 102/102/102
f 398/398/398 399/399/399 99/99/99
f 398/398/398 99/99/99 98/98/98
f 399/399/399 400/400/400 95/95/95
f 399/399/399 95/95/95 94/94/94
f 401/401/401 393/393/393 91/91/91
f 401/401/401 91/91/91 90/90/90
f 385/385/385 384/384/384 294/294/294
f 385/385/385 294/294/294 310/310/310
f 387/387/387 386/386/386 308/308/308
f 387/387/387 308/308/308 306/306/306
f 388/388/388 387/387/387 306/306/306
f 388/388/388 306/306/306 304/304/304
f 389/389/389 388/388/388 304/304/304
f 389/389/389 304/304/304 302/302/302
f 390/390/390 389/389/389 302/302/302
f 390/390/390 302/302/302 300/300/300
f 391/391/391 390/390/390 300/300/300
f 391/391/391 300/300/300 298/298/298
f 392/392/392 391/391/391 298/298/298
f 392/392/392 298/298/298 295/295/295
f 384/384/384 392/392/392 295/295/295
f 384/384/384 295/295/295 294/294/294
f 320/320/320 323/323/323 331/331/331
f 320/320/320 331/331/331 336/336/336
f 325/325/325 327/327/327 339/339/339
f 325/325/325 339/339/339 332/332/332
f 321/321/321 320/320/320 336/336/336
f 321/321/321 336/336/336 335/335/335
f 323/323/323 325/325/325 332/332/332
f 323/323/323 332/332/332 331/331/331
f 333/333/333 340/340/340 352/352/352
f 333/333/333 352/352/352 351/351/351
f 338/338/338 337/337/337 348/348/348
f 338/338/338 348/348/348 347/347/347
f 334/334/334 333/333/333 351/351/351
f 334/334/334 351/351/351 402/402/402
f 337/337/337 334/334/334 402/402/402
f 337/337/337 402/402/402 348/348/348
f 403/403/403 404/404/404 405/405/405
f 403/403/403 405/405/405 406/406/406
f 407/407/407 403/403/403 406/406/406
f 407/407/407 406/406/406 408/408/408
f 409/409/409 410/410/410 411/411/411
f 409/409/409 411/411/411 412/412/412
f 413/413/413 409/409/409 412/412/412
f 413/413/413 412/412/412 414/414/414
f 415/415/415 416/416/416 409/409/409
f 415/415/415 409/409/409 413/413/413
f 416/416/416 417/417/417 410/410/410
f 416/416/416 410/410/410 409/409/409
f 418/418/418 419/419/419 420/420/420
f 418/418/418 420/420/420 421/421/421
f 422/422/422 423/423/423 424/424/424
f 422/422/422 424/424/424 425/425/425
f 426/426/426 427/427/427 428/428/428
f 426/426/426 428/428/428 429/429/429
f 430/430/430 431/431/431 432/432/432
f 430/430/430 432/432/432 433/433/433
f 342/342/342 434/434/434 435/435/435
f 342/342/342 435/435/435 436/436/436
f 373/373/373 374/374/374 375/375/375
f 373/373/373 375/375/375 437/437/437
f 437/437/437 375/375/375 438/438/438
f 437/437/437 438/438/438 439/439/439
f 440/440/440 441/441/441 442/442/442
f 440/440/440 442/442/442 443/443/443
f 371/371/371 444/444/444 445/445/445
f 371/371/371 445/445/445 372/372/372
f 444/444/444 446/446/446 447/447/447
f 444/444/444 447/447/447 445/445/445
f 448/448/448 449/449/449 446/446/446
f 448/448/448 446/446/446 444/444/444
f 450/450/450 451/451/451 444/444/444
f 450/450/450 444/444/444 371/371/371
f 452/452/452 453/453/453 441/441/441
f 452/452/452 441/441/441 440/440/440
f 454/454/454 450/450/450 371/371/371
f 454/454/454 371/371/371 370/370/370
f 441/441/441 453/453/453 455/455/455
f 441/441/441 455/455/455 456/456/456
f 457/457/457 458/458/458 459/459/459
f 457/457/457 459/459/459 460/460/460
f 460/460/460 459/459/459 461/461/461
f 460/460/460 461/461/461 462/462/462
f 463/463/463 464/464/464 458/458/458
f 463/463/463 458/458/458 457/457/457
f 462/462/462 461/461/461 465/465/465
f 462/462/462 465/465/465 466/466/466
f 466/466/466 465/465/465 467/467/467
f 466/466/466 467/467/467 468/468/468
f 468/468/468 467/467/467 469/469/469
f 468/468/468 469/469/469 470/470/470
f 471/471/471 470/470/470 469/469/469
f 471/471/471 469/469/469 472/472/472
f 473/473/473 474/474/474 475/475/475
f 473/473/473 475/475/475 21/21/21
f 22/22/22 21/21/21 475/475/475
f 22/22/22 475/475/475 476/476/476
f 477/477/477 478/478/478 479/479/479
f 477/477/477 479/479/479 480/480/480
f 478/478/478 481/481/481 482/482/482
f 478/478/478 482/482/482 479/479/479
f 14/14/14 16/16/16 483/483/483
f 14/14/14 483/483/483 484/484/484
f 407/407/407 408/408/408 485/485/485
f 407/407/407 485/485/485 486/486/486
f 487/487/487 407/407/407 486/486/486
f 487/487/487 486/486/486 488/488/488
f 339/339/339 327/327/327 489/489/489
f 339/339/339 489/489/489 490/490/490
f 491/491/491 487/487/487 488/488/488
f 491/491/491 488/488/488 492/492/492
f 352/352/352 483/483/483 16/16/16
f 352/352/352 16/16/16 353/353/353
f 352/352/352 340/340/340 493/493/493
f 352/352/352 493/493/493 483/483/483
f 340/340/340 339/339/339 490/490/490
f 340/340/340 490/490/490 493/493/493
f 494/494/494 495/495/495 359/359/359
f 494/494/494 359/359/359 356/356/356
f 496/496/496 494/494/494 356/356/356
f 496/496/496 356/356/356 355/355/355
f 497/497/497 498/498/498 499/499/499
f 497/497/497 499/499/499 500/500/500
f 365/365/365 363/363/363 494/494/494
f 365/365/365 494/494/494 496/496/496
f 363/363/363 362/362/362 495/495/495
f 363/363/363 495/495/495 494/494/494
f 501/501/501 497/497/497 500/500/500
f 501/501/501 500/500/500 495/495/495
f 495/495/495 362/362/362 364/364/364
f 495/495/495 364/364/364 501/501/501
f 364/364/364 16/16/16 15/15/15
f 364/364/364 15/15/15 501/501/501
f 481/481/481 14/14/14 484/484/484
f 481/481/481 484/484/484 482/482/482
f 502/502/502 503/503/503 504/504/504
f 502/502/502 504/504/504 505/505/505
f 506/506/506 380/380/380 507/507/507
f 506/506/506 507/507/507 508/508/508
f 380/380/380 499/499/499 498/498/498
f 380/380/380 498/498/498 507/507/507
f 478/478/478 506/506/506 508/508/508
f 478/478/478 508/508/508 481/481/481
f 475/475/475 474/474/474 509/509/509
f 475/475/475 509/509/509 510/510/510
f 511/511/511 477/477/477 474/474/474
f 511/511/511 474/474/474 473/473/473
f 512/512/512 513/513/513 470/470/470
f 512/512/512 470/470/470 471/471/471
f 511/511/511 473/473/473 514/514/514
f 511/511/511 514/514/514 512/512/512
f 505/505/505 504/504/504 515/515/515
f 505/505/505 515/515/515 516/516/516
f 517/517/517 518/518/518 519/519/519
f 517/517/517 519/519/519 520/520/520
f 521/521/521 522/522/522 523/523/523
f 521/521/521 523/523/523 524/524/524
f 525/525/525 526/526/526 527/527/527
f 525/525/525 527/527/527 528/528/528
f 437/437/437 521/521/521 524/524/524
f 437/437/437 524/524/524 529/529/529
f 530/530/530 531/531/531 532/532/532
f 530/530/530 532/532/532 533/533/533
f 534/534/534 535/535/535 536/536/536
f 534/534/534 536/536/536 537/537/537
f 538/538/538 539/539/539 540/540/540
f 538/538/538 540/540/540 541/541/541
f 542/542/542 538/538/538 541/541/541
f 542/542/542 541/541/541 543/543/543
f 544/544/544 545/545/545 546/546/546
f 544/544/544 546/546/546 547/547/547
f 370/370/370 373/373/373 548/548/548
f 370/370/370 548/548/548 549/549/549
f 454/454/454 370/370/370 549/549/549
f 454/454/454 549/549/549 550/550/550
f 373/373/373 437/437/437 529/529/529
f 373/373/373 529/529/529 548/548/548
f 551/551/551 552/552/552 553/553/553
f 551/551/551 553/553/553 554/554/554
f 555/555/555 556/556/556 557/557/557
f 555/555/555 557/557/557 558/558/558
f 441/441/441 456/456/456 559/559/559
f 441/441/441 559/559/559 442/442/442
f 560/560/560 561/561/561 562/562/562
f 560/560/560 562/562/562 563/563/563
f 564/564/564 555/555/555 558/558/558
f 564/564/564 558/558/558 565/565/565
f 566/566/566 567/567/567 568/568/568
f 566/566/566 568/568/568 569/569/569
f 567/567/567 544/544/544 547/547/547
f 567/567/567 547/547/547 568/568/568
f 570/570/570 563/563/563 562/562/562
f 570/570/570 562/562/562 571/571/571
f 572/572/572 551/551/551 554/554/554
f 572/572/572 554/554/554 573/573/573
f 542/542/542 543/543/543 574/574/574
f 542/542/542 574/574/574 575/575/575
f 576/576/576 577/577/577 578/578/578
f 576/576/576 578/578/578 579/579/579
f 580/580/580 581/581/581 582/582/582
f 580/580/580 582/582/582 583/583/583
f 584/584/584 585/585/585 586/586/586
f 584/584/584 586/586/586 587/587/587
f 588/588/588 589/589/589 590/590/590
f 588/588/588 590/590/590 591/591/591
f 592/592/592 593/593/593 594/594/594
f 592/592/592 594/594/594 595/595/595
f 596/596/596 592/592/592 595/595/595
f 596/596/596 595/595/595 597/597/597
f 598/598/598 599/599/599 600/600/600
f 598/598/598 600/600/600 601/601/601
f 602/602/602 603/603/603 604/604/604
f 602/602/602 604/604/604 605/605/605
f 593/593/593 606/606/606 607/607/607
f 593/593/593 607/607/607 594/594/594
f 608/608/608 609/609/609 610/610/610
f 608/608/608 610/610/610 611/611/611
f 606/606/606 608/608/608 611/611/611
f 606/606/606 611/611/611 607/607/607
f 609/609/609 580/580/580 583/583/583
f 609/609/609 583/583/583 610/610/610
f 577/577/577 612/612/612 613/613/613
f 577/577/577 613/613/613 578/578/578
f 614/614/614 615/615/615 616/616/616
f 614/614/614 616/616/616 617/617/617
f 618/618/618 619/619/619 620/620/620
f 618/618/618 620/620/620 621/621/621
f 622/622/622 623/623/623 624/624/624
f 622/622/622 624/624/624 625/625/625
f 625/625/625 624/624/624 619/619/619
f 625/625/625 619/619/619 618/618/618
f 626/626/626 627/627/627 628/628/628
f 626/626/626 628/628/628 629/629/629
f 629/629/629 628/628/628 623/623/623
f 629/629/629 623/623/623 622/622/622
f 621/621/621 620/620/620 630/630/630
f 621/621/621 630/630/630 631/631/631
f 631/631/631 630/630/630 632/632/632
f 631/631/631 632/632/632 633/633/633
f 634/634/634 635/635/635 627/627/627
f 634/634/634 627/627/627 626/626/626
f 633/633/633 632/632/632 636/636/636
f 633/633/633 636/636/636 637/637/637
f 638/638/638 639/639/639 640/640/640
f 638/638/638 640/640/640 641/641/641
f 466/466/466 468/468/468 617/617/617
f 466/466/466 617/617/617 616/616/616
f 462/462/462 466/466/466 640/640/640
f 462/462/462 640/640/640 639/639/639
f 462/462/462 639/639/639 638/638/638
f 462/462/462 638/638/638 460/460/460
f 642/642/642 457/457/457 460/460/460
f 642/642/642 460/460/460 638/638/638
f 463/463/463 457/457/457 642/642/642
f 463/463/463 642/642/642 643/643/643
f 468/468/468 470/470/470 513/513/513
f 468/468/468 513/513/513 617/617/617
f 22/22/22 644/644/644 514/514/514
f 22/22/22 514/514/514 20/20/20
f 21/21/21 20/20/20 514/514/514
f 21/21/21 514/514/514 473/473/473
f 645/645/645 368/368/368 377/377/377
f 645/645/645 377/377/377 476/476/476
f 476/476/476 475/475/475 510/510/510
f 476/476/476 510/510/510 645/645/645
f 646/646/646 647/647/647 648/648/648
f 646/646/646 648/648/648 649/649/649
f 650/650/650 651/651/651 652/652/652
f 650/650/650 652/652/652 653/653/653
f 654/654/654 655/655/655 656/656/656
f 654/654/654 656/656/656 657/657/657
f 658/658/658 646/646/646 649/649/649
f 658/658/658 649/649/649 659/659/659
f 660/660/660 661/661/661 662/662/662
f 660/660/660 662/662/662 663/663/663
f 664/664/664 665/665/665 661/661/661
f 664/664/664 661/661/661 660/660/660
f 666/666/666 667/667/667 646/646/646
f 666/666/666 646/646/646 658/658/658
f 668/668/668 669/669/669 655/655/655
f 668/668/668 655/655/655 654/654/654
f 670/670/670 671/671/671 651/651/651
f 670/670/670 651/651/651 650/650/650
f 667/667/667 672/672/672 647/647/647
f 667/667/667 647/647/647 646/646/646
f 546/546/546 662/662/662 661/661/661
f 546/546/546 661/661/661 547/547/547
f 665/665/665 673/673/673 547/547/547
f 665/665/665 547/547/547 661/661/661
f 674/674/674 650/650/650 653/653/653
f 674/674/674 653/653/653 675/675/675
f 676/676/676 670/670/670 650/650/650
f 676/676/676 650/650/650 674/674/674
f 519/519/519 677/677/677 539/539/539
f 519/519/519 539/539/539 520/520/520
f 25/25/25 520/520/520 539/539/539
f 25/25/25 539/539/539 538/538/538
f 678/678/678 25/25/25 538/538/538
f 678/678/678 538/538/538 542/542/542
f 679/679/679 23/23/23 25/25/25
f 679/679/679 25/25/25 678/678/678
f 680/680/680 502/502/502 505/505/505
f 680/680/680 505/505/505 678/678/678
f 542/542/542 575/575/575 680/680/680
f 542/542/542 680/680/680 678/678/678
f 413/413/413 414/414/414 681/681/681
f 413/413/413 681/681/681 682/682/682
f 683/683/683 684/684/684 685/685/685
f 683/683/683 685/685/685 686/686/686
f 687/687/687 683/683/683 686/686/686
f 687/687/687 686/686/686 688/688/688
f 688/688/688 439/439/439 438/438/438
f 688/688/688 438/438/438 687/687/687
f 689/689/689 690/690/690 691/691/691
f 689/689/689 691/691/691 692/692/692
f 693/693/693 498/498/498 694/694/694
f 693/693/693 694/694/694 695/695/695
f 690/690/690 696/696/696 697/697/697
f 690/690/690 697/697/697 691/691/691
f 497/497/497 698/698/698 699/699/699
f 497/497/497 699/699/699 700/700/700
f 498/498/498 497/497/497 700/700/700
f 498/498/498 700/700/700 694/694/694
f 701/701/701 689/689/689 692/692/692
f 701/701/701 692/692/692 702/702/702
f 696/696/696 693/693/693 695/695/695
f 696/696/696 695/695/695 697/697/697
f 698/698/698 701/701/701 702/702/702
f 698/698/698 702/702/702 699/699/699
f 703/703/703 704/704/704 705/705/705
f 703/703/703 705/705/705 706/706/706
f 707/707/707 708/708/708 709/709/709
f 707/707/707 709/709/709 710/710/710
f 711/711/711 712/712/712 713/713/713
f 711/711/711 713/713/713 714/714/714
f 715/715/715 716/716/716 717/717/717
f 715/715/715 717/717/717 718/718/718
f 719/719/719 720/720/720 721/721/721
f 719/719/719 721/721/721 722/722/722
f 723/723/723 724/724/724 725/725/725
f 723/723/723 725/725/725 726/726/726
f 727/727/727 728/728/728 729/729/729
f 727/727/727 729/729/729 730/730/730
f 731/731/731 732/732/732 733/733/733
f 731/731/731 733/733/733 734/734/734
f 735/735/735 736/736/736 737/737/737
f 735/735/735 737/737/737 738/738/738
f 739/739/739 735/735/735 738/738/738
f 739/739/739 738/738/738 490/490/490
f 740/740/740 484/484/484 483/483/483
f 740/740/740 483/483/483 493/493/493
f 493/493/493 490/490/490 738/738/738
f 493/493/493 738/738/738 740/740/740
f 741/741/741 737/737/737 736/736/736
f 741/741/741 736/736/736 742/742/742
f 743/743/743 741/741/741 742/742/742
f 743/743/743 742/742/742 744/744/744
f 415/415/415 413/413/413 682/682/682
f 415/415/415 682/682/682 745/745/745
f 375/375/375 369/369/369 368/368/368
f 375/375/375 368/368/368 645/645/645
f 375/375/375 645/645/645 510/510/510
f 375/375/375 510/510/510 438/438/438
f 509/509/509 687/687/687 438/438/438
f 509/509/509 438/438/438 510/510/510
f 746/746/746 687/687/687 509/509/509
f 746/746/746 509/509/509 480/480/480
f 746/746/746 747/747/747 741/741/741
f 746/746/746 741/741/741 743/743/743
f 748/748/748 482/482/482 749/749/749
f 748/748/748 749/749/749 747/747/747
f 482/482/482 484/484/484 740/740/740
f 482/482/482 740/740/740 749/749/749
f 737/737/737 749/749/749 740/740/740
f 737/737/737 740/740/740 738/738/738
f 741/741/741 747/747/747 749/749/749
f 741/741/741 749/749/749 737/737/737
f 687/687/687 746/746/746 743/743/743
f 687/687/687 743/743/743 683/683/683
f 747/747/747 746/746/746 480/480/480
f 747/747/747 480/480/480 748/748/748
f 408/408/408 415/415/415 745/745/745
f 408/408/408 745/745/745 485/485/485
f 683/683/683 743/743/743 744/744/744
f 683/683/683 744/744/744 684/684/684
f 506/506/506 511/511/511 512/512/512
f 506/506/506 512/512/512 380/380/380
f 380/380/380 512/512/512 471/471/471
f 380/380/380 471/471/471 381/381/381
f 506/506/506 478/478/478 477/477/477
f 506/506/506 477/477/477 511/511/511
f 474/474/474 477/477/477 480/480/480
f 474/474/474 480/480/480 509/509/509
f 381/381/381 471/471/471 472/472/472
f 381/381/381 472/472/472 383/383/383
f 406/406/406 405/405/405 417/417/417
f 406/406/406 417/417/417 416/416/416
f 408/408/408 406/406/406 416/416/416
f 408/408/408 416/416/416 415/415/415
f 750/750/750 751/751/751 752/752/752
f 750/750/750 752/752/752 753/753/753
f 754/754/754 755/755/755 756/756/756
f 754/754/754 756/756/756 757/757/757
f 758/758/758 759/759/759 760/760/760
f 758/758/758 760/760/760 761/761/761
f 762/762/762 763/763/763 764/764/764
f 762/762/762 764/764/764 765/765/765
f 763/763/763 766/766/766 767/767/767
f 763/763/763 767/767/767 764/764/764
f 768/768/768 769/769/769 770/770/770
f 768/768/768 770/770/770 771/771/771
f 772/772/772 773/773/773 774/774/774
f 772/772/772 774/774/774 775/775/775
f 776/776/776 777/777/777 778/778/778
f 776/776/776 778/778/778 779/779/779
f 780/780/780 781/781/781 782/782/782
f 780/780/780 782/782/782 783/783/783
f 784/784/784 785/785/785 786/786/786
f 784/784/784 786/786/786 787/787/787
f 788/788/788 789/789/789 790/790/790
f 788/788/788 790/790/790 791/791/791
f 792/792/792 793/793/793 794/794/794
f 792/792/792 794/794/794 795/795/795
f 796/796/796 797/797/797 798/798/798
f 796/796/796 798/798/798 799/799/799
f 800/800/800 801/801/801 802/802/802
f 800/800/800 802/802/802 803/803/803
f 804/804/804 805/805/805 806/806/806
f 804/804/804 806/806/806 807/807/807
f 808/808/808 809/809/809 810/810/810
f 808/808/808 810/810/810 811/811/811
f 812/812/812 813/813/813 393/393/393
f 812/812/812 393/393/393 814/814/814
f 815/815/815 816/816/816 400/400/400
f 815/815/815 400/400/400 399/399/399
f 817/817/817 815/815/815 399/399/399
f 817/817/817 399/399/399 398/398/398
f 818/818/818 817/817/817 398/398/398
f 818/818/818 398/398/398 397/397/397
f 819/819/819 818/818/818 397/397/397
f 819/819/819 397/397/397 396/396/396
f 820/820/820 819/819/819 396/396/396
f 820/820/820 396/396/396 395/395/395
f 821/821/821 820/820/820 395/395/395
f 821/821/821 395/395/395 394/394/394
f 813/813/813 821/821/821 394/394/394
f 813/813/813 394/394/394 393/393/393
f 176/176/176 167/167/167 822/822/822
f 176/176/176 822/822/822 823/823/823
f 174/174/174 176/176/176 823/823/823
f 174/174/174 823/823/823 824/824/824
f 175/175/175 174/174/174 824/824/824
f 175/175/175 824/824/824 825/825/825
f 826/826/826 827/827/827 828/828/828
f 826/826/826 828/828/828 829/829/829
f 830/830/830 831/831/831 832/832/832
f 830/830/830 832/832/832 833/833/833
f 168/168/168 169/169/169 834/834/834
f 168/168/168 834/834/834 835/835/835
f 166/166/166 168/168/168 835/835/835
f 166/166/166 835/835/835 836/836/836
f 167/167/167 166/166/166 836/836/836
f 167/167/167 836/836/836 822/822/822
f 837/837/837 838/838/838 839/839/839
f 837/837/837 839/839/839 840/840/840
f 841/841/841 842/842/842 843/843/843
f 841/841/841 843/843/843 844/844/844
f 845/845/845 846/846/846 847/847/847
f 845/845/845 847/847/847 848/848/848
f 849/849/849 837/837/837 840/840/840
f 849/849/849 840/840/840 850/850/850
f 851/851/851 852/852/852 853/853/853
f 851/851/851 853/853/853 854/854/854
f 855/855/855 841/841/841 844/844/844
f 855/855/855 844/844/844 856/856/856
f 857/857/857 41/41/41 43/43/43
f 857/857/857 43/43/43 858/858/858
f 838/838/838 859/859/859 860/860/860
f 838/838/838 860/860/860 839/839/839
f 861/861/861 862/862/862 863/863/863
f 861/861/861 863/863/863 864/864/864
f 863/863/863 865/865/865 866/866/866
f 863/863/863 866/866/866 864/864/864
f 865/865/865 867/867/867 868/868/868
f 865/865/865 868/868/868 866/866/866
f 869/869/869 804/804/804 807/807/807
f 869/869/869 807/807/807 870/870/870
f 751/751/751 780/780/780 783/783/783
f 751/751/751 783/783/783 752/752/752
f 759/759/759 758/758/758 769/769/769
f 759/759/759 769/769/769 768/768/768
f 871/871/871 754/754/754 757/757/757
f 871/871/871 757/757/757 872/872/872
f 873/873/873 874/874/874 434/434/434
f 873/873/873 434/434/434 342/342/342
f 875/875/875 876/876/876 427/427/427
f 875/875/875 427/427/427 426/426/426
f 877/877/877 878/878/878 423/423/423
f 877/877/877 423/423/423 422/422/422
f 879/879/879 11/11/11 13/13/13
f 879/879/879 13/13/13 880/880/880
f 881/881/881 873/873/873 342/342/342
f 881/881/881 342/342/342 341/341/341
f 882/882/882 883/883/883 884/884/884
f 882/882/882 884/884/884 885/885/885
f 886/886/886 887/887/887 888/888/888
f 886/886/886 888/888/888 889/889/889
f 890/890/890 891/891/891 892/892/892
f 890/890/890 892/892/892 893/893/893
f 894/894/894 895/895/895 891/891/891
f 894/894/894 891/891/891 890/890/890
f 896/896/896 897/897/897 895/895/895
f 896/896/896 895/895/895 894/894/894
f 898/898/898 899/899/899 897/897/897
f 898/898/898 897/897/897 896/896/896
f 900/900/900 901/901/901 899/899/899
f 900/900/900 899/899/899 898/898/898
f 885/885/885 902/902/902 901/901/901
f 885/885/885 901/901/901 900/900/900
f 903/903/903 904/904/904 905/905/905
f 903/903/903 905/905/905 906/906/906
f 904/904/904 907/907/907 908/908/908
f 904/904/904 908/908/908 905/905/905
f 907/907/907 909/909/909 910/910/910
f 907/907/907 910/910/910 908/908/908
f 909/909/909 911/911/911 912/912/912
f 909/909/909 912/912/912 910/910/910
f 911/911/911 913/913/913 914/914/914
f 911/911/911 914/914/914 912/912/912
f 913/913/913 915/915/915 916/916/916
f 913/913/913 916/916/916 914/914/914
f 915/915/915 917/917/917 918/918/918
f 915/915/915 918/918/918 916/916/916
f 917/917/917 919/919/919 920/920/920
f 917/917/917 920/920/920 918/918/918
f 921/921/921 922/922/922 923/923/923
f 921/921/921 923/923/923 924/924/924
f 925/925/925 926/926/926 927/927/927
f 925/925/925 927/927/927 928/928/928
f 929/929/929 930/930/930 926/926/926
f 929/929/929 926/926/926 925/925/925
f 931/931/931 932/932/932 930/930/930
f 931/931/931 930/930/930 929/929/929
f 933/933/933 934/934/934 932/932/932
f 933/933/933 932/932/932 931/931/931
f 935/935/935 936/936/936 934/934/934
f 935/935/935 934/934/934 933/933/933
f 937/937/937 938/938/938 936/936/936
f 937/937/937 936/936/936 935/935/935
f 939/939/939 923/923/923 938/938/938
f 939/939/939 938/938/938 937/937/937
f 940/940/940 941/941/941 942/942/942
f 940/940/940 942/942/942 943/943/943
f 944/944/944 940/940/940 943/943/943
f 944/944/944 943/943/943 945/945/945
f 946/946/946 944/944/944 945/945/945
f 946/946/946 945/945/945 947/947/947
f 948/948/948 946/946/946 947/947/947
f 948/948/948 947/947/947 949/949/949
f 950/950/950 948/948/948 949/949/949
f 950/950/950 949/949/949 951/951/951
f 952/952/952 950/950/950 951/951/951
f 952/952/952 951/951/951 953/953/953
f 954/954/954 952/952/952 953/953/953
f 954/954/954 953/953/953 955/955/955
f 956/956/956 954/954/954 955/955/955
f 956/956/956 955/955/955 957/957/957
f 947/947/947 958/958/958 959/959/959
f 947/947/947 959/959/959 949/949/949
f 949/949/949 959/959/959 960/960/960
f 949/949/949 960/960/960 951/951/951
f 951/951/951 960/960/960 961/961/961
f 951/951/951 961/961/961 953/953/953
f 953/953/953 961/961/961 962/962/962
f 953/953/953 962/962/962 955/955/955
f 955/955/955 962/962/962 963/963/963
f 955/955/955 963/963/963 957/957/957
f 964/964/964 965/965/965 966/966/966
f 964/964/964 966/966/966 967/967/967
f 967/967/967 966/966/966 968/968/968
f 967/967/967 968/968/968 945/945/945
f 945/945/945 968/968/968 958/958/958
f 945/945/945 958/958/958 947/947/947
f 969/969/969 970/970/970 971/971/971
f 969/969/969 971/971/971 972/972/972
f 973/973/973 969/969/969 972/972/972
f 973/973/973 972/972/972 974/974/974
f 975/975/975 973/973/973 974/974/974
f 975/975/975 974/974/974 976/976/976
f 977/977/977 975/975/975 976/976/976
f 977/977/977 976/976/976 978/978/978
f 979/979/979 977/977/977 978/978/978
f 979/979/979 978/978/978 980/980/980
f 981/981/981 979/979/979 980/980/980
f 981/981/981 980/980/980 982/982/982
f 983/983/983 981/981/981 982/982/982
f 983/983/983 982/982/982 984/984/984
f 985/985/985 983/983/983 984/984/984
f 985/985/985 984/984/984 986/986/986
f 987/987/987 988/988/988 989/989/989
f 987/987/987 989/989/989 990/990/990
f 991/991/991 987/987/987 990/990/990
f 991/991/991 990/990/990 992/992/992
f 993/993/993 991/991/991 992/992/992
f 993/993/993 992/992/992 994/994/994
f 995/995/995 993/993/993 994/994/994
f 995/995/995 994/994/994 996/996/996
f 997/997/997 995/995/995 996/996/996
f 997/997/997 996/996/996 998/998/998
f 999/999/999 997/997/997 998/998/998
f 999/999/999 998/998/998 1000/1000/1000
f 1001/1001/1001 999/999/999 1000/1000/1000
f 1001/1001/1001 1000/1000/1000 1002/1002/1002
f 1003/1003/1003 1001/1001/1001 1002/1002/1002
f 1003/1003/1003 1002/1002/1002 1004/1004/1004
f 1005/1005/1005 1006/1006/1006 1007/1007/1007
f 1005/1005/1005 1007/1007/1007 1008/1008/1008
f 1009/1009/1009 1005/1005/1005 1008/1008/1008
f 1009/1009/1009 1008/1008/1008 1010/1010/1010
f 1011/1011/1011 1009/1009/1009 1010/1010/1010
f 1011/1011/1011 1010/1010/1010 1012/1012/1012
f 1013/1013/1013 1011/1011/1011 1012/1012/1012
f 1013/1013/1013 1012/1012/1012 1014/1014/1014
f 1015/1015/1015 1013/1013/1013 1014/1014/1014
f 1015/1015/1015 1014/1014/1014 1016/1016/1016
f 1017/1017/1017 1015/1015/1015 1016/1016/1016
f 1017/1017/1017 1016/1016/1016 1018/1018/1018
f 1019/1019/1019 1017/1017/1017 1018/1018/1018
f 1019/1019/1019 1018/1018/1018 1020/1020/1020
f 1021/1021/1021 1019/1019/1019 1020/1020/1020
f 1021/1021/1021 1020/1020/1020 1022/1022/1022
f 1023/1023/1023 1024/1024/1024 1025/1025/1025
f 1023/1023/1023 1025/1025/1025 1026/1026/1026
f 1027/1027/1027 1023/1023/1023 1026/1026/1026
f 1027/1027/1027 1026/1026/1026 1028/1028/1028
f 1029/1029/1029 1027/1027/1027 1028/1028/1028
f 1029/1029/1029 1028/1028/1028 1030/1030/1030
f 1031/1031/1031 1029/1029/1029 1030/1030/1030
f 1031/1031/1031 1030/1030/1030 1032/1032/1032
f 1033/1033/1033 1031/1031/1031 1032/1032/1032
f 1033/1033/1033 1032/1032/1032 1034/1034/1034
f 1035/1035/1035 1033/1033/1033 1034/1034/1034
f 1035/1035/1035 1034/1034/1034 1036/1036/1036
f 1037/1037/1037 1035/1035/1035 1036/1036/1036
f 1037/1037/1037 1036/1036/1036 1038/1038/1038
f 1039/1039/1039 1037/1037/1037 1038/1038/1038
f 1039/1039/1039 1038/1038/1038 1040/1040/1040
f 1041/1041/1041 1042/1042/1042 919/919/919
f 1041/1041/1041 919/919/919 917/917/917
f 1043/1043/1043 1041/1041/1041 917/917/917
f 1043/1043/1043 917/917/917 915/915/915
f 1044/1044/1044 1043/1043/1043 915/915/915
f 1044/1044/1044 915/915/915 913/913/913
f 1045/1045/1045 1044/1044/1044 913/913/913
f 1045/1045/1045 913/913/913 911/911/911
f 1046/1046/1046 1045/1045/1045 911/911/911
f 1046/1046/1046 911/911/911 909/909/909
f 1047/1047/1047 1046/1046/1046 909/909/909
f 1047/1047/1047 909/909/909 907/907/907
f 1048/1048/1048 1047/1047/1047 907/907/907
f 1048/1048/1048 907/907/907 904/904/904
f 1049/1049/1049 1048/1048/1048 904/904/904
f 1049/1049/1049 904/904/904 903/903/903
f 1040/1040/1040 1038/1038/1038 1048/1048/1048
f 1040/1040/1040 1048/1048/1048 1049/1049/1049
f 1038/1038/1038 1036/1036/1036 1047/1047/1047
f 1038/1038/1038 1047/1047/1047 1048/1048/1048
f 1036/1036/1036 1034/1034/1034 1046/1046/1046
f 1036/1036/1036 1046/1046/1046 1047/1047/1047
f 1034/1034/1034 1032/1032/1032 1045/1045/1045
f 1034/1034/1034 1045/1045/1045 1046/1046/1046
f 1032/1032/1032 1030/1030/1030 1044/1044/1044
f 1032/1032/1032 1044/1044/1044 1045/1045/1045
f 1030/1030/1030 1028/1028/1028 1043/1043/1043
f 1030/1030/1030 1043/1043/1043 1044/1044/1044
f 1028/1028/1028 1026/1026/1026 1041/1041/1041
f 1028/1028/1028 1041/1041/1041 1043/1043/1043
f 1026/1026/1026 1025/1025/1025 1042/1042/1042
f 1026/1026/1026 1042/1042/1042 1041/1041/1041
f 1022/1022/1022 1020/1020/1020 1050/1050/1050
f 1022/1022/1022 1050/1050/1050 1051/1051/1051
f 1020/1020/1020 1018/1018/1018 1052/1052/1052
f 1020/1020/1020 1052/1052/1052 1050/1050/1050
f 1018/1018/1018 1016/1016/1016 1053/1053/1053
f 1018/1018/1018 1053/1053/1053 1052/1052/1052
f 1016/1016/1016 1014/1014/1014 1054/1054/1054
f 1016/1016/1016 1054/1054/1054 1053/1053/1053
f 1014/1014/1014 1012/1012/1012 1055/1055/1055
f 1014/1014/1014 1055/1055/1055 1054/1054/1054
f 1012/1012/1012 1010/1010/1010 1056/1056/1056
f 1012/1012/1012 1056/1056/1056 1055/1055/1055
f 1010/1010/1010 1008/1008/1008 1057/1057/1057
f 1010/1010/1010 1057/1057/1057 1056/1056/1056
f 1008/1008/1008 1007/1007/1007 1058/1058/1058
f 1008/1008/1008 1058/1058/1058 1057/1057/1057
f 972/972/972 971/971/971 1059/1059/1059
f 972/972/972 1059/1059/1059 1060/1060/1060
f 974/974/974 972/972/972 1060/1060/1060
f 974/974/974 1060/1060/1060 1061/1061/1061
f 976/976/976 974/974/974 1061/1061/1061
f 976/976/976 1061/1061/1061 1062/1062/1062
f 978/978/978 976/976/976 1062/1062/1062
f 978/978/978 1062/1062/1062 1063/1063/1063
f 980/980/980 978/978/978 1063/1063/1063
f 980/980/980 1063/1063/1063 1064/1064/1064
f 982/982/982 980/980/980 1064/1064/1064
f 982/982/982 1064/1064/1064 1065/1065/1065
f 984/984/984 982/982/982 1065/1065/1065
f 984/984/984 1065/1065/1065 1066/1066/1066
f 986/986/986 984/984/984 1066/1066/1066
f 986/986/986 1066/1066/1066 1067/1067/1067
f 276/276/276 1068/1068/1068 1069/1069/1069
f 276/276/276 1069/1069/1069 277/277/277
f 1068/1068/1068 1070/1070/1070 1071/1071/1071
f 1068/1068/1068 1071/1071/1071 1069/1069/1069
f 1070/1070/1070 1072/1072/1072 1073/1073/1073
f 1070/1070/1070 1073/1073/1073 1071/1071/1071
f 1072/1072/1072 1074/1074/1074 1075/1075/1075
f 1072/1072/1072 1075/1075/1075 1073/1073/1073
f 1074/1074/1074 1076/1076/1076 1077/1077/1077
f 1074/1074/1074 1077/1077/1077 1075/1075/1075
f 1076/1076/1076 1078/1078/1078 1079/1079/1079
f 1076/1076/1076 1079/1079/1079 1077/1077/1077
f 1078/1078/1078 1080/1080/1080 1081/1081/1081
f 1078/1078/1078 1081/1081/1081 1079/1079/1079
f 1080/1080/1080 293/293/293 292/292/292
f 1080/1080/1080 292/292/292 1081/1081/1081
f 1082/1082/1082 1083/1083/1083 1084/1084/1084
f 1082/1082/1082 1084/1084/1084 1085/1085/1085
f 1085/1085/1085 1084/1084/1084 1086/1086/1086
f 1085/1085/1085 1086/1086/1086 1087/1087/1087
f 1087/1087/1087 1086/1086/1086 1088/1088/1088
f 1087/1087/1087 1088/1088/1088 1089/1089/1089
f 1089/1089/1089 1088/1088/1088 1090/1090/1090
f 1089/1089/1089 1090/1090/1090 1091/1091/1091
f 1091/1091/1091 1090/1090/1090 1092/1092/1092
f 1091/1091/1091 1092/1092/1092 1093/1093/1093
f 1093/1093/1093 1092/1092/1092 1094/1094/1094
f 1093/1093/1093 1094/1094/1094 1095/1095/1095
f 1095/1095/1095 1094/1094/1094 1096/1096/1096
f 1095/1095/1095 1096/1096/1096 1097/1097/1097
f 1098/1098/1098 1099/1099/1099 1083/1083/1083
f 1098/1098/1098 1083/1083/1083 1082/1082/1082
f 1100/1100/1100 1101/1101/1101 1102/1102/1102
f 1100/1100/1100 1102/1102/1102 1103/1103/1103
f 1103/1103/1103 1102/1102/1102 1104/1104/1104
f 1103/1103/1103 1104/1104/1104 1105/1105/1105
f 1106/1106/1106 1107/1107/1107 1108/1108/1108
f 1106/1106/1106 1108/1108/1108 1109/1109/1109
f 1109/1109/1109 1108/1108/1108 1110/1110/1110
f 1109/1109/1109 1110/1110/1110 1111/1111/1111
f 1111/1111/1111 1110/1110/1110 1112/1112/1112
f 1111/1111/1111 1112/1112/1112 1113/1113/1113
f 1113/1113/1113 1112/1112/1112 1114/1114/1114
f 1113/1113/1113 1114/1114/1114 1115/1115/1115
f 1115/1115/1115 1114/1114/1114 1116/1116/1116
f 1115/1115/1115 1116/1116/1116 1117/1117/1117
f 1117/1117/1117 1118/1118/1118 1101/1101/1101
f 1117/1117/1117 1101/1101/1101 1100/1100/1100
f 1090/1090/1090 1117/1117/1117 1100/1100/1100
f 1090/1090/1090 1100/1100/1100 1092/1092/1092
f 1088/1088/1088 1115/1115/1115 1117/1117/1117
f 1088/1088/1088 1117/1117/1117 1090/1090/1090
f 1086/1086/1086 1113/1113/1113 1115/1115/1115
f 1086/1086/1086 1115/1115/1115 1088/1088/1088
f 1084/1084/1084 1111/1111/1111 1113/1113/1113
f 1084/1084/1084 1113/1113/1113 1086/1086/1086
f 1083/1083/1083 1109/1109/1109 1111/1111/1111
f 1083/1083/1083 1111/1111/1111 1084/1084/1084
f 1099/1099/1099 1106/1106/1106 1109/1109/1109
f 1099/1099/1099 1109/1109/1109 1083/1083/1083
f 1094/1094/1094 1103/1103/1103 1105/1105/1105
f 1094/1094/1094 1105/1105/1105 1096/1096/1096
f 1092/1092/1092 1100/1100/1100 1103/1103/1103
f 1092/1092/1092 1103/1103/1103 1094/1094/1094
f 1119/1119/1119 1120/1120/1120 1121/1121/1121
f 1119/1119/1119 1121/1121/1121 1122/1122/1122
f 1123/1123/1123 1124/1124/1124 1125/1125/1125
f 1123/1123/1123 1125/1125/1125 1126/1126/1126
f 1122/1122/1122 1121/1121/1121 1127/1127/1127
f 1122/1122/1122 1127/1127/1127 1128/1128/1128
f 1126/1126/1126 1125/1125/1125 1120/1120/1120
f 1126/1126/1126 1120/1120/1120 1119/1119/1119
f 1129/1129/1129 1130/1130/1130 1131/1131/1131
f 1129/1129/1129 1131/1131/1131 1132/1132/1132
f 1133/1133/1133 1134/1134/1134 1135/1135/1135
f 1133/1133/1133 1135/1135/1135 1136/1136/1136
f 1137/1137/1137 1138/1138/1138 1139/1139/1139
f 1137/1137/1137 1139/1139/1139 1140/1140/1140
f 1141/1141/1141 1142/1142/1142 1143/1143/1143
f 1141/1141/1141 1143/1143/1143 1144/1144/1144
f 1144/1144/1144 1143/1143/1143 1145/1145/1145
f 1144/1144/1144 1145/1145/1145 1146/1146/1146
f 1135/1135/1135 1147/1147/1147 1148/1148/1148
f 1135/1135/1135 1148/1148/1148 1149/1149/1149
f 1138/1138/1138 1150/1150/1150 52/52/52
f 1138/1138/1138 52/52/52 1139/1139/1139
f 1134/1134/1134 1151/1151/1151 1147/1147/1147
f 1134/1134/1134 1147/1147/1147 1135/1135/1135
f 1149/1149/1149 1148/1148/1148 1150/1150/1150
f 1149/1149/1149 1150/1150/1150 1138/1138/1138
f 1152/1152/1152 1153/1153/1153 1154/1154/1154
f 1152/1152/1152 1154/1154/1154 1155/1155/1155
f 1156/1156/1156 1157/1157/1157 1158/1158/1158
f 1156/1156/1156 1158/1158/1158 1159/1159/1159
f 1160/1160/1160 1161/1161/1161 1153/1153/1153
f 1160/1160/1160 1153/1153/1153 1152/1152/1152
f 1155/1155/1155 1154/1154/1154 1162/1162/1162
f 1155/1155/1155 1162/1162/1162 1163/1163/1163
f 1164/1164/1164 1165/1165/1165 1166/1166/1166
f 1164/1164/1164 1166/1166/1166 1167/1167/1167
f 1168/1168/1168 1169/1169/1169 1165/1165/1165
f 1168/1168/1168 1165/1165/1165 1164/1164/1164
f 883/883/883 921/921/921 924/924/924
f 883/883/883 924/924/924 884/884/884
f 887/887/887 925/925/925 928/928/928
f 887/887/887 928/928/928 888/888/888
f 891/891/891 929/929/929 925/925/925
f 891/891/891 925/925/925 892/892/892
f 895/895/895 931/931/931 929/929/929
f 895/895/895 929/929/929 891/891/891
f 897/897/897 933/933/933 931/931/931
f 897/897/897 931/931/931 895/895/895
f 899/899/899 935/935/935 933/933/933
f 899/899/899 933/933/933 897/897/897
f 901/901/901 937/937/937 935/935/935
f 901/901/901 935/935/935 899/899/899
f 902/902/902 939/939/939 937/937/937
f 902/902/902 937/937/937 901/901/901
f 922/922/922 1170/1170/1170 1171/1171/1171
f 922/922/922 1171/1171/1171 923/923/923
f 926/926/926 1172/1172/1172 1173/1173/1173
f 926/926/926 1173/1173/1173 927/927/927
f 930/930/930 1174/1174/1174 1172/1172/1172
f 930/930/930 1172/1172/1172 926/926/926
f 932/932/932 1175/1175/1175 1174/1174/1174
f 932/932/932 1174/1174/1174 930/930/930
f 934/934/934 1176/1176/1176 1175/1175/1175
f 934/934/934 1175/1175/1175 932/932/932
f 936/936/936 1177/1177/1177 1176/1176/1176
f 936/936/936 1176/1176/1176 934/934/934
f 938/938/938 1178/1178/1178 1177/1177/1177
f 938/938/938 1177/1177/1177 936/936/936
f 923/923/923 1171/1171/1171 1178/1178/1178
f 923/923/923 1178/1178/1178 938/938/938
f 1179/1179/1179 885/885/885 900/900/900
f 1179/1179/1179 900/900/900 1180/1180/1180
f 1180/1180/1180 900/900/900 898/898/898
f 1180/1180/1180 898/898/898 1181/1181/1181
f 1181/1181/1181 898/898/898 896/896/896
f 1181/1181/1181 896/896/896 1182/1182/1182
f 1182/1182/1182 896/896/896 894/894/894
f 1182/1182/1182 894/894/894 1183/1183/1183
f 1183/1183/1183 894/894/894 890/890/890
f 1183/1183/1183 890/890/890 1184/1184/1184
f 1184/1184/1184 890/890/890 893/893/893
f 1184/1184/1184 893/893/893 1185/1185/1185
f 1185/1185/1185 886/886/886 889/889/889
f 1185/1185/1185 889/889/889 1186/1186/1186
f 1187/1187/1187 882/882/882 885/885/885
f 1187/1187/1187 885/885/885 1179/1179/1179
f 1170/1170/1170 1098/1098/1098 1082/1082/1082
f 1170/1170/1170 1082/1082/1082 1171/1171/1171
f 1172/1172/1172 1095/1095/1095 1097/1097/1097
f 1172/1172/1172 1097/1097/1097 1173/1173/1173
f 1174/1174/1174 1093/1093/1093 1095/1095/1095
f 1174/1174/1174 1095/1095/1095 1172/1172/1172
f 1175/1175/1175 1091/1091/1091 1093/1093/1093
f 1175/1175/1175 1093/1093/1093 1174/1174/1174
f 1176/1176/1176 1089/1089/1089 1091/1091/1091
f 1176/1176/1176 1091/1091/1091 1175/1175/1175
f 1177/1177/1177 1087/1087/1087 1089/1089/1089
f 1177/1177/1177 1089/1089/1089 1176/1176/1176
f 1178/1178/1178 1085/1085/1085 1087/1087/1087
f 1178/1178/1178 1087/1087/1087 1177/1177/1177
f 1171/1171/1171 1082/1082/1082 1085/1085/1085
f 1171/1171/1171 1085/1085/1085 1178/1178/1178
f 1108/1108/1108 1126/1126/1126 1119/1119/1119
f 1108/1108/1108 1119/1119/1119 1110/1110/1110
f 1112/1112/1112 1122/1122/1122 1128/1128/1128
f 1112/1112/1112 1128/1128/1128 1114/1114/1114
f 1107/1107/1107 1123/1123/1123 1126/1126/1126
f 1107/1107/1107 1126/1126/1126 1108/1108/1108
f 1110/1110/1110 1119/1119/1119 1122/1122/1122
f 1110/1110/1110 1122/1122/1122 1112/1112/1112
f 1121/1121/1121 1137/1137/1137 1140/1140/1140
f 1121/1121/1121 1140/1140/1140 1127/1127/1127
f 1124/1124/1124 1133/1133/1133 1136/1136/1136
f 1124/1124/1124 1136/1136/1136 1125/1125/1125
f 1120/1120/1120 1188/1188/1188 1137/1137/1137
f 1120/1120/1120 1137/1137/1137 1121/1121/1121
f 1125/1125/1125 1136/1136/1136 1188/1188/1188
f 1125/1125/1125 1188/1188/1188 1120/1120/1120
f 1189/1189/1189 1190/1190/1190 1191/1191/1191
f 1189/1189/1189 1191/1191/1191 1192/1192/1192
f 1193/1193/1193 1194/1194/1194 1190/1190/1190
f 1193/1193/1193 1190/1190/1190 1189/1189/1189
f 1195/1195/1195 1196/1196/1196 1197/1197/1197
f 1195/1195/1195 1197/1197/1197 1198/1198/1198
f 1199/1199/1199 1200/1200/1200 1196/1196/1196
f 1199/1199/1199 1196/1196/1196 1195/1195/1195
f 1201/1201/1201 1199/1199/1199 1195/1195/1195
f 1201/1201/1201 1195/1195/1195 1202/1202/1202
f 1202/1202/1202 1195/1195/1195 1198/1198/1198
f 1202/1202/1202 1198/1198/1198 1203/1203/1203
f 1157/1157/1157 1204/1204/1204 1161/1161/1161
f 1157/1157/1157 1161/1161/1161 1160/1160/1160
f 1204/1204/1204 1205/1205/1205 1206/1206/1206
f 1204/1204/1204 1206/1206/1206 1161/1161/1161
f 1207/1207/1207 1208/1208/1208 1209/1209/1209
f 1207/1207/1207 1209/1209/1209 1210/1210/1210
f 1159/1159/1159 1158/1158/1158 1211/1211/1211
f 1159/1159/1159 1211/1211/1211 1212/1212/1212
f 1212/1212/1212 1211/1211/1211 1213/1213/1213
f 1212/1212/1212 1213/1213/1213 1214/1214/1214
f 1215/1215/1215 1212/1212/1212 1214/1214/1214
f 1215/1215/1215 1214/1214/1214 1216/1216/1216
f 1217/1217/1217 1159/1159/1159 1212/1212/1212
f 1217/1217/1217 1212/1212/1212 1218/1218/1218
f 1219/1219/1219 1207/1207/1207 1210/1210/1210
f 1219/1219/1219 1210/1210/1210 1220/1220/1220
f 1221/1221/1221 1156/1156/1156 1159/1159/1159
f 1221/1221/1221 1159/1159/1159 1217/1217/1217
f 1210/1210/1210 1222/1222/1222 1223/1223/1223
f 1210/1210/1210 1223/1223/1223 1220/1220/1220
f 1224/1224/1224 1225/1225/1225 1226/1226/1226
f 1224/1224/1224 1226/1226/1226 1227/1227/1227
f 1225/1225/1225 1228/1228/1228 1229/1229/1229
f 1225/1225/1225 1229/1229/1229 1226/1226/1226
f 1230/1230/1230 1224/1224/1224 1227/1227/1227
f 1230/1230/1230 1227/1227/1227 1231/1231/1231
f 1228/1228/1228 1232/1232/1232 1233/1233/1233
f 1228/1228/1228 1233/1233/1233 1229/1229/1229
f 1232/1232/1232 1234/1234/1234 1235/1235/1235
f 1232/1232/1232 1235/1235/1235 1233/1233/1233
f 1234/1234/1234 1236/1236/1236 1237/1237/1237
f 1234/1234/1234 1237/1237/1237 1235/1235/1235
f 1238/1238/1238 1239/1239/1239 1237/1237/1237
f 1238/1238/1238 1237/1237/1237 1236/1236/1236
f 1240/1240/1240 59/59/59 1241/1241/1241
f 1240/1240/1240 1241/1241/1241 1242/1242/1242
f 58/58/58 1243/1243/1243 1241/1241/1241
f 58/58/58 1241/1241/1241 59/59/59
f 1244/1244/1244 1245/1245/1245 1246/1246/1246
f 1244/1244/1244 1246/1246/1246 1247/1247/1247
f 1247/1247/1247 1246/1246/1246 1248/1248/1248
f 1247/1247/1247 1248/1248/1248 1249/1249/1249
f 51/51/51 1250/1250/1250 1251/1251/1251
f 51/51/51 1251/1251/1251 52/52/52
f 1193/1193/1193 1252/1252/1252 1253/1253/1253
f 1193/1193/1193 1253/1253/1253 1194/1194/1194
f 1254/1254/1254 1255/1255/1255 1252/1252/1252
f 1254/1254/1254 1252/1252/1252 1193/1193/1193
f 1128/1128/1128 1256/1256/1256 1257/1257/1257
f 1128/1128/1128 1257/1257/1257 1114/1114/1114
f 1258/1258/1258 1259/1259/1259 1255/1255/1255
f 1258/1258/1258 1255/1255/1255 1254/1254/1254
f 1140/1140/1140 1139/1139/1139 52/52/52
f 1140/1140/1140 52/52/52 1251/1251/1251
f 1140/1140/1140 1251/1251/1251 1260/1260/1260
f 1140/1140/1140 1260/1260/1260 1127/1127/1127
f 1127/1127/1127 1260/1260/1260 1256/1256/1256
f 1127/1127/1127 1256/1256/1256 1128/1128/1128
f 1261/1261/1261 1144/1144/1144 1146/1146/1146
f 1261/1261/1261 1146/1146/1146 1262/1262/1262
f 1263/1263/1263 1141/1141/1141 1144/1144/1144
f 1263/1263/1263 1144/1144/1144 1261/1261/1261
f 1264/1264/1264 1265/1265/1265 1266/1266/1266
f 1264/1264/1264 1266/1266/1266 1267/1267/1267
f 1151/1151/1151 1263/1263/1263 1261/1261/1261
f 1151/1151/1151 1261/1261/1261 1147/1147/1147
f 1147/1147/1147 1261/1261/1261 1262/1262/1262
f 1147/1147/1147 1262/1262/1262 1148/1148/1148
f 1268/1268/1268 1262/1262/1262 1265/1265/1265
f 1268/1268/1268 1265/1265/1265 1264/1264/1264
f 1262/1262/1262 1268/1268/1268 1150/1150/1150
f 1262/1262/1262 1150/1150/1150 1148/1148/1148
f 1150/1150/1150 1268/1268/1268 53/53/53
f 1150/1150/1150 53/53/53 52/52/52
f 1249/1249/1249 1248/1248/1248 1250/1250/1250
f 1249/1249/1249 1250/1250/1250 51/51/51
f 1269/1269/1269 1270/1270/1270 1271/1271/1271
f 1269/1269/1269 1271/1271/1271 1272/1272/1272
f 1273/1273/1273 1274/1274/1274 1275/1275/1275
f 1273/1273/1273 1275/1275/1275 1166/1166/1166
f 1166/1166/1166 1275/1275/1275 1267/1267/1267
f 1166/1166/1166 1267/1267/1267 1266/1266/1266
f 1247/1247/1247 1249/1249/1249 1274/1274/1274
f 1247/1247/1247 1274/1274/1274 1273/1273/1273
f 1241/1241/1241 1276/1276/1276 1277/1277/1277
f 1241/1241/1241 1277/1277/1277 1242/1242/1242
f 1278/1278/1278 1240/1240/1240 1242/1242/1242
f 1278/1278/1278 1242/1242/1242 1244/1244/1244
f 1279/1279/1279 1238/1238/1238 1236/1236/1236
f 1279/1279/1279 1236/1236/1236 1280/1280/1280
f 1278/1278/1278 1279/1279/1279 1281/1281/1281
f 1278/1278/1278 1281/1281/1281 1240/1240/1240
f 1270/1270/1270 1282/1282/1282 1283/1283/1283
f 1270/1270/1270 1283/1283/1283 1271/1271/1271
f 1284/1284/1284 1285/1285/1285 1286/1286/1286
f 1284/1284/1284 1286/1286/1286 1287/1287/1287
f 1288/1288/1288 1289/1289/1289 1290/1290/1290
f 1288/1288/1288 1290/1290/1290 1291/1291/1291
f 1292/1292/1292 1293/1293/1293 1294/1294/1294
f 1292/1292/1292 1294/1294/1294 1295/1295/1295
f 1204/1204/1204 1296/1296/1296 1289/1289/1289
f 1204/1204/1204 1289/1289/1289 1288/1288/1288
f 1297/1297/1297 1298/1298/1298 1299/1299/1299
f 1297/1297/1297 1299/1299/1299 1300/1300/1300
f 1301/1301/1301 1302/1302/1302 1303/1303/1303
f 1301/1301/1301 1303/1303/1303 1304/1304/1304
f 1305/1305/1305 1306/1306/1306 1307/1307/1307
f 1305/1305/1305 1307/1307/1307 1308/1308/1308
f 1309/1309/1309 1310/1310/1310 1306/1306/1306
f 1309/1309/1309 1306/1306/1306 1305/1305/1305
f 1311/1311/1311 1312/1312/1312 546/546/546
f 1311/1311/1311 546/546/546 545/545/545
f 1156/1156/1156 1313/1313/1313 1314/1314/1314
f 1156/1156/1156 1314/1314/1314 1157/1157/1157
f 1221/1221/1221 1315/1315/1315 1313/1313/1313
f 1221/1221/1221 1313/1313/1313 1156/1156/1156
f 1157/1157/1157 1314/1314/1314 1296/1296/1296
f 1157/1157/1157 1296/1296/1296 1204/1204/1204
f 1316/1316/1316 1317/1317/1317 1318/1318/1318
f 1316/1316/1316 1318/1318/1318 1319/1319/1319
f 1320/1320/1320 1321/1321/1321 1322/1322/1322
f 1320/1320/1320 1322/1322/1322 1323/1323/1323
f 1210/1210/1210 1209/1209/1209 1324/1324/1324
f 1210/1210/1210 1324/1324/1324 1222/1222/1222
f 1325/1325/1325 1326/1326/1326 1327/1327/1327
f 1325/1325/1325 1327/1327/1327 1328/1328/1328
f 564/564/564 565/565/565 1321/1321/1321
f 564/564/564 1321/1321/1321 1320/1320/1320
f 1329/1329/1329 1330/1330/1330 1331/1331/1331
f 1329/1329/1329 1331/1331/1331 1332/1332/1332
f 1332/1332/1332 1331/1331/1331 1312/1312/1312
f 1332/1332/1332 1312/1312/1312 1311/1311/1311
f 1333/1333/1333 1334/1334/1334 1327/1327/1327
f 1333/1333/1333 1327/1327/1327 1326/1326/1326
f 1335/1335/1335 1336/1336/1336 1317/1317/1317
f 1335/1335/1335 1317/1317/1317 1316/1316/1316
f 1309/1309/1309 1337/1337/1337 1338/1338/1338
f 1309/1309/1309 1338/1338/1338 1310/1310/1310
f 1339/1339/1339 1340/1340/1340 1341/1341/1341
f 1339/1339/1339 1341/1341/1341 1342/1342/1342
f 1343/1343/1343 1344/1344/1344 1345/1345/1345
f 1343/1343/1343 1345/1345/1345 1346/1346/1346
f 1347/1347/1347 1348/1348/1348 1349/1349/1349
f 1347/1347/1347 1349/1349/1349 1350/1350/1350
f 1351/1351/1351 1352/1352/1352 590/590/590
f 1351/1351/1351 590/590/590 589/589/589
f 1353/1353/1353 1354/1354/1354 1355/1355/1355
f 1353/1353/1353 1355/1355/1355 1356/1356/1356
f 1357/1357/1357 1358/1358/1358 1354/1354/1354
f 1357/1357/1357 1354/1354/1354 1353/1353/1353
f 1359/1359/1359 1360/1360/1360 1361/1361/1361
f 1359/1359/1359 1361/1361/1361 1362/1362/1362
f 602/602/602 605/605/605 1363/1363/1363
f 602/602/602 1363/1363/1363 1364/1364/1364
f 1356/1356/1356 1355/1355/1355 1365/1365/1365
f 1356/1356/1356 1365/1365/1365 1366/1366/1366
f 1367/1367/1367 1368/1368/1368 1369/1369/1369
f 1367/1367/1367 1369/1369/1369 1370/1370/1370
f 1366/1366/1366 1365/1365/1365 1368/1368/1368
f 1366/1366/1366 1368/1368/1368 1367/1367/1367
f 1370/1370/1370 1369/1369/1369 1344/1344/1344
f 1370/1370/1370 1344/1344/1344 1343/1343/1343
f 1342/1342/1342 1341/1341/1341 1371/1371/1371
f 1342/1342/1342 1371/1371/1371 1372/1372/1372
f 1373/1373/1373 1374/1374/1374 1375/1375/1375
f 1373/1373/1373 1375/1375/1375 1376/1376/1376
f 1377/1377/1377 1378/1378/1378 1379/1379/1379
f 1377/1377/1377 1379/1379/1379 1380/1380/1380
f 1381/1381/1381 1382/1382/1382 1383/1383/1383
f 1381/1381/1381 1383/1383/1383 1384/1384/1384
f 1382/1382/1382 1377/1377/1377 1380/1380/1380
f 1382/1382/1382 1380/1380/1380 1383/1383/1383
f 1385/1385/1385 1386/1386/1386 1387/1387/1387
f 1385/1385/1385 1387/1387/1387 1388/1388/1388
f 1386/1386/1386 1381/1381/1381 1384/1384/1384
f 1386/1386/1386 1384/1384/1384 1387/1387/1387
f 1378/1378/1378 1389/1389/1389 1390/1390/1390
f 1378/1378/1378 1390/1390/1390 1379/1379/1379
f 1389/1389/1389 1391/1391/1391 1392/1392/1392
f 1389/1389/1389 1392/1392/1392 1390/1390/1390
f 1393/1393/1393 1385/1385/1385 1388/1388/1388
f 1393/1393/1393 1388/1388/1388 1394/1394/1394
f 1391/1391/1391 1395/1395/1395 1396/1396/1396
f 1391/1391/1391 1396/1396/1396 1392/1392/1392
f 1397/1397/1397 1398/1398/1398 1399/1399/1399
f 1397/1397/1397 1399/1399/1399 1400/1400/1400
f 1232/1232/1232 1401/1401/1401 1402/1402/1402
f 1232/1232/1232 1402/1402/1402 1234/1234/1234
f 1228/1228/1228 1400/1400/1400 1399/1399/1399
f 1228/1228/1228 1399/1399/1399 1232/1232/1232
f 1228/1228/1228 1225/1225/1225 1397/1397/1397
f 1228/1228/1228 1397/1397/1397 1400/1400/1400
f 1403/1403/1403 1397/1397/1397 1225/1225/1225
f 1403/1403/1403 1225/1225/1225 1224/1224/1224
f 1230/1230/1230 1404/1404/1404 1403/1403/1403
f 1230/1230/1230 1403/1403/1403 1224/1224/1224
f 1234/1234/1234 1402/1402/1402 1280/1280/1280
f 1234/1234/1234 1280/1280/1280 1236/1236/1236
f 58/58/58 57/57/57 1281/1281/1281
f 58/58/58 1281/1281/1281 1405/1405/1405
f 59/59/59 1240/1240/1240 1281/1281/1281
f 59/59/59 1281/1281/1281 57/57/57
f 1406/1406/1406 1243/1243/1243 1162/1162/1162
f 1406/1406/1406 1162/1162/1162 1154/1154/1154
f 1243/1243/1243 1406/1406/1406 1276/1276/1276
f 1243/1243/1243 1276/1276/1276 1241/1241/1241
f 1407/1407/1407 649/649/649 648/648/648
f 1407/1407/1407 648/648/648 1408/1408/1408
f 1409/1409/1409 653/653/653 652/652/652
f 1409/1409/1409 652/652/652 1410/1410/1410
f 1411/1411/1411 657/657/657 656/656/656
f 1411/1411/1411 656/656/656 1412/1412/1412
f 1413/1413/1413 659/659/659 649/649/649
f 1413/1413/1413 649/649/649 1407/1407/1407
f 1414/1414/1414 663/663/663 662/662/662
f 1414/1414/1414 662/662/662 1415/1415/1415
f 1416/1416/1416 1414/1414/1414 1415/1415/1415
f 1416/1416/1416 1415/1415/1415 1417/1417/1417
f 1418/1418/1418 1413/1413/1413 1407/1407/1407
f 1418/1418/1418 1407/1407/1407 1419/1419/1419
f 1420/1420/1420 1411/1411/1411 1412/1412/1412
f 1420/1420/1420 1412/1412/1412 1421/1421/1421
f 1422/1422/1422 1409/1409/1409 1410/1410/1410
f 1422/1422/1422 1410/1410/1410 1423/1423/1423
f 1419/1419/1419 1407/1407/1407 1408/1408/1408
f 1419/1419/1419 1408/1408/1408 1424/1424/1424
f 546/546/546 1312/1312/1312 1415/1415/1415
f 546/546/546 1415/1415/1415 662/662/662
f 1417/1417/1417 1415/1415/1415 1312/1312/1312
f 1417/1417/1417 1312/1312/1312 1425/1425/1425
f 1426/1426/1426 675/675/675 653/653/653
f 1426/1426/1426 653/653/653 1409/1409/1409
f 1427/1427/1427 1426/1426/1426 1409/1409/1409
f 1427/1427/1427 1409/1409/1409 1422/1422/1422
f 1286/1286/1286 1285/1285/1285 1308/1308/1308
f 1286/1286/1286 1308/1308/1308 1428/1428/1428
f 61/61/61 1305/1305/1305 1308/1308/1308
f 61/61/61 1308/1308/1308 1285/1285/1285
f 1429/1429/1429 1309/1309/1309 1305/1305/1305
f 1429/1429/1429 1305/1305/1305 61/61/61
f 1430/1430/1430 1429/1429/1429 61/61/61
f 1430/1430/1430 61/61/61 60/60/60
f 1431/1431/1431 1429/1429/1429 1270/1270/1270
f 1431/1431/1431 1270/1270/1270 1269/1269/1269
f 1309/1309/1309 1429/1429/1429 1431/1431/1431
f 1309/1309/1309 1431/1431/1431 1337/1337/1337
f 1199/1199/1199 1432/1432/1432 1433/1433/1433
f 1199/1199/1199 1433/1433/1433 1200/1200/1200
f 1434/1434/1434 1435/1435/1435 1436/1436/1436
f 1434/1434/1434 1436/1436/1436 1437/1437/1437
f 1438/1438/1438 1439/1439/1439 1435/1435/1435
f 1438/1438/1438 1435/1435/1435 1434/1434/1434
f 1439/1439/1439 1438/1438/1438 1206/1206/1206
f 1439/1439/1439 1206/1206/1206 1205/1205/1205
f 1440/1440/1440 1441/1441/1441 1442/1442/1442
f 1440/1440/1440 1442/1442/1442 1443/1443/1443
f 1444/1444/1444 1445/1445/1445 1446/1446/1446
f 1444/1444/1444 1446/1446/1446 1267/1267/1267
f 1443/1443/1443 1442/1442/1442 1447/1447/1447
f 1443/1443/1443 1447/1447/1447 1448/1448/1448
f 1264/1264/1264 1449/1449/1449 1450/1450/1450
f 1264/1264/1264 1450/1450/1450 1451/1451/1451
f 1267/1267/1267 1446/1446/1446 1449/1449/1449
f 1267/1267/1267 1449/1449/1449 1264/1264/1264
f 1452/1452/1452 1453/1453/1453 1441/1441/1441
f 1452/1452/1452 1441/1441/1441 1440/1440/1440
f 1448/1448/1448 1447/1447/1447 1445/1445/1445
f 1448/1448/1448 1445/1445/1445 1444/1444/1444
f 1451/1451/1451 1450/1450/1450 1453/1453/1453
f 1451/1451/1451 1453/1453/1453 1452/1452/1452
f 1454/1454/1454 1455/1455/1455 1456/1456/1456
f 1454/1454/1454 1456/1456/1456 1457/1457/1457
f 1458/1458/1458 1459/1459/1459 1460/1460/1460
f 1458/1458/1458 1460/1460/1460 1461/1461/1461
f 1462/1462/1462 1463/1463/1463 1464/1464/1464
f 1462/1462/1462 1464/1464/1464 1465/1465/1465
f 1466/1466/1466 1467/1467/1467 1468/1468/1468
f 1466/1466/1466 1468/1468/1468 1469/1469/1469
f 1470/1470/1470 1471/1471/1471 1472/1472/1472
f 1470/1470/1470 1472/1472/1472 1473/1473/1473
f 1474/1474/1474 1475/1475/1475 1476/1476/1476
f 1474/1474/1474 1476/1476/1476 1477/1477/1477
f 1478/1478/1478 1479/1479/1479 1480/1480/1480
f 1478/1478/1478 1480/1480/1480 1481/1481/1481
f 1482/1482/1482 1483/1483/1483 1484/1484/1484
f 1482/1482/1482 1484/1484/1484 1485/1485/1485
f 1486/1486/1486 1487/1487/1487 1488/1488/1488
f 1486/1486/1486 1488/1488/1488 1489/1489/1489
f 1490/1490/1490 1256/1256/1256 1487/1487/1487
f 1490/1490/1490 1487/1487/1487 1486/1486/1486
f 1491/1491/1491 1260/1260/1260 1251/1251/1251
f 1491/1491/1491 1251/1251/1251 1250/1250/1250
f 1260/1260/1260 1491/1491/1491 1487/1487/1487
f 1260/1260/1260 1487/1487/1487 1256/1256/1256
f 1492/1492/1492 1493/1493/1493 1489/1489/1489
f 1492/1492/1492 1489/1489/1489 1488/1488/1488
f 1494/1494/1494 1495/1495/1495 1493/1493/1493
f 1494/1494/1494 1493/1493/1493 1492/1492/1492
f 1201/1201/1201 1496/1496/1496 1432/1432/1432
f 1201/1201/1201 1432/1432/1432 1199/1199/1199
f 1161/1161/1161 1406/1406/1406 1154/1154/1154
f 1161/1161/1161 1154/1154/1154 1153/1153/1153
f 1161/1161/1161 1206/1206/1206 1276/1276/1276
f 1161/1161/1161 1276/1276/1276 1406/1406/1406
f 1277/1277/1277 1276/1276/1276 1206/1206/1206
f 1277/1277/1277 1206/1206/1206 1438/1438/1438
f 1497/1497/1497 1245/1245/1245 1277/1277/1277
f 1497/1497/1497 1277/1277/1277 1438/1438/1438
f 1497/1497/1497 1494/1494/1494 1492/1492/1492
f 1497/1497/1497 1492/1492/1492 1498/1498/1498
f 1499/1499/1499 1498/1498/1498 1500/1500/1500
f 1499/1499/1499 1500/1500/1500 1248/1248/1248
f 1248/1248/1248 1500/1500/1500 1491/1491/1491
f 1248/1248/1248 1491/1491/1491 1250/1250/1250
f 1488/1488/1488 1487/1487/1487 1491/1491/1491
f 1488/1488/1488 1491/1491/1491 1500/1500/1500
f 1492/1492/1492 1488/1488/1488 1500/1500/1500
f 1492/1492/1492 1500/1500/1500 1498/1498/1498
f 1438/1438/1438 1434/1434/1434 1494/1494/1494
f 1438/1438/1438 1494/1494/1494 1497/1497/1497
f 1498/1498/1498 1499/1499/1499 1245/1245/1245
f 1498/1498/1498 1245/1245/1245 1497/1497/1497
f 1194/1194/1194 1253/1253/1253 1496/1496/1496
f 1194/1194/1194 1496/1496/1496 1201/1201/1201
f 1434/1434/1434 1437/1437/1437 1495/1495/1495
f 1434/1434/1434 1495/1495/1495 1494/1494/1494
f 1273/1273/1273 1166/1166/1166 1279/1279/1279
f 1273/1273/1273 1279/1279/1279 1278/1278/1278
f 1166/1166/1166 1165/1165/1165 1238/1238/1238
f 1166/1166/1166 1238/1238/1238 1279/1279/1279
f 1273/1273/1273 1278/1278/1278 1244/1244/1244
f 1273/1273/1273 1244/1244/1244 1247/1247/1247
f 1242/1242/1242 1277/1277/1277 1245/1245/1245
f 1242/1242/1242 1245/1245/1245 1244/1244/1244
f 1165/1165/1165 1169/1169/1169 1239/1239/1239
f 1165/1165/1165 1239/1239/1239 1238/1238/1238
f 1190/1190/1190 1202/1202/1202 1203/1203/1203
f 1190/1190/1190 1203/1203/1203 1191/1191/1191
f 1194/1194/1194 1201/1201/1201 1202/1202/1202
f 1194/1194/1194 1202/1202/1202 1190/1190/1190
f 1132/1132/1132 1131/1131/1131 1501/1501/1501
f 1132/1132/1132 1501/1501/1501 1502/1502/1502
f 1503/1503/1503 1504/1504/1504 1505/1505/1505
f 1503/1503/1503 1505/1505/1505 1506/1506/1506
f 1507/1507/1507 1508/1508/1508 1509/1509/1509
f 1507/1507/1507 1509/1509/1509 1510/1510/1510
f 1511/1511/1511 1512/1512/1512 1513/1513/1513
f 1511/1511/1511 1513/1513/1513 1514/1514/1514
f 346/346/346 345/345/345 1515/1515/1515
f 346/346/346 1515/1515/1515 1516/1516/1516
f 1517/1517/1517 1518/1518/1518 1179/1179/1179
f 1517/1517/1517 1179/1179/1179 1519/1519/1519
f 1520/1520/1520 1185/1185/1185 1186/1186/1186
f 1520/1520/1520 1186/1186/1186 1521/1521/1521
f 1522/1522/1522 1184/1184/1184 1185/1185/1185
f 1522/1522/1522 1185/1185/1185 1520/1520/1520
f 1523/1523/1523 1183/1183/1183 1184/1184/1184
f 1523/1523/1523 1184/1184/1184 1522/1522/1522
f 1524/1524/1524 1182/1182/1182 1183/1183/1183
f 1524/1524/1524 1183/1183/1183 1523/1523/1523
f 1525/1525/1525 1181/1181/1181 1182/1182/1182
f 1525/1525/1525 1182/1182/1182 1524/1524/1524
f 1526/1526/1526 1180/1180/1180 1181/1181/1181
f 1526/1526/1526 1181/1181/1181 1525/1525/1525
f 1519/1519/1519 1179/1179/1179 1180/1180/1180
f 1519/1519/1519 1180/1180/1180 1526/1526/1526
f 968/968/968 1527/1527/1527 1528/1528/1528
f 968/968/968 1528/1528/1528 958/958/958
f 966/966/966 1529/1529/1529 1527/1527/1527
f 966/966/966 1527/1527/1527 968/968/968
f 965/965/965 1530/1530/1530 1529/1529/1529
f 965/965/965 1529/1529/1529 966/966/966
f 1531/1531/1531 1532/1532/1532 1533/1533/1533
f 1531/1531/1531 1533/1533/1533 1534/1534/1534
f 1535/1535/1535 1536/1536/1536 1537/1537/1537
f 1535/1535/1535 1537/1537/1537 1538/1538/1538
f 960/960/960 1539/1539/1539 1540/1540/1540
f 960/960/960 1540/1540/1540 961/961/961
f 959/959/959 1541/1541/1541 1539/1539/1539
f 959/959/959 1539/1539/1539 960/960/960
f 958/958/958 1528/1528/1528 1541/1541/1541
f 958/958/958 1541/1541/1541 959/959/959
f 1542/1542/1542 1543/1543/1543 1544/1544/1544
f 1542/1542/1542 1544/1544/1544 1545/1545/1545
f 1546/1546/1546 1547/1547/1547 1548/1548/1548
f 1546/1546/1546 1548/1548/1548 1549/1549/1549
f 1550/1550/1550 1551/1551/1551 1552/1552/1552
f 1550/1550/1550 1552/1552/1552 1553/1553/1553
f 1554/1554/1554 1555/1555/1555 1543/1543/1543
f 1554/1554/1554 1543/1543/1543 1542/1542/1542
f 1556/1556/1556 1557/1557/1557 1558/1558/1558
f 1556/1556/1556 1558/1558/1558 1559/1559/1559
f 1560/1560/1560 1561/1561/1561 1547/1547/1547
f 1560/1560/1560 1547/1547/1547 1546/1546/1546
f 1562/1562/1562 1563/1563/1563 82/82/82
f 1562/1562/1562 82/82/82 81/81/81
f 1545/1545/1545 1544/1544/1544 1564/1564/1564
f 1545/1545/1545 1564/1564/1564 1565/1565/1565
f 1566/1566/1566 1567/1567/1567 1568/1568/1568
f 1566/1566/1566 1568/1568/1568 1569/1569/1569
f 1568/1568/1568 1567/1567/1567 1570/1570/1570
f 1568/1568/1568 1570/1570/1570 1571/1571/1571
f 1571/1571/1571 1570/1570/1570 1572/1572/1572
f 1571/1571/1571 1572/1572/1572 1573/1573/1573
f 1574/1574/1574 1575/1575/1575 1576/1576/1576
f 1574/1574/1574 1576/1576/1576 1577/1577/1577
f 85/85/85 1578/1578/1578 1579/1579/1579
f 85/85/85 1579/1579/1579 86/86/86
f 871/871/871 872/872/872 1580/1580/1580
f 871/871/871 1580/1580/1580 1581/1581/1581
f 1582/1582/1582 1583/1583/1583 1584/1584/1584
f 1582/1582/1582 1584/1584/1584 1585/1585/1585
f 782/782/782 781/781/781 1586/1586/1586
f 782/782/782 1586/1586/1586 1587/1587/1587
f 1588/1588/1588 78/78/78 80/80/80
f 1588/1588/1588 80/80/80 792/792/792
f 791/791/791 790/790/790 1504/1504/1504
f 791/791/791 1504/1504/1504 1503/1503/1503
f 779/779/779 1511/1511/1511 1514/1514/1514
f 779/779/779 1514/1514/1514 776/776/776
f 1589/1589/1589 1590/1590/1590 785/785/785
f 1589/1589/1589 785/785/785 784/784/784
f 1591/1591/1591 792/792/792 795/795/795
f 1591/1591/1591 795/795/795 1592/1592/1592
f 1593/1593/1593 800/800/800 803/803/803
f 1593/1593/1593 803/803/803 1594/1594/1594
f 1595/1595/1595 808/808/808 811/811/811
f 1595/1595/1595 811/811/811 1596/1596/1596
f 1597/1597/1597 1598/1598/1598 73/73/73
f 1597/1597/1597 73/73/73 72/72/72
f 1599/1599/1599 1588/1588/1588 792/792/792
f 1599/1599/1599 792/792/792 1591/1591/1591
f 89/89/89 88/88/88 1600/1600/1600
f 89/89/89 1600/1600/1600 1601/1601/1601
f 1589/1589/1589 1602/1602/1602 1603/1603/1603
f 1589/1589/1589 1603/1603/1603 1590/1590/1590
f 1604/1604/1604 1605/1605/1605 1606/1606/1606
f 1604/1604/1604 1606/1606/1606 1607/1607/1607
f 1505/1505/1505 1608/1608/1608 1609/1609/1609
f 1505/1505/1505 1609/1609/1609 1506/1506/1506
