o pawn
v 9.948374E-4 0.50945127 -0.033917144
v 9.948374E-4 0.51619774 -1.1266644E-7
v 0.013974244 0.50945127 -0.031335354
v 0.024977932 0.50945127 -0.023983076
v 0.032330006 0.50945127 -0.012979599
v 0.034911882 0.50945127 -1.1993524E-7
v 0.032330006 0.50945127 0.012979361
v 0.024977932 0.50945127 0.023982832
v 0.013974244 0.50945127 0.03133512
v 9.948374E-4 0.50945127 0.033916898
v 9.948374E-4 0.50945127 0.033916898
v 9.948374E-4 0.51619774 -1.1266644E-7
v -0.011984802 0.50945127 0.03133511
v -0.022988023 0.50945127 0.023982828
v -0.030340564 0.50945127 0.012979344
v -0.03292221 0.50945127 -1.3083844E-7
v -0.030340564 0.50945127 -0.01297961
v -0.022988023 0.50945127 -0.023983076
v -0.011984802 0.50945127 -0.031335354
v 9.948374E-4 0.50945127 -0.033917144
v 0.0 0.0 0.14847313
v -0.056818075 0.0 0.13717128
v 0.0 0.0 3.6344012E-9
v 0.1049864 0.0 0.104986355
v 0.05681831 0.0 0.13717128
v -0.13717125 0.0 0.05681822
v -0.14847314 0.0 3.6344012E-9
v 0.14847314 0.0 3.6344012E-9
v 0.13717125 0.0 0.056818213
v -0.1049864 0.0 0.1049864
v 0.0 0.0 -0.14847313
v -0.056818075 0.0 -0.13717128
v 0.1049864 0.0 -0.10498634
v 0.05681831 0.0 -0.13717128
v -0.13717125 0.0 -0.05681822
v 0.13717125 0.0 -0.056818206
v -0.1049864 0.0 -0.1049864
v -0.014011925 0.35035896 -0.034912214
v -0.026271429 0.35035896 -0.02672066
v -0.027246496 0.35379088 -0.02769577
v -0.014539698 0.35379088 -0.036186256
v 4.4938645E-4 0.35035896 -0.037788726
v 4.4938645E-4 0.35379088 -0.039167736
v 0.014910233 0.35035896 -0.034912214
v 4.4938645E-4 0.35035896 -0.037788726
v 4.4938645E-4 0.35379088 -0.039167736
v 0.015438006 0.35379088 -0.036186256
v -0.026271429 0.35035896 0.026720706
v -0.014011925 0.35035896 0.03491228
v -0.014539698 0.35379088 0.03618632
v -0.027246496 0.35379088 0.027695814
v 0.014910233 0.35035896 0.03491227
v 0.027169969 0.35035896 0.026720703
v 0.028145036 0.35379088 0.02769581
v 0.015438006 0.35379088 0.036186308
v -0.034462962 0.35035896 0.014461157
v -0.035737153 0.35379088 0.014988882
v -0.034462962 0.35035896 -0.014461111
v -0.035737153 0.35379088 -0.014988834
v -0.037339546 0.35035896 2.5440809E-8
v -0.038718645 0.35379088 2.5440809E-8
v 0.035361502 0.35035896 0.014461157
v 0.036635462 0.35379088 0.014988882
v 0.03823809 0.35035896 2.5440809E-8
v 0.035361502 0.35035896 -0.014461097
v 0.036635462 0.35379088 -0.014988823
v 0.03961695 0.35379088 2.5440809E-8
v 4.4938645E-4 0.35035896 0.037788775
v 4.4938645E-4 0.35379088 0.039167784
v 4.4938645E-4 0.35035896 0.037788775
v 4.4938645E-4 0.35379088 0.039167784
v 0.027169969 0.35035896 -0.026720652
v 0.028145036 0.35379088 -0.027695762
v 9.948374E-4 0.4614854 -0.08188306
v 9.948374E-4 0.4902389 -0.06267061
v 0.024977932 0.4902389 -0.057900093
v 0.032330006 0.4614854 -0.07565007
v 9.948374E-4 0.36489785 -0.06267061
v 9.948374E-4 0.39365134 -0.08188306
v 0.032330006 0.39365134 -0.07565007
v 0.024977932 0.36489785 -0.057900093
v 9.948374E-4 0.42756826 -0.08862958
v 0.034911882 0.42756826 -0.08188306
v 0.058894746 0.39365134 -0.057900093
v 0.045309644 0.36489785 -0.04431483
v 0.058894746 0.4614854 -0.057900093
v 0.063665405 0.42756826 -0.06267061
v 0.045309644 0.4902389 -0.04431483
v 0.082877606 0.42756826 -0.03391712
v 0.07664481 0.39365134 -0.031335354
v 0.058894746 0.4902389 -0.023983069
v 0.07664481 0.4614854 -0.031335354
v 0.058894746 0.36489785 -0.023983069
v 0.08962399 0.42756826 -1.0903204E-7
v 0.082877606 0.39365134 -1.0903204E-7
v 0.063665405 0.4902389 -1.1630084E-7
v 0.082877606 0.4614854 -1.0903204E-7
v 0.063665405 0.36489785 -1.1630084E-7
v 0.07664481 0.39365134 0.031335134
v 0.058894746 0.36489785 0.023982838
v 0.07664481 0.4614854 0.031335134
v 0.082877606 0.42756826 0.033916924
v 0.058894746 0.4902389 0.023982838
v 0.058894746 0.4614854 0.057899866
v 0.063665405 0.42756826 0.062670365
v 0.045309644 0.4902389 0.044314604
v 0.058894746 0.39365134 0.057899866
v 0.045309644 0.36489785 0.044314604
v 0.034911882 0.42756826 0.08188281
v 0.032330006 0.39365134 0.07564983
v 0.024977932 0.4902389 0.057899855
v 0.032330006 0.4614854 0.07564983
v 0.024977932 0.36489785 0.057899855
v 9.948374E-4 0.4902389 0.062670335
v 9.948374E-4 0.4614854 0.08188278
v 9.948374E-4 0.39365134 0.08188278
v 9.948374E-4 0.36489785 0.062670335
v 9.948374E-4 0.42756826 0.088629305
v 9.948374E-4 0.36489785 -0.06267061
v 4.4938645E-4 0.35379088 -0.039167736
v -0.014539698 0.35379088 -0.036186256
v -0.022988023 0.36489785 -0.057900093
v 9.948374E-4 0.36489785 0.062670335
v 9.948374E-4 0.39365134 0.08188278
v -0.030340564 0.39365134 0.07564981
v -0.022988023 0.36489785 0.05789982
v 9.948374E-4 0.42756826 0.088629305
v 9.948374E-4 0.4614854 0.08188278
v -0.030340564 0.4614854 0.07564981
v -0.03292221 0.42756826 0.08188278
v 9.948374E-4 0.4902389 0.062670335
v -0.022988023 0.4902389 0.05789982
v -0.027246496 0.35379088 -0.02769577
v -0.04331997 0.36489785 -0.044314846
v -0.04331997 0.4902389 0.04431457
v 0.045309644 0.36489785 -0.04431483
v 0.028145036 0.35379088 -0.027695762
v 0.015438006 0.35379088 -0.036186256
v 0.024977932 0.36489785 -0.057900093
v -0.061675496 0.42756826 0.062670305
v -0.056905303 0.39365134 0.05789982
v -0.056905303 0.4614854 0.05789982
v 4.4938645E-4 0.35379088 -0.039167736
v 9.948374E-4 0.36489785 -0.06267061
v -0.04331997 0.36489785 0.04431457
v -0.07465514 0.39365134 0.031335093
v -0.056905303 0.36489785 0.023982804
v -0.07465514 0.4614854 0.031335093
v -0.0808884 0.42756826 0.033916865
v -0.056905303 0.4902389 0.023982804
v 0.058894746 0.36489785 -0.023983069
v 0.036635462 0.35379088 -0.014988823
v 0.063665405 0.36489785 -1.1630084E-7
v 0.03961695 0.35379088 2.5440809E-8
v -0.04331997 0.36489785 0.04431457
v -0.027246496 0.35379088 0.027695814
v -0.014539698 0.35379088 0.03618632
v -0.022988023 0.36489785 0.05789982
v -0.08763477 0.42756826 -1.6354805E-7
v -0.0808884 0.39365134 -1.5627926E-7
v -0.061675496 0.4902389 -1.5264484E-7
v -0.0808884 0.4614854 -1.5627926E-7
v 0.045309644 0.36489785 0.044314604
v 0.028145036 0.35379088 0.02769581
v 0.036635462 0.35379088 0.014988882
v 0.058894746 0.36489785 0.023982838
v -0.061675496 0.36489785 -1.5264484E-7
v -0.08088793 0.42756826 -0.033917174
v -0.07465514 0.39365134 -0.031335384
v -0.056904837 0.4902389 -0.023983097
v -0.07465514 0.4614854 -0.031335384
v 0.024977932 0.36489785 0.057899855
v 0.015438006 0.35379088 0.036186308
v -0.056904837 0.36489785 -0.023983097
v -0.056905303 0.36489785 0.023982804
v -0.035737153 0.35379088 0.014988882
v 9.948374E-4 0.36489785 0.062670335
v 4.4938645E-4 0.35379088 0.039167784
v -0.056904837 0.39365134 -0.057900116
v -0.04331997 0.36489785 -0.044314846
v -0.056904837 0.4614854 -0.057900116
v -0.061675496 0.42756826 -0.062670626
v -0.04331997 0.4902389 -0.044314846
v -0.061675496 0.36489785 -1.5264484E-7
v -0.038718645 0.35379088 2.5440809E-8
v -0.030340564 0.4614854 -0.07565007
v -0.032921977 0.42756826 -0.08188306
v -0.022988023 0.4902389 -0.057900093
v -0.056904837 0.36489785 -0.023983097
v -0.035737153 0.35379088 -0.014988834
v -0.030340564 0.39365134 -0.07565007
v 4.4938645E-4 0.35379088 0.039167784
v 9.948374E-4 0.36489785 0.062670335
v -0.022988023 0.36489785 -0.057900093
v 9.948374E-4 0.42756826 -0.08862958
v 9.948374E-4 0.39365134 -0.08188306
v 9.948374E-4 0.4902389 -0.06267061
v 9.948374E-4 0.4614854 -0.08188306
v 9.948374E-4 0.36489785 -0.06267061
v 0.0 0.13455361 0.09960565
v 0.0381176 0.1345536 0.09202363
v 0.03737886 0.13628455 0.0902402
v 0.0 0.13628455 0.097675286
v -0.038117368 0.1345536 0.09202365
v 0.0 0.13455361 0.09960565
v 0.0 0.13628455 0.097675286
v -0.037378624 0.13628455 0.09024022
v -0.07043179 0.1345536 0.07043187
v -0.06906688 0.13628455 0.0690669
v -0.09202351 0.13455358 0.038117453
v -0.09024015 0.13628453 0.037378736
v -0.09960562 0.1345536 3.6344012E-9
v -0.09767526 0.13628455 3.6344012E-9
v 0.07043179 0.13455361 0.07043184
v 0.09202351 0.13455361 0.038117446
v 0.09024015 0.13628455 0.03737873
v 0.06906688 0.13628455 0.06906687
v 0.09960562 0.1345536 3.6344012E-9
v 0.09767526 0.13628455 3.6344012E-9
v -0.07064718 0.12496278 0.07064723
v -0.038233902 0.12496278 0.09230504
v -0.038117368 0.1345536 0.09202365
v -0.07043179 0.1345536 0.07043187
v -0.09230495 0.124962755 0.03823401
v -0.09202351 0.13455358 0.038117453
v 0.07064718 0.12496278 0.07064721
v 0.09230495 0.12496278 0.038234007
v 0.09202351 0.13455361 0.038117446
v 0.07043179 0.13455361 0.07043184
v 0.038233902 0.12496278 0.09230503
v 0.0381176 0.1345536 0.09202363
v 0.038233902 0.12496278 -0.09230501
v 0.0 0.12496278 -0.099910215
v 0.0 0.13455361 -0.09960565
v 0.0381176 0.1345536 -0.09202362
v -0.038233902 0.12496278 -0.09230503
v -0.07064718 0.12496278 -0.07064723
v -0.07043179 0.1345536 -0.07043186
v -0.038117368 0.1345536 -0.09202362
v -0.09230495 0.124962755 -0.038234
v -0.09991033 0.12496278 3.6344012E-9
v -0.09960562 0.1345536 3.6344012E-9
v -0.09202351 0.13455358 -0.038117435
v 0.09991033 0.12496278 3.6344012E-9
v 0.09230495 0.12496278 -0.038234
v 0.09202351 0.13455361 -0.038117435
v 0.09960562 0.1345536 3.6344012E-9
v 0.07043179 0.13455361 -0.07043183
v 0.0381176 0.1345536 -0.09202362
v 0.03737886 0.13628455 -0.0902402
v 0.06906688 0.13628455 -0.06906685
v 0.0 0.13455361 -0.09960565
v 0.0 0.13628455 -0.097675286
v 0.0 0.13455361 -0.09960565
v -0.038117368 0.1345536 -0.09202362
v -0.037378624 0.13628455 -0.0902402
v 0.0 0.13628455 -0.097675286
v -0.07043179 0.1345536 -0.07043186
v -0.06906688 0.13628455 -0.06906688
v -0.09202351 0.13455358 -0.038117435
v -0.09024015 0.13628453 -0.03737872
v 0.09202351 0.13455361 -0.038117435
v 0.09024015 0.13628455 -0.03737872
v 0.0 0.12496278 0.09991023
v 0.0 0.13455361 0.09960565
v 0.0 0.12496278 0.09991023
v 0.0 0.13455361 0.09960565
v 0.07064718 0.12496278 -0.070647195
v 0.07043179 0.13455361 -0.07043183
v 0.0 0.12496278 -0.099910215
v 0.0 0.13455361 -0.09960565
v -0.14113829 0.0037833971 0.058461428
v -0.14113829 0.042295124 0.058461428
v -0.15276697 0.042295124 3.6344012E-9
v -0.15276697 0.0037833971 3.6344012E-9
v -0.10802255 0.0037833971 0.10802263
v -0.10802255 0.04229514 0.10802263
v -0.05846141 0.0037833971 0.14113832
v -0.05846141 0.04229514 0.14113832
v 0.0 0.0037833971 0.15276703
v 0.0 0.042295124 0.15276703
v 0.05846141 0.0037833971 0.14113832
v 0.05846141 0.042295124 0.14113832
v 0.0 0.042295124 0.15276703
v 0.0 0.0037833971 0.15276703
v 0.10802255 0.0037833971 0.108022586
v 0.10802255 0.042295124 0.108022586
v 0.14113829 0.0037833971 0.05846142
v 0.14113829 0.042295124 0.05846142
v 0.15276697 0.0037833971 3.6344012E-9
v 0.15276697 0.042295124 3.6344012E-9
v -0.13145205 0.051915284 0.054449238
v -0.11991943 0.0578894 0.04967223
v -0.12979965 0.057889413 3.6344012E-9
v -0.14228268 0.0519153 3.6344012E-9
v -0.100609064 0.051915314 0.10060905
v -0.09178206 0.057889424 0.091782294
v -0.05444903 0.051915314 0.13145204
v -0.04967209 0.057889424 0.11991934
v 0.0 0.0519153 0.14228263
v 0.0 0.057889413 0.12979974
v 0.05444903 0.0519153 0.13145201
v 0.04967232 0.057889413 0.11991932
v 0.0 0.057889413 0.12979974
v 0.0 0.0519153 0.14228263
v 0.100609064 0.0519153 0.10060902
v 0.091782294 0.057889413 0.091782264
v 0.13145205 0.0519153 0.054449223
v 0.11991943 0.057889413 0.049672216
v 0.14228268 0.0519153 3.6344012E-9
v 0.12979965 0.057889413 3.6344012E-9
v -0.11991943 0.0578894 0.04967223
v -0.12763342 0.06182291 0.05286749
v -0.13814935 0.061822925 3.6344012E-9
v -0.12979965 0.057889413 3.6344012E-9
v -0.09178206 0.057889424 0.091782294
v -0.097686425 0.061822925 0.097686365
v -0.04967209 0.057889424 0.11991934
v -0.052867338 0.061822925 0.12763335
v 0.0 0.057889413 0.12979974
v 0.0 0.061822925 0.13814935
v 0.04967232 0.057889413 0.11991932
v 0.052867338 0.061822925 0.12763333
v 0.0 0.061822925 0.13814935
v 0.0 0.057889413 0.12979974
v 0.091782294 0.057889413 0.091782264
v 0.097686425 0.061822925 0.097686335
v 0.11991943 0.057889413 0.049672216
v 0.12763342 0.061822925 0.05286748
v 0.12979965 0.057889413 3.6344012E-9
v 0.13814935 0.061822925 3.6344012E-9
v -0.13332659 0.06766844 0.055225648
v -0.13466707 0.077953935 0.05578096
v -0.1457624 0.077953935 3.6344012E-9
v -0.14431143 0.06766845 3.6344012E-9
v -0.10204352 0.06766847 0.10204368
v -0.10306976 0.077953935 0.10306976
v -0.055225454 0.06766847 0.13332647
v -0.055780906 0.077953935 0.13466708
v 0.0 0.06766845 0.1443115
v 0.0 0.077953935 0.1457626
v 0.055225685 0.06766845 0.13332644
v 0.055780906 0.077953935 0.13466705
v 0.0 0.077953935 0.1457626
v 0.0 0.06766845 0.1443115
v 0.10204352 0.06766845 0.102043636
v 0.10306976 0.077953935 0.103069715
v 0.13332635 0.06766845 0.055225644
v 0.13466707 0.077953935 0.055780943
v 0.14431143 0.06766845 3.6344012E-9
v 0.14576264 0.077953935 3.6344012E-9
v -0.13043278 0.088540174 0.05402708
v -0.11761806 0.09912642 0.048718996
v -0.12730871 0.099126436 3.6344012E-9
v -0.14117944 0.08854018 3.6344012E-9
v -0.09982892 0.08854019 0.09982902
v -0.090020806 0.099126436 0.09002096
v -0.054027088 0.08854019 0.13043287
v -0.04871889 0.099126436 0.11761803
v 0.0 0.08854019 0.14117949
v 0.0 0.09912645 0.1273088
v 0.054027088 0.08854018 0.13043284
v 0.04871912 0.099126436 0.11761802
v 0.0 0.09912645 0.1273088
v 0.0 0.08854019 0.14117949
v 0.09982892 0.08854019 0.09982897
v 0.090020806 0.09912645 0.09002092
v 0.13043278 0.08854019 0.05402708
v 0.11761806 0.09912645 0.048718993
v 0.14117944 0.08854018 3.6344012E-9
v 0.12730871 0.099126436 3.6344012E-9
v 0.14576264 0.077953935 3.6344012E-9
v 0.13466707 0.077953935 0.055780943
v 0.10306976 0.077953935 0.103069715
v 0.055780906 0.077953935 0.13466705
v 0.0 0.077953935 0.1457626
v 0.0 0.077953935 0.1457626
v -0.055780906 0.077953935 0.13466708
v -0.10306976 0.077953935 0.10306976
v -0.13466707 0.077953935 0.05578096
v -0.1457624 0.077953935 3.6344012E-9
v 0.14431143 0.06766845 3.6344012E-9
v 0.13332635 0.06766845 0.055225644
v 0.10204352 0.06766845 0.102043636
v 0.055225685 0.06766845 0.13332644
v 0.0 0.06766845 0.1443115
v 0.0 0.06766845 0.1443115
v -0.055225454 0.06766847 0.13332647
v -0.10204352 0.06766847 0.10204368
v -0.13332659 0.06766844 0.055225648
v -0.14431143 0.06766845 3.6344012E-9
v 0.15176491 0.046627987 3.6344012E-9
v 0.14021252 0.046627987 0.058077928
v 0.10731404 0.046627987 0.107314
v 0.05807785 0.046627987 0.14021249
v 0.0 0.046627987 0.1517649
v 0.0 0.046627987 0.1517649
v -0.05807785 0.046627987 0.14021249
v -0.10731404 0.046627987 0.10731404
v -0.14021252 0.046627972 0.058077943
v -0.15176491 0.046627987 3.6344012E-9
v -0.14021252 0.046627972 0.058077943
v -0.15176491 0.046627987 3.6344012E-9
v -0.10731404 0.046627987 0.10731404
v -0.05807785 0.046627987 0.14021249
v 0.0 0.046627987 0.1517649
v 0.05807785 0.046627987 0.14021249
v 0.0 0.046627987 0.1517649
v 0.10731404 0.046627987 0.107314
v 0.14021252 0.046627987 0.058077928
v 0.15176491 0.046627987 3.6344012E-9
v 0.14847314 0.0 3.6344012E-9
v 0.15276697 0.0037833971 3.6344012E-9
v 0.14113829 0.0037833971 0.05846142
v 0.13717125 0.0 0.056818213
v 0.10802255 0.0037833971 0.108022586
v 0.1049864 0.0 0.104986355
v 0.05846141 0.0037833971 0.14113832
v 0.05681831 0.0 0.13717128
v 0.0 0.0037833971 0.15276703
v 0.0 0.0 0.14847313
v -0.05846141 0.0037833971 0.14113832
v -0.056818075 0.0 0.13717128
v -0.10802255 0.0037833971 0.10802263
v -0.1049864 0.0 0.1049864
v -0.14113829 0.0037833971 0.058461428
v -0.13717125 0.0 0.05681822
v -0.15276697 0.0037833971 3.6344012E-9
v -0.14847314 0.0 3.6344012E-9
v 0.0 0.110436894 0.1115668
v 0.042694736 0.11043688 0.1030743
v 0.038233902 0.12496278 0.09230503
v 0.0 0.12496278 0.09991023
v 0.042694736 0.11043688 -0.1030743
v 0.0 0.110436894 -0.1115668
v 0.0 0.12496278 -0.099910215
v 0.038233902 0.12496278 -0.09230501
v 0.07888965 0.110436894 0.07888965
v 0.07064718 0.12496278 0.07064721
v 0.07888965 0.110436894 -0.07888965
v 0.07064718 0.12496278 -0.070647195
v 0.10307418 0.110436894 0.042694792
v 0.09230495 0.12496278 0.038234007
v 0.10307418 0.110436894 -0.042694777
v 0.09230495 0.12496278 -0.038234
v 0.1115667 0.11043688 3.6344012E-9
v 0.09991033 0.12496278 3.6344012E-9
v 0.06124658 0.13867861 -0.061246622
v 0.080022655 0.13867861 -0.03314645
v 0.08661575 0.13867861 3.6344012E-9
v -0.08661598 0.13867861 3.6344012E-9
v -0.080022655 0.1386786 -0.03314645
v -0.06124658 0.13867861 -0.061246667
v -0.033146437 0.13867861 -0.08002258
v 0.0 0.13867861 -0.08661581
v 0.0 0.13867861 -0.08661581
v 0.033146437 0.13867861 -0.08002258
v 0.04871912 0.099126436 -0.117618
v 0.0 0.09912645 -0.1273088
v 0.090020806 0.09912645 -0.09002092
v 0.11761806 0.09912645 -0.048718985
v -0.11761806 0.09912642 -0.048718985
v -0.1115667 0.11043688 3.6344012E-9
v -0.10307418 0.110436864 -0.042694777
v -0.090020806 0.099126436 -0.09002096
v -0.07888965 0.11043688 -0.07888968
v -0.04871889 0.099126436 -0.117618
v -0.042694736 0.11043688 -0.1030743
v 0.0 0.09912645 -0.1273088
v 0.0 0.110436894 -0.1115668
v -0.10307418 0.110436864 0.042694796
v -0.09230495 0.124962755 0.03823401
v -0.09991033 0.12496278 3.6344012E-9
v -0.09230495 0.124962755 -0.038234
v -0.07888965 0.11043688 0.07888969
v -0.07064718 0.12496278 0.07064723
v -0.07064718 0.12496278 -0.07064723
v -0.042694736 0.11043688 0.103074305
v -0.038233902 0.12496278 0.09230504
v -0.038233902 0.12496278 -0.09230503
v 0.0 0.110436894 0.1115668
v 0.0 0.12496278 0.09991023
v 0.0 0.12496278 -0.099910215
v -0.14113829 0.0037833971 -0.058461428
v -0.14113829 0.042295124 -0.058461428
v -0.10802255 0.0037833971 -0.10802263
v -0.10802255 0.04229514 -0.10802263
v -0.05846141 0.0037833971 -0.14113832
v -0.05846141 0.04229514 -0.14113832
v 0.0 0.0037833971 -0.15276703
v 0.0 0.042295124 -0.15276703
v 0.05846141 0.0037833971 -0.14113832
v 0.0 0.0037833971 -0.15276703
v 0.0 0.042295124 -0.15276703
v 0.05846141 0.042295124 -0.14113832
v 0.10802255 0.0037833971 -0.10802258
v 0.10802255 0.042295124 -0.10802258
v 0.14113829 0.0037833971 -0.05846142
v 0.14113829 0.042295124 -0.05846142
v -0.13145205 0.051915284 -0.05444923
v -0.11991943 0.0578894 -0.049672224
v -0.100609064 0.051915314 -0.100609034
v -0.09178206 0.057889424 -0.091782294
v -0.05444903 0.051915314 -0.13145204
v -0.04967209 0.057889424 -0.11991931
v 0.0 0.0519153 -0.14228263
v 0.0 0.057889413 -0.12979974
v 0.05444903 0.0519153 -0.13145201
v 0.0 0.0519153 -0.14228263
v 0.0 0.057889413 -0.12979974
v 0.04967232 0.057889413 -0.11991931
v 0.100609064 0.0519153 -0.100609004
v 0.091782294 0.057889413 -0.091782264
v 0.13145205 0.0519153 -0.054449216
v 0.11991943 0.057889413 -0.04967221
v -0.11991943 0.0578894 -0.049672224
v -0.12763342 0.06182291 -0.05286748
v -0.09178206 0.057889424 -0.091782294
v -0.097686425 0.061822925 -0.097686365
v -0.04967209 0.057889424 -0.11991931
v -0.052867338 0.061822925 -0.12763335
v 0.0 0.057889413 -0.12979974
v 0.0 0.061822925 -0.13814935
v 0.04967232 0.057889413 -0.11991931
v 0.0 0.057889413 -0.12979974
v 0.0 0.061822925 -0.13814935
v 0.052867338 0.061822925 -0.12763333
v 0.091782294 0.057889413 -0.091782264
v 0.097686425 0.061822925 -0.097686335
v 0.11991943 0.057889413 -0.04967221
v 0.12763342 0.061822925 -0.052867472
v -0.13332659 0.06766844 -0.05522564
v -0.13466707 0.077953935 -0.055780947
v -0.10204352 0.06766847 -0.10204368
v -0.10306976 0.077953935 -0.10306976
v -0.055225454 0.06766847 -0.13332647
v -0.055780906 0.077953935 -0.13466708
v 0.0 0.06766845 -0.1443115
v 0.0 0.077953935 -0.1457626
v 0.055225685 0.06766845 -0.13332644
v 0.0 0.06766845 -0.1443115
v 0.0 0.077953935 -0.1457626
v 0.055780906 0.077953935 -0.13466705
v 0.10204352 0.06766845 -0.102043636
v 0.10306976 0.077953935 -0.1030697
v 0.13332635 0.06766845 -0.05522564
v 0.13466707 0.077953935 -0.055780932
v -0.13043278 0.088540174 -0.054027073
v -0.09982892 0.08854019 -0.099829
v -0.054027088 0.08854019 -0.13043287
v 0.0 0.08854019 -0.14117949
v 0.054027088 0.08854018 -0.13043284
v 0.0 0.08854019 -0.14117949
v 0.09982892 0.08854019 -0.09982897
v 0.13043278 0.08854019 -0.054027073
v 0.13466707 0.077953935 -0.055780932
v 0.10306976 0.077953935 -0.1030697
v 0.055780906 0.077953935 -0.13466705
v 0.0 0.077953935 -0.1457626
v 0.0 0.077953935 -0.1457626
v -0.055780906 0.077953935 -0.13466708
v -0.10306976 0.077953935 -0.10306976
v -0.13466707 0.077953935 -0.055780947
v 0.13332635 0.06766845 -0.05522564
v 0.10204352 0.06766845 -0.102043636
v 0.055225685 0.06766845 -0.13332644
v 0.0 0.06766845 -0.1443115
v -0.055225454 0.06766847 -0.13332647
v 0.0 0.06766845 -0.1443115
v -0.10204352 0.06766847 -0.10204368
v -0.13332659 0.06766844 -0.05522564
v 0.14021252 0.046627987 -0.05807793
v 0.10731404 0.046627987 -0.107314
v 0.05807785 0.046627987 -0.14021249
v 0.0 0.046627987 -0.1517649
v 0.0 0.046627987 -0.1517649
v -0.05807785 0.046627987 -0.14021249
v -0.10731404 0.046627987 -0.10731403
v -0.14021252 0.046627972 -0.05807794
v -0.14021252 0.046627972 -0.05807794
v -0.10731404 0.046627987 -0.10731403
v -0.05807785 0.046627987 -0.14021249
v 0.0 0.046627987 -0.1517649
v 0.0 0.046627987 -0.1517649
v 0.05807785 0.046627987 -0.14021249
v 0.10731404 0.046627987 -0.107314
v 0.14021252 0.046627987 -0.05807793
v 0.13717125 0.0 -0.056818206
v 0.14113829 0.0037833971 -0.05846142
v 0.1049864 0.0 -0.10498634
v 0.10802255 0.0037833971 -0.10802258
v 0.05681831 0.0 -0.13717128
v 0.05846141 0.0037833971 -0.14113832
v 0.0 0.0 -0.14847313
v 0.0 0.0037833971 -0.15276703
v -0.056818075 0.0 -0.13717128
v -0.05846141 0.0037833971 -0.14113832
v -0.1049864 0.0 -0.1049864
v -0.10802255 0.0037833971 -0.10802263
v -0.13717125 0.0 -0.05681822
v -0.14113829 0.0037833971 -0.058461428
v 0.06124658 0.13867861 0.061246637
v 0.033146437 0.13867861 0.08002258
v 0.080022655 0.13867861 0.033146456
v -0.080022655 0.1386786 0.033146456
v -0.06124658 0.13867861 0.061246667
v -0.033146437 0.13867861 0.08002261
v 0.0 0.13867861 0.08661581
v 0.0 0.13867861 0.08661581
v 0.03689365 0.3159752 -0.08798624
v 0.06779106 0.3159752 -0.067341775
v 0.06611028 0.31175262 -0.06566103
v 0.035984177 0.31175262 -0.08579025
v 0.08843562 0.3159752 -0.036445074
v 0.08623963 0.31175262 -0.035535462
v -0.06689252 0.3159752 -0.06734179
v -0.035996273 0.3159752 -0.08798624
v -0.03508657 0.31175262 -0.08579025
v -0.06521174 0.31175262 -0.06566104
v 4.4961905E-4 0.3159752 -0.095235646
v 4.4961905E-4 0.31175262 -0.09285872
v 4.4961905E-4 0.3159752 -0.095235646
v 4.4961905E-4 0.31175262 -0.09285872
v -0.035996273 0.3159752 0.08798633
v -0.06689252 0.3159752 0.06734182
v -0.06521174 0.31175262 0.06566107
v -0.03508657 0.31175262 0.085790314
v 0.06779106 0.3159752 0.067341805
v 0.03689365 0.3159752 0.0879863
v 0.035984177 0.31175262 0.08579029
v 0.06611028 0.31175262 0.06566106
v -0.08753708 0.3159752 0.03644515
v -0.08534109 0.31175262 0.035535533
v -0.08753708 0.3159752 -0.03644511
v -0.08534109 0.31175262 -0.0355355
v -0.09478658 0.3159752 2.1806407E-8
v -0.092409626 0.31175262 2.1806407E-8
v 0.08843562 0.3159752 0.03644515
v 0.08623963 0.31175262 0.035535533
v 0.095684886 0.3159752 2.907521E-8
v 0.09330793 0.31175262 2.907521E-8
v 4.4961905E-4 0.3159752 0.095235705
v 4.4961905E-4 0.31175262 0.09285876
v 4.4961905E-4 0.3159752 0.095235705
v 4.4961905E-4 0.31175262 0.09285876
v 0.09330793 0.31175262 2.907521E-8
v 0.08623963 0.31175262 0.035535533
v 0.047064856 0.30734086 0.019308858
v 0.050905574 0.30734086 2.907521E-8
v -0.092409626 0.31175262 2.1806407E-8
v -0.08534109 0.31175262 -0.0355355
v -0.04616655 0.30734086 -0.019308815
v -0.05000727 0.30734086 2.5440809E-8
v 0.035984177 0.31175262 0.08579029
v 4.4961905E-4 0.31175262 0.09285876
v 4.4938645E-4 0.30734086 0.050456423
v 0.019757653 0.30734086 0.04661565
v 4.4961905E-4 0.31175262 0.09285876
v -0.03508657 0.31175262 0.085790314
v -0.01885981 0.30734086 0.046615668
v 4.4938645E-4 0.30734086 0.050456423
v 0.035984177 0.31175262 -0.08579025
v 0.06611028 0.31175262 -0.06566103
v 0.03612723 0.30734086 -0.03567804
v 0.019757653 0.30734086 -0.046615597
v 0.08623963 0.31175262 -0.035535462
v 0.047064856 0.30734086 -0.019308792
v -0.06521174 0.31175262 -0.06566104
v -0.03508657 0.31175262 -0.08579025
v -0.01885981 0.30734086 -0.046615597
v -0.03522892 0.30734086 -0.035678048
v 4.4961905E-4 0.31175262 -0.09285872
v 4.4938645E-4 0.30734086 -0.050456375
v 4.4961905E-4 0.31175262 -0.09285872
v 4.4938645E-4 0.30734086 -0.050456375
v -0.06521174 0.31175262 0.06566107
v -0.03522892 0.30734086 0.035678085
v 0.06611028 0.31175262 0.06566106
v 0.03612723 0.30734086 0.03567808
v -0.08534109 0.31175262 0.035535533
v -0.04616655 0.30734086 0.019308858
v 0.027169969 0.35035896 -0.026720652
v 0.035361502 0.35035896 -0.014461097
v 0.08766455 0.3193129 -0.036125667
v 0.06720072 0.3193129 -0.06675158
v 0.014910233 0.35035896 -0.034912214
v 0.03657429 0.3193129 -0.0872151
v 4.4938645E-4 0.35035896 0.037788775
v -0.014011925 0.35035896 0.03491228
v -0.035676677 0.3193129 0.08721519
v 4.4961905E-4 0.3193129 0.09440104
v 0.014910233 0.35035896 0.03491227
v 4.4938645E-4 0.35035896 0.037788775
v 4.4961905E-4 0.3193129 0.09440104
v 0.03657429 0.3193129 0.08721516
v -0.037339546 0.35035896 2.5440809E-8
v -0.034462962 0.35035896 -0.014461111
v -0.08676601 0.3193129 -0.036125697
v -0.09395177 0.3193129 2.1806407E-8
v 0.03823809 0.35035896 2.5440809E-8
v 0.035361502 0.35035896 0.014461157
v 0.08766455 0.3193129 0.03612574
v 0.09485031 0.3193129 2.907521E-8
v 0.027169969 0.35035896 0.026720703
v 0.06720072 0.3193129 0.06675161
v -0.034462962 0.35035896 0.014461157
v -0.08676601 0.3193129 0.03612574
v -0.026271429 0.35035896 -0.02672066
v -0.06630241 0.3193129 -0.06675159
v -0.026271429 0.35035896 0.026720706
v -0.06630241 0.3193129 0.06675162
v 4.4938645E-4 0.35035896 -0.037788726
v 4.4961905E-4 0.3193129 -0.09440099
v -0.014011925 0.35035896 -0.034912214
v 4.4938645E-4 0.35035896 -0.037788726
v 4.4961905E-4 0.3193129 -0.09440099
v -0.035676677 0.3193129 -0.0872151
v 4.4961905E-4 0.3193129 0.09440104
v -0.035676677 0.3193129 0.08721519
v -0.035996273 0.3159752 0.08798633
v 4.4961905E-4 0.3159752 0.095235705
v 0.03657429 0.3193129 0.08721516
v 4.4961905E-4 0.3193129 0.09440104
v 4.4961905E-4 0.3159752 0.095235705
v 0.03689365 0.3159752 0.0879863
v -0.09395177 0.3193129 2.1806407E-8
v -0.08676601 0.3193129 -0.036125697
v -0.08753708 0.3159752 -0.03644511
v -0.09478658 0.3159752 2.1806407E-8
v 0.09485031 0.3193129 2.907521E-8
v 0.08766455 0.3193129 0.03612574
v 0.08843562 0.3159752 0.03644515
v 0.095684886 0.3159752 2.907521E-8
v 0.08766455 0.3193129 -0.036125667
v 0.08843562 0.3159752 -0.036445074
v 0.06720072 0.3193129 0.06675161
v 0.06779106 0.3159752 0.067341805
v -0.08676601 0.3193129 0.03612574
v -0.08753708 0.3159752 0.03644515
v -0.06630241 0.3193129 -0.06675159
v -0.06689252 0.3159752 -0.06734179
v -0.06630241 0.3193129 0.06675162
v -0.06689252 0.3159752 0.06734182
v 4.4961905E-4 0.3193129 -0.09440099
v 0.03657429 0.3193129 -0.0872151
v 0.03689365 0.3159752 -0.08798624
v 4.4961905E-4 0.3159752 -0.095235646
v -0.035676677 0.3193129 -0.0872151
v 4.4961905E-4 0.3193129 -0.09440099
v 4.4961905E-4 0.3159752 -0.095235646
v -0.035996273 0.3159752 -0.08798624
v 0.06720072 0.3193129 -0.06675158
v 0.06779106 0.3159752 -0.067341775
v -0.035274975 0.2701988 0.035724316
v -0.046227027 0.2701988 0.019333877
v -0.04909221 0.23141335 0.020520711
v -0.037468176 0.23141335 0.037917294
v -0.046227027 0.2701988 -0.019333834
v -0.035274975 0.2701988 -0.03572427
v -0.037468176 0.23141335 -0.037917253
v -0.04909221 0.23141335 -0.020520661
v -0.05007263 0.2701988 2.5440809E-8
v -0.053173907 0.23141335 2.5440809E-8
v 0.047125332 0.2701988 0.019333877
v 0.036173515 0.2701988 0.03572431
v 0.038366485 0.23141335 0.03791729
v 0.04999052 0.23141335 0.020520711
v 0.047125332 0.2701988 -0.019333811
v 0.050970934 0.2701988 2.5440809E-8
v 0.054072216 0.23141335 2.907521E-8
v 0.04999052 0.23141335 -0.020520646
v 0.019782772 0.2701988 0.046676043
v 4.4938645E-4 0.2701988 0.050521802
v 4.4938645E-4 0.23141335 0.053623147
v 0.020969506 0.23141335 0.049541317
v 4.4938645E-4 0.2701988 0.050521802
v -0.018884698 0.2701988 0.046676066
v -0.020071665 0.23141335 0.04954133
v 4.4938645E-4 0.23141335 0.053623147
v 0.019782772 0.2701988 -0.046675995
v 0.036173515 0.2701988 -0.03572427
v 0.038366485 0.23141335 -0.037917253
v 0.020969506 0.23141335 -0.04954126
v -0.018884698 0.2701988 -0.046675995
v -0.020071665 0.23141335 -0.04954126
v 4.4938645E-4 0.2701988 -0.05052175
v 4.4938645E-4 0.23141335 -0.0536231
v 4.4938645E-4 0.2701988 -0.05052175
v 4.4938645E-4 0.23141335 -0.0536231
v 0.03612723 0.30734086 0.03567808
v 0.019757653 0.30734086 0.04661565
v -0.01885981 0.30734086 0.046615668
v -0.03522892 0.30734086 0.035678085
v 4.4938645E-4 0.30734086 -0.050456375
v 0.019757653 0.30734086 -0.046615597
v -0.01885981 0.30734086 -0.046615597
v 4.4938645E-4 0.30734086 -0.050456375
v -0.03522892 0.30734086 -0.035678048
v 0.03612723 0.30734086 -0.03567804
v 0.047064856 0.30734086 -0.019308792
v 4.4938645E-4 0.30734086 0.050456423
v 4.4938645E-4 0.30734086 0.050456423
v -0.05000727 0.30734086 2.5440809E-8
v -0.04616655 0.30734086 -0.019308815
v 0.050905574 0.30734086 2.907521E-8
v 0.047064856 0.30734086 0.019308858
v -0.04616655 0.30734086 0.019308858
v -0.041337274 0.19606218 -0.04156176
v -0.054078493 0.19606218 -0.022493059
v -0.05855259 0.19606218 1.4537605E-8
v -0.054078493 0.19606218 0.022493085
v -0.041337274 0.19606218 0.041561782
v -0.022268588 0.19606218 0.054303084
v 2.2469323E-4 0.19606218 0.058777235
v 2.2469323E-4 0.19606218 0.058777235
v 0.022717508 0.19606218 0.054303076
v 0.041786425 0.19606218 0.041561775
v 0.054527648 0.19606218 0.022493081
v 0.05900174 0.19606218 1.4537605E-8
v 0.054527648 0.19606218 -0.022493051
v 0.041786425 0.19606218 -0.041561745
v 0.022717508 0.19606218 -0.05430304
v 2.2469323E-4 0.19606218 -0.0587772
v 2.2469323E-4 0.19606218 -0.0587772
v -0.022268588 0.19606218 -0.05430304
v -0.02799431 0.16323489 -0.06758435
v -0.051726893 0.16323489 -0.05172683
v 0.0 0.16323489 -0.073152766
v 0.02799431 0.16323489 -0.06758435
v 0.0 0.16323489 -0.073152766
v 0.051726893 0.16323489 -0.051726814
v 0.067584276 0.16323489 -0.02799435
v 0.073152766 0.16323489 3.6344012E-9
v 0.067584276 0.16323489 0.02799436
v 0.051726893 0.16323489 0.051726818
v 0.02799431 0.16323489 0.06758435
v 0.0 0.16323489 0.07315278
v -0.02799431 0.16323489 0.06758435
v 0.0 0.16323489 0.07315278
v -0.051726893 0.16323489 0.051726833
v -0.067584276 0.16323489 0.027994366
v -0.073152766 0.16323489 3.6344012E-9
v -0.067584276 0.16323489 -0.027994357
v 0.033146437 0.13867861 0.08002258
v 0.06124658 0.13867861 0.061246637
v 0.080022655 0.13867861 0.033146456
v 0.08661575 0.13867861 3.6344012E-9
v 0.080022655 0.13867861 -0.03314645
v 0.06124658 0.13867861 -0.061246622
v 0.033146437 0.13867861 -0.08002258
v 0.0 0.13867861 -0.08661581
v -0.033146437 0.13867861 -0.08002258
v -0.06124658 0.13867861 -0.061246667
v -0.080022655 0.1386786 -0.03314645
v -0.08661598 0.13867861 3.6344012E-9
v -0.033146437 0.13867861 0.08002261
v 0.0 0.13867861 0.08661581
v -0.06124658 0.13867861 0.061246667
v 0.0 0.13867861 0.08661581
v 0.0 0.13867861 -0.08661581
v -0.080022655 0.1386786 0.033146456
vt 0.9477419 0.014405727
vt 0.9248144 0.011032581
vt 0.94341993 0.021314979
vt 0.93780357 0.025947213
vt 0.9315668 0.028647184
vt 0.92506224 0.029453397
vt 0.91854906 0.028752089
vt 0.9122527 0.02614963
vt 0.9065545 0.021722794
vt 0.90229976 0.015009046
vt 0.80946636 0.013186336
vt 0.7862222 0.009371877
vt 0.8049698 0.020090342
vt 0.7991632 0.024696112
vt 0.7927246 0.027175426
vt 0.78606796 0.02800703
vt 0.7794336 0.027151465
vt 0.77307034 0.024533749
vt 0.76741385 0.019839644
vt 0.76311064 0.012940645
vt 0.94043785 0.12889683
vt 0.91679376 0.12907779
vt 0.928887 0.18842667
vt 0.97926325 0.15442371
vt 0.9623779 0.13778788
vt 0.8784788 0.15504551
vt 0.86956066 0.17674768
vt 0.9885655 0.20017266
vt 0.9884924 0.17630625
vt 0.89504325 0.13827455
vt 0.9170152 0.24789095
vt 0.8952034 0.23876238
vt 0.9626185 0.23898321
vt 0.940688 0.24797845
vt 0.8695884 0.20021069
vt 0.9794527 0.22223103
vt 0.8785608 0.2220084
vt 0.806908 0.5541347
vt 0.79469144 0.551268
vt 0.794314 0.55458397
vt 0.8062802 0.5576943
vt 0.8192183 0.5572542
vt 0.8188305 0.56065613
vt 0.8073119 0.5851529
vt 0.81940883 0.5809967
vt 0.8187661 0.57754666
vt 0.80665815 0.58164465
vt 0.7451914 0.5498065
vt 0.7329224 0.5535642
vt 0.7337395 0.5571136
vt 0.7457235 0.5533012
vt 0.72811395 0.58556896
vt 0.7410872 0.58774567
vt 0.74134123 0.5841678
vt 0.72875786 0.582178
vt 0.7577132 0.5487887
vt 0.75780296 0.552254
vt 0.78239954 0.55043447
vt 0.7822279 0.55384034
vt 0.7701325 0.5492123
vt 0.7699982 0.5526702
vt 0.75417024 0.5883931
vt 0.7543088 0.5848377
vt 0.767209 0.58943146
vt 0.7804177 0.58814216
vt 0.78018034 0.5845084
vt 0.7671473 0.5857729
vt 0.71633995 0.5814482
vt 0.716986 0.5780922
vt 0.72056353 0.55742997
vt 0.72115433 0.56107444
vt 0.793865 0.58749866
vt 0.79355085 0.5836513
vt 0.9831318 0.0429914
vt 0.9687105 0.025545835
vt 0.957111 0.034810185
vt 0.9656881 0.05000031
vt 0.97943467 0.10663563
vt 0.9886463 0.085963845
vt 0.96943396 0.08293432
vt 0.96474737 0.10062933
vt 0.99101067 0.06391096
vt 0.9694191 0.06617302
vt 0.95343727 0.08182466
vt 0.95134556 0.097730994
vt 0.95094985 0.053952873
vt 0.95298 0.06764257
vt 0.94606835 0.040250063
vt 0.9388009 0.068564594
vt 0.9392521 0.08155775
vt 0.9355359 0.04315555
vt 0.93781775 0.056037664
vt 0.93857515 0.0964368
vt 0.92552924 0.06884825
vt 0.92580324 0.08146143
vt 0.9252089 0.044129014
vt 0.9252813 0.0568012
vt 0.92599595 0.096327424
vt 0.91220814 0.08187282
vt 0.9133736 0.096799076
vt 0.9128353 0.056174755
vt 0.91223454 0.068644285
vt 0.9149029 0.04330498
vt 0.8996634 0.054331064
vt 0.8979485 0.068128765
vt 0.9044174 0.040581286
vt 0.897907 0.08249211
vt 0.90055317 0.09847391
vt 0.8812652 0.067040086
vt 0.88176066 0.084040284
vt 0.89319456 0.03510976
vt 0.88466215 0.050571144
vt 0.8871191 0.10180503
vt 0.88112646 0.025410295
vt 0.866641 0.04371476
vt 0.86235815 0.08766937
vt 0.872466 0.108346045
vt 0.85918903 0.06526846
vt 0.7302395 0.107390046
vt 0.743294 0.12157571
vt 0.7532766 0.11605203
vt 0.74566185 0.10087967
vt 0.8388406 0.10773766
vt 0.8498628 0.08789742
vt 0.829926 0.08372593
vt 0.8242872 0.10120225
vt 0.8532113 0.06521487
vt 0.8470384 0.04220712
vt 0.8271285 0.049630284
vt 0.8308245 0.066426516
vt 0.8305551 0.02454698
vt 0.81884205 0.033914447
vt 0.7640159 0.11253071
vt 0.7599238 0.0973798
vt 0.8074033 0.039239526
vt 0.95134556 0.097730994
vt 0.9482715 0.1127615
vt 0.95867574 0.11517084
vt 0.96474737 0.10062933
vt 0.8139527 0.06744313
vt 0.8133564 0.08183694
vt 0.8117403 0.053417563
vt 0.9681337 0.119986
vt 0.97943467 0.10663563
vt 0.81058514 0.097679734
vt 0.79906726 0.0809108
vt 0.79775786 0.095957875
vt 0.7981968 0.055287242
vt 0.7991886 0.06785524
vt 0.7963817 0.042016745
vt 0.93857515 0.0964368
vt 0.93746626 0.11197293
vt 0.92599595 0.096327424
vt 0.92628604 0.112419486
vt 0.81058514 0.097679734
vt 0.80647266 0.1123569
vt 0.8167685 0.11575794
vt 0.8242872 0.10120225
vt 0.7855902 0.06785011
vt 0.7855865 0.08049691
vt 0.7857909 0.042785287
vt 0.7856231 0.055651426
vt 0.90055317 0.09847391
vt 0.90422356 0.113518596
vt 0.9150702 0.112356186
vt 0.9133736 0.096799076
vt 0.78541553 0.09545469
vt 0.77195704 0.067430615
vt 0.7719908 0.08063614
vt 0.77527964 0.041745782
vt 0.77302086 0.05482471
vt 0.8871191 0.10180503
vt 0.89380944 0.11629909
vt 0.7730032 0.095808744
vt 0.79775786 0.095957875
vt 0.79593396 0.1103214
vt 0.872466 0.108346045
vt 0.88442475 0.12148517
vt 0.7572727 0.08123028
vt 0.7599238 0.0973798
vt 0.759773 0.052564263
vt 0.7571182 0.066461205
vt 0.764487 0.038723588
vt 0.78541553 0.09545469
vt 0.7854191 0.109289646
vt 0.7446172 0.048395395
vt 0.7400838 0.06494331
vt 0.7533591 0.033168316
vt 0.7730032 0.095808744
vt 0.774812 0.1104027
vt 0.7407181 0.08245671
vt 0.82623327 0.12111342
vt 0.8388406 0.10773766
vt 0.74566185 0.10087967
vt 0.718487 0.06254196
vt 0.7191986 0.08596897
vt 0.74214447 0.023697734
vt 0.7255453 0.04047835
vt 0.7302395 0.107390046
vt 0.1539774 0.27399552
vt 0.13738498 0.26295066
vt 0.1367726 0.26415825
vt 0.15308328 0.2750253
vt 0.20340762 0.26699007
vt 0.18745849 0.2771507
vt 0.18829098 0.2781437
vt 0.20396483 0.2681299
vt 0.22078437 0.26014727
vt 0.22114772 0.26139933
vt 0.2392177 0.25627708
vt 0.23939247 0.2575795
vt 0.25802952 0.25503075
vt 0.2580242 0.25634974
vt 0.11931443 0.2556048
vt 0.10039879 0.2513067
vt 0.1002092 0.25264192
vt 0.11892316 0.25689918
vt 0.08121052 0.2500031
vt 0.081216976 0.25134146
vt 0.21945661 0.25543386
vt 0.20131695 0.2626034
vt 0.20340762 0.26699007
vt 0.22078437 0.26014727
vt 0.23859882 0.25139266
vt 0.2392177 0.25627708
vt 0.12082581 0.25060827
vt 0.10106837 0.24642318
vt 0.10039879 0.2513067
vt 0.11931443 0.2556048
vt 0.13968703 0.25851703
vt 0.13738498 0.26295066
vt 0.023727238 0.25818473
vt 0.0067830384 0.26897973
vt 0.009544566 0.2733373
vt 0.02590324 0.26266265
vt 0.31504005 0.2633713
vt 0.29688448 0.25595528
vt 0.295429 0.26065868
vt 0.31292236 0.26765543
vt 0.2776885 0.25157952
vt 0.25808585 0.25009382
vt 0.25802952 0.25503075
vt 0.27694649 0.25647384
vt 0.08123504 0.24499911
vt 0.06142985 0.24647397
vt 0.062105343 0.2514125
vt 0.08121052 0.2500031
vt 0.043555856 0.2556075
vt 0.02590324 0.26266265
vt 0.026485398 0.2638262
vt 0.04393843 0.25687337
vt 0.009544566 0.2733373
vt 0.010413185 0.27435434
vt 0.32905743 0.2781393
vt 0.31292236 0.26765543
vt 0.312338 0.26882368
vt 0.32818037 0.2791708
vt 0.295429 0.26065868
vt 0.29505503 0.26191765
vt 0.27694649 0.25647384
vt 0.2767595 0.25778192
vt 0.062105343 0.2514125
vt 0.06229528 0.25272882
vt 0.1848205 0.2729066
vt 0.18745849 0.2771507
vt 0.15671375 0.26974082
vt 0.1539774 0.27399552
vt 0.042162716 0.25083858
vt 0.043555856 0.2556075
vt 0.33173153 0.27384442
vt 0.32905743 0.2781393
vt 0.37438053 0.44659525
vt 0.37438053 0.46475023
vt 0.39979655 0.46475023
vt 0.39979655 0.44659525
vt 0.34954876 0.44659525
vt 0.34954876 0.46475023
vt 0.3258127 0.44659525
vt 0.3258127 0.46475023
vt 0.30349085 0.44659525
vt 0.30349085 0.46475023
vt 0.65896815 0.44453818
vt 0.65896815 0.46222383
vt 0.6797228 0.46222383
vt 0.6797228 0.44453818
vt 0.6373595 0.44453818
vt 0.6373595 0.46222383
vt 0.6154656 0.44453818
vt 0.6154656 0.46222383
vt 0.5935355 0.44453818
vt 0.5935355 0.46222383
vt 0.37438053 0.47159666
vt 0.37438053 0.47746933
vt 0.39979655 0.47746933
vt 0.39979655 0.47159666
vt 0.34954876 0.47159666
vt 0.34954876 0.4774692
vt 0.3258127 0.47159666
vt 0.3258127 0.47746933
vt 0.30349085 0.47159666
vt 0.30349085 0.47746933
vt 0.65896815 0.46902746
vt 0.65896815 0.47519946
vt 0.6797228 0.47519946
vt 0.6797228 0.46902746
vt 0.6373595 0.46902746
vt 0.6373595 0.47519946
vt 0.6154656 0.46902746
vt 0.6154656 0.47519946
vt 0.5935355 0.46902746
vt 0.5935355 0.47519946
vt 0.37438053 0.47746933
vt 0.37438053 0.48179996
vt 0.39979655 0.48179996
vt 0.39979655 0.47746933
vt 0.34954876 0.4774692
vt 0.34954876 0.48179996
vt 0.3258127 0.47746933
vt 0.3258127 0.48179996
vt 0.30349085 0.47746933
vt 0.30349085 0.48179996
vt 0.65896815 0.47519946
vt 0.65896815 0.4793703
vt 0.6797228 0.4793703
vt 0.6797228 0.47519946
vt 0.6373595 0.47519946
vt 0.6373595 0.4793703
vt 0.6154656 0.47519946
vt 0.6154656 0.4793703
vt 0.5935355 0.47519946
vt 0.5935355 0.4793703
vt 0.37438053 0.48588264
vt 0.37438053 0.4907285
vt 0.39979655 0.4907285
vt 0.39979655 0.48588264
vt 0.34954876 0.48588264
vt 0.34954876 0.4907285
vt 0.3258127 0.48588264
vt 0.3258127 0.4907285
vt 0.30349085 0.48588264
vt 0.30349085 0.49072832
vt 0.65896815 0.48331016
vt 0.65896815 0.4880054
vt 0.6797228 0.48800522
vt 0.6797228 0.48331016
vt 0.6373595 0.48331016
vt 0.6373595 0.4880054
vt 0.6154656 0.48331016
vt 0.6154656 0.4880054
vt 0.5935355 0.48331016
vt 0.5935355 0.4880054
vt 0.37438053 0.49589843
vt 0.37438053 0.50356287
vt 0.39979655 0.50356287
vt 0.39979655 0.49589843
vt 0.34954876 0.49589843
vt 0.34954876 0.50356287
vt 0.3258127 0.49589843
vt 0.3258127 0.50356287
vt 0.30349085 0.49589843
vt 0.30349085 0.50356287
vt 0.65896815 0.49303454
vt 0.65896815 0.5005291
vt 0.6797228 0.5005291
vt 0.6797228 0.49303436
vt 0.6373595 0.49303454
vt 0.6373595 0.5005291
vt 0.6154656 0.49303454
vt 0.6154656 0.5005291
vt 0.5935355 0.49303454
vt 0.5935355 0.5005291
vt 0.5935355 0.4880054
vt 0.6154656 0.4880054
vt 0.6373595 0.4880054
vt 0.65896815 0.4880054
vt 0.6797228 0.48800522
vt 0.30349085 0.49072832
vt 0.3258127 0.4907285
vt 0.34954876 0.4907285
vt 0.37438053 0.4907285
vt 0.39979655 0.4907285
vt 0.5935355 0.48331016
vt 0.6154656 0.48331016
vt 0.6373595 0.48331016
vt 0.65896815 0.48331016
vt 0.6797228 0.48331016
vt 0.30349085 0.48588264
vt 0.3258127 0.48588264
vt 0.34954876 0.48588264
vt 0.37438053 0.48588264
vt 0.39979655 0.48588264
vt 0.5935355 0.4642378
vt 0.6154656 0.4642378
vt 0.6373595 0.4642378
vt 0.65896815 0.4642378
vt 0.6797228 0.4642378
vt 0.30349085 0.4667967
vt 0.3258127 0.4667967
vt 0.34954876 0.4667967
vt 0.37438053 0.4667967
vt 0.39979655 0.4667967
vt 0.37438053 0.4667967
vt 0.39979655 0.4667967
vt 0.34954876 0.4667967
vt 0.3258127 0.4667967
vt 0.30349085 0.4667967
vt 0.65896815 0.4642378
vt 0.6797228 0.4642378
vt 0.6373595 0.4642378
vt 0.6154656 0.4642378
vt 0.5935355 0.4642378
vt 0.9885655 0.20017266
vt 0.9942113 0.20128518
vt 0.9940992 0.17515361
vt 0.9884924 0.17630625
vt 0.98398775 0.15121102
vt 0.97926325 0.15442371
vt 0.96550715 0.13301384
vt 0.9623779 0.13778788
vt 0.94149977 0.12329215
vt 0.94043785 0.12889683
vt 0.9156315 0.123496234
vt 0.91679376 0.12907779
vt 0.891839 0.13356423
vt 0.89504325 0.13827455
vt 0.87372893 0.1519165
vt 0.8784788 0.15504551
vt 0.86400664 0.17565566
vt 0.86956066 0.17674768
vt 0.6797228 0.509047
vt 0.65896815 0.509047
vt 0.65896815 0.5176309
vt 0.6797228 0.51763064
vt 0.5287193 0.509047
vt 0.5084573 0.509047
vt 0.5084573 0.51763064
vt 0.5287193 0.51763064
vt 0.6373595 0.509047
vt 0.6373595 0.5176309
vt 0.5499702 0.509047
vt 0.5499702 0.5176309
vt 0.6154656 0.509047
vt 0.6154656 0.5176309
vt 0.57167184 0.509047
vt 0.57167184 0.51763064
vt 0.5935355 0.509047
vt 0.5935355 0.5176309
vt 0.04555405 0.2622676
vt 0.063188896 0.25850314
vt 0.08130917 0.25722957
vt 0.25806478 0.26215225
vt 0.27601847 0.26354724
vt 0.2934862 0.26746374
vt 0.3098517 0.27399206
vt 0.3242076 0.28334367
vt 0.014322251 0.27849752
vt 0.029079542 0.2690525
vt 0.5287193 0.5005291
vt 0.5084573 0.5005288
vt 0.5499702 0.5005291
vt 0.57167184 0.5005291
vt 0.4253441 0.50356287
vt 0.39979655 0.5122873
vt 0.4253441 0.5122873
vt 0.4505928 0.50356287
vt 0.4505928 0.5122873
vt 0.4749921 0.50356287
vt 0.4749921 0.5122873
vt 0.49800366 0.50356287
vt 0.49800366 0.5122873
vt 0.37438053 0.5122873
vt 0.37438053 0.5211319
vt 0.39979655 0.5211319
vt 0.4253441 0.5211319
vt 0.34954876 0.5122873
vt 0.34954876 0.5211319
vt 0.4505928 0.5211319
vt 0.3258127 0.5122873
vt 0.3258127 0.5211319
vt 0.4749921 0.5211319
vt 0.30349085 0.5122873
vt 0.30349085 0.5211319
vt 0.49800366 0.5211319
vt 0.4253441 0.44659525
vt 0.4253441 0.46475023
vt 0.4505928 0.44659525
vt 0.4505928 0.46475023
vt 0.4749921 0.44659525
vt 0.4749921 0.46475023
vt 0.49800366 0.44659525
vt 0.49800366 0.46475023
vt 0.5287193 0.44453818
vt 0.5084573 0.44453818
vt 0.5084573 0.46222383
vt 0.5287193 0.46222383
vt 0.5499702 0.44453818
vt 0.5499702 0.46222383
vt 0.57167184 0.44453818
vt 0.57167184 0.46222383
vt 0.4253441 0.47159666
vt 0.4253441 0.47746933
vt 0.4505928 0.47159666
vt 0.4505928 0.4774692
vt 0.4749921 0.47159666
vt 0.4749921 0.47746933
vt 0.49800366 0.47159666
vt 0.49800366 0.47746933
vt 0.5287193 0.46902746
vt 0.5084573 0.46902746
vt 0.5084573 0.47519946
vt 0.5287193 0.47519946
vt 0.5499702 0.46902746
vt 0.5499702 0.47519946
vt 0.57167184 0.46902746
vt 0.57167184 0.47519946
vt 0.4253441 0.47746933
vt 0.4253441 0.48179996
vt 0.4505928 0.4774692
vt 0.4505928 0.48179996
vt 0.4749921 0.47746933
vt 0.4749921 0.48179996
vt 0.49800366 0.47746933
vt 0.49800366 0.48179996
vt 0.5287193 0.47519946
vt 0.5084573 0.47519946
vt 0.5084573 0.4793703
vt 0.5287193 0.4793703
vt 0.5499702 0.47519946
vt 0.5499702 0.4793703
vt 0.57167184 0.47519946
vt 0.57167184 0.4793703
vt 0.4253441 0.48588264
vt 0.4253441 0.4907285
vt 0.4505928 0.48588264
vt 0.4505928 0.4907285
vt 0.4749921 0.48588264
vt 0.4749921 0.4907285
vt 0.49800366 0.48588264
vt 0.49800366 0.49072832
vt 0.5287193 0.48331016
vt 0.5084573 0.48331016
vt 0.5084573 0.48800522
vt 0.5287193 0.4880054
vt 0.5499702 0.48331016
vt 0.5499702 0.4880054
vt 0.57167184 0.48331016
vt 0.57167184 0.4880054
vt 0.4253441 0.49589843
vt 0.4505928 0.49589843
vt 0.4749921 0.49589843
vt 0.49800366 0.49589843
vt 0.5287193 0.49303454
vt 0.5084573 0.49303436
vt 0.5499702 0.49303454
vt 0.57167184 0.49303454
vt 0.57167184 0.4880054
vt 0.5499702 0.4880054
vt 0.5287193 0.4880054
vt 0.5084573 0.48800522
vt 0.49800366 0.49072832
vt 0.4749921 0.4907285
vt 0.4505928 0.4907285
vt 0.4253441 0.4907285
vt 0.57167184 0.48331016
vt 0.5499702 0.48331016
vt 0.5287193 0.48331016
vt 0.5084573 0.48331016
vt 0.4749921 0.48588264
vt 0.49800366 0.48588264
vt 0.4505928 0.48588264
vt 0.4253441 0.48588264
vt 0.57167184 0.4642378
vt 0.5499702 0.4642378
vt 0.5287193 0.4642378
vt 0.5084573 0.4642378
vt 0.49800366 0.4667967
vt 0.4749921 0.4667967
vt 0.4505928 0.4667967
vt 0.4253441 0.4667967
vt 0.4253441 0.4667967
vt 0.4505928 0.4667967
vt 0.4749921 0.4667967
vt 0.49800366 0.4667967
vt 0.5084573 0.4642378
vt 0.5287193 0.4642378
vt 0.5499702 0.4642378
vt 0.57167184 0.4642378
vt 0.9794527 0.22223103
vt 0.98420376 0.22542489
vt 0.9626185 0.23898321
vt 0.9657725 0.24374902
vt 0.940688 0.24797845
vt 0.94177383 0.2535845
vt 0.9170152 0.24789095
vt 0.9158733 0.2534824
vt 0.8952034 0.23876238
vt 0.8920121 0.24348938
vt 0.8785608 0.2220084
vt 0.8738102 0.2251553
vt 0.8695884 0.20021069
vt 0.8640065 0.20130825
vt 0.1172887 0.26258415
vt 0.1341405 0.2694661
vt 0.099469066 0.25852394
vt 0.24013191 0.26314068
vt 0.22276796 0.26702935
vt 0.20642114 0.27312088
vt 0.19203441 0.2821769
vt 0.14892401 0.27933067
vt 0.8223717 0.64415157
vt 0.8024024 0.64415157
vt 0.8025414 0.6475705
vt 0.82253355 0.6475705
vt 0.7844033 0.64415157
vt 0.7844702 0.6475705
vt 0.801641 0.49579722
vt 0.81990945 0.49579722
vt 0.81999373 0.49251163
vt 0.8017554 0.49251163
vt 0.84309554 0.49579722
vt 0.84284604 0.49251163
vt 0.8478436 0.64415157
vt 0.847727 0.6475705
vt 0.7176308 0.49579722
vt 0.7365909 0.49579722
vt 0.73645836 0.49251163
vt 0.7174321 0.49251163
vt 0.7325141 0.64415157
vt 0.71296155 0.64415157
vt 0.7127728 0.6475705
vt 0.73232234 0.6475705
vt 0.753445 0.49579722
vt 0.75339013 0.49251163
vt 0.7852937 0.49579722
vt 0.7853849 0.49251163
vt 0.7694703 0.49579722
vt 0.76949877 0.49251163
vt 0.7502667 0.64415157
vt 0.75014997 0.6475705
vt 0.76730037 0.64415157
vt 0.7672765 0.6475705
vt 0.6880371 0.64415157
vt 0.688113 0.6475705
vt 0.6936339 0.49579722
vt 0.693723 0.49251163
vt 0.7672765 0.6475705
vt 0.75014997 0.6475705
vt 0.74939495 0.6872986
vt 0.7670066 0.68518674
vt 0.76949877 0.49251163
vt 0.7853849 0.49251163
vt 0.78575313 0.45825964
vt 0.7697319 0.45597762
vt 0.7127728 0.6475705
vt 0.688113 0.6475705
vt 0.6990612 0.68600214
vt 0.7149986 0.6822494
vt 0.693723 0.49251163
vt 0.7174321 0.49251163
vt 0.7199575 0.45550746
vt 0.70350385 0.4539187
vt 0.82253355 0.6475705
vt 0.8025414 0.6475705
vt 0.8025212 0.68506944
vt 0.8196651 0.68364525
vt 0.7844702 0.6475705
vt 0.78469765 0.6878399
vt 0.8017554 0.49251163
vt 0.81999373 0.49251163
vt 0.8161694 0.45784128
vt 0.8011343 0.46030277
vt 0.84284604 0.49251163
vt 0.831634 0.45522964
vt 0.847727 0.6475705
vt 0.8358685 0.6878399
vt 0.73645836 0.49251163
vt 0.7361025 0.45720708
vt 0.73232234 0.6475705
vt 0.7318034 0.6840737
vt 0.75339013 0.49251163
vt 0.75290084 0.45391858
vt 0.793865 0.58749866
vt 0.7804177 0.58814216
vt 0.7843462 0.64176106
vt 0.8022826 0.64176106
vt 0.8073119 0.5851529
vt 0.8222078 0.64176106
vt 0.72056353 0.55742997
vt 0.7329224 0.5535642
vt 0.71779466 0.49810445
vt 0.693952 0.49810445
vt 0.72811395 0.58556896
vt 0.71633995 0.5814482
vt 0.68836987 0.64176106
vt 0.71316683 0.64176106
vt 0.7701325 0.5492123
vt 0.78239954 0.55043447
vt 0.7852238 0.49810445
vt 0.76945245 0.49810445
vt 0.767209 0.58943146
vt 0.75417024 0.5883931
vt 0.7503575 0.64176106
vt 0.76731694 0.64176106
vt 0.7410872 0.58774567
vt 0.7326687 0.64176106
vt 0.7577132 0.5487887
vt 0.7534929 0.49810445
vt 0.79469144 0.551268
vt 0.8015394 0.49810445
vt 0.7451914 0.5498065
vt 0.7367078 0.49810445
vt 0.81940883 0.5809967
vt 0.8475282 0.64176106
vt 0.806908 0.5541347
vt 0.8192183 0.5572542
vt 0.8429049 0.49810445
vt 0.81980646 0.49810445
vt 0.693952 0.49810445
vt 0.71779466 0.49810445
vt 0.7176308 0.49579722
vt 0.6936339 0.49579722
vt 0.71316683 0.64176106
vt 0.68836987 0.64176106
vt 0.6880371 0.64415157
vt 0.71296155 0.64415157
vt 0.76945245 0.49810445
vt 0.7852238 0.49810445
vt 0.7852937 0.49579722
vt 0.7694703 0.49579722
vt 0.76731694 0.64176106
vt 0.7503575 0.64176106
vt 0.7502667 0.64415157
vt 0.76730037 0.64415157
vt 0.7843462 0.64176106
vt 0.7844033 0.64415157
vt 0.7326687 0.64176106
vt 0.7325141 0.64415157
vt 0.7534929 0.49810445
vt 0.753445 0.49579722
vt 0.8015394 0.49810445
vt 0.801641 0.49579722
vt 0.7367078 0.49810445
vt 0.7365909 0.49579722
vt 0.8475282 0.64176106
vt 0.8222078 0.64176106
vt 0.8223717 0.64415157
vt 0.8478436 0.64415157
vt 0.81980646 0.49810445
vt 0.8429049 0.49810445
vt 0.84309554 0.49579722
vt 0.81990945 0.49579722
vt 0.8022826 0.64176106
vt 0.8024024 0.64415157
vt 0.23629478 0.3427077
vt 0.24672025 0.34201932
vt 0.2456549 0.32035136
vt 0.23416471 0.32148045
vt 0.26767844 0.3421616
vt 0.27798784 0.34302056
vt 0.28048962 0.32204646
vt 0.2690377 0.32062095
vt 0.25721854 0.34182262
vt 0.25735304 0.3200422
vt 0.09093287 0.3368857
vt 0.10099942 0.33775336
vt 0.10367281 0.31726223
vt 0.09237469 0.31577104
vt 0.07041286 0.3367644
vt 0.08069035 0.33654886
vt 0.08079643 0.31519836
vt 0.06921887 0.31553602
vt 0.11082177 0.33909017
vt 0.120210186 0.340689
vt 0.12434235 0.3222832
vt 0.11435488 0.3194629
vt 0.2160811 0.34511596
vt 0.22605214 0.34378594
vt 0.22312367 0.32330388
vt 0.2126843 0.32561713
vt 0.050279304 0.338607
vt 0.060235746 0.337488
vt 0.057928406 0.31676215
vt 0.04718303 0.31872135
vt 0.28803295 0.34432346
vt 0.2914757 0.3242119
vt 0.29770622 0.34592563
vt 0.30187583 0.3269363
vt 0.04063341 0.3399577
vt 0.037229866 0.32117677
vt 0.09947161 0.37212527
vt 0.108739555 0.37212527
vt 0.22787672 0.3685395
vt 0.23769422 0.3685395
vt 0.042561367 0.37212527
vt 0.052133404 0.37212527
vt 0.28597677 0.3685395
vt 0.29541725 0.3685395
vt 0.27646726 0.3685395
vt 0.061675027 0.37212527
vt 0.071201175 0.37212527
vt 0.218009 0.3685395
vt 0.11792144 0.37212527
vt 0.25720817 0.3685395
vt 0.26687604 0.3685395
vt 0.080692336 0.37212527
vt 0.090123 0.37212527
vt 0.24747622 0.3685395
vt 0.28412744 0.3019659
vt 0.27103734 0.2998116
vt 0.25757274 0.29909164
vt 0.24411784 0.2995301
vt 0.23104768 0.3013826
vt 0.21877843 0.30445343
vt 0.20776033 0.30846053
vt 0.1305768 0.3060094
vt 0.11971977 0.3012039
vt 0.107527256 0.2974677
vt 0.09446238 0.29506934
vt 0.08096853 0.29408592
vt 0.06749272 0.294865
vt 0.05448463 0.29702634
vt 0.04235962 0.30046844
vt 0.031562045 0.30489814
vt 0.30746323 0.30981928
vt 0.29642034 0.30538684
vt 0.30344585 0.28732747
vt 0.28908908 0.2821101
vt 0.31608385 0.29444236
vt 0.035275713 0.2825175
vt 0.022534475 0.28971225
vt 0.04965715 0.27721775
vt 0.065113634 0.27405226
vt 0.08107286 0.273013
vt 0.09706968 0.27414417
vt 0.112687364 0.27749795
vt 0.1273107 0.2830701
vt 0.14028639 0.2907865
vt 0.21225618 0.28650248
vt 0.19982246 0.2930997
vt 0.22652636 0.28162986
vt 0.24185814 0.27865022
vt 0.25775033 0.27775997
vt 0.27367473 0.27891088
vt 0.1341405 0.2694661
vt 0.1172887 0.26258415
vt 0.099469066 0.25852394
vt 0.08130917 0.25722957
vt 0.063188896 0.25850314
vt 0.04555405 0.2622676
vt 0.029079542 0.2690525
vt 0.014322251 0.27849752
vt 0.3098517 0.27399206
vt 0.2934862 0.26746374
vt 0.27601847 0.26354724
vt 0.25806478 0.26215225
vt 0.20642114 0.27312088
vt 0.19203441 0.2821769
vt 0.22276796 0.26702935
vt 0.14892401 0.27933067
vt 0.3242076 0.28334367
vt 0.24013191 0.26314068
vn 0.07590124 0.9212152 -0.38157782
vn 0.12886149 0.9916626 -2.04875E-9
vn 0.13542143 0.89748967 -0.41973013
vn 0.28573725 0.89748985 -0.33595556
vn 0.39255324 0.8974893 -0.20103452
vn 0.4396032 0.89748985 -0.035511125
vn 0.41973048 0.8974893 0.13542224
vn 0.33595634 0.89748985 0.28573647
vn 0.20103548 0.8974897 0.3925517
vn 0.092846595 0.8794897 0.4667734
vn -0.07589984 0.9212151 0.38157812
vn -0.12886125 0.9916626 4.097492E-9
vn -0.1354228 0.8974894 0.4197303
vn -0.28573725 0.89748925 0.3359572
vn -0.39255017 0.89749 0.201037
vn -0.43960497 0.897489 0.03550779
vn -0.41973108 0.89748865 -0.13542484
vn -0.33595774 0.8974894 -0.28573614
vn -0.20103607 0.8974894 -0.39255223
vn -0.09284679 0.87949026 -0.46677226
vn 0.0 -1.0 0.0
vn 0.0 -1.0 0.0
vn 0.0 -1.0 0.0
vn 0.0 -1.0 0.0
vn 0.0 -1.0 0.0
vn 0.0 -1.0 0.0
vn 0.0 -1.0 0.0
vn 0.0 -1.0 0.0
vn 0.0 -1.0 0.0
vn 0.0 -1.0 0.0
vn 0.0 -1.0 0.0
vn 0.0 -1.0 0.0
vn 0.0 -1.0 0.0
vn 0.0 -1.0 0.0
vn 0.0 -1.0 0.0
vn 0.0 -1.0 0.0
vn 0.0 -1.0 0.0
vn -0.41247725 -0.37210944 -0.8315029
vn -0.6992798 -0.37211335 -0.61036
vn -0.61254615 -0.3721727 -0.697334
vn -0.29905853 -0.37217802 -0.8786623
vn -0.18150207 -0.36665392 -0.9124811
vn -0.18150184 -0.36665258 -0.9124818
vn 0.29629785 -0.37211075 -0.87962556
vn 0.1815082 -0.36665204 -0.91248065
vn 0.1815076 -0.3666539 -0.9124801
vn 0.4098402 -0.3721762 -0.83277607
vn -0.6103635 -0.3721053 0.69928104
vn -0.29629308 -0.37211046 0.87962735
vn -0.40984032 -0.37217593 0.83277607
vn -0.69733185 -0.37218016 0.61254406
vn 0.4124777 -0.37210846 0.8315031
vn 0.69928443 -0.3720982 0.6103641
vn 0.61254394 -0.37217253 0.69733596
vn 0.29906306 -0.37217736 0.8786611
vn -0.8314948 -0.37212676 0.41247788
vn -0.8786505 -0.37220332 0.2990617
vn -0.8796164 -0.3721361 -0.29629347
vn -0.83276826 -0.372194 -0.40983978
vn -0.92604715 -0.3721334 0.06287704
vn -0.926214 -0.3722003 -0.059955012
vn 0.8796359 -0.3720846 0.2963001
vn 0.83278215 -0.37216064 0.40984184
vn 0.9260691 -0.37207857 -0.06287848
vn 0.8315086 -0.37209377 -0.41247994
vn 0.8786715 -0.3721518 -0.2990641
vn 0.92623585 -0.37214553 0.059956532
vn 0.1815073 -0.36665353 0.91248035
vn 0.18150705 -0.3666522 0.9124809
vn -0.18150142 -0.36665258 0.91248184
vn -0.18150112 -0.3666535 0.9124815
vn 0.6103583 -0.37210602 -0.69928527
vn 0.69733626 -0.37216556 -0.6125479
vn 0.17649464 0.4260935 -0.8872959
vn 0.13337074 0.72982246 -0.67050093
vn 0.2522885 0.6882095 -0.680234
vn 0.34145167 0.372657 -0.86286587
vn 0.16317326 -0.5481233 -0.8203263
vn 0.18536016 -0.31187913 -0.93186533
vn 0.36869544 -0.37265906 -0.85158014
vn 0.3777619 -0.55438554 -0.7415879
vn 0.19472109 0.06152748 -0.978927
vn 0.38268358 4.7590223E-7 -0.92387944
vn 0.6665166 -0.372658 -0.6456637
vn 0.6328004 -0.5543864 -0.5405732
vn 0.64566374 0.37265825 -0.66651636
vn 0.70710784 -9.993961E-7 -0.7071058
vn 0.4934008 0.6882083 -0.531907
vn 0.9238812 -1.3087335E-6 -0.38267943
vn 0.86286676 -0.3726569 -0.34144932
vn 0.6593928 0.6882094 -0.30260372
vn 0.85158175 0.3726565 -0.36869457
vn 0.7914999 -0.5543864 -0.25726178
vn 1.0 1.9468734E-8 1.9252414E-7
vn 0.9278528 -0.37265512 0.014743127
vn 0.72500163 0.6882087 -0.027228536
vn 0.92785335 0.37265384 -0.014743282
vn 0.8297019 -0.55438465 0.06521172
vn 0.85158116 -0.37265784 0.3686943
vn 0.74158645 -0.5543872 0.37776235
vn 0.8628673 0.37265575 0.34144935
vn 0.923881 1.2524908E-6 0.38267994
vn 0.6802351 0.6882087 0.25228727
vn 0.66651684 0.37265667 0.6456643
vn 0.70710725 9.215214E-7 0.70710635
vn 0.531908 0.6882093 0.49339828
vn 0.6456634 -0.37265944 0.66651607
vn 0.54057544 -0.55438507 0.6327996
vn 0.38268274 -3.9586416E-7 0.9238798
vn 0.34145102 -0.37265822 0.86286557
vn 0.30260256 0.688209 0.6593938
vn 0.36869526 0.37265772 0.8515809
vn 0.257263 -0.5543861 0.79149973
vn 0.1495395 0.642222 0.7517904
vn 0.18535945 0.31187788 0.93186593
vn 0.17649359 -0.4260945 0.8872956
vn 0.1631712 -0.54812396 0.8203263
vn 0.19472022 -0.061527587 0.97892714
vn -0.08500241 -0.9000881 -0.42733613
vn -0.085001394 -0.90008837 -0.42733562
vn -0.12925616 -0.90230954 -0.41125455
vn -0.18365115 -0.90228206 -0.3900762
vn -0.16317289 -0.5481244 0.82032573
vn -0.18535906 -0.31187898 0.93186563
vn -0.36869568 -0.37265846 0.85158044
vn -0.37776092 -0.5543888 0.7415859
vn -0.19472048 0.061527193 0.97892714
vn -0.17649378 0.42609367 0.88729596
vn -0.34145024 0.37265825 0.86286587
vn -0.38268417 -1.1183712E-6 0.9238792
vn -0.1333713 0.72982234 0.67050093
vn -0.25228855 0.68820924 0.6802342
vn -0.278617 -0.9009495 -0.33265984
vn -0.32087052 -0.90103513 -0.29185244
vn -0.49339592 0.6882107 0.5319083
vn 0.2841229 -0.90647566 -0.31237158
vn 0.3238711 -0.9063815 -0.27125657
vn 0.19653551 -0.90524596 -0.37670088
vn 0.14385958 -0.90522754 -0.39983422
vn -0.70710593 1.3995837E-6 0.7071077
vn -0.66651493 -0.3726587 0.645665
vn -0.645666 0.37265527 0.66651595
vn 0.08436812 -0.9016558 -0.42414492
vn 0.0843675 -0.90165544 -0.42414558
vn -0.63279873 -0.55438715 0.54057443
vn -0.8628646 -0.37265974 0.34145188
vn -0.7914979 -0.55438864 0.25726348
vn -0.85157925 0.37265906 0.36869764
vn -0.9238782 7.506269E-7 0.38268656
vn -0.65939516 0.6882087 0.30260015
vn 0.38037708 -0.90732694 -0.17908417
vn 0.40160778 -0.9070714 -0.1262249
vn 0.41921484 -0.9076699 -0.019853693
vn 0.41901007 -0.90722555 0.03704464
vn -0.29147938 -0.9013015 0.32046103
vn -0.33345813 -0.9004466 0.27928787
vn -0.20002584 -0.9016641 0.38339478
vn -0.14572212 -0.90262294 0.40501457
vn -1.0 -2.186988E-6 -4.9255905E-6
vn -0.9278507 -0.37266 -0.014747772
vn -0.7250007 0.68820983 0.027227521
vn -0.9278497 0.3726628 0.014743187
vn 0.31198278 -0.90672106 0.2837668
vn 0.27189547 -0.90591747 0.3246326
vn 0.3737085 -0.906823 0.1949718
vn 0.3953319 -0.90745836 0.14223921
vn -0.8296939 -0.5543955 -0.065220825
vn -0.9238772 1.4990895E-6 -0.38268897
vn -0.8515766 -0.37266198 -0.36870074
vn -0.68023276 0.6882106 -0.25228882
vn -0.8628641 0.37265638 -0.34145677
vn 0.18070428 -0.9055545 0.38381895
vn 0.12779078 -0.9046279 0.40659294
vn -0.7415855 -0.55438864 -0.37776202
vn -0.39367577 -0.90037024 0.18534522
vn -0.41645578 -0.89968467 0.13088973
vn 0.08436857 -0.9016536 0.4241495
vn 0.08437025 -0.9016531 0.42415023
vn -0.6456655 -0.3726575 -0.66651505
vn -0.5405778 -0.5543848 -0.6327978
vn -0.6665169 0.3726563 -0.64566433
vn -0.70710653 -7.787499E-7 -0.70710695
vn -0.5319086 0.6882086 -0.49339867
vn -0.43542945 -0.8999866 0.020618405
vn -0.43520105 -0.8995108 -0.0384761
vn -0.36869684 0.37265748 -0.8515803
vn -0.38268414 1.4060792E-7 -0.9238792
vn -0.3026034 0.68820953 -0.65939283
vn -0.4097203 -0.9002212 -0.1474146
vn -0.38653064 -0.89995927 -0.20166147
vn -0.3414523 -0.3726581 -0.86286515
vn -0.08500315 -0.9000856 0.42734104
vn -0.08500376 -0.90008587 0.42734045
vn -0.25726244 -0.5543884 -0.7914983
vn -0.19472149 -0.06152731 -0.9789269
vn -0.17649402 -0.42609465 -0.8872954
vn -0.1495407 0.64222205 -0.7517901
vn -0.18535988 0.31187764 -0.9318659
vn -0.16317399 -0.5481237 -0.820326
vn 0.1316381 0.7380396 0.6617922
vn 0.29556254 0.74380744 0.5994942
vn 0.11878388 0.95200914 0.2820798
vn 0.052504234 0.9631042 0.26395753
vn -0.21491168 0.7438095 0.6328984
vn -0.13163859 0.73804 0.6617917
vn -0.072686344 0.9280009 0.36541894
vn -0.11546827 0.9520084 0.28345555
vn -0.44075674 0.74380285 0.50248456
vn -0.21515284 0.95200837 0.21769075
vn -0.5995056 0.7437962 0.29556745
vn -0.2820832 0.95200795 0.118785344
vn -0.6669724 0.7438027 0.04364812
vn -0.30607 0.95200735 0.0017949105
vn 0.5024867 0.7438013 0.44075704
vn 0.63290715 0.74380136 0.21491417
vn 0.2834566 0.952008 0.11546834
vn 0.21769042 0.9520087 0.21515174
vn 0.66697145 0.74380374 -0.043647718
vn 0.30606645 0.9520084 -0.0017945287
vn -0.65854645 0.03167202 0.7518733
vn -0.32068816 0.03167147 0.94665515
vn -0.44286567 0.03167096 0.8960285
vn -0.7520505 0.031673454 0.65834403
vn -0.896147 0.031675704 0.44262528
vn -0.9467406 0.03167924 0.32043517
vn 0.7518732 0.031674467 0.6585464
vn 0.9466543 0.031679906 0.32068998
vn 0.8960282 0.031675406 0.44286576
vn 0.65834564 0.031667333 0.75204927
vn 0.44262618 0.031665657 0.896147
vn 0.32043418 0.031664826 0.94674134
vn 0.320688 0.03166489 -0.94665545
vn 0.19499594 0.031130554 -0.9803099
vn 0.1949955 0.031128682 -0.9803101
vn 0.44286612 0.03166509 -0.89602834
vn -0.44262466 0.0316729 -0.89614743
vn -0.7518733 0.031674862 -0.6585462
vn -0.6583444 0.031672653 -0.7520502
vn -0.32043388 0.03167138 -0.9467413
vn -0.9466543 0.031679988 -0.32068983
vn -0.99731696 0.03168274 0.06599243
vn -0.9972992 0.03168224 -0.06626113
vn -0.8960283 0.03167565 -0.44286552
vn 0.99731696 0.031682786 -0.065992475
vn 0.8961469 0.03167603 -0.44262546
vn 0.94674057 0.03167942 -0.32043535
vn 0.9972992 0.03168221 0.06626116
vn 0.44075716 0.74380386 -0.5024828
vn 0.21491212 0.74380773 -0.63290024
vn 0.11546775 0.95200896 -0.28345382
vn 0.21515162 0.952009 -0.2176892
vn 0.13163829 0.7380401 -0.6617916
vn 0.07268615 0.9280008 -0.36541933
vn -0.13163926 0.73803836 -0.6617933
vn -0.29556337 0.743805 -0.5994969
vn -0.11878448 0.95200866 -0.28208113
vn -0.052504513 0.9631041 -0.26395786
vn -0.5024888 0.7437984 -0.44075972
vn -0.21769081 0.9520084 -0.21515262
vn -0.6329093 0.7437992 -0.21491529
vn -0.28345898 0.9520072 -0.115469836
vn 0.59950274 0.7437991 -0.29556623
vn 0.28208253 0.9520081 -0.11878518
vn -0.19499555 0.031132033 0.9803099
vn -0.1949955 0.03113177 0.98031
vn 0.1949953 0.031129433 0.9803101
vn 0.19499464 0.031132076 0.9803101
vn 0.6585475 0.031667884 -0.7518725
vn 0.7520513 0.031673934 -0.6583431
vn -0.19499585 0.03113178 -0.98030984
vn -0.19499618 0.031130549 -0.9803099
vn -0.9471733 0.0 0.32072207
vn -0.90210766 0.023303106 0.43088126
vn -0.9999241 0.012315974 -2.6769147E-9
vn -1.0 0.0 0.0
vn -0.752339 0.0 0.6587761
vn -0.66854763 0.02330287 0.7433041
vn -0.44296774 0.0 0.8965376
vn -0.33320737 0.023304313 0.94256556
vn -0.19509064 0.0 0.98078513
vn -0.19492239 0.041519493 0.97993946
vn 0.3207225 0.0 0.9471732
vn 0.4308816 0.023304975 0.9021074
vn 0.19507642 0.012080265 0.98071367
vn 0.19509065 0.0 0.98078525
vn 0.6587764 0.0 0.7523388
vn 0.743304 0.023303593 0.6685478
vn 0.8965375 0.0 0.442968
vn 0.94256556 0.02330287 0.33320737
vn 1.0 0.0 0.0
vn 0.9991037 0.04232833 -7.2525594E-9
vn -0.42195722 0.8894996 0.1753352
vn -0.38701805 0.9016048 0.19319881
vn -0.43169174 0.90202117 -2.5247606E-9
vn -0.46611732 0.8847229 -9.2133723E-10
vn -0.3227377 0.8895007 0.3234641
vn -0.2836221 0.90160596 0.32659653
vn -0.17438734 0.8895001 0.4223491
vn -0.13705142 0.9016042 0.41027653
vn -0.088753626 0.8905237 0.44619536
vn -0.08555404 0.8987135 0.4301099
vn 0.1753356 0.88949925 0.42195776
vn 0.19319993 0.90160316 0.38702106
vn 0.08555442 0.89871305 0.4301107
vn 0.092320934 0.88094413 0.46412742
vn 0.32346502 0.88949937 0.3227401
vn 0.32659873 0.9016042 0.2836249
vn 0.42235023 0.8894993 0.17438808
vn 0.4102763 0.90160435 0.13705099
vn 0.44796294 0.89405215 -1.7910079E-9
vn 0.43168887 0.90202254 0.0
vn -0.40482783 -0.9042482 0.13582955
vn -0.52193093 -0.8276715 0.20627159
vn -0.5162072 -0.85646373 0.0
vn -0.42617312 -0.9046416 0.0
vn -0.3220279 -0.90425074 0.2804078
vn -0.40326446 -0.8276708 0.3903061
vn -0.19020955 -0.9042492 0.3823005
vn -0.22320607 -0.8276688 0.5149209
vn -0.08446916 -0.9014067 0.42465377
vn -0.119328484 -0.7911238 0.5999031
vn 0.13583076 -0.9042465 0.4048312
vn 0.20627284 -0.8276697 0.5219333
vn 0.10214333 -0.85198385 0.5135078
vn 0.08446869 -0.9014068 0.4246538
vn 0.28041148 -0.9042476 0.32203373
vn 0.3903068 -0.82766914 0.40326712
vn 0.38230306 -0.90424794 0.19021061
vn 0.5149232 -0.8276672 0.22320679
vn 0.42617598 -0.9046403 0.0
vn 0.60422325 -0.79681504 2.6174198E-9
vn -0.938068 -0.13938116 0.31717712
vn -0.88797694 -0.13939744 0.43825257
vn -0.990196 -0.13968483 -3.1550595E-9
vn -0.9901957 -0.13968664 0.0
vn -0.74528044 -0.13939743 0.6520164
vn -0.6526701 -0.13941164 0.74470544
vn -0.43903413 -0.1393994 0.88759047
vn -0.3180026 -0.13940425 0.937785
vn -0.19324912 -0.1370651 0.9715287
vn -0.19324903 -0.13706462 0.9715287
vn 0.31717783 -0.13939068 0.9380663
vn 0.43825272 -0.13940172 0.8879762
vn 0.19324927 -0.13706292 0.97152895
vn 0.19324891 -0.13706465 0.9715288
vn 0.6520155 -0.13939941 0.7452808
vn 0.7447049 -0.13941152 0.65267074
vn 0.88758993 -0.13940306 0.4390341
vn 0.9377842 -0.13941024 0.3180026
vn 0.9901928 -0.13970749 3.1550524E-9
vn 0.9901926 -0.1397092 0.0
vn -0.69852984 0.6528758 0.29293212
vn -0.5343154 0.8031098 0.2636694
vn -0.5966899 0.8023272 0.0152418325
vn -0.81067264 0.58549964 1.7004221E-9
vn -0.5332566 0.6528761 0.53795004
vn -0.3927409 0.80310965 0.4480731
vn -0.2868003 0.65287584 0.70106965
vn -0.19137523 0.8031099 0.5642605
vn -0.13874167 0.7030219 0.69750345
vn -0.11744493 0.7984939 0.5904356
vn 0.2929329 0.6528746 0.69853073
vn 0.2636701 0.8031096 0.5343156
vn 0.11757676 0.79798335 0.5910992
vn 0.1591964 0.5780329 0.800334
vn 0.5379503 0.6528765 0.5332559
vn 0.4480734 0.8031092 0.3927412
vn 0.70106965 0.65287554 0.286801
vn 0.5642603 0.8031101 0.19137518
vn 0.7043151 0.7098874 0.0
vn 0.59234554 0.8053906 -0.021745788
vn 0.9176884 0.39730063 0.0
vn 0.823583 0.39659658 0.40549
vn 0.6057179 0.39659476 0.6897959
vn 0.2956371 0.39659074 0.8690883
vn 0.1795732 0.3908375 0.90277326
vn -0.17957252 0.39083603 0.902774
vn -0.40549076 0.39659172 0.82358503
vn -0.68979526 0.39659715 0.6057172
vn -0.86908823 0.3965918 0.29563588
vn -0.9176953 0.3972851 0.0
vn 0.68822664 -0.72549576 0.0
vn 0.6521594 -0.724782 0.22221437
vn 0.5174801 -0.72478086 0.45487043
vn 0.3040131 -0.72479 0.61826825
vn 0.13563082 -0.7187975 0.6818609
vn -0.13563119 -0.71879584 0.6818627
vn -0.22221248 -0.7247887 0.6521525
vn -0.45486802 -0.7247829 0.5174793
vn -0.6182696 -0.7247882 0.3040143
vn -0.6882222 -0.7255 0.0
vn 0.48700756 0.87339777 0.0
vn 0.43789512 0.87298095 0.21483025
vn 0.32234904 0.87298167 0.36605212
vn 0.1577302 0.8729818 0.46154517
vn 0.096420385 0.8693287 0.48473778
vn -0.09642037 0.86932844 0.4847382
vn -0.21482998 0.87298095 0.43789548
vn -0.36605266 0.8729809 0.32235047
vn -0.46154705 0.8729808 0.15773064
vn -0.48700806 0.8733974 0.0
vn -0.87345594 0.22484629 0.4318783
vn -0.9742846 0.22532101 3.5096932E-9
vn -0.64169383 0.224853 0.73326
vn -0.31224042 0.22486556 0.9230068
vn -0.19025676 0.22122207 0.95648485
vn 0.43187723 0.22485907 0.87345314
vn 0.19025692 0.22122064 0.95648515
vn 0.7332605 0.22484596 0.6416956
vn 0.9230104 0.22484827 0.31224182
vn 0.97428435 0.2253221 0.0
vn 0.6611007 -0.75029725 0.0
vn 0.6611032 -0.75029504 0.0
vn 0.62665445 -0.7496052 0.2130642
vn 0.593091 -0.74955004 0.2939694
vn 0.497419 -0.7496033 0.436657
vn 0.43544987 -0.74954706 0.49856055
vn 0.29245383 -0.74960315 0.59377253
vn 0.21151076 -0.74955034 0.62724596
vn 0.04296465 -0.7496069 0.6604874
vn -0.044626057 -0.7495535 0.6604379
vn -0.21306258 -0.74960953 0.6266498
vn -0.29396757 -0.74955297 0.593088
vn -0.4366554 -0.7496051 0.4974176
vn -0.49855927 -0.7495487 0.43544856
vn -0.5937713 -0.74960464 0.2924525
vn -0.62724584 -0.7495505 0.21151048
vn -0.6611007 -0.7502972 -2.7571678E-9
vn -0.6611032 -0.750295 0.0
vn 0.14106286 0.690781 0.70917046
vn 0.2611586 0.73134196 0.6300279
vn 0.24673182 0.6249041 0.74068767
vn 0.15330373 0.61847013 0.7707093
vn 0.26083007 0.73134154 -0.6301645
vn 0.12811863 0.7541392 -0.644096
vn 0.15330358 0.61847067 -0.7707088
vn 0.34927917 0.6249049 -0.69821066
vn 0.4823818 0.73134077 0.482129
vn 0.51139873 0.62490475 0.58988595
vn 0.48212886 0.7313414 -0.48238117
vn 0.5898861 0.62490433 -0.511399
vn 0.6301651 0.7313408 0.26083028
vn 0.6982115 0.6249034 0.34927982
vn 0.6300278 0.7313424 -0.2611576
vn 0.7406901 0.6249007 -0.24673326
vn 0.682013 0.7313401 -1.7900445E-4
vn 0.7787304 0.62489897 0.05549862
vn 0.16031447 0.97725004 -0.13885851
vn 0.20125115 0.97724974 -0.06693916
vn 0.2115476 0.9772499 0.015171736
vn -0.21155025 0.9772493 -0.015172063
vn -0.18963914 0.97724974 -0.09497298
vn -0.13885818 0.97725004 -0.16031438
vn -0.066938914 0.97724986 -0.20125042
vn -0.042046897 0.9764981 -0.21138433
vn 0.042046797 0.97649825 -0.21138413
vn 0.09497211 0.9772502 -0.18963718
vn 0.23074968 0.80372083 -0.5484408
vn 0.118262984 0.79531467 -0.59454894
vn 0.42306462 0.8037202 -0.41839007
vn 0.5509711 0.8037207 -0.2246417
vn -0.5484405 0.8037212 -0.2307492
vn -0.6820129 0.73134005 1.7898045E-4
vn -0.63016516 0.7313408 -0.2608303
vn -0.4183891 0.80372113 -0.4230636
vn -0.48238218 0.7313403 -0.48212945
vn -0.22464179 0.8037208 -0.550971
vn -0.2611591 0.731341 -0.63002884
vn -0.11676774 0.8011002 -0.5870296
vn -0.14106277 0.6907812 -0.7091704
vn -0.6300279 0.7313422 0.2611577
vn -0.7406902 0.6249006 0.24673338
vn -0.7787305 0.624899 -0.0554988
vn -0.69821185 0.62490314 -0.3492797
vn -0.48212907 0.73134124 0.48238102
vn -0.58988655 0.6249041 0.51139885
vn -0.5113989 0.6249047 -0.58988595
vn -0.26083004 0.7313408 0.6301653
vn -0.34927917 0.6249042 0.69821113
vn -0.24673161 0.62490433 -0.74068767
vn -0.12811872 0.7541388 0.6440965
vn -0.15330346 0.6184701 0.7707093
vn -0.15330335 0.6184706 -0.77070886
vn -0.94717336 0.0 -0.32072207
vn -0.9021077 0.02330313 -0.43088126
vn -0.752339 0.0 -0.6587761
vn -0.66854763 0.023303041 -0.7433041
vn -0.44296774 0.0 -0.8965376
vn -0.33320737 0.023304407 -0.94256556
vn -0.19509064 0.0 -0.98078513
vn -0.19492239 0.041519493 -0.97993946
vn 0.32072252 0.0 -0.9471732
vn 0.19509065 0.0 -0.98078525
vn 0.19507642 0.012080265 -0.98071367
vn 0.43088165 0.023304975 -0.9021074
vn 0.6587764 0.0 -0.7523387
vn 0.743304 0.023303512 -0.6685478
vn 0.8965375 0.0 -0.442968
vn 0.94256556 0.023302814 -0.33320734
vn -0.42195722 0.8894997 -0.17533523
vn -0.3870181 0.9016048 -0.19319884
vn -0.32273778 0.8895007 -0.32346418
vn -0.28362203 0.90160596 -0.3265965
vn -0.17438725 0.8895002 -0.42234886
vn -0.13705127 0.90160435 -0.4102761
vn -0.088753656 0.89052385 -0.44619507
vn -0.08555429 0.89871347 -0.43010983
vn 0.1753356 0.8894995 -0.42195755
vn 0.092320934 0.8809442 -0.46412742
vn 0.085554436 0.8987131 -0.43011048
vn 0.19319989 0.9016033 -0.3870209
vn 0.32346496 0.88949955 -0.32274008
vn 0.32659885 0.9016042 -0.28362507
vn 0.42235023 0.8894993 -0.17438808
vn 0.41027623 0.9016043 -0.13705097
vn -0.4048279 -0.9042482 -0.13582955
vn -0.52193093 -0.82767147 -0.20627159
vn -0.3220279 -0.9042508 -0.28040782
vn -0.40326425 -0.827671 -0.3903059
vn -0.19020922 -0.9042496 -0.38229984
vn -0.22320594 -0.8276691 -0.5149205
vn -0.084469154 -0.90140706 -0.4246531
vn -0.119328484 -0.7911238 -0.5999031
vn 0.13583066 -0.9042467 -0.40483087
vn 0.08446882 -0.9014068 -0.4246538
vn 0.102143325 -0.851984 -0.51350754
vn 0.20627272 -0.82766986 -0.52193314
vn 0.28041136 -0.9042477 -0.32203364
vn 0.3903068 -0.8276692 -0.4032671
vn 0.38230306 -0.90424794 -0.1902106
vn 0.5149232 -0.82766706 -0.22320676
vn -0.938068 -0.13938105 -0.3171771
vn -0.887977 -0.13939734 -0.4382525
vn -0.7452805 -0.13939734 -0.65201634
vn -0.65267015 -0.13941164 -0.74470544
vn -0.43903413 -0.1393994 -0.88759047
vn -0.3180026 -0.13940425 -0.937785
vn -0.19324912 -0.1370651 -0.9715287
vn -0.19324903 -0.13706462 -0.9715287
vn 0.31717783 -0.13939068 -0.9380663
vn 0.19324891 -0.13706465 -0.9715288
vn 0.19324927 -0.13706292 -0.97152895
vn 0.43825278 -0.13940132 -0.8879762
vn 0.6520157 -0.13939874 -0.74528086
vn 0.744705 -0.13941072 -0.6526708
vn 0.88758993 -0.13940264 -0.4390341
vn 0.9377842 -0.1394101 -0.3180026
vn -0.6985298 0.6528758 -0.2929321
vn -0.53325653 0.6528761 -0.5379499
vn -0.2868002 0.65287614 -0.7010695
vn -0.13874173 0.70302224 -0.6975031
vn 0.2929329 0.65287465 -0.69853055
vn 0.1591964 0.5780329 -0.800334
vn 0.5379503 0.6528764 -0.5332559
vn 0.7010697 0.65287554 -0.286801
vn 0.8235831 0.39659634 -0.40549007
vn 0.6057181 0.39659423 -0.6897961
vn 0.2956372 0.39659074 -0.8690883
vn 0.1795732 0.3908375 -0.90277326
vn -0.17957252 0.39083603 -0.902774
vn -0.4054908 0.3965921 -0.8235848
vn -0.6897951 0.39659768 -0.605717
vn -0.86908823 0.3965918 -0.29563588
vn 0.65215933 -0.7247821 -0.22221436
vn 0.5174801 -0.7247808 -0.45487037
vn 0.3040131 -0.72479 -0.61826825
vn 0.13563082 -0.7187975 -0.6818609
vn -0.22221248 -0.7247887 -0.6521525
vn -0.13563119 -0.71879584 -0.6818627
vn -0.4548681 -0.7247829 -0.5174793
vn -0.6182697 -0.7247882 -0.30401427
vn 0.43789494 0.87298113 -0.21483018
vn 0.32234883 0.87298185 -0.3660519
vn 0.1577302 0.8729818 -0.4615452
vn 0.096420385 0.8693287 -0.48473778
vn -0.09642037 0.86932844 -0.4847382
vn -0.21483006 0.8729809 -0.43789542
vn -0.36605263 0.8729809 -0.32235047
vn -0.46154702 0.8729808 -0.15773064
vn -0.8734558 0.2248471 -0.43187824
vn -0.6416936 0.22485444 -0.7332597
vn -0.3122405 0.22486554 -0.92300665
vn -0.19025676 0.22122207 -0.95648485
vn 0.19025692 0.22122064 -0.95648515
vn 0.4318773 0.2248586 -0.87345326
vn 0.7332607 0.2248451 -0.64169586
vn 0.92301047 0.22484805 -0.31224182
vn 0.59309065 -0.74955016 -0.29396927
vn 0.6266542 -0.7496053 -0.21306412
vn 0.4354497 -0.7495473 -0.49856028
vn 0.49741858 -0.7496036 -0.43665668
vn 0.21151082 -0.7495503 -0.62724596
vn 0.29245386 -0.74960333 -0.5937724
vn -0.044626057 -0.7495535 -0.6604379
vn 0.04296465 -0.7496069 -0.6604874
vn -0.2939676 -0.749553 -0.593088
vn -0.21306258 -0.74960953 -0.6266498
vn -0.49855927 -0.7495487 -0.43544856
vn -0.4366554 -0.7496051 -0.4974176
vn -0.62724584 -0.7495505 -0.21151045
vn -0.5937713 -0.74960464 -0.2924525
vn 0.13885774 0.9772503 0.16031358
vn 0.06693848 0.97725016 0.2012494
vn 0.18963912 0.97724986 0.09497271
vn -0.20125239 0.9772494 0.06694016
vn -0.16031462 0.97725 0.1388582
vn -0.094972394 0.9772499 0.18963851
vn -0.042046905 0.97649807 0.21138467
vn 0.042046897 0.9764981 0.21138433
vn 0.38534322 -0.48973796 -0.7820917
vn 0.655298 -0.4897459 -0.57509434
vn 0.573647 -0.4896871 -0.6566092
vn 0.27871913 -0.48968214 -0.8261519
vn 0.82549846 -0.48974445 -0.28053987
vn 0.7812564 -0.48968953 -0.38709503
vn -0.5750919 -0.4897484 -0.65529823
vn -0.2805384 -0.48974654 -0.8254978
vn -0.38709414 -0.489693 -0.7812547
vn -0.6566034 -0.48969078 -0.57365066
vn -0.17078699 -0.4833258 -0.85861987
vn -0.17078702 -0.48332667 -0.8586193
vn 0.1707954 -0.48332313 -0.8586197
vn 0.17079486 -0.48332518 -0.85861856
vn -0.38534117 -0.48975012 0.78208506
vn -0.65530264 -0.48974577 0.57508904
vn -0.5736529 -0.48969448 0.6565986
vn -0.27871045 -0.48969457 0.82614756
vn 0.5750859 -0.4897426 0.65530777
vn 0.28054577 -0.4897391 0.82549965
vn 0.38709527 -0.48968443 0.78125954
vn 0.65659946 -0.48969096 0.5736549
vn -0.8254977 -0.48974395 0.28054327
vn -0.78125554 -0.48968965 0.3870967
vn -0.7820871 -0.4897444 -0.38534427
vn -0.82614887 -0.4896889 -0.27871633
vn -0.8700186 -0.48974535 -0.056718603
vn -0.869921 -0.48969048 0.058656216
vn 0.7820877 -0.4897446 0.38534293
vn 0.8261496 -0.48968968 0.2787129
vn 0.8700184 -0.48974594 0.056716714
vn 0.86992097 -0.48969096 -0.058654364
vn 0.17079522 -0.4833274 0.85861725
vn 0.17079516 -0.48332545 0.8586184
vn -0.17078613 -0.48332956 0.8586179
vn -0.17078649 -0.48332822 0.85861856
vn 0.10348542 -0.9946212 0.0043976465
vn 0.09392495 -0.9946212 0.04366503
vn 0.09937907 -0.9945825 0.030487163
vn 0.10348139 -0.99458253 -0.009863871
vn -0.10348554 -0.9946212 -0.0043976456
vn -0.09392533 -0.9946212 -0.043665454
vn -0.09937932 -0.9945824 -0.030487558
vn -0.10348154 -0.9945825 0.00986422
vn 0.035539657 -0.9946212 0.09729106
vn 0.020580966 -0.9944202 0.10346447
vn 0.020580983 -0.9944202 0.103464454
vn 0.048713762 -0.9945825 0.09182986
vn -0.02057999 -0.9944201 0.1034647
vn -0.04366503 -0.9946212 0.0939252
vn -0.030487038 -0.99458253 0.09937933
vn -0.02057997 -0.9944202 0.10346469
vn 0.043665208 -0.9946212 -0.09392537
vn 0.076284416 -0.9946212 -0.070065975
vn 0.06619676 -0.9945825 -0.08014792
vn 0.030487914 -0.99458253 -0.09937917
vn 0.09729088 -0.9946213 -0.035539057
vn 0.09182931 -0.9945825 -0.04871386
vn -0.070065975 -0.9946212 -0.076284915
vn -0.035538968 -0.9946212 -0.09729111
vn -0.04871388 -0.9945824 -0.091829546
vn -0.080147594 -0.9945824 -0.06619769
vn -0.020580066 -0.99442023 -0.10346469
vn -0.020580074 -0.99442023 -0.103464685
vn 0.020580985 -0.9944202 -0.10346443
vn 0.020581037 -0.9944202 -0.10346446
vn -0.076285265 -0.99462116 0.07006573
vn -0.06619787 -0.9945824 0.080147296
vn 0.07006499 -0.9946213 0.076285414
vn 0.08014691 -0.9945825 0.0661978
vn -0.097291164 -0.9946212 0.035539437
vn -0.09182974 -0.99458253 0.048714124
vn 0.37703285 0.8755739 -0.30202103
vn 0.4639116 0.8755742 -0.13474421
vn 0.43807778 0.87669706 -0.19872127
vn 0.32868233 0.87669635 -0.3512428
vn 0.23275556 0.87557304 -0.4233162
vn 0.16925326 0.87669605 -0.45028576
vn -0.09520911 0.8728251 0.47865605
vn -0.23275624 0.87557423 0.42331347
vn -0.16925012 0.876697 0.4502852
vn -0.09520903 0.872825 0.47865608
vn 0.13474724 0.8755736 0.46391186
vn 0.09521258 0.87282515 0.47865528
vn 0.0952133 0.87282497 0.4786554
vn 0.19872218 0.876696 0.43807948
vn -0.48016304 0.87557405 -0.053042915
vn -0.42331317 0.87557435 -0.23275657
vn -0.45028457 0.87669706 -0.16925128
vn -0.48077887 0.8766969 0.015949251
vn 0.48016304 0.8755741 0.053042937
vn 0.4233128 0.8755741 0.23275821
vn 0.4502841 0.87669706 0.16925249
vn 0.4807789 0.8766968 -0.015949281
vn 0.30201718 0.87557334 0.37703705
vn 0.35123757 0.8766966 0.32868722
vn -0.4639115 0.8755741 0.13474412
vn -0.43807802 0.8766972 0.19872014
vn -0.30201936 0.8755742 -0.37703335
vn -0.35123944 0.87669706 -0.32868388
vn -0.37703395 0.87557423 0.30201864
vn -0.3286848 0.87669694 0.35123885
vn 0.09521344 0.87282497 -0.4786554
vn 0.095213644 0.87282497 -0.47865525
vn -0.13474335 0.875574 -0.46391216
vn -0.09520991 0.87282497 -0.47865605
vn -0.09520963 0.872825 -0.478656
vn -0.1987198 0.87669706 -0.43807867
vn -0.18947072 0.23821174 0.9525523
vn -0.4301272 0.24210365 0.86969906
vn -0.31153247 0.24211991 0.9188718
vn -0.1894705 0.23820648 0.95255375
vn 0.31082985 0.24209169 0.9191172
vn 0.1894805 0.2382062 0.9525519
vn 0.18948057 0.23820555 0.9525519
vn 0.42945182 0.2421104 0.8700308
vn -0.9680969 0.24211465 -0.064567044
vn -0.869705 0.24207719 -0.43013003
vn -0.9188734 0.24210866 -0.31153646
vn -0.9681439 0.24212639 0.06381493
vn 0.9681075 0.24207258 0.06456572
vn 0.86970013 0.24209478 0.43012992
vn 0.9188791 0.24208754 0.31153646
vn 0.9681543 0.24208416 -0.063815646
vn 0.9191224 0.24207553 -0.31082696
vn 0.87003076 0.24210618 -0.42945427
vn 0.6388865 0.24211046 0.7302099
vn 0.72970206 0.24211942 0.63946325
vn -0.9191174 0.24209677 0.3108252
vn -0.87003464 0.24208863 0.42945632
vn -0.6388984 0.24209294 -0.7302054
vn -0.72971374 0.24208987 -0.6394609
vn -0.7302101 0.24207807 0.6388986
vn -0.6394624 0.24210446 0.72970766
vn 0.1894807 0.23820448 -0.9525522
vn 0.43012658 0.24209884 -0.86970073
vn 0.3115403 0.24210267 -0.9188738
vn 0.18948069 0.238204 -0.9525524
vn -0.31082067 0.2421075 -0.9191161
vn -0.18947256 0.23820424 -0.95255387
vn -0.18947163 0.23821068 -0.95255244
vn -0.42945063 0.2421154 -0.87003005
vn 0.73020047 0.24210759 -0.6388983
vn 0.63945097 0.24212243 -0.72971165
vn -0.7089625 0.042073403 0.70399004
vn -0.9244008 0.042072777 0.37909493
vn -0.9185593 0.11439364 0.3783688
vn -0.70389247 0.113804065 0.7011305
vn -0.92170894 0.042074457 -0.3855935
vn -0.70398796 0.042074587 -0.7089645
vn -0.70115584 0.11349992 -0.70391643
vn -0.9170854 0.114228345 -0.38197672
vn -0.9991083 0.04207294 -0.0035163315
vn -0.99341637 0.11454273 -0.001951269
vn 0.9217103 0.04207361 0.38559029
vn 0.7039841 0.04207422 0.7089685
vn 0.7014701 0.10948646 0.70423895
vn 0.9176524 0.108752824 0.38221315
vn 0.9244023 0.042073667 -0.37909144
vn 0.9991083 0.042073 0.0035163334
vn 0.9941013 0.10843809 0.0019525868
vn 0.91916215 0.108588465 -0.37861496
vn 0.37909475 0.04207359 0.92440087
vn 0.19501917 0.02803611 0.98039865
vn 0.19415343 0.0981762 0.9760461
vn 0.3785362 0.11052346 0.918964
vn -0.19480261 0.054017633 0.97935385
vn -0.3855902 0.042074174 0.9217104
vn -0.38203785 0.1128597 0.9172294
vn -0.19366036 0.1207341 0.9736113
vn 0.3855928 0.042073913 -0.92170924
vn 0.70895845 0.042073913 -0.70399404
vn 0.704254 0.10918158 -0.70150244
vn 0.38215983 0.11012675 -0.9175108
vn -0.37909162 0.042073477 -0.9244021
vn -0.37845054 0.11246365 -0.9187638
vn -0.19501157 0.028035678 -0.98040015
vn -0.19413057 0.09895739 -0.9759717
vn 0.19481097 0.05401716 -0.97935224
vn 0.19370556 0.11914249 -0.97379833
vn 0.6587261 0.0017575113 0.7523807
vn 0.32067165 0.0017569296 0.94718885
vn -0.4430178 0.0017545305 0.8965111
vn -0.7523733 0.0017547357 0.65873474
vn 0.19509569 0.0017265682 -0.98078275
vn 0.4430174 0.0017572779 -0.8965113
vn -0.32066524 0.0017553736 -0.94719106
vn -0.19508709 0.0017263164 -0.9807844
vn -0.6587339 0.0017533874 -0.752374
vn 0.75237143 0.0017576683 -0.65873677
vn 0.9471908 0.0017574435 -0.32066572
vn -0.19508673 0.0017260169 0.9807845
vn 0.19509599 0.0017264065 0.9807826
vn -0.997804 0.0017567007 -0.066213205
vn -0.8965087 0.0017562413 -0.44302264
vn 0.997804 0.0017567015 0.06621324
vn 0.8965102 0.0017580164 0.44301954
vn -0.9471908 0.0017574304 0.32066578
vn -0.6719239 0.2864193 -0.6829951
vn -0.88179654 0.28769633 -0.3737187
vn -0.95754963 0.2881623 -0.007825771
vn -0.88777184 0.2877441 0.3592555
vn -0.6829779 0.28650713 0.67190385
vn -0.37407646 0.28463504 0.882638
vn -0.18482262 0.3201299 0.9291703
vn 0.18990432 0.22911344 0.9546954
vn 0.3600969 0.28017637 0.8898491
vn 0.673605 0.27826673 0.6847071
vn 0.8847015 0.27697626 0.37495002
vn 0.96097964 0.27650744 0.007853812
vn 0.8907226 0.2769287 -0.36044955
vn 0.684722 0.27817798 -0.6736266
vn 0.37460545 0.28006208 -0.8838755
vn 0.18497065 0.31791103 -0.9299024
vn -0.18979107 0.23145534 -0.95415294
vn -0.35961673 0.28452078 -0.888664
vn -0.39670172 0.43942192 -0.805938
vn -0.67461723 0.4402565 -0.592508
vn -0.17576562 0.43393007 -0.88363516
vn 0.28969556 0.4373719 -0.8513415
vn 0.17621753 0.42909107 -0.8859053
vn 0.5937278 0.43646625 -0.6760063
vn 0.8075048 0.435834 -0.39747298
vn 0.8982707 0.43557042 -0.058206253
vn 0.85210234 0.43571687 0.2899523
vn 0.676085 0.43624943 0.5937975
vn 0.39720407 0.43708828 0.8069589
vn 0.17586288 0.43290475 0.8841186
vn -0.28941676 0.43914014 0.8505257
vn -0.1761136 0.43021548 0.8853805
vn -0.59257835 0.44004038 0.6746964
vn -0.80538946 0.44066975 0.3964315
vn -0.8956614 0.44093338 0.058038294
vn -0.8497614 0.44078764 -0.2891568
vn 0.28733194 0.48009875 0.8288218
vn 0.5826359 0.48009738 0.65577585
vn 0.78923947 0.4801004 0.38288975
vn 0.8756886 0.48009878 0.05171709
vn 0.82882065 0.4801008 -0.28733182
vn 0.65577495 0.48009822 -0.58263624
vn 0.3828913 0.48009828 -0.7892401
vn 0.17182457 0.47359225 -0.863821
vn -0.28733152 0.48009887 -0.82882184
vn -0.5826359 0.48009762 -0.6557757
vn -0.78923887 0.4801002 -0.3828913
vn -0.87568617 0.4801031 -0.051716965
vn -0.3828906 0.48009896 0.78924
vn -0.17182435 0.47359243 0.8638209
vn -0.655775 0.4800984 0.58263594
vn 0.17182451 0.47359172 0.86382127
vn -0.17182444 0.47359213 -0.8638211
vn -0.82881916 0.48010245 0.28733325
f 1/1/1 2/2/2 3/3/3
f 3/3/3 2/2/2 4/4/4
f 4/4/4 2/2/2 5/5/5
f 5/5/5 2/2/2 6/6/6
f 6/6/6 2/2/2 7/7/7
f 7/7/7 2/2/2 8/8/8
f 8/8/8 2/2/2 9/9/9
f 9/9/9 2/2/2 10/10/10
f 11/11/11 12/12/12 13/13/13
f 13/13/13 12/12/12 14/14/14
f 14/14/14 12/12/12 15/15/15
f 15/15/15 12/12/12 16/16/16
f 16/16/16 12/12/12 17/17/17
f 17/17/17 12/12/12 18/18/18
f 18/18/18 12/12/12 19/19/19
f 19/19/19 12/12/12 20/20/20
f 21/21/21 22/22/22 23/23/23
f 24/24/24 25/25/25 23/23/23
f 26/26/26 27/27/27 23/23/23
f 28/28/28 29/29/29 23/23/23
f 22/22/22 30/30/30 23/23/23
f 25/25/25 21/21/21 23/23/23
f 29/29/29 24/24/24 23/23/23
f 30/30/30 26/26/26 23/23/23
f 31/31/31 23/23/23 32/32/32
f 33/33/33 23/23/23 34/34/34
f 35/35/35 23/23/23 27/27/27
f 28/28/28 23/23/23 36/36/36
f 32/32/32 23/23/23 37/37/37
f 34/34/34 23/23/23 31/31/31
f 36/36/36 23/23/23 33/33/33
f 37/37/37 23/23/23 35/35/35
f 38/38/38 39/39/39 40/40/40
f 38/38/38 40/40/40 41/41/41
f 42/42/42 38/38/38 41/41/41
f 42/42/42 41/41/41 43/43/43
f 44/44/44 45/45/45 46/46/46
f 44/44/44 46/46/46 47/47/47
f 48/48/48 49/49/49 50/50/50
f 48/48/48 50/50/50 51/51/51
f 52/52/52 53/53/53 54/54/54
f 52/52/52 54/54/54 55/55/55
f 56/56/56 48/48/48 51/51/51
f 56/56/56 51/51/51 57/57/57
f 39/39/39 58/58/58 59/59/59
f 39/39/39 59/59/59 40/40/40
f 60/60/60 56/56/56 57/57/57
f 60/60/60 57/57/57 61/61/61
f 53/53/53 62/62/62 63/63/63
f 53/53/53 63/63/63 54/54/54
f 64/64/64 65/65/65 66/66/66
f 64/64/64 66/66/66 67/67/67
f 62/62/62 64/64/64 67/67/67
f 62/62/62 67/67/67 63/63/63
f 58/58/58 60/60/60 61/61/61
f 58/58/58 61/61/61 59/59/59
f 68/68/68 52/52/52 55/55/55
f 68/68/68 55/55/55 69/69/69
f 49/49/49 70/70/70 71/71/71
f 49/49/49 71/71/71 50/50/50
f 72/72/72 44/44/44 47/47/47
f 72/72/72 47/47/47 73/73/73
f 65/65/65 72/72/72 73/73/73
f 65/65/65 73/73/73 66/66/66
f 74/74/74 75/75/75 76/76/76
f 74/74/74 76/76/76 77/77/77
f 78/78/78 79/79/79 80/80/80
f 78/78/78 80/80/80 81/81/81
f 82/82/82 74/74/74 77/77/77
f 82/82/82 77/77/77 83/83/83
f 75/75/75 1/1/1 3/3/3
f 75/75/75 3/3/3 76/76/76
f 79/79/79 82/82/82 83/83/83
f 79/79/79 83/83/83 80/80/80
f 81/81/81 80/80/80 84/84/84
f 81/81/81 84/84/84 85/85/85
f 83/83/83 77/77/77 86/86/86
f 83/83/83 86/86/86 87/87/87
f 76/76/76 3/3/3 4/4/4
f 76/76/76 4/4/4 88/88/88
f 80/80/80 83/83/83 87/87/87
f 80/80/80 87/87/87 84/84/84
f 77/77/77 76/76/76 88/88/88
f 77/77/77 88/88/88 86/86/86
f 84/84/84 87/87/87 89/89/89
f 84/84/84 89/89/89 90/90/90
f 86/86/86 88/88/88 91/91/91
f 86/86/86 91/91/91 92/92/92
f 85/85/85 84/84/84 90/90/90
f 85/85/85 90/90/90 93/93/93
f 87/87/87 86/86/86 92/92/92
f 87/87/87 92/92/92 89/89/89
f 88/88/88 4/4/4 5/5/5
f 88/88/88 5/5/5 91/91/91
f 90/90/90 89/89/89 94/94/94
f 90/90/90 94/94/94 95/95/95
f 92/92/92 91/91/91 96/96/96
f 92/92/92 96/96/96 97/97/97
f 93/93/93 90/90/90 95/95/95
f 93/93/93 95/95/95 98/98/98
f 89/89/89 92/92/92 97/97/97
f 89/89/89 97/97/97 94/94/94
f 91/91/91 5/5/5 6/6/6
f 91/91/91 6/6/6 96/96/96
f 98/98/98 95/95/95 99/99/99
f 98/98/98 99/99/99 100/100/100
f 94/94/94 97/97/97 101/101/101
f 94/94/94 101/101/101 102/102/102
f 96/96/96 6/6/6 7/7/7
f 96/96/96 7/7/7 103/103/103
f 95/95/95 94/94/94 102/102/102
f 95/95/95 102/102/102 99/99/99
f 97/97/97 96/96/96 103/103/103
f 97/97/97 103/103/103 101/101/101
f 102/102/102 101/101/101 104/104/104
f 102/102/102 104/104/104 105/105/105
f 103/103/103 7/7/7 8/8/8
f 103/103/103 8/8/8 106/106/106
f 99/99/99 102/102/102 105/105/105
f 99/99/99 105/105/105 107/107/107
f 101/101/101 103/103/103 106/106/106
f 101/101/101 106/106/106 104/104/104
f 100/100/100 99/99/99 107/107/107
f 100/100/100 107/107/107 108/108/108
f 107/107/107 105/105/105 109/109/109
f 107/107/107 109/109/109 110/110/110
f 104/104/104 106/106/106 111/111/111
f 104/104/104 111/111/111 112/112/112
f 108/108/108 107/107/107 110/110/110
f 108/108/108 110/110/110 113/113/113
f 105/105/105 104/104/104 112/112/112
f 105/105/105 112/112/112 109/109/109
f 106/106/106 8/8/8 9/9/9
f 106/106/106 9/9/9 111/111/111
f 112/112/112 111/111/111 114/114/114
f 112/112/112 114/114/114 115/115/115
f 113/113/113 110/110/110 116/116/116
f 113/113/113 116/116/116 117/117/117
f 109/109/109 112/112/112 115/115/115
f 109/109/109 115/115/115 118/118/118
f 111/111/111 9/9/9 10/10/10
f 111/111/111 10/10/10 114/114/114
f 110/110/110 109/109/109 118/118/118
f 110/110/110 118/118/118 116/116/116
f 119/119/119 120/120/120 121/121/121
f 119/119/119 121/121/121 122/122/122
f 123/123/123 124/124/124 125/125/125
f 123/123/123 125/125/125 126/126/126
f 127/127/127 128/128/128 129/129/129
f 127/127/127 129/129/129 130/130/130
f 131/131/131 11/11/11 13/13/13
f 131/131/131 13/13/13 132/132/132
f 122/122/122 121/121/121 133/133/133
f 122/122/122 133/133/133 134/134/134
f 124/124/124 127/127/127 130/130/130
f 124/124/124 130/130/130 125/125/125
f 128/128/128 131/131/131 132/132/132
f 128/128/128 132/132/132 129/129/129
f 132/132/132 13/13/13 14/14/14
f 132/132/132 14/14/14 135/135/135
f 136/136/136 137/137/137 138/138/138
f 136/136/136 138/138/138 139/139/139
f 125/125/125 130/130/130 140/140/140
f 125/125/125 140/140/140 141/141/141
f 129/129/129 132/132/132 135/135/135
f 129/129/129 135/135/135 142/142/142
f 139/139/139 138/138/138 143/143/143
f 139/139/139 143/143/143 144/144/144
f 126/126/126 125/125/125 141/141/141
f 126/126/126 141/141/141 145/145/145
f 130/130/130 129/129/129 142/142/142
f 130/130/130 142/142/142 140/140/140
f 145/145/145 141/141/141 146/146/146
f 145/145/145 146/146/146 147/147/147
f 140/140/140 142/142/142 148/148/148
f 140/140/140 148/148/148 149/149/149
f 135/135/135 14/14/14 15/15/15
f 135/135/135 15/15/15 150/150/150
f 151/151/151 152/152/152 137/137/137
f 151/151/151 137/137/137 136/136/136
f 141/141/141 140/140/140 149/149/149
f 141/141/141 149/149/149 146/146/146
f 142/142/142 135/135/135 150/150/150
f 142/142/142 150/150/150 148/148/148
f 153/153/153 154/154/154 152/152/152
f 153/153/153 152/152/152 151/151/151
f 155/155/155 156/156/156 157/157/157
f 155/155/155 157/157/157 158/158/158
f 146/146/146 149/149/149 159/159/159
f 146/146/146 159/159/159 160/160/160
f 148/148/148 150/150/150 161/161/161
f 148/148/148 161/161/161 162/162/162
f 163/163/163 164/164/164 165/165/165
f 163/163/163 165/165/165 166/166/166
f 147/147/147 146/146/146 160/160/160
f 147/147/147 160/160/160 167/167/167
f 149/149/149 148/148/148 162/162/162
f 149/149/149 162/162/162 159/159/159
f 150/150/150 15/15/15 16/16/16
f 150/150/150 16/16/16 161/161/161
f 160/160/160 159/159/159 168/168/168
f 160/160/160 168/168/168 169/169/169
f 162/162/162 161/161/161 170/170/170
f 162/162/162 170/170/170 171/171/171
f 172/172/172 173/173/173 164/164/164
f 172/172/172 164/164/164 163/163/163
f 167/167/167 160/160/160 169/169/169
f 167/167/167 169/169/169 174/174/174
f 159/159/159 162/162/162 171/171/171
f 159/159/159 171/171/171 168/168/168
f 161/161/161 16/16/16 17/17/17
f 161/161/161 17/17/17 170/170/170
f 175/175/175 176/176/176 156/156/156
f 175/175/175 156/156/156 155/155/155
f 177/177/177 178/178/178 173/173/173
f 177/177/177 173/173/173 172/172/172
f 174/174/174 169/169/169 179/179/179
f 174/174/174 179/179/179 180/180/180
f 168/168/168 171/171/171 181/181/181
f 168/168/168 181/181/181 182/182/182
f 170/170/170 17/17/17 18/18/18
f 170/170/170 18/18/18 183/183/183
f 184/184/184 185/185/185 176/176/176
f 184/184/184 176/176/176 175/175/175
f 169/169/169 168/168/168 182/182/182
f 169/169/169 182/182/182 179/179/179
f 171/171/171 170/170/170 183/183/183
f 171/171/171 183/183/183 181/181/181
f 182/182/182 181/181/181 186/186/186
f 182/182/182 186/186/186 187/187/187
f 183/183/183 18/18/18 19/19/19
f 183/183/183 19/19/19 188/188/188
f 189/189/189 190/190/190 185/185/185
f 189/189/189 185/185/185 184/184/184
f 179/179/179 182/182/182 187/187/187
f 179/179/179 187/187/187 191/191/191
f 181/181/181 183/183/183 188/188/188
f 181/181/181 188/188/188 186/186/186
f 158/158/158 157/157/157 192/192/192
f 158/158/158 192/192/192 193/193/193
f 180/180/180 179/179/179 191/191/191
f 180/180/180 191/191/191 194/194/194
f 134/134/134 133/133/133 190/190/190
f 134/134/134 190/190/190 189/189/189
f 191/191/191 187/187/187 195/195/195
f 191/191/191 195/195/195 196/196/196
f 186/186/186 188/188/188 197/197/197
f 186/186/186 197/197/197 198/198/198
f 166/166/166 165/165/165 154/154/154
f 166/166/166 154/154/154 153/153/153
f 194/194/194 191/191/191 196/196/196
f 194/194/194 196/196/196 199/199/199
f 187/187/187 186/186/186 198/198/198
f 187/187/187 198/198/198 195/195/195
f 188/188/188 19/19/19 20/20/20
f 188/188/188 20/20/20 197/197/197
f 200/200/200 201/201/201 202/202/202
f 200/200/200 202/202/202 203/203/203
f 204/204/204 205/205/205 206/206/206
f 204/204/204 206/206/206 207/207/207
f 208/208/208 204/204/204 207/207/207
f 208/208/208 207/207/207 209/209/209
f 210/210/210 208/208/208 209/209/209
f 210/210/210 209/209/209 211/211/211
f 212/212/212 210/210/210 211/211/211
f 212/212/212 211/211/211 213/213/213
f 214/214/214 215/215/215 216/216/216
f 214/214/214 216/216/216 217/217/217
f 215/215/215 218/218/218 219/219/219
f 215/215/215 219/219/219 216/216/216
f 201/201/201 214/214/214 217/217/217
f 201/201/201 217/217/217 202/202/202
f 220/220/220 221/221/221 222/222/222
f 220/220/220 222/222/222 223/223/223
f 224/224/224 220/220/220 223/223/223
f 224/224/224 223/223/223 225/225/225
f 226/226/226 227/227/227 228/228/228
f 226/226/226 228/228/228 229/229/229
f 230/230/230 226/226/226 229/229/229
f 230/230/230 229/229/229 231/231/231
f 232/232/232 233/233/233 234/234/234
f 232/232/232 234/234/234 235/235/235
f 236/236/236 237/237/237 238/238/238
f 236/236/236 238/238/238 239/239/239
f 240/240/240 241/241/241 242/242/242
f 240/240/240 242/242/242 243/243/243
f 244/244/244 245/245/245 246/246/246
f 244/244/244 246/246/246 247/247/247
f 248/248/248 249/249/249 250/250/250
f 248/248/248 250/250/250 251/251/251
f 249/249/249 252/252/252 253/253/253
f 249/249/249 253/253/253 250/250/250
f 254/254/254 255/255/255 256/256/256
f 254/254/254 256/256/256 257/257/257
f 255/255/255 258/258/258 259/259/259
f 255/255/255 259/259/259 256/256/256
f 258/258/258 260/260/260 261/261/261
f 258/258/258 261/261/261 259/259/259
f 260/260/260 212/212/212 213/213/213
f 260/260/260 213/213/213 261/261/261
f 262/262/262 248/248/248 251/251/251
f 262/262/262 251/251/251 263/263/263
f 218/218/218 262/262/262 263/263/263
f 218/218/218 263/263/263 219/219/219
f 221/221/221 264/264/264 265/265/265
f 221/221/221 265/265/265 222/222/222
f 266/266/266 230/230/230 231/231/231
f 266/266/266 231/231/231 267/267/267
f 241/241/241 224/224/224 225/225/225
f 241/241/241 225/225/225 242/242/242
f 227/227/227 244/244/244 247/247/247
f 227/227/227 247/247/247 228/228/228
f 268/268/268 232/232/232 235/235/235
f 268/268/268 235/235/235 269/269/269
f 270/270/270 236/236/236 239/239/239
f 270/270/270 239/239/239 271/271/271
f 237/237/237 240/240/240 243/243/243
f 237/237/237 243/243/243 238/238/238
f 245/245/245 268/268/268 269/269/269
f 245/245/245 269/269/269 246/246/246
f 272/272/272 273/273/273 274/274/274
f 272/272/272 274/274/274 275/275/275
f 276/276/276 277/277/277 273/273/273
f 276/276/276 273/273/273 272/272/272
f 278/278/278 279/279/279 277/277/277
f 278/278/278 277/277/277 276/276/276
f 280/280/280 281/281/281 279/279/279
f 280/280/280 279/279/279 278/278/278
f 282/282/282 283/283/283 284/284/284
f 282/282/282 284/284/284 285/285/285
f 286/286/286 287/287/287 283/283/283
f 286/286/286 283/283/283 282/282/282
f 288/288/288 289/289/289 287/287/287
f 288/288/288 287/287/287 286/286/286
f 290/290/290 291/291/291 289/289/289
f 290/290/290 289/289/289 288/288/288
f 292/292/292 293/293/293 294/294/294
f 292/292/292 294/294/294 295/295/295
f 296/296/296 297/297/297 293/293/293
f 296/296/296 293/293/293 292/292/292
f 298/298/298 299/299/299 297/297/297
f 298/298/298 297/297/297 296/296/296
f 300/300/300 301/301/301 299/299/299
f 300/300/300 299/299/299 298/298/298
f 302/302/302 303/303/303 304/304/304
f 302/302/302 304/304/304 305/305/305
f 306/306/306 307/307/307 303/303/303
f 306/306/306 303/303/303 302/302/302
f 308/308/308 309/309/309 307/307/307
f 308/308/308 307/307/307 306/306/306
f 310/310/310 311/311/311 309/309/309
f 310/310/310 309/309/309 308/308/308
f 312/312/312 313/313/313 314/314/314
f 312/312/312 314/314/314 315/315/315
f 316/316/316 317/317/317 313/313/313
f 316/316/316 313/313/313 312/312/312
f 318/318/318 319/319/319 317/317/317
f 318/318/318 317/317/317 316/316/316
f 320/320/320 321/321/321 319/319/319
f 320/320/320 319/319/319 318/318/318
f 322/322/322 323/323/323 324/324/324
f 322/322/322 324/324/324 325/325/325
f 326/326/326 327/327/327 323/323/323
f 326/326/326 323/323/323 322/322/322
f 328/328/328 329/329/329 327/327/327
f 328/328/328 327/327/327 326/326/326
f 330/330/330 331/331/331 329/329/329
f 330/330/330 329/329/329 328/328/328
f 332/332/332 333/333/333 334/334/334
f 332/332/332 334/334/334 335/335/335
f 336/336/336 337/337/337 333/333/333
f 336/336/336 333/333/333 332/332/332
f 338/338/338 339/339/339 337/337/337
f 338/338/338 337/337/337 336/336/336
f 340/340/340 341/341/341 339/339/339
f 340/340/340 339/339/339 338/338/338
f 342/342/342 343/343/343 344/344/344
f 342/342/342 344/344/344 345/345/345
f 346/346/346 347/347/347 343/343/343
f 346/346/346 343/343/343 342/342/342
f 348/348/348 349/349/349 347/347/347
f 348/348/348 347/347/347 346/346/346
f 350/350/350 351/351/351 349/349/349
f 350/350/350 349/349/349 348/348/348
f 352/352/352 353/353/353 354/354/354
f 352/352/352 354/354/354 355/355/355
f 356/356/356 357/357/357 353/353/353
f 356/356/356 353/353/353 352/352/352
f 358/358/358 359/359/359 357/357/357
f 358/358/358 357/357/357 356/356/356
f 360/360/360 361/361/361 359/359/359
f 360/360/360 359/359/359 358/358/358
f 362/362/362 363/363/363 364/364/364
f 362/362/362 364/364/364 365/365/365
f 366/366/366 367/367/367 363/363/363
f 366/366/366 363/363/363 362/362/362
f 368/368/368 369/369/369 367/367/367
f 368/368/368 367/367/367 366/366/366
f 370/370/370 371/371/371 369/369/369
f 370/370/370 369/369/369 368/368/368
f 372/372/372 370/370/370 368/368/368
f 372/372/372 368/368/368 373/373/373
f 373/373/373 368/368/368 366/366/366
f 373/373/373 366/366/366 374/374/374
f 374/374/374 366/366/366 362/362/362
f 374/374/374 362/362/362 375/375/375
f 375/375/375 362/362/362 365/365/365
f 375/375/375 365/365/365 376/376/376
f 377/377/377 360/360/360 358/358/358
f 377/377/377 358/358/358 378/378/378
f 378/378/378 358/358/358 356/356/356
f 378/378/378 356/356/356 379/379/379
f 379/379/379 356/356/356 352/352/352
f 379/379/379 352/352/352 380/380/380
f 380/380/380 352/352/352 355/355/355
f 380/380/380 355/355/355 381/381/381
f 331/331/331 382/382/382 383/383/383
f 331/331/331 383/383/383 329/329/329
f 329/329/329 383/383/383 384/384/384
f 329/329/329 384/384/384 327/327/327
f 327/327/327 384/384/384 385/385/385
f 327/327/327 385/385/385 323/323/323
f 323/323/323 385/385/385 386/386/386
f 323/323/323 386/386/386 324/324/324
f 321/321/321 387/387/387 388/388/388
f 321/321/321 388/388/388 319/319/319
f 319/319/319 388/388/388 389/389/389
f 319/319/319 389/389/389 317/317/317
f 317/317/317 389/389/389 390/390/390
f 317/317/317 390/390/390 313/313/313
f 313/313/313 390/390/390 391/391/391
f 313/313/313 391/391/391 314/314/314
f 392/392/392 310/310/310 308/308/308
f 392/392/392 308/308/308 393/393/393
f 393/393/393 308/308/308 306/306/306
f 393/393/393 306/306/306 394/394/394
f 394/394/394 306/306/306 302/302/302
f 394/394/394 302/302/302 395/395/395
f 395/395/395 302/302/302 305/305/305
f 395/395/395 305/305/305 396/396/396
f 397/397/397 300/300/300 298/298/298
f 397/397/397 298/298/298 398/398/398
f 398/398/398 298/298/298 296/296/296
f 398/398/398 296/296/296 399/399/399
f 399/399/399 296/296/296 292/292/292
f 399/399/399 292/292/292 400/400/400
f 400/400/400 292/292/292 295/295/295
f 400/400/400 295/295/295 401/401/401
f 273/273/273 402/402/402 403/403/403
f 273/273/273 403/403/403 274/274/274
f 277/277/277 404/404/404 402/402/402
f 277/277/277 402/402/402 273/273/273
f 279/279/279 405/405/405 404/404/404
f 279/279/279 404/404/404 277/277/277
f 281/281/281 406/406/406 405/405/405
f 281/281/281 405/405/405 279/279/279
f 283/283/283 407/407/407 408/408/408
f 283/283/283 408/408/408 284/284/284
f 287/287/287 409/409/409 407/407/407
f 287/287/287 407/407/407 283/283/283
f 289/289/289 410/410/410 409/409/409
f 289/289/289 409/409/409 287/287/287
f 291/291/291 411/411/411 410/410/410
f 291/291/291 410/410/410 289/289/289
f 412/412/412 413/413/413 414/414/414
f 412/412/412 414/414/414 415/415/415
f 415/415/415 414/414/414 416/416/416
f 415/415/415 416/416/416 417/417/417
f 417/417/417 416/416/416 418/418/418
f 417/417/417 418/418/418 419/419/419
f 419/419/419 418/418/418 420/420/420
f 419/419/419 420/420/420 421/421/421
f 421/421/421 420/420/420 422/422/422
f 421/421/421 422/422/422 423/423/423
f 423/423/423 422/422/422 424/424/424
f 423/423/423 424/424/424 425/425/425
f 425/425/425 424/424/424 426/426/426
f 425/425/425 426/426/426 427/427/427
f 427/427/427 426/426/426 428/428/428
f 427/427/427 428/428/428 429/429/429
f 430/430/430 431/431/431 432/432/432
f 430/430/430 432/432/432 433/433/433
f 434/434/434 435/435/435 436/436/436
f 434/434/434 436/436/436 437/437/437
f 431/431/431 438/438/438 439/439/439
f 431/431/431 439/439/439 432/432/432
f 440/440/440 434/434/434 437/437/437
f 440/440/440 437/437/437 441/441/441
f 438/438/438 442/442/442 443/443/443
f 438/438/438 443/443/443 439/439/439
f 444/444/444 440/440/440 441/441/441
f 444/444/444 441/441/441 445/445/445
f 442/442/442 446/446/446 447/447/447
f 442/442/442 447/447/447 443/443/443
f 446/446/446 444/444/444 445/445/445
f 446/446/446 445/445/445 447/447/447
f 263/263/263 251/251/251 448/448/448
f 263/263/263 448/448/448 449/449/449
f 219/219/219 263/263/263 449/449/449
f 219/219/219 449/449/449 450/450/450
f 261/261/261 213/213/213 451/451/451
f 261/261/261 451/451/451 452/452/452
f 259/259/259 261/261/261 452/452/452
f 259/259/259 452/452/452 453/453/453
f 256/256/256 259/259/259 453/453/453
f 256/256/256 453/453/453 454/454/454
f 257/257/257 256/256/256 454/454/454
f 257/257/257 454/454/454 455/455/455
f 250/250/250 253/253/253 456/456/456
f 250/250/250 456/456/456 457/457/457
f 251/251/251 250/250/250 457/457/457
f 251/251/251 457/457/457 448/448/448
f 458/458/458 459/459/459 435/435/435
f 458/458/458 435/435/435 434/434/434
f 460/460/460 458/458/458 434/434/434
f 460/460/460 434/434/434 440/440/440
f 461/461/461 460/460/460 440/440/440
f 461/461/461 440/440/440 444/444/444
f 371/371/371 461/461/461 444/444/444
f 371/371/371 444/444/444 446/446/446
f 462/462/462 354/354/354 463/463/463
f 462/462/462 463/463/463 464/464/464
f 465/465/465 462/462/462 464/464/464
f 465/465/465 464/464/464 466/466/466
f 467/467/467 465/465/465 466/466/466
f 467/467/467 466/466/466 468/468/468
f 469/469/469 467/467/467 468/468/468
f 469/469/469 468/468/468 470/470/470
f 463/463/463 471/471/471 472/472/472
f 463/463/463 472/472/472 473/473/473
f 464/464/464 463/463/463 473/473/473
f 464/464/464 473/473/473 474/474/474
f 471/471/471 475/475/475 476/476/476
f 471/471/471 476/476/476 472/472/472
f 466/466/466 464/464/464 474/474/474
f 466/466/466 474/474/474 477/477/477
f 475/475/475 478/478/478 479/479/479
f 475/475/475 479/479/479 476/476/476
f 468/468/468 466/466/466 477/477/477
f 468/468/468 477/477/477 480/480/480
f 478/478/478 481/481/481 482/482/482
f 478/478/478 482/482/482 479/479/479
f 470/470/470 468/468/468 480/480/480
f 470/470/470 480/480/480 483/483/483
f 364/364/364 363/363/363 431/431/431
f 364/364/364 431/431/431 430/430/430
f 363/363/363 367/367/367 438/438/438
f 363/363/363 438/438/438 431/431/431
f 367/367/367 369/369/369 442/442/442
f 367/367/367 442/442/442 438/438/438
f 369/369/369 371/371/371 446/446/446
f 369/369/369 446/446/446 442/442/442
f 354/354/354 353/353/353 471/471/471
f 354/354/354 471/471/471 463/463/463
f 353/353/353 357/357/357 475/475/475
f 353/353/353 475/475/475 471/471/471
f 357/357/357 359/359/359 478/478/478
f 357/357/357 478/478/478 475/475/475
f 359/359/359 361/361/361 481/481/481
f 359/359/359 481/481/481 478/478/478
f 484/484/484 275/275/275 274/274/274
f 484/484/484 274/274/274 485/485/485
f 486/486/486 484/484/484 485/485/485
f 486/486/486 485/485/485 487/487/487
f 488/488/488 486/486/486 487/487/487
f 488/488/488 487/487/487 489/489/489
f 490/490/490 488/488/488 489/489/489
f 490/490/490 489/489/489 491/491/491
f 492/492/492 493/493/493 494/494/494
f 492/492/492 494/494/494 495/495/495
f 496/496/496 492/492/492 495/495/495
f 496/496/496 495/495/495 497/497/497
f 498/498/498 496/496/496 497/497/497
f 498/498/498 497/497/497 499/499/499
f 290/290/290 498/498/498 499/499/499
f 290/290/290 499/499/499 291/291/291
f 500/500/500 295/295/295 294/294/294
f 500/500/500 294/294/294 501/501/501
f 502/502/502 500/500/500 501/501/501
f 502/502/502 501/501/501 503/503/503
f 504/504/504 502/502/502 503/503/503
f 504/504/504 503/503/503 505/505/505
f 506/506/506 504/504/504 505/505/505
f 506/506/506 505/505/505 507/507/507
f 508/508/508 509/509/509 510/510/510
f 508/508/508 510/510/510 511/511/511
f 512/512/512 508/508/508 511/511/511
f 512/512/512 511/511/511 513/513/513
f 514/514/514 512/512/512 513/513/513
f 514/514/514 513/513/513 515/515/515
f 310/310/310 514/514/514 515/515/515
f 310/310/310 515/515/515 311/311/311
f 516/516/516 315/315/315 314/314/314
f 516/516/516 314/314/314 517/517/517
f 518/518/518 516/516/516 517/517/517
f 518/518/518 517/517/517 519/519/519
f 520/520/520 518/518/518 519/519/519
f 520/520/520 519/519/519 521/521/521
f 522/522/522 520/520/520 521/521/521
f 522/522/522 521/521/521 523/523/523
f 524/524/524 525/525/525 526/526/526
f 524/524/524 526/526/526 527/527/527
f 528/528/528 524/524/524 527/527/527
f 528/528/528 527/527/527 529/529/529
f 530/530/530 528/528/528 529/529/529
f 530/530/530 529/529/529 531/531/531
f 330/330/330 530/530/530 531/531/531
f 330/330/330 531/531/531 331/331/331
f 532/532/532 335/335/335 334/334/334
f 532/532/532 334/334/334 533/533/533
f 534/534/534 532/532/532 533/533/533
f 534/534/534 533/533/533 535/535/535
f 536/536/536 534/534/534 535/535/535
f 536/536/536 535/535/535 537/537/537
f 538/538/538 536/536/536 537/537/537
f 538/538/538 537/537/537 539/539/539
f 540/540/540 541/541/541 542/542/542
f 540/540/540 542/542/542 543/543/543
f 544/544/544 540/540/540 543/543/543
f 544/544/544 543/543/543 545/545/545
f 546/546/546 544/544/544 545/545/545
f 546/546/546 545/545/545 547/547/547
f 350/350/350 546/546/546 547/547/547
f 350/350/350 547/547/547 351/351/351
f 548/548/548 355/355/355 354/354/354
f 548/548/548 354/354/354 462/462/462
f 549/549/549 548/548/548 462/462/462
f 549/549/549 462/462/462 465/465/465
f 550/550/550 549/549/549 465/465/465
f 550/550/550 465/465/465 467/467/467
f 551/551/551 550/550/550 467/467/467
f 551/551/551 467/467/467 469/469/469
f 552/552/552 553/553/553 459/459/459
f 552/552/552 459/459/459 458/458/458
f 554/554/554 552/552/552 458/458/458
f 554/554/554 458/458/458 460/460/460
f 555/555/555 554/554/554 460/460/460
f 555/555/555 460/460/460 461/461/461
f 370/370/370 555/555/555 461/461/461
f 370/370/370 461/461/461 371/371/371
f 372/372/372 556/556/556 555/555/555
f 372/372/372 555/555/555 370/370/370
f 556/556/556 557/557/557 554/554/554
f 556/556/556 554/554/554 555/555/555
f 557/557/557 558/558/558 552/552/552
f 557/557/557 552/552/552 554/554/554
f 558/558/558 559/559/559 553/553/553
f 558/558/558 553/553/553 552/552/552
f 560/560/560 561/561/561 550/550/550
f 560/560/560 550/550/550 551/551/551
f 561/561/561 562/562/562 549/549/549
f 561/561/561 549/549/549 550/550/550
f 562/562/562 563/563/563 548/548/548
f 562/562/562 548/548/548 549/549/549
f 563/563/563 381/381/381 355/355/355
f 563/563/563 355/355/355 548/548/548
f 331/331/331 531/531/531 564/564/564
f 331/331/331 564/564/564 382/382/382
f 531/531/531 529/529/529 565/565/565
f 531/531/531 565/565/565 564/564/564
f 529/529/529 527/527/527 566/566/566
f 529/529/529 566/566/566 565/565/565
f 527/527/527 526/526/526 567/567/567
f 527/527/527 567/567/567 566/566/566
f 523/523/523 521/521/521 568/568/568
f 523/523/523 568/568/568 569/569/569
f 521/521/521 519/519/519 570/570/570
f 521/521/521 570/570/570 568/568/568
f 519/519/519 517/517/517 571/571/571
f 519/519/519 571/571/571 570/570/570
f 517/517/517 314/314/314 391/391/391
f 517/517/517 391/391/391 571/571/571
f 392/392/392 572/572/572 514/514/514
f 392/392/392 514/514/514 310/310/310
f 572/572/572 573/573/573 512/512/512
f 572/572/572 512/512/512 514/514/514
f 573/573/573 574/574/574 508/508/508
f 573/573/573 508/508/508 512/512/512
f 574/574/574 575/575/575 509/509/509
f 574/574/574 509/509/509 508/508/508
f 576/576/576 577/577/577 504/504/504
f 576/576/576 504/504/504 506/506/506
f 577/577/577 578/578/578 502/502/502
f 577/577/577 502/502/502 504/504/504
f 578/578/578 579/579/579 500/500/500
f 578/578/578 500/500/500 502/502/502
f 579/579/579 401/401/401 295/295/295
f 579/579/579 295/295/295 500/500/500
f 485/485/485 274/274/274 403/403/403
f 485/485/485 403/403/403 580/580/580
f 487/487/487 485/485/485 580/580/580
f 487/487/487 580/580/580 581/581/581
f 489/489/489 487/487/487 581/581/581
f 489/489/489 581/581/581 582/582/582
f 491/491/491 489/489/489 582/582/582
f 491/491/491 582/582/582 583/583/583
f 495/495/495 494/494/494 584/584/584
f 495/495/495 584/584/584 585/585/585
f 497/497/497 495/495/495 585/585/585
f 497/497/497 585/585/585 586/586/586
f 499/499/499 497/497/497 586/586/586
f 499/499/499 586/586/586 587/587/587
f 291/291/291 499/499/499 587/587/587
f 291/291/291 587/587/587 411/411/411
f 412/412/412 588/588/588 589/589/589
f 412/412/412 589/589/589 413/413/413
f 588/588/588 590/590/590 591/591/591
f 588/588/588 591/591/591 589/589/589
f 590/590/590 592/592/592 593/593/593
f 590/590/590 593/593/593 591/591/591
f 592/592/592 594/594/594 595/595/595
f 592/592/592 595/595/595 593/593/593
f 594/594/594 596/596/596 597/597/597
f 594/594/594 597/597/597 595/595/595
f 596/596/596 598/598/598 599/599/599
f 596/596/596 599/599/599 597/597/597
f 598/598/598 600/600/600 601/601/601
f 598/598/598 601/601/601 599/599/599
f 600/600/600 429/429/429 428/428/428
f 600/600/600 428/428/428 601/601/601
f 202/202/202 217/217/217 602/602/602
f 202/202/202 602/602/602 603/603/603
f 216/216/216 219/219/219 450/450/450
f 216/216/216 450/450/450 604/604/604
f 217/217/217 216/216/216 604/604/604
f 217/217/217 604/604/604 602/602/602
f 213/213/213 211/211/211 605/605/605
f 213/213/213 605/605/605 451/451/451
f 211/211/211 209/209/209 606/606/606
f 211/211/211 606/606/606 605/605/605
f 209/209/209 207/207/207 607/607/607
f 209/209/209 607/607/607 606/606/606
f 207/207/207 206/206/206 608/608/608
f 207/207/207 608/608/608 607/607/607
f 203/203/203 202/202/202 603/603/603
f 203/203/203 603/603/603 609/609/609
f 610/610/610 611/611/611 612/612/612
f 610/610/610 612/612/612 613/613/613
f 611/611/611 614/614/614 615/615/615
f 611/611/611 615/615/615 612/612/612
f 616/616/616 617/617/617 618/618/618
f 616/616/616 618/618/618 619/619/619
f 617/617/617 620/620/620 621/621/621
f 617/617/617 621/621/621 618/618/618
f 622/622/622 610/610/610 613/613/613
f 622/622/622 613/613/613 623/623/623
f 624/624/624 625/625/625 626/626/626
f 624/624/624 626/626/626 627/627/627
f 628/628/628 629/629/629 630/630/630
f 628/628/628 630/630/630 631/631/631
f 625/625/625 632/632/632 633/633/633
f 625/625/625 633/633/633 626/626/626
f 634/634/634 616/616/616 619/619/619
f 634/634/634 619/619/619 635/635/635
f 632/632/632 636/636/636 637/637/637
f 632/632/632 637/637/637 633/633/633
f 638/638/638 628/628/628 631/631/631
f 638/638/638 631/631/631 639/639/639
f 614/614/614 640/640/640 641/641/641
f 614/614/614 641/641/641 615/615/615
f 640/640/640 638/638/638 639/639/639
f 640/640/640 639/639/639 641/641/641
f 636/636/636 634/634/634 635/635/635
f 636/636/636 635/635/635 637/637/637
f 629/629/629 642/642/642 643/643/643
f 629/629/629 643/643/643 630/630/630
f 644/644/644 624/624/624 627/627/627
f 644/644/644 627/627/627 645/645/645
f 646/646/646 647/647/647 648/648/648
f 646/646/646 648/648/648 649/649/649
f 650/650/650 651/651/651 652/652/652
f 650/650/650 652/652/652 653/653/653
f 654/654/654 655/655/655 656/656/656
f 654/654/654 656/656/656 657/657/657
f 658/658/658 659/659/659 660/660/660
f 658/658/658 660/660/660 661/661/661
f 662/662/662 663/663/663 664/664/664
f 662/662/662 664/664/664 665/665/665
f 663/663/663 666/666/666 667/667/667
f 663/663/663 667/667/667 664/664/664
f 668/668/668 669/669/669 670/670/670
f 668/668/668 670/670/670 671/671/671
f 669/669/669 672/672/672 673/673/673
f 669/669/669 673/673/673 670/670/670
f 674/674/674 662/662/662 665/665/665
f 674/674/674 665/665/665 675/675/675
f 659/659/659 676/676/676 677/677/677
f 659/659/659 677/677/677 660/660/660
f 678/678/678 654/654/654 657/657/657
f 678/678/678 657/657/657 679/679/679
f 676/676/676 680/680/680 681/681/681
f 676/676/676 681/681/681 677/677/677
f 651/651/651 668/668/668 671/671/671
f 651/651/651 671/671/671 652/652/652
f 680/680/680 650/650/650 653/653/653
f 680/680/680 653/653/653 681/681/681
f 647/647/647 678/678/678 679/679/679
f 647/647/647 679/679/679 648/648/648
f 666/666/666 646/646/646 649/649/649
f 666/666/666 649/649/649 667/667/667
f 682/682/682 683/683/683 684/684/684
f 682/682/682 684/684/684 685/685/685
f 686/686/686 682/682/682 685/685/685
f 686/686/686 685/685/685 687/687/687
f 688/688/688 689/689/689 690/690/690
f 688/688/688 690/690/690 691/691/691
f 692/692/692 693/693/693 694/694/694
f 692/692/692 694/694/694 695/695/695
f 696/696/696 697/697/697 698/698/698
f 696/696/696 698/698/698 699/699/699
f 700/700/700 701/701/701 702/702/702
f 700/700/700 702/702/702 703/703/703
f 683/683/683 700/700/700 703/703/703
f 683/683/683 703/703/703 684/684/684
f 701/701/701 704/704/704 705/705/705
f 701/701/701 705/705/705 702/702/702
f 706/706/706 696/696/696 699/699/699
f 706/706/706 699/699/699 707/707/707
f 697/697/697 708/708/708 709/709/709
f 697/697/697 709/709/709 698/698/698
f 710/710/710 706/706/706 707/707/707
f 710/710/710 707/707/707 711/711/711
f 704/704/704 692/692/692 695/695/695
f 704/704/704 695/695/695 705/705/705
f 689/689/689 710/710/710 711/711/711
f 689/689/689 711/711/711 690/690/690
f 712/712/712 686/686/686 687/687/687
f 712/712/712 687/687/687 713/713/713
f 714/714/714 715/715/715 716/716/716
f 714/714/714 716/716/716 717/717/717
f 708/708/708 714/714/714 717/717/717
f 708/708/708 717/717/717 709/709/709
f 718/718/718 719/719/719 720/720/720
f 718/718/718 720/720/720 721/721/721
f 722/722/722 723/723/723 724/724/724
f 722/722/722 724/724/724 725/725/725
f 726/726/726 727/727/727 728/728/728
f 726/726/726 728/728/728 729/729/729
f 730/730/730 731/731/731 732/732/732
f 730/730/730 732/732/732 733/733/733
f 734/734/734 730/730/730 733/733/733
f 734/734/734 733/733/733 735/735/735
f 731/731/731 736/736/736 737/737/737
f 731/731/731 737/737/737 732/732/732
f 738/738/738 726/726/726 729/729/729
f 738/738/738 729/729/729 739/739/739
f 727/727/727 740/740/740 741/741/741
f 727/727/727 741/741/741 728/728/728
f 742/742/742 738/738/738 739/739/739
f 742/742/742 739/739/739 743/743/743
f 736/736/736 722/722/722 725/725/725
f 736/736/736 725/725/725 737/737/737
f 719/719/719 742/742/742 743/743/743
f 719/719/719 743/743/743 720/720/720
f 744/744/744 745/745/745 746/746/746
f 744/744/744 746/746/746 747/747/747
f 748/748/748 749/749/749 750/750/750
f 748/748/748 750/750/750 751/751/751
f 740/740/740 748/748/748 751/751/751
f 740/740/740 751/751/751 741/741/741
f 752/752/752 734/734/734 735/735/735
f 752/752/752 735/735/735 753/753/753
f 745/745/745 752/752/752 753/753/753
f 745/745/745 753/753/753 746/746/746
f 754/754/754 755/755/755 756/756/756
f 754/754/754 756/756/756 757/757/757
f 758/758/758 759/759/759 760/760/760
f 758/758/758 760/760/760 761/761/761
f 755/755/755 762/762/762 763/763/763
f 755/755/755 763/763/763 756/756/756
f 764/764/764 765/765/765 766/766/766
f 764/764/764 766/766/766 767/767/767
f 768/768/768 769/769/769 770/770/770
f 768/768/768 770/770/770 771/771/771
f 769/769/769 764/764/764 767/767/767
f 769/769/769 767/767/767 770/770/770
f 762/762/762 758/758/758 761/761/761
f 762/762/762 761/761/761 763/763/763
f 772/772/772 773/773/773 774/774/774
f 772/772/772 774/774/774 775/775/775
f 776/776/776 777/777/777 778/778/778
f 776/776/776 778/778/778 779/779/779
f 780/780/780 781/781/781 782/782/782
f 780/780/780 782/782/782 783/783/783
f 781/781/781 768/768/768 771/771/771
f 781/781/781 771/771/771 782/782/782
f 759/759/759 784/784/784 785/785/785
f 759/759/759 785/785/785 760/760/760
f 784/784/784 786/786/786 787/787/787
f 784/784/784 787/787/787 785/785/785
f 788/788/788 780/780/780 783/783/783
f 788/788/788 783/783/783 789/789/789
f 777/777/777 754/754/754 757/757/757
f 777/777/777 757/757/757 778/778/778
f 765/765/765 772/772/772 775/775/775
f 765/765/765 775/775/775 766/766/766
f 790/790/790 791/791/791 772/772/772
f 790/790/790 772/772/772 765/765/765
f 792/792/792 793/793/793 754/754/754
f 792/792/792 754/754/754 777/777/777
f 794/794/794 795/795/795 780/780/780
f 794/794/794 780/780/780 788/788/788
f 796/796/796 797/797/797 786/786/786
f 796/796/796 786/786/786 784/784/784
f 798/798/798 796/796/796 784/784/784
f 798/798/798 784/784/784 759/759/759
f 799/799/799 800/800/800 768/768/768
f 799/799/799 768/768/768 781/781/781
f 795/795/795 799/799/799 781/781/781
f 795/795/795 781/781/781 780/780/780
f 801/801/801 792/792/792 777/777/777
f 801/801/801 777/777/777 776/776/776
f 791/791/791 802/802/802 773/773/773
f 791/791/791 773/773/773 772/772/772
f 803/803/803 804/804/804 758/758/758
f 803/803/803 758/758/758 762/762/762
f 805/805/805 806/806/806 764/764/764
f 805/805/805 764/764/764 769/769/769
f 800/800/800 805/805/805 769/769/769
f 800/800/800 769/769/769 768/768/768
f 806/806/806 790/790/790 765/765/765
f 806/806/806 765/765/765 764/764/764
f 807/807/807 803/803/803 762/762/762
f 807/807/807 762/762/762 755/755/755
f 804/804/804 798/798/798 759/759/759
f 804/804/804 759/759/759 758/758/758
f 793/793/793 807/807/807 755/755/755
f 793/793/793 755/755/755 754/754/754
f 808/808/808 809/809/809 761/761/761
f 808/808/808 761/761/761 760/760/760
f 809/809/809 810/810/810 763/763/763
f 809/809/809 763/763/763 761/761/761
f 810/810/810 811/811/811 756/756/756
f 810/810/810 756/756/756 763/763/763
f 811/811/811 812/812/812 757/757/757
f 811/811/811 757/757/757 756/756/756
f 812/812/812 813/813/813 778/778/778
f 812/812/812 778/778/778 757/757/757
f 813/813/813 814/814/814 779/779/779
f 813/813/813 779/779/779 778/778/778
f 815/815/815 816/816/816 775/775/775
f 815/815/815 775/775/775 774/774/774
f 816/816/816 817/817/817 766/766/766
f 816/816/816 766/766/766 775/775/775
f 817/817/817 818/818/818 767/767/767
f 817/817/817 767/767/767 766/766/766
f 818/818/818 819/819/819 770/770/770
f 818/818/818 770/770/770 767/767/767
f 819/819/819 820/820/820 771/771/771
f 819/819/819 771/771/771 770/770/770
f 820/820/820 821/821/821 782/782/782
f 820/820/820 782/782/782 771/771/771
f 821/821/821 822/822/822 783/783/783
f 821/821/821 783/783/783 782/782/782
f 822/822/822 823/823/823 789/789/789
f 822/822/822 789/789/789 783/783/783
f 824/824/824 825/825/825 785/785/785
f 824/824/824 785/785/785 787/787/787
f 825/825/825 808/808/808 760/760/760
f 825/825/825 760/760/760 785/785/785
f 826/826/826 827/827/827 808/808/808
f 826/826/826 808/808/808 825/825/825
f 828/828/828 826/826/826 825/825/825
f 828/828/828 825/825/825 824/824/824
f 829/829/829 830/830/830 823/823/823
f 829/829/829 823/823/823 822/822/822
f 831/831/831 829/829/829 822/822/822
f 831/831/831 822/822/822 821/821/821
f 832/832/832 831/831/831 821/821/821
f 832/832/832 821/821/821 820/820/820
f 833/833/833 832/832/832 820/820/820
f 833/833/833 820/820/820 819/819/819
f 834/834/834 833/833/833 819/819/819
f 834/834/834 819/819/819 818/818/818
f 835/835/835 834/834/834 818/818/818
f 835/835/835 818/818/818 817/817/817
f 836/836/836 835/835/835 817/817/817
f 836/836/836 817/817/817 816/816/816
f 837/837/837 836/836/836 816/816/816
f 837/837/837 816/816/816 815/815/815
f 838/838/838 839/839/839 814/814/814
f 838/838/838 814/814/814 813/813/813
f 840/840/840 838/838/838 813/813/813
f 840/840/840 813/813/813 812/812/812
f 841/841/841 840/840/840 812/812/812
f 841/841/841 812/812/812 811/811/811
f 842/842/842 841/841/841 811/811/811
f 842/842/842 811/811/811 810/810/810
f 843/843/843 842/842/842 810/810/810
f 843/843/843 810/810/810 809/809/809
f 827/827/827 843/843/843 809/809/809
f 827/827/827 809/809/809 808/808/808
f 836/836/836 844/844/844 845/845/845
f 836/836/836 845/845/845 835/835/835
f 834/834/834 846/846/846 847/847/847
f 834/834/834 847/847/847 833/833/833
f 832/832/832 848/848/848 849/849/849
f 832/832/832 849/849/849 831/831/831
f 829/829/829 850/850/850 851/851/851
f 829/829/829 851/851/851 830/830/830
f 826/826/826 852/852/852 853/853/853
f 826/826/826 853/853/853 827/827/827
f 843/843/843 854/854/854 855/855/855
f 843/843/843 855/855/855 842/842/842
f 838/838/838 856/856/856 857/857/857
f 838/838/838 857/857/857 839/839/839
f 840/840/840 858/858/858 856/856/856
f 840/840/840 856/856/856 838/838/838
f 837/837/837 859/859/859 844/844/844
f 837/837/837 844/844/844 836/836/836
f 835/835/835 845/845/845 846/846/846
f 835/835/835 846/846/846 834/834/834
f 833/833/833 847/847/847 848/848/848
f 833/833/833 848/848/848 832/832/832
f 831/831/831 849/849/849 850/850/850
f 831/831/831 850/850/850 829/829/829
f 828/828/828 860/860/860 852/852/852
f 828/828/828 852/852/852 826/826/826
f 827/827/827 853/853/853 854/854/854
f 827/827/827 854/854/854 843/843/843
f 842/842/842 855/855/855 861/861/861
f 842/842/842 861/861/861 841/841/841
f 841/841/841 861/861/861 858/858/858
f 841/841/841 858/858/858 840/840/840
