o queen
v 0.1827313 0.0 -0.07568981
v 0.19778691 0.0 0.0
v 0.0 0.0 0.0
v 0.0 0.0 0.19778696
v -0.07568975 0.0 0.18273136
v -0.1827313 0.0 -0.07568984
v -0.13985653 0.0 -0.13985656
v 0.07568975 0.0 -0.18273133
v 0.13985653 0.0 -0.1398565
v 0.13985653 0.0 0.13985647
v 0.07568975 0.0 0.18273136
v -0.1827313 0.0 0.07568981
v -0.19778702 0.0 0.0
v 0.1827313 0.0 0.07568981
v -0.13985653 0.0 0.13985659
v -0.07568975 0.0 -0.18273136
v 0.0 0.0 -0.19778696
v 1.8224341E-4 0.8196766 -0.011336279
v 1.8224341E-4 0.8219315 -5.815042E-8
v 0.0045204973 0.8196766 -0.010473356
v 0.008198163 0.8196766 -0.008015977
v 0.0106556 0.8196766 -0.004338225
v 0.011518551 0.8196766 -5.815042E-8
v 0.0106556 0.8196766 0.004338138
v 0.008198163 0.8196766 0.008015861
v 0.0045204973 0.8196766 0.010473239
v 1.8224341E-4 0.8196766 0.011336163
v -0.0041558943 0.8196766 0.010473239
v -0.0078336755 0.8196766 0.008015861
v -0.010290996 0.8196766 0.004338138
v -0.0111539485 0.8196766 -5.815042E-8
v -0.010290996 0.8196766 -0.004338225
v -0.0078336755 0.8196766 -0.008015977
v -0.0041558943 0.8196766 -0.010473356
v 0.07179553 0.5520745 0.07179559
v 0.09380535 0.5520745 0.0388555
v 0.083138935 0.5562527 0.034437317
v 0.063631795 0.5562527 0.063631855
v 0.0 0.12449127 -0.16959314
v 0.0 0.1583747 -0.12220706
v 0.046766546 0.1583747 -0.11290459
v 0.064900406 0.12449127 -0.15668362
v 0.08641338 0.1583747 -0.08641344
v 0.11992047 0.12449127 -0.11992047
v 0.11290462 0.1583747 -0.0467666
v 0.15668362 0.12449127 -0.06490049
v 0.12220706 0.1583747 0.0
v 0.16959314 0.12449127 0.0
v 0.11290462 0.1583747 0.0467666
v 0.15668362 0.12449127 0.06490052
v 0.08641338 0.1583747 0.08641344
v 0.11992047 0.12449127 0.11992047
v 0.046766546 0.1583747 0.11290456
v 0.064900406 0.12449127 0.15668362
v 0.0 0.1583747 0.12220706
v 0.0 0.12449127 0.16959314
v 0.0 0.12449127 0.16959314
v 0.0 0.1583747 0.12220706
v -0.04676666 0.1583747 0.11290462
v -0.06490052 0.12449127 0.15668368
v -0.08641338 0.1583747 0.08641344
v -0.11992047 0.12449127 0.11992053
v -0.11290462 0.1583747 0.0467666
v -0.15668362 0.12449127 0.06490052
v -0.12220706 0.1583747 0.0
v -0.16959314 0.12449127 0.0
v -0.11290462 0.1583747 -0.04676663
v -0.15668362 0.12449127 -0.06490052
v -0.08641338 0.1583747 -0.08641344
v -0.11992047 0.12449127 -0.1199205
v -0.046766546 0.1583747 -0.11290462
v -0.064900406 0.12449127 -0.15668368
v -0.046766546 0.1583747 -0.11290462
v -0.046649545 0.16907647 -0.11262213
v 0.0 0.1690765 -0.1219013
v 0.0 0.1583747 -0.12220706
v -0.08641338 0.1583747 -0.08641344
v -0.08619718 0.1690765 -0.08619727
v -0.11290462 0.1583747 -0.04676663
v -0.11262213 0.1690765 -0.046649635
v -0.12220706 0.1583747 0.0
v -0.1219013 0.16907647 0.0
v -0.11290462 0.1583747 0.0467666
v -0.11262213 0.16907647 0.046649605
v -0.08641338 0.1583747 0.08641344
v -0.08619718 0.16907647 0.08619724
v -0.04676666 0.1583747 0.11290462
v -0.04664966 0.16907647 0.11262213
v 0.0 0.1583747 0.12220706
v 0.0 0.1690765 0.1219013
v 0.046766546 0.1583747 0.11290456
v 0.046649545 0.16907647 0.11262213
v 0.0 0.1690765 0.1219013
v 0.0 0.1583747 0.12220706
v 0.08641338 0.1583747 0.08641344
v 0.08619718 0.1690765 0.08619724
v 0.11290462 0.1583747 0.0467666
v 0.11262213 0.1690765 0.046649605
v 0.12220706 0.1583747 0.0
v 0.1219013 0.16907647 0.0
v 0.11290462 0.1583747 -0.0467666
v 0.11262213 0.16907647 -0.046649605
v 0.08641338 0.1583747 -0.08641344
v 0.08619718 0.16907647 -0.08619724
v 0.046766546 0.1583747 -0.11290459
v 0.046649545 0.16907647 -0.11262213
v 0.0 0.1690765 -0.1219013
v 0.0 0.17654885 -0.10846655
v 0.04150835 0.17654885 -0.10021003
v 0.046649545 0.16907647 -0.11262213
v 0.07669738 0.17654885 -0.07669744
v 0.08619718 0.16907647 -0.08619724
v 0.10021003 0.17654885 -0.04150835
v 0.11262213 0.16907647 -0.046649605
v 0.10846658 0.17654885 0.0
v 0.1219013 0.16907647 0.0
v 0.10021003 0.17654885 0.04150835
v 0.11262213 0.1690765 0.046649605
v 0.07669738 0.17654885 0.07669744
v 0.08619718 0.1690765 0.08619724
v 0.04150835 0.17654885 0.10021003
v 0.046649545 0.16907647 0.11262213
v 0.0 0.17654885 0.10846658
v 0.0 0.1690765 0.1219013
v 0.0 0.1690765 0.1219013
v 0.0 0.17654885 0.10846658
v -0.04150835 0.17654885 0.10021003
v -0.04664966 0.16907647 0.11262213
v -0.0766975 0.17654885 0.07669744
v -0.08619718 0.16907647 0.08619724
v -0.10021003 0.17654885 0.04150835
v -0.11262213 0.16907647 0.046649605
v -0.10846658 0.17654885 0.0
v -0.1219013 0.16907647 0.0
v -0.10021003 0.17654885 -0.04150838
v -0.11262213 0.1690765 -0.046649635
v -0.07669738 0.17654885 -0.07669747
v -0.08619718 0.1690765 -0.08619727
v -0.04150835 0.17654885 -0.10021006
v -0.046649545 0.16907647 -0.11262213
v -0.07787865 0.0037833827 -0.18801601
v -0.07787865 0.051075898 -0.18801601
v 0.0 0.051075898 -0.20350705
v 0.0 0.0037833827 -0.20350705
v -0.14390124 0.0037833827 -0.14390124
v -0.14390124 0.051075898 -0.14390124
v -0.18801601 0.0037833827 -0.077878825
v -0.18801601 0.051075898 -0.077878825
v -0.20350705 0.0037833827 0.0
v -0.20350705 0.051075898 0.0
v -0.18801601 0.0037833827 0.077878825
v -0.18801601 0.051075898 0.077878825
v -0.14390124 0.0037833827 0.14390124
v -0.14390124 0.051075898 0.14390124
v -0.077878766 0.0037833827 0.18801601
v -0.077878766 0.051075898 0.18801601
v 0.0 0.0037833827 0.20350705
v 0.0 0.051075898 0.20350705
v 0.077878766 0.0037833827 0.18801595
v 0.077878766 0.051075898 0.18801595
v 0.0 0.051075898 0.20350705
v 0.0 0.0037833827 0.20350705
v 0.14390124 0.0037833827 0.14390118
v 0.14390124 0.051075898 0.14390118
v 0.18801601 0.0037833827 0.077878766
v 0.18801601 0.051075898 0.077878766
v 0.20350705 0.0037833827 0.0
v 0.20350705 0.051075898 0.0
v 0.18801601 0.0037833827 -0.077878766
v 0.18801601 0.051075898 -0.077878766
v 0.14390124 0.0037833827 -0.14390118
v 0.14390124 0.051075898 -0.14390118
v 0.077878766 0.0037833827 -0.18801598
v 0.077878766 0.051075898 -0.18801598
v -0.07112308 0.062455468 -0.17170647
v -0.06617029 0.073835015 -0.15974931
v 0.0 0.073835015 -0.17291138
v 0.0 0.062455468 -0.18585369
v -0.13141844 0.062455468 -0.13141844
v -0.12226684 0.073835015 -0.12226684
v -0.17170644 0.062455468 -0.07112317
v -0.15974931 0.073835015 -0.06617035
v -0.18585373 0.062455468 0.0
v -0.17291144 0.073835015 0.0
v -0.17170644 0.06245544 0.07112314
v -0.15974931 0.073835015 0.06617035
v -0.13141844 0.062455468 0.13141844
v -0.12226684 0.073835045 0.12226684
v -0.07112308 0.062455468 0.17170644
v -0.06617029 0.073835045 0.15974931
v 0.0 0.062455468 0.18585369
v 0.0 0.073835015 0.17291138
v 0.07112308 0.062455468 0.17170644
v 0.06617029 0.073835015 0.15974927
v 0.0 0.073835015 0.17291138
v 0.0 0.062455468 0.18585369
v 0.13141844 0.062455468 0.13141844
v 0.12226684 0.073835015 0.122266784
v 0.17170644 0.062455468 0.07112314
v 0.15974931 0.073835015 0.06617035
v 0.18585373 0.062455468 0.0
v 0.17291132 0.073835015 0.0
v 0.17170644 0.062455468 -0.07112314
v 0.15974931 0.073835015 -0.06617032
v 0.13141844 0.062455468 -0.13141844
v 0.12226684 0.073835015 -0.122266814
v 0.07112308 0.062455468 -0.17170644
v 0.06617029 0.073835015 -0.15974928
v -0.06617029 0.073835015 -0.15974931
v -0.070426784 0.07866699 -0.17002551
v 0.0 0.07866699 -0.18403424
v 0.0 0.073835015 -0.17291138
v -0.12226684 0.073835015 -0.12226684
v -0.1301318 0.07866699 -0.13013189
v -0.15974931 0.073835015 -0.06617035
v -0.17002542 0.07866699 -0.0704269
v -0.17291144 0.073835015 0.0
v -0.18403421 0.07866699 0.0
v -0.15974931 0.073835015 0.06617035
v -0.17002542 0.07866699 0.0704269
v -0.12226684 0.073835045 0.12226684
v -0.13013192 0.07866699 0.13013192
v -0.06617029 0.073835045 0.15974931
v -0.070426784 0.07866699 0.17002548
v 0.0 0.073835015 0.17291138
v 0.0 0.07866699 0.18403427
v 0.06617029 0.073835015 0.15974927
v 0.070426784 0.07866699 0.17002548
v 0.0 0.07866699 0.18403427
v 0.0 0.073835015 0.17291138
v 0.12226684 0.073835015 0.122266784
v 0.1301318 0.07866699 0.13013186
v 0.15974931 0.073835015 0.06617035
v 0.17002542 0.07866699 0.070426844
v 0.17291132 0.073835015 0.0
v 0.18403421 0.07866699 0.0
v 0.15974931 0.073835015 -0.06617032
v 0.17002542 0.07866699 -0.070426844
v 0.12226684 0.073835015 -0.122266814
v 0.1301318 0.07866699 -0.13013186
v 0.06617029 0.073835015 -0.15974928
v 0.070426784 0.07866699 -0.17002548
v -0.07356819 0.08584776 -0.17760952
v -0.07430798 0.09848262 -0.17939544
v 0.0 0.09848262 -0.19417617
v 0.0 0.08584776 -0.1922431
v -0.13593638 0.08584776 -0.13593644
v -0.13730326 0.09848262 -0.13730332
v -0.17760952 0.08584776 -0.07356831
v -0.17939544 0.09848262 -0.07430804
v -0.19224308 0.08584776 0.0
v -0.19417623 0.09848262 0.0
v -0.17760952 0.08584776 0.07356831
v -0.17939544 0.09848262 0.07430804
v -0.13593638 0.08584776 0.13593644
v -0.13730326 0.09848262 0.13730332
v -0.07356819 0.08584776 0.17760952
v -0.07430798 0.09848262 0.17939538
v 0.0 0.08584776 0.19224313
v 0.0 0.09848262 0.19417617
v 0.07356819 0.08584776 0.17760947
v 0.07430798 0.09848262 0.17939538
v 0.0 0.09848262 0.19417617
v 0.0 0.08584776 0.19224313
v 0.13593638 0.08584776 0.13593644
v 0.13730326 0.09848262 0.13730326
v 0.17760941 0.08584776 0.07356825
v 0.17939532 0.09848262 0.07430804
v 0.19224308 0.08584776 0.0
v 0.19417611 0.09848262 0.0
v 0.17760952 0.08584776 -0.07356825
v 0.17939532 0.09848262 -0.07430798
v 0.13593638 0.08584776 -0.13593641
v 0.13730326 0.09848262 -0.13730326
v 0.07356819 0.08584776 -0.17760947
v 0.07430798 0.09848262 -0.17939538
v -0.0719715 0.11148694 -0.17375486
v 0.0 0.11148694 -0.18807085
v -0.13298617 0.11148694 -0.1329862
v -0.17375486 0.11148694 -0.07197164
v -0.18807091 0.11148694 0.0
v -0.17375486 0.11148691 0.07197161
v -0.13298617 0.11148694 0.13298623
v -0.07197161 0.11148694 0.17375486
v 0.0 0.11148694 0.18807085
v 0.07197161 0.11148694 0.1737548
v 0.0 0.11148694 0.18807085
v 0.13298617 0.11148694 0.13298617
v 0.17375474 0.11148694 0.07197161
v 0.18807079 0.11148694 0.0
v 0.17375474 0.11148694 -0.07197161
v 0.13298617 0.11148694 -0.13298617
v 0.07197161 0.11148694 -0.1737548
v 0.0 0.09848262 -0.19417617
v 0.07430798 0.09848262 -0.17939538
v 0.13730326 0.09848262 -0.13730326
v 0.17939532 0.09848262 -0.07430798
v 0.19417611 0.09848262 0.0
v 0.17939532 0.09848262 0.07430804
v 0.13730326 0.09848262 0.13730326
v 0.07430798 0.09848262 0.17939538
v 0.0 0.09848262 0.19417617
v 0.0 0.09848262 0.19417617
v -0.07430798 0.09848262 0.17939538
v -0.13730326 0.09848262 0.13730332
v -0.17939544 0.09848262 0.07430804
v -0.19417623 0.09848262 0.0
v -0.17939544 0.09848262 -0.07430804
v -0.13730326 0.09848262 -0.13730332
v -0.07430798 0.09848262 -0.17939544
v 0.0 0.08584776 -0.1922431
v 0.07356819 0.08584776 -0.17760947
v 0.13593638 0.08584776 -0.13593641
v 0.17760952 0.08584776 -0.07356825
v 0.19224308 0.08584776 0.0
v 0.17760941 0.08584776 0.07356825
v 0.13593638 0.08584776 0.13593644
v 0.07356819 0.08584776 0.17760947
v 0.0 0.08584776 0.19224313
v 0.0 0.08584776 0.19224313
v -0.07356819 0.08584776 0.17760952
v -0.13593638 0.08584776 0.13593644
v -0.17760952 0.08584776 0.07356831
v -0.19224308 0.08584776 0.0
v -0.17760952 0.08584776 -0.07356831
v -0.13593638 0.08584776 -0.13593644
v -0.07356819 0.08584776 -0.17760952
v 0.0 0.055408742 -0.20068997
v 0.07680077 0.055408742 -0.18541338
v 0.14190924 0.055408742 -0.14190924
v 0.18541332 0.055408742 -0.07680074
v 0.20069 0.055408742 0.0
v 0.18541332 0.055408742 0.07680077
v 0.14190924 0.055408742 0.14190924
v 0.07680077 0.055408742 0.18541338
v 0.0 0.055408742 0.20068996
v 0.0 0.055408742 0.20068996
v -0.07680077 0.055408742 0.18541338
v -0.14190924 0.055408742 0.1419093
v -0.18541342 0.055408742 0.07680077
v -0.20069 0.055408742 0.0
v -0.18541342 0.055408742 -0.07680077
v -0.14190924 0.055408742 -0.1419093
v -0.07680065 0.055408742 -0.18541342
v -0.07787865 0.051075898 -0.18801601
v -0.07680065 0.055408742 -0.18541342
v 0.0 0.055408742 -0.20068997
v 0.0 0.051075898 -0.20350705
v -0.14390124 0.051075898 -0.14390124
v -0.14190924 0.055408742 -0.1419093
v -0.18801601 0.051075898 -0.077878825
v -0.18541342 0.055408742 -0.07680077
v -0.20350705 0.051075898 0.0
v -0.20069 0.055408742 0.0
v -0.18801601 0.051075898 0.077878825
v -0.18541342 0.055408742 0.07680077
v -0.14390124 0.051075898 0.14390124
v -0.14190924 0.055408742 0.1419093
v -0.077878766 0.051075898 0.18801601
v -0.07680077 0.055408742 0.18541338
v 0.0 0.051075898 0.20350705
v 0.0 0.055408742 0.20068996
v 0.077878766 0.051075898 0.18801595
v 0.07680077 0.055408742 0.18541338
v 0.0 0.055408742 0.20068996
v 0.0 0.051075898 0.20350705
v 0.14390124 0.051075898 0.14390118
v 0.14190924 0.055408742 0.14190924
v 0.18801601 0.051075898 0.077878766
v 0.18541332 0.055408742 0.07680077
v 0.20350705 0.051075898 0.0
v 0.20069 0.055408742 0.0
v 0.18801601 0.051075898 -0.077878766
v 0.18541332 0.055408742 -0.07680074
v 0.14390124 0.051075898 -0.14390118
v 0.14190924 0.055408742 -0.14190924
v 0.077878766 0.051075898 -0.18801598
v 0.07680077 0.055408742 -0.18541338
v 0.0 0.0 -0.19778696
v 0.0 0.0037833827 -0.20350705
v 0.077878766 0.0037833827 -0.18801598
v 0.07568975 0.0 -0.18273133
v 0.14390124 0.0037833827 -0.14390118
v 0.13985653 0.0 -0.1398565
v 0.18801601 0.0037833827 -0.077878766
v 0.1827313 0.0 -0.07568981
v 0.20350705 0.0037833827 0.0
v 0.19778691 0.0 0.0
v 0.18801601 0.0037833827 0.077878766
v 0.1827313 0.0 0.07568981
v 0.14390124 0.0037833827 0.14390118
v 0.13985653 0.0 0.13985647
v 0.077878766 0.0037833827 0.18801595
v 0.07568975 0.0 0.18273136
v 0.0 0.0037833827 0.20350705
v 0.0 0.0 0.19778696
v -0.077878766 0.0037833827 0.18801601
v -0.07568975 0.0 0.18273136
v -0.14390124 0.0037833827 0.14390124
v -0.13985653 0.0 0.13985659
v -0.18801601 0.0037833827 0.077878825
v -0.1827313 0.0 0.07568981
v -0.20350705 0.0037833827 0.0
v -0.19778702 0.0 0.0
v -0.18801601 0.0037833827 -0.077878825
v -0.1827313 0.0 -0.07568984
v -0.14390124 0.0037833827 -0.14390124
v -0.13985653 0.0 -0.13985656
v -0.07787865 0.0037833827 -0.18801601
v -0.07568975 0.0 -0.18273136
v -0.027010288 0.3129658 -0.06520852
v -0.022792289 0.40633377 -0.055025358
v 0.0 0.40633377 -0.059559025
v 0.0 0.3129658 -0.070581175
v -0.04990841 0.3129658 -0.04990844
v -0.042114627 0.40633377 -0.042114597
v -0.06520849 0.3129658 -0.02701026
v -0.055025417 0.40633377 -0.022792261
v -0.070581235 0.3129658 0.0
v -0.059559055 0.40633377 0.0
v -0.06520849 0.3129658 0.02701026
v -0.055025417 0.40633377 0.022792261
v -0.04990841 0.3129658 0.04990847
v -0.042114627 0.40633377 0.04211457
v -0.027010288 0.3129658 0.06520854
v -0.022792289 0.40633377 0.055025358
v 0.0 0.3129658 0.070581175
v 0.0 0.40633377 0.059559
v 0.027010288 0.3129658 0.06520849
v 0.022792289 0.40633377 0.055025358
v 0.0 0.40633377 0.059559
v 0.0 0.3129658 0.070581175
v 0.04990841 0.3129658 0.04990841
v 0.04211451 0.40633377 0.04211457
v 0.06520849 0.3129658 0.02701026
v 0.0550253 0.40633377 0.022792261
v 0.070581116 0.3129658 0.0
v 0.05955894 0.40633377 0.0
v 0.06520849 0.3129658 -0.02701026
v 0.0550253 0.40633377 -0.022792231
v 0.04990841 0.3129658 -0.04990844
v 0.04211451 0.40633377 -0.04211457
v 0.027010288 0.3129658 -0.06520852
v 0.022792174 0.40633377 -0.055025358
v -0.022741815 0.47374874 -0.054903734
v 0.0 0.47374874 -0.059427373
v -0.042021472 0.47374874 -0.042021498
v -0.054903764 0.47374874 -0.022741873
v -0.059427403 0.47374874 0.0
v -0.054903764 0.47374874 0.022741873
v -0.042021472 0.47374874 0.042021472
v -0.022741815 0.47374874 0.05490371
v 0.0 0.47374874 0.059427343
v 0.022741815 0.47374874 0.05490371
v 0.0 0.47374874 0.059427343
v 0.042021472 0.47374874 0.042021472
v 0.05490365 0.47374874 0.022741873
v 0.059427287 0.47374874 0.0
v 0.05490365 0.47374874 -0.022741873
v 0.042021472 0.47374874 -0.042021498
v 0.022741815 0.47374874 -0.054903734
v 0.0 0.17654885 -0.10846655
v 0.0 0.23385854 -0.08657074
v 0.033129223 0.23385854 -0.07998093
v 0.04150835 0.17654885 -0.10021003
v 0.061214715 0.23385854 -0.06121477
v 0.07669738 0.17654885 -0.07669744
v -0.04150835 0.17654885 -0.10021006
v -0.033129223 0.23385854 -0.07998096
v -0.07669738 0.17654885 -0.07669747
v -0.061214715 0.23385854 -0.06121477
v -0.10021003 0.17654885 -0.04150838
v -0.0799809 0.23385854 -0.033129197
v -0.10846658 0.17654885 0.0
v -0.08657074 0.23385854 0.0
v -0.10021003 0.17654885 0.04150835
v -0.0799809 0.23385854 0.033129197
v -0.0766975 0.17654885 0.07669744
v -0.061214715 0.23385854 0.06121477
v -0.04150835 0.17654885 0.10021003
v -0.033129223 0.23385854 0.07998096
v 0.0 0.17654885 0.10846658
v 0.0 0.23385854 0.08657074
v 0.04150835 0.17654885 0.10021003
v 0.033129223 0.23385854 0.07998096
v 0.0 0.23385854 0.08657074
v 0.0 0.17654885 0.10846658
v 0.07669738 0.17654885 0.07669744
v 0.061214715 0.23385854 0.06121477
v 0.10021003 0.17654885 0.04150835
v 0.0799809 0.23385854 0.033129197
v 0.10846658 0.17654885 0.0
v 0.08657074 0.23385854 0.0
v 0.10021003 0.17654885 -0.04150835
v 0.0799809 0.23385854 -0.033129197
v -0.06363191 0.5562527 0.063631855
v -0.034437377 0.5562527 0.08313905
v -0.033248667 0.558609 0.08026921
v -0.061435454 0.558609 0.061435394
v -0.09380546 0.5520745 0.0388555
v -0.07179565 0.5520745 0.07179559
v -0.08313905 0.5562527 0.034437317
v 0.0 0.5520745 -0.1015343
v -0.03885553 0.5520745 -0.09380546
v -0.034437377 0.5562527 -0.08313905
v 0.0 0.5562527 -0.08998905
v 0.10153424 0.5520745 0.0
v 0.09380535 0.5520745 -0.03885547
v 0.083138935 0.5562527 -0.034437317
v 0.08998905 0.5562527 0.0
v -0.03885553 0.5520745 0.09380546
v 0.0 0.5520745 0.1015343
v 0.0 0.5562527 0.08998905
v -0.07179565 0.5520745 -0.07179562
v -0.09380546 0.5520745 -0.0388555
v -0.08313905 0.5562527 -0.034437347
v -0.06363191 0.5562527 -0.06363191
v 0.07179553 0.5520745 -0.07179559
v 0.03885541 0.5520745 -0.09380546
v 0.03443726 0.5562527 -0.08313905
v 0.063631795 0.5562527 -0.063631885
v 0.03885541 0.5520745 0.09380546
v 0.03443726 0.5562527 0.08313905
v -0.10153435 0.5520745 0.0
v -0.08998905 0.5562527 0.0
v 0.0 0.5520745 0.1015343
v 0.0 0.5562527 0.08998905
v -0.099540144 0.5254073 -0.041230857
v -0.107741445 0.5254073 0.0
v -0.112462096 0.536362 0.0
v -0.10390142 0.536362 -0.04303739
v 0.041230857 0.5254073 -0.099540085
v 0.0 0.5254073 -0.107741386
v 0.0 0.536362 -0.112462066
v 0.04303736 0.536362 -0.10390139
v 0.0 0.5254073 0.107741386
v 0.041230857 0.5254073 0.099540085
v 0.04303736 0.536362 0.103901364
v 0.0 0.536362 0.11246204
v 0.099540025 0.5254073 -0.041230828
v 0.07618461 0.5254073 -0.07618467
v 0.07952268 0.536362 -0.07952268
v 0.10390131 0.536362 -0.04303736
v -0.041230857 0.5254073 -0.099540085
v -0.07618473 0.5254073 -0.0761847
v -0.07952268 0.536362 -0.07952271
v -0.04303736 0.536362 -0.10390139
v -0.07618473 0.5254073 0.07618467
v -0.041230857 0.5254073 0.099540085
v -0.04303736 0.536362 0.10390142
v -0.07952268 0.536362 0.07952268
v 0.099540025 0.5254073 0.041230857
v 0.10774133 0.5254073 0.0
v 0.112461984 0.536362 0.0
v 0.10390131 0.536362 0.04303736
v -0.099540144 0.5254073 0.041230857
v -0.10390142 0.536362 0.04303736
v 0.07618461 0.5254073 0.07618467
v 0.07952268 0.536362 0.07952268
v 0.0 0.5254073 0.107741386
v 0.0 0.536362 0.11246204
v -0.10390142 0.536362 -0.04303739
v -0.112462096 0.536362 0.0
v -0.10926301 0.5460324 0.0
v -0.100945875 0.5460324 -0.041813117
v 0.04303736 0.536362 -0.10390139
v 0.0 0.536362 -0.112462066
v 0.0 0.5460324 -0.10926292
v 0.04181306 0.5460324 -0.100945786
v 0.0 0.536362 0.11246204
v 0.04303736 0.536362 0.103901364
v 0.04181306 0.5460324 0.100945756
v 0.0 0.5460324 0.10926295
v 0.10390131 0.536362 -0.04303736
v 0.07952268 0.536362 -0.07952268
v 0.07726051 0.5460324 -0.07726057
v 0.100945756 0.5460324 -0.041813087
v -0.04303736 0.536362 -0.10390139
v -0.07952268 0.536362 -0.07952271
v -0.07726062 0.5460324 -0.07726057
v -0.04181306 0.5460324 -0.100945786
v -0.07952268 0.536362 0.07952268
v -0.04303736 0.536362 0.10390142
v -0.041813176 0.5460324 0.100945815
v -0.07726062 0.5460324 0.07726057
v 0.10390131 0.536362 0.04303736
v 0.112461984 0.536362 0.0
v 0.10926289 0.5460324 0.0
v 0.100945756 0.5460324 0.041813117
v -0.10390142 0.536362 0.04303736
v -0.100945875 0.5460324 0.041813117
v 0.07952268 0.536362 0.07952268
v 0.07726051 0.5460324 0.07726057
v 0.0 0.536362 0.11246204
v 0.0 0.5460324 0.10926295
v -0.100945875 0.5460324 -0.041813117
v -0.10926301 0.5460324 0.0
v 0.04181306 0.5460324 -0.100945786
v 0.0 0.5460324 -0.10926292
v 0.0 0.5460324 0.10926295
v 0.04181306 0.5460324 0.100945756
v 0.100945756 0.5460324 -0.041813087
v 0.07726051 0.5460324 -0.07726057
v -0.04181306 0.5460324 -0.100945786
v -0.07726062 0.5460324 -0.07726057
v -0.07726062 0.5460324 0.07726057
v -0.041813176 0.5460324 0.100945815
v 0.100945756 0.5460324 0.041813117
v 0.10926289 0.5460324 0.0
v -0.100945875 0.5460324 0.041813117
v 0.07726051 0.5460324 0.07726057
v 0.0 0.5460324 0.10926295
v 0.043633632 0.51639706 0.043633692
v 0.057010088 0.51639706 0.023614362
v 0.079850994 0.51927847 0.033075377
v 0.061115276 0.51927847 0.061115276
v -0.057010207 0.51639706 0.023614362
v -0.043633632 0.51639706 0.043633692
v -0.061115276 0.51927847 0.061115276
v -0.079850994 0.51927847 0.033075377
v 0.0 0.51639706 -0.061707336
v -0.023614304 0.51639706 -0.057010148
v -0.033075377 0.51927847 -0.079850994
v 0.0 0.51927847 -0.08643007
v 0.061707247 0.51639706 0.0
v 0.057010088 0.51639706 -0.023614362
v 0.079850994 0.51927847 -0.033075348
v 0.08643001 0.51927847 0.0
v -0.02361442 0.51639706 0.057010148
v 0.0 0.51639706 0.061707307
v 0.0 0.51927847 0.08643007
v -0.033075377 0.51927847 0.079850994
v -0.043633632 0.51639706 -0.043633692
v -0.057010207 0.51639706 -0.023614392
v -0.079850994 0.51927847 -0.033075377
v -0.061115276 0.51927847 -0.061115306
v 0.043633632 0.51639706 -0.043633692
v 0.023614304 0.51639706 -0.057010148
v 0.033075377 0.51927847 -0.079850994
v 0.061115276 0.51927847 -0.061115276
v 0.023614304 0.51639706 0.057010148
v 0.033075377 0.51927847 0.079850994
v -0.061707366 0.51639706 0.0
v -0.08643013 0.51927847 0.0
v 0.0 0.51639706 0.061707307
v 0.0 0.51927847 0.08643007
v 0.099540025 0.5254073 0.041230857
v 0.07618461 0.5254073 0.07618467
v -0.07618473 0.5254073 0.07618467
v -0.099540144 0.5254073 0.041230857
v -0.041230857 0.5254073 -0.099540085
v 0.0 0.5254073 -0.107741386
v 0.099540025 0.5254073 -0.041230828
v 0.10774133 0.5254073 0.0
v 0.0 0.5254073 0.107741386
v -0.041230857 0.5254073 0.099540085
v -0.099540144 0.5254073 -0.041230857
v -0.07618473 0.5254073 -0.0761847
v 0.041230857 0.5254073 -0.099540085
v 0.07618461 0.5254073 -0.07618467
v 0.041230857 0.5254073 0.099540085
v -0.107741445 0.5254073 0.0
v 0.0 0.5254073 0.107741386
v -0.050944537 0.5781302 0.050944477
v -0.027570974 0.5781302 0.06656223
v -0.024254307 0.58016515 0.058554914
v -0.04481606 0.58016515 0.044816006
v 0.061435338 0.558609 -0.061435394
v 0.0802691 0.558609 -0.033248577
v -0.08026921 0.558609 0.033248607
v 0.08688266 0.558609 0.0
v -0.08688278 0.558609 0.0
v 0.0802691 0.558609 0.033248607
v -0.08026921 0.558609 -0.033248607
v 0.061435338 0.558609 0.061435394
v -0.061435454 0.558609 -0.061435394
v 0.033248547 0.558609 0.08026921
v -0.033248547 0.558609 -0.08026921
v 0.0 0.558609 0.08688278
v 0.0 0.558609 -0.08688278
v 0.033248547 0.558609 -0.08026921
v 0.0 0.558609 0.08688278
v 0.06656211 0.5781302 -0.027570946
v 0.05094442 0.5781302 -0.050944477
v 0.044815946 0.58016515 -0.044816006
v 0.058554914 0.58016515 -0.02425425
v -0.06656223 0.5781302 0.027570974
v -0.058554914 0.58016515 0.02425425
v 0.07204639 0.5781302 0.0
v 0.0633793 0.58016515 0.0
v -0.07204639 0.5781302 0.0
v -0.06337942 0.58016515 0.0
v 0.06656211 0.5781302 0.027570974
v 0.058554914 0.58016515 0.02425425
v -0.06656223 0.5781302 -0.027570974
v -0.058554914 0.58016515 -0.02425425
v 0.05094442 0.5781302 0.050944477
v 0.044815946 0.58016515 0.044816006
v -0.050944537 0.5781302 -0.050944507
v -0.04481606 0.58016515 -0.044816006
v 0.027570859 0.5781302 0.06656217
v 0.024254192 0.58016515 0.058554914
v -0.027570974 0.5781302 -0.0665622
v -0.024254307 0.58016515 -0.058554914
v 0.0 0.5781302 0.07204639
v 0.0 0.58016515 0.06337936
v 0.027570859 0.5781302 -0.0665622
v 0.0 0.5781302 -0.07204639
v 0.0 0.58016515 -0.06337939
v 0.024254192 0.58016515 -0.058554914
v 0.0 0.5781302 0.07204639
v 0.0 0.58016515 0.06337936
v 0.061435338 0.558609 -0.061435394
v 0.033248547 0.558609 -0.08026921
v 0.032688096 0.5658594 -0.07891634
v 0.06039991 0.5658594 -0.06039994
v -0.033248667 0.558609 0.08026921
v 0.0 0.558609 0.08688278
v 0.0 0.5658594 0.08541843
v -0.03268821 0.5658594 0.07891634
v 0.0 0.558609 -0.08688278
v -0.033248547 0.558609 -0.08026921
v -0.03268821 0.5658594 -0.07891634
v 0.0 0.5658594 -0.08541843
v 0.0 0.558609 0.08688278
v 0.033248547 0.558609 0.08026921
v 0.03268821 0.5658594 0.07891634
v 0.0 0.5658594 0.08541843
v -0.061435454 0.558609 -0.061435394
v -0.060400028 0.5658594 -0.06039997
v 0.061435338 0.558609 0.061435394
v 0.06039991 0.5658594 0.06039991
v -0.08026921 0.558609 -0.033248607
v -0.0789164 0.5658594 -0.03268824
v 0.0802691 0.558609 0.033248607
v 0.07891628 0.5658594 0.03268821
v -0.08688278 0.558609 0.0
v -0.08541843 0.5658594 0.0
v 0.08688266 0.558609 0.0
v 0.08541843 0.5658594 0.0
v -0.08026921 0.558609 0.033248607
v -0.0789164 0.5658594 0.03268821
v 0.0802691 0.558609 -0.033248577
v 0.07891628 0.5658594 -0.03268821
v -0.061435454 0.558609 0.061435394
v -0.060400028 0.5658594 0.06039997
v 0.031028483 0.57301223 -0.074909426
v 0.057333175 0.57301223 -0.0573332
v 0.0 0.57301223 0.0810814
v -0.031028483 0.57301223 0.074909426
v -0.031028483 0.57301223 -0.074909426
v 0.0 0.57301223 -0.0810814
v 0.031028483 0.57301223 0.074909426
v 0.0 0.57301223 0.0810814
v -0.057333175 0.57301223 -0.0573332
v 0.057333175 0.57301223 0.057333175
v -0.074909486 0.57301223 -0.031028511
v 0.074909374 0.57301223 0.031028511
v -0.08108146 0.57301223 0.0
v 0.08108134 0.57301223 0.0
v -0.074909486 0.57301223 0.031028511
v 0.074909374 0.57301223 -0.031028483
v -0.05733329 0.57301223 0.057333175
v -0.06341594 0.6072079 -0.026267737
v -0.068640985 0.6072079 0.0
v -0.06337942 0.6096978 0.0
v -0.058554914 0.6096978 -0.02425425
v 0.058554914 0.6096978 -0.02425425
v 0.044815946 0.6096978 -0.044816006
v 0.059083734 0.6813083 -0.05908388
v 0.07719666 0.6813083 -0.031975955
v 0.048536412 0.6072079 0.048536412
v 0.063415825 0.6072079 0.026267737
v 0.058554914 0.6096978 0.02425425
v 0.044815946 0.6096978 0.044816006
v -0.048536528 0.6072079 -0.04853647
v -0.04481606 0.6096978 -0.044816006
v 0.026267707 0.6072079 0.063415885
v 0.024254192 0.6096978 0.058554914
v -0.026267707 0.6072079 -0.06341591
v -0.024254307 0.6096978 -0.058554914
v 0.0 0.6072079 0.06864093
v 0.0 0.6096978 0.06337936
v 0.026267707 0.6072079 -0.06341591
v 0.0 0.6072079 -0.0686409
v 0.0 0.6096978 -0.06337939
v 0.024254192 0.6096978 -0.058554914
v -0.026267707 0.6072079 0.06341594
v 0.0 0.6072079 0.06864093
v 0.0 0.6096978 0.06337936
v -0.024254307 0.6096978 0.058554914
v 0.048536412 0.6072079 -0.04853644
v 0.044815946 0.6096978 -0.044816006
v -0.048536528 0.6072079 0.04853647
v -0.04481606 0.6096978 0.044816006
v 0.063415825 0.6072079 -0.026267737
v 0.058554914 0.6096978 -0.02425425
v -0.06341594 0.6072079 0.026267737
v -0.058554914 0.6096978 0.02425425
v 0.06864087 0.6072079 0.0
v 0.0633793 0.6096978 0.0
v 0.06566531 0.6026924 0.02719951
v 0.07107563 0.6026924 0.0
v 0.06864087 0.6072079 0.0
v 0.063415825 0.6072079 0.026267737
v -0.071075745 0.6026924 0.0
v -0.06566543 0.6026924 0.02719951
v -0.06341594 0.6072079 0.026267737
v -0.068640985 0.6072079 0.0
v 0.09275225 0.7176556 0.038419284
v 0.100394376 0.7176556 0.0
v 0.10183115 0.7244623 0.0
v 0.0940797 0.7244623 0.038969096
v 0.06566531 0.6026924 -0.02719951
v 0.063415825 0.6072079 -0.026267737
v -0.05025813 0.6026924 0.05025813
v -0.048536528 0.6072079 0.04853647
v 0.05025801 0.6026924 -0.05025813
v 0.048536412 0.6072079 -0.04853644
v -0.02719951 0.6026924 0.06566543
v -0.026267707 0.6072079 0.06341594
v 0.026131868 0.59401983 -0.06308803
v 0.0 0.59401983 -0.06828598
v 0.0 0.59882045 -0.07101867
v 0.027177645 0.59882045 -0.06561269
v 0.0 0.6026924 0.071075745
v 0.0 0.6072079 0.06864093
v 0.027199393 0.6026924 -0.0656654
v 0.0 0.6026924 -0.071075715
v 0.0 0.6072079 -0.0686409
v 0.026267707 0.6072079 -0.06341591
v -0.02719951 0.6026924 -0.0656654
v -0.026267707 0.6072079 -0.06341591
v 0.0 0.6026924 0.071075745
v 0.027199393 0.6026924 0.06566537
v 0.026267707 0.6072079 0.063415885
v 0.0 0.6072079 0.06864093
v -0.05025813 0.6026924 -0.05025813
v -0.048536528 0.6072079 -0.04853647
v 0.06308797 0.59401983 0.026131926
v 0.06828592 0.59401983 0.0
v 0.07101864 0.59882045 0.0
v 0.06561263 0.59882045 0.027177675
v 0.05025801 0.6026924 0.05025813
v 0.048536412 0.6072079 0.048536412
v -0.06566543 0.6026924 -0.02719951
v -0.06341594 0.6072079 -0.026267737
v 0.048285432 0.59401983 0.04828549
v 0.050217655 0.59882045 0.050217774
v -0.06308809 0.59401983 -0.026131926
v -0.06828604 0.59401983 0.0
v -0.071018755 0.59882045 0.0
v -0.06561275 0.5988204 -0.027177675
v 0.06308797 0.59401983 -0.026131896
v 0.06561263 0.59882045 -0.027177645
v -0.06308809 0.59401983 0.026131926
v -0.04828555 0.59401983 0.04828549
v -0.050217774 0.59882045 0.050217774
v -0.06561275 0.59882045 0.027177675
v 0.048285432 0.59401983 -0.04828549
v 0.050217655 0.59882045 -0.050217774
v -0.026131984 0.59401983 0.06308803
v -0.027177645 0.59882045 0.06561269
v 0.0 0.59401983 0.06828598
v 0.0 0.5988204 0.07101864
v -0.026131984 0.59401983 -0.06308803
v -0.027177645 0.59882045 -0.06561269
v 0.0 0.59401983 0.06828598
v 0.026131868 0.59401983 0.06308803
v 0.027177645 0.59882045 0.06561269
v 0.0 0.5988204 0.07101864
v -0.04828555 0.59401983 -0.04828549
v -0.050217774 0.59882045 -0.0502178
v -0.058554914 0.5917897 -0.02425425
v -0.06337942 0.5917897 0.0
v -0.06828604 0.59401983 0.0
v -0.06308809 0.59401983 -0.026131926
v 0.044815946 0.5917897 0.044816006
v 0.058554914 0.5917897 0.02425425
v 0.06308797 0.59401983 0.026131926
v 0.048285432 0.59401983 0.04828549
v -0.04481606 0.5917897 -0.044816006
v -0.04828555 0.59401983 -0.04828549
v 0.024254192 0.5917897 0.058554914
v 0.026131868 0.59401983 0.06308803
v -0.024254307 0.5917897 -0.058554914
v -0.026131984 0.59401983 -0.06308803
v 0.0 0.5917897 0.06337936
v 0.0 0.59401983 0.06828598
v 0.024254192 0.5917897 -0.058554914
v 0.0 0.5917897 -0.06337939
v 0.0 0.59401983 -0.06828598
v 0.026131868 0.59401983 -0.06308803
v -0.024254307 0.5917897 0.058554914
v 0.0 0.5917897 0.06337936
v 0.0 0.59401983 0.06828598
v -0.026131984 0.59401983 0.06308803
v 0.044815946 0.5917897 -0.044816006
v 0.048285432 0.59401983 -0.04828549
v -0.04481606 0.5917897 0.044816006
v -0.04828555 0.59401983 0.04828549
v 0.058554914 0.5917897 -0.02425425
v 0.06308797 0.59401983 -0.026131896
v -0.058554914 0.5917897 0.02425425
v -0.06308809 0.59401983 0.026131926
v 0.0633793 0.5917897 0.0
v 0.06828592 0.59401983 0.0
v -0.058554914 0.6096978 0.02425425
v -0.04481606 0.6096978 0.044816006
v -0.059083965 0.6813083 0.05908385
v -0.07719689 0.6813083 0.031975955
v 0.0633793 0.6096978 0.0
v 0.08355715 0.6813083 0.0
v -0.06337942 0.6096978 0.0
v -0.08355727 0.6813083 0.0
v 0.058554914 0.6096978 0.02425425
v 0.07719666 0.6813083 0.031975955
v -0.058554914 0.6096978 -0.02425425
v -0.07719689 0.6813083 -0.031975985
v 0.044815946 0.6096978 0.044816006
v 0.059083734 0.6813083 0.05908385
v -0.04481606 0.6096978 -0.044816006
v -0.059083965 0.6813083 -0.05908388
v 0.024254192 0.6096978 0.058554914
v 0.03197587 0.6813083 0.07719678
v -0.024254307 0.6096978 -0.058554914
v -0.031975985 0.6813083 -0.07719681
v 0.0 0.6096978 0.06337936
v -1.1630084E-7 0.6813083 0.08355721
v 0.024254192 0.6096978 -0.058554914
v 0.0 0.6096978 -0.06337939
v -1.1630084E-7 0.6813083 -0.08355721
v 0.03197587 0.6813083 -0.07719681
v -0.024254307 0.6096978 0.058554914
v 0.0 0.6096978 0.06337936
v -1.1630084E-7 0.6813083 0.08355721
v -0.031975985 0.6813083 0.07719684
v 0.07098945 0.7176556 -0.070989564
v 0.03841917 0.7176556 -0.09275236
v 0.03896904 0.7244623 -0.09407973
v 0.07200546 0.7244623 -0.07200551
v 0.09275225 0.7176556 -0.038419284
v 0.07098945 0.7176556 -0.070989564
v 0.07200546 0.7244623 -0.07200551
v 0.0940797 0.7244623 -0.038969096
v 0.03841917 0.7176556 -0.09275236
v -1.1630084E-7 0.7176556 -0.100394435
v 0.0 0.7244623 -0.10183118
v 0.03896904 0.7244623 -0.09407973
v -1.1630084E-7 0.7176556 -0.100394435
v -0.038419284 0.7176556 -0.09275236
v -0.038969155 0.7244623 -0.09407973
v 0.0 0.7244623 -0.10183118
v 0.07098945 0.7176556 0.070989564
v 0.09275225 0.7176556 0.038419284
v 0.0940797 0.7244623 0.038969096
v 0.07200546 0.7244623 0.07200551
v -0.09275236 0.7176556 -0.038419284
v -0.10039449 0.7176556 0.0
v -0.10183127 0.7244623 0.0
v -0.09407982 0.7244623 -0.038969126
v -0.038419284 0.7176556 0.09275236
v 0.0 0.7176556 0.100394435
v 0.0 0.7244623 0.10183115
v -0.038969155 0.7244623 0.09407976
v -0.070989564 0.7176556 -0.070989594
v -0.09275236 0.7176556 -0.038419284
v -0.09407982 0.7244623 -0.038969126
v -0.07200557 0.7244623 -0.07200554
v -0.070989564 0.7176556 0.070989564
v -0.038419284 0.7176556 0.09275236
v -0.038969155 0.7244623 0.09407976
v -0.07200557 0.7244623 0.07200551
v -0.10039449 0.7176556 0.0
v -0.09275236 0.7176556 0.038419284
v -0.09407982 0.7244623 0.038969096
v -0.10183127 0.7244623 0.0
v -0.09275236 0.7176556 0.038419284
v -0.070989564 0.7176556 0.070989564
v -0.07200557 0.7244623 0.07200551
v -0.09407982 0.7244623 0.038969096
v 0.03841917 0.7176556 0.0927523
v 0.07098945 0.7176556 0.070989564
v 0.07200546 0.7244623 0.07200551
v 0.03896904 0.7244623 0.0940797
v -0.038419284 0.7176556 -0.09275236
v -0.070989564 0.7176556 -0.070989594
v -0.07200557 0.7244623 -0.07200554
v -0.038969155 0.7244623 -0.09407973
v 0.0 0.7176556 0.100394435
v 0.03841917 0.7176556 0.0927523
v 0.03896904 0.7244623 0.0940797
v 0.0 0.7244623 0.10183115
v 0.100394376 0.7176556 0.0
v 0.09275225 0.7176556 -0.038419284
v 0.0940797 0.7244623 -0.038969096
v 0.10183115 0.7244623 0.0
v -0.0426688 0.72548443 -0.0426688
v -0.044566248 0.715629 -0.042735238
v -0.05822869 0.715629 -0.022288067
v -0.055749506 0.72548443 -0.023092201
v -0.0054065934 0.7631254 -0.013052559
v -0.0099900095 0.7631254 -0.0099900095
v -0.0099900095 0.7676496 -0.0099900095
v -0.0054065934 0.7676496 -0.013052559
v 0.012246129 0.7583026 -0.029564865
v 0.0 0.7583026 -0.032000758
v 0.0 0.7631254 -0.014127993
v 0.005406477 0.7631254 -0.013052559
v -0.022627957 0.7583026 0.022627957
v -0.0122462455 0.7583026 0.029564865
v -0.0054065934 0.7631254 0.013052559
v -0.0099900095 0.7631254 0.009989981
v 0.012246129 0.7583026 0.029564837
v 0.022627957 0.7583026 0.022627957
v 0.009989893 0.7631254 0.009989981
v 0.005406477 0.7631254 0.013052559
v -0.029564952 0.7583026 0.012246159
v -0.013052559 0.7631254 0.005406535
v -0.022627957 0.7583026 -0.022627985
v -0.029564952 0.7583026 -0.012246159
v -0.013052559 0.7631254 -0.005406535
v -0.0099900095 0.7631254 -0.0099900095
v -0.032000873 0.7583026 0.0
v -0.014127993 0.7631254 0.0
v 0.029564837 0.7583026 0.012246159
v 0.013052443 0.7631254 0.005406535
v 0.032000758 0.7583026 0.0
v 0.029564837 0.7583026 -0.012246159
v 0.013052443 0.7631254 -0.005406535
v 0.014127877 0.7631254 0.0
v 0.0 0.7583026 0.032000758
v 0.0 0.7631254 0.014127964
v 0.022627957 0.7583026 -0.022627957
v 0.009989893 0.7631254 -0.009989981
v -0.0122462455 0.7583026 -0.029564865
v -0.0054065934 0.7631254 -0.013052559
v 0.0 0.739263 -0.05481808
v -0.020977996 0.739263 -0.050645296
v -0.017508743 0.7490603 -0.042269744
v 0.0 0.7490603 -0.04575243
v -0.038762257 0.739263 -0.038762257
v -0.03235187 0.7490603 -0.03235187
v 0.050645296 0.739263 -0.020977966
v 0.03876214 0.739263 -0.038762227
v 0.032351755 0.7490603 -0.03235184
v 0.042269655 0.7490603 -0.017508684
v 0.02097788 0.739263 -0.050645296
v 0.017508626 0.7490603 -0.042269744
v -0.020977996 0.739263 0.050645296
v 0.0 0.739263 0.054818053
v 0.0 0.7490603 0.045752402
v -0.017508743 0.7490603 0.042269714
v 0.02097788 0.739263 0.050645296
v 0.017508626 0.7490603 0.042269714
v -0.050645296 0.739263 -0.020977996
v -0.05481817 0.739263 0.0
v -0.045752518 0.7490603 0.0
v -0.042269774 0.7490603 -0.017508714
v 0.050645296 0.739263 0.020977966
v 0.054818053 0.739263 0.0
v 0.045752402 0.7490603 0.0
v 0.042269655 0.7490603 0.017508684
v 0.03876214 0.739263 0.038762227
v 0.032351755 0.7490603 0.03235184
v -0.050645296 0.739263 0.020977966
v -0.042269774 0.7490603 0.017508684
v -0.038762257 0.739263 0.038762227
v -0.03235187 0.7490603 0.03235184
v 0.023092113 0.72548443 -0.055749446
v 0.0 0.72548443 -0.060342778
v -0.0426688 0.72548443 0.0426688
v -0.023092229 0.72548443 0.055749446
v 0.023092113 0.72548443 0.055749446
v 0.042668685 0.72548443 0.0426688
v -0.055749506 0.72548443 0.023092171
v -0.060342807 0.72548443 0.0
v 0.05574939 0.72548443 0.023092171
v 0.06034269 0.72548443 0.0
v 0.05574939 0.72548443 -0.023092171
v 0.0 0.72548443 0.060342748
v 0.042668685 0.72548443 -0.0426688
v -0.023092229 0.72548443 -0.055749446
v 0.0 0.7631254 -0.014127993
v 0.0 0.7676496 -0.014127993
v 0.005406477 0.7631254 -0.013052559
v 0.005406477 0.7676496 -0.013052559
v -0.0099900095 0.7631254 0.009989981
v -0.0054065934 0.7631254 0.013052559
v -0.0054065934 0.7676496 0.013052559
v -0.0099900095 0.7676496 0.009989981
v 0.005406477 0.7631254 0.013052559
v 0.009989893 0.7631254 0.009989981
v 0.009989893 0.7676496 0.009989981
v 0.005406477 0.7676496 0.013052559
v -0.013052559 0.7631254 0.005406535
v -0.013052559 0.7676496 0.005406535
v -0.013052559 0.7631254 -0.005406535
v -0.013052559 0.7676496 -0.005406535
v -0.014127993 0.7631254 0.0
v -0.014127993 0.7676496 0.0
v 0.013052443 0.7631254 0.005406535
v 0.013052443 0.7676496 0.005406535
v 0.014127877 0.7631254 0.0
v 0.013052443 0.7631254 -0.005406535
v 0.013052443 0.7676496 -0.005406535
v 0.014127877 0.7676496 0.0
v 0.0 0.7631254 0.014127964
v 0.0 0.7676496 0.014127964
v 0.009989893 0.7631254 -0.009989981
v 0.009989893 0.7676496 -0.009989981
v 1.8224341E-4 0.8036447 -0.027368117
v 1.8224341E-4 0.81325513 -0.020946654
v 0.008198163 0.81325513 -0.019352198
v 0.0106556 0.8036447 -0.02528485
v 1.8224341E-4 0.7713619 -0.020946654
v 1.8224341E-4 0.7809723 -0.027368117
v 0.0106556 0.7809723 -0.02528485
v 0.008198163 0.7713619 -0.019352198
v 1.8224341E-4 0.7923085 -0.029623017
v 0.011518551 0.7923085 -0.027368117
v 0.01953447 0.7809723 -0.019352198
v 0.0149937365 0.7713619 -0.014811522
v 0.01953447 0.8036447 -0.019352198
v 0.021128954 0.7923085 -0.020946654
v 0.0149937365 0.81325513 -0.014811522
v 0.02755039 0.7923085 -0.011336279
v 0.025467092 0.7809723 -0.010473356
v 0.01953447 0.81325513 -0.008015977
v 0.025467092 0.8036447 -0.010473356
v 0.01953447 0.7713619 -0.008015977
v 0.02980523 0.7923085 -5.815042E-8
v 0.02755039 0.7809723 -5.815042E-8
v 0.021128839 0.81325513 -5.815042E-8
v 0.02755039 0.8036447 -5.815042E-8
v 0.021128839 0.7713619 -5.815042E-8
v 0.025467092 0.7809723 0.010473239
v 0.01953447 0.7713619 0.008015861
v 0.025467092 0.8036447 0.010473239
v 0.02755039 0.7923085 0.011336163
v 0.01953447 0.81325513 0.008015861
v 0.01953447 0.8036447 0.019352082
v 0.021128839 0.7923085 0.020946566
v 0.0149937365 0.81325513 0.014811435
v 0.01953447 0.7809723 0.019352082
v 0.0149937365 0.7713619 0.014811435
v 0.011518551 0.7923085 0.027368
v 0.0106556 0.7809723 0.025284734
v 0.008198163 0.81325513 0.019352082
v 0.0106556 0.8036447 0.025284734
v 0.008198163 0.7713619 0.019352082
v 1.8224341E-4 0.81325513 0.020946536
v 1.8224341E-4 0.8036447 0.027368
v 1.8224341E-4 0.7809723 0.027368
v 1.8224341E-4 0.7713619 0.020946536
v 1.8224341E-4 0.7923085 0.02962293
v 0.0 0.7676496 -0.014127993
v -0.0054065934 0.7676496 -0.013052559
v -0.007833559 0.7713619 -0.019352198
v -0.010290996 0.7809723 0.025284734
v -0.0078336755 0.7713619 0.019352082
v -0.010290996 0.8036447 0.025284734
v -0.0111539485 0.7923085 0.027368
v -0.0078336755 0.81325513 0.019352082
v -0.0099900095 0.7676496 -0.0099900095
v -0.014629134 0.7713619 -0.014811551
v -0.01462925 0.81325513 0.014811435
v 0.009989893 0.7676496 -0.009989981
v 0.005406477 0.7676496 -0.013052559
v -0.020764353 0.7923085 0.020946536
v -0.019169867 0.7809723 0.019352082
v -0.019169867 0.8036447 0.019352082
v -0.01462925 0.7713619 0.014811435
v -0.025102489 0.7809723 0.010473239
v -0.019169867 0.7713619 0.008015861
v -0.025102489 0.8036447 0.010473239
v -0.027185787 0.7923085 0.011336163
v -0.019169867 0.81325513 0.008015861
v 0.013052443 0.7676496 -0.005406535
v 0.014127877 0.7676496 0.0
v -0.0099900095 0.7676496 0.009989981
v -0.0054065934 0.7676496 0.013052559
v -0.029440627 0.7923085 -5.815042E-8
v -0.027185787 0.7809723 -5.815042E-8
v -0.020764353 0.81325513 -5.815042E-8
v -0.027185787 0.8036447 -5.815042E-8
v 0.009989893 0.7676496 0.009989981
v 0.013052443 0.7676496 0.005406535
v -0.020764353 0.7713619 -5.815042E-8
v -0.027185787 0.7923085 -0.011336279
v -0.025102489 0.7809723 -0.010473356
v -0.019169867 0.81325513 -0.008015977
v -0.025102489 0.8036447 -0.010473356
v 0.005406477 0.7676496 0.013052559
v -0.019169867 0.7713619 -0.008015977
v -0.013052559 0.7676496 0.005406535
v 0.0 0.7676496 0.014127964
v -0.019169867 0.7809723 -0.019352198
v -0.019169867 0.8036447 -0.019352198
v -0.020764353 0.7923085 -0.020946654
v -0.014629134 0.81325513 -0.014811551
v -0.014127993 0.7676496 0.0
v -0.010290996 0.8036447 -0.02528485
v -0.0111539485 0.7923085 -0.027368117
v -0.007833559 0.81325513 -0.019352198
v -0.013052559 0.7676496 -0.005406535
v -0.010290996 0.7809723 -0.02528485
v 0.044566248 0.715629 0.04639729
v 0.058228575 0.715629 0.025950119
v 0.091266155 0.73689723 -0.043179885
v 0.07641186 0.7368489 -0.03270775
v 0.07875811 0.7244623 -0.029196395
v 0.0940797 0.7244623 -0.038969096
v 0.032622617 0.7244623 0.08218446
v 0.036127694 0.73682684 0.07984245
v 0.056773186 0.73682886 0.066047534
v 0.06027884 0.7244623 0.06370518
v 0.034011483 0.73687375 -0.09506588
v 0.028488588 0.73682547 -0.076154195
v 0.032622617 0.7244623 -0.07533186
v 0.03896904 0.7244623 -0.09407973
v -0.07875823 0.7244623 -0.029196424
v -0.07958036 0.73682225 -0.025063442
v -0.08442534 0.73682004 -7.059461E-4
v -0.08524723 0.7244623 0.0034262808
v 0.02411905 0.715629 0.060059674
v 0.0 0.715629 0.06485726
v -0.024119167 0.715629 0.060059674
v -0.044566248 0.715629 0.04639729
v 0.08524712 0.7244623 0.00342631
v 0.08442522 0.73682004 -7.059461E-4
v 0.07958025 0.73682225 -0.025063412
v 0.07875811 0.7244623 -0.029196395
v -0.07481424 0.7368756 -0.06780205
v -0.06262126 0.7368285 -0.053347077
v -0.060278956 0.7244623 -0.05685262
v -0.07200557 0.7244623 -0.07200554
v -0.038969155 0.7244623 -0.09407973
v -0.032622736 0.7244623 -0.07533186
v -0.028480912 0.7368486 -0.07615571
v -0.034002297 0.7368967 -0.09506768
v -0.05822869 0.715629 0.025950119
v -0.06302622 0.715629 0.0018310404
v 0.07200546 0.7244623 0.07200551
v 0.06027884 0.7244623 0.06370518
v 0.056773186 0.73682886 0.066047534
v 0.067802 0.7368756 0.07481418
v 0.07875811 0.7244623 -0.029196395
v 0.07641186 0.7368489 -0.03270775
v 0.062624976 0.7368489 -0.053341236
v 0.06027884 0.7244623 -0.05685259
v -0.060278956 0.7244623 0.06370518
v -0.056775045 0.7368227 0.06604643
v -0.036126066 0.7368207 0.07984361
v -0.032622736 0.7244623 0.08218446
v -0.07462746 0.7390963 0.063919
v -0.06631183 0.7390963 0.05883892
v -0.077002786 0.7390963 0.04283866
v -0.08702455 0.7390963 0.045365527
v -0.0049666273 0.73689634 -0.100843236
v -0.004141822 0.7368486 -0.08099708
v 0.0 0.7244623 -0.08182093
v 0.0 0.7244623 -0.10183118
v -0.09339492 0.7390963 0.030558161
v -0.082483694 0.7390963 0.02917366
v -0.08622521 0.7390963 0.010363975
v -0.09775807 0.7390963 0.008623417
v -0.043172617 0.7368756 -0.091271065
v -0.03612804 0.7368278 -0.07298965
v -0.032622736 0.7244623 -0.07533186
v -0.038969155 0.7244623 -0.09407973
v 0.06027884 0.7244623 0.06370518
v 0.06262079 0.73682684 0.060200106
v 0.07641558 0.73682934 0.039554786
v 0.07875811 0.7244623 0.036048986
v -0.032622736 0.7244623 -0.07533186
v -0.060278956 0.7244623 -0.05685262
v -0.055262204 0.71476954 -0.051835924
v -0.02990769 0.7147695 -0.06877726
v 0.0 0.7244623 -0.08182093
v 0.0 0.71476954 -0.07472628
v 0.032622617 0.7244623 -0.07533186
v 0.029907575 0.71476954 -0.06877726
v 0.06027884 0.7244623 -0.05685259
v 0.05526209 0.71476954 -0.051835924
v 0.07220352 0.71476954 -0.02648141
v 0.07875811 0.7244623 -0.029196395
v 0.058228575 0.715629 -0.022288067
v 0.06622984 0.7129385 -0.024526015
v 0.050690185 0.7129385 -0.04778287
v 0.044566248 0.715629 -0.042735238
v 0.08524712 0.7244623 0.00342631
v 0.07815254 0.71476954 0.00342631
v 0.07220352 0.71476954 0.033334002
v 0.07875811 0.7244623 0.036048986
v 0.05526209 0.71476954 0.058688484
v 0.06027884 0.7244623 0.06370518
v 0.029907575 0.71476954 0.07562985
v 0.032622617 0.7244623 0.08218446
v 0.0 0.7244623 0.08867352
v 0.0 0.71476954 0.08157887
v -0.02990769 0.71476954 0.07562985
v -0.032622736 0.7244623 0.08218446
v -0.055262204 0.71476954 0.058688484
v -0.060278956 0.7244623 0.06370518
v -0.07220363 0.71476954 0.033334002
v -0.07875823 0.7244623 0.036048986
v 0.0630261 0.715629 0.0018310404
v 0.07168668 0.7129385 0.0029073174
v -0.07875823 0.7244623 -0.029196424
v -0.08524723 0.7244623 0.0034262808
v -0.07815265 0.71476954 0.0034262808
v -0.07220363 0.71476954 -0.02648141
v 0.027433274 0.7129385 -0.06332261
v 0.02411905 0.715629 -0.05639759
v 0.02411905 0.715629 0.060059674
v 0.027433274 0.7129385 0.069137245
v 0.05069007 0.7129385 0.053597473
v 0.044566248 0.715629 0.04639729
v -0.024119167 0.715629 0.060059674
v -0.027433392 0.7129385 0.069137245
v 0.0 0.7129385 0.07459408
v 0.0 0.715629 0.06485726
v -0.044566248 0.715629 0.04639729
v -0.050690185 0.7129385 0.053597532
v 0.0 0.7129385 -0.068779446
v 0.0 0.715629 -0.061195176
v -0.06302622 0.715629 0.0018310404
v -0.07168679 0.7129385 0.0029073174
v -0.066229954 0.7129385 0.030340651
v -0.05822869 0.715629 0.025950119
v -0.044566248 0.715629 -0.042735238
v -0.050690185 0.7129385 -0.047782898
v -0.066229954 0.7129385 -0.024526015
v -0.05822869 0.715629 -0.022288067
v -0.02411905 0.715629 -0.05639759
v -0.027433392 0.7129385 -0.06332261
v 0.06622984 0.7129385 0.030340651
v 0.058228575 0.715629 0.025950119
v 0.0049577886 0.73687434 0.10084498
v 0.0041342624 0.7368261 0.08785115
v 0.0 0.7244623 0.08867352
v 0.0 0.7244623 0.10183115
v 0.063154265 0.7390963 0.07513837
v 0.055999085 0.7390963 0.06934612
v 0.039927706 0.7390963 0.0800847
v 0.044614978 0.7390963 0.08752586
v 0.07481412 0.73687553 0.06780205
v 0.06262079 0.73682684 0.060200106
v 0.06027884 0.7244623 0.06370518
v 0.07200546 0.7244623 0.07200551
v 0.10183115 0.7244623 0.0
v 0.08524712 0.7244623 0.00342631
v 0.08442511 0.73682153 0.0075590312
v 0.10084562 0.73686546 0.0049542994
v 0.0935995 0.7390963 -0.029529074
v 0.082325175 0.7390963 -0.023117583
v 0.08606064 0.7390963 -0.004337934
v 0.097977296 0.7390963 -0.007520332
v -0.03401253 0.73687136 0.0950657
v -0.028488938 0.73682463 0.0830067
v -0.032622736 0.7244623 0.08218446
v -0.038969155 0.7244623 0.09407976
v -0.06780467 0.73686785 0.074812435
v -0.056775045 0.7368227 0.06604643
v -0.060278956 0.7244623 0.06370518
v -0.07200557 0.7244623 0.07200551
v -0.09126685 0.73689455 0.043179013
v -0.07641198 0.73684883 0.03956031
v -0.07875823 0.7244623 0.036048986
v -0.09407982 0.7244623 0.038969096
v -0.100843415 0.7368942 0.004965784
v -0.08442336 0.7368486 0.007568103
v -0.08524723 0.7244623 0.0034262808
v -0.10183127 0.7244623 0.0
v -0.095065355 0.7368669 -0.034014273
v -0.07958036 0.73682225 -0.025063442
v -0.07875823 0.7244623 -0.029196424
v -0.09407982 0.7244623 -0.038969126
v -0.08760163 0.7390963 -0.04450179
v -0.07658236 0.7390963 -0.036615312
v -0.065946765 0.7390963 -0.052532624
v -0.0750901 0.7390963 -0.06322651
v -0.07200557 0.7244623 -0.07200554
v -0.060278956 0.7244623 -0.05685262
v -0.056773882 0.73682684 -0.05919463
v -0.06780211 0.7368756 -0.07481421
v 0.1008455 0.7368669 -0.0049548517
v 0.08442522 0.73682004 -7.059461E-4
v 0.08524712 0.7244623 0.00342631
v 0.10183115 0.7244623 0.0
v 0.008026502 0.7390963 -0.09787669
v 0.0072989245 0.7390963 -0.08272697
v 0.026089186 0.7390963 -0.07898932
v 0.030212399 0.7390963 -0.09346366
v 0.03896904 0.7244623 -0.09407973
v 0.032622617 0.7244623 -0.07533186
v 0.036127113 0.73682475 -0.07299023
v 0.04317122 0.73687166 -0.09127197
v 0.045027032 0.7390963 -0.087250546
v 0.039604623 0.7390963 -0.073447995
v 0.0555283 0.7390963 -0.0628081
v 0.06380566 0.7390963 -0.07470311
v 0.0630261 0.715629 0.0018310404
v 0.058228575 0.715629 -0.022288067
v 0.044566248 0.715629 -0.042735238
v 0.02411905 0.715629 -0.05639759
v 0.0 0.715629 -0.061195176
v -0.02411905 0.715629 -0.05639759
v 0.029907575 0.71476954 -0.06877726
v 0.0 0.71476954 -0.07472628
v 0.0 0.7129385 -0.068779446
v 0.027433274 0.7129385 -0.06332261
v -0.07220363 0.71476954 -0.02648141
v -0.07815265 0.71476954 0.0034262808
v -0.07168679 0.7129385 0.0029073174
v -0.066229954 0.7129385 -0.024526015
v 0.07220352 0.71476954 -0.02648141
v 0.05526209 0.71476954 -0.051835924
v 0.050690185 0.7129385 -0.04778287
v 0.06622984 0.7129385 -0.024526015
v -0.02990769 0.7147695 -0.06877726
v -0.027433392 0.7129385 -0.06332261
v -0.055262204 0.71476954 -0.051835924
v -0.050690185 0.7129385 -0.047782898
v -0.07220363 0.71476954 0.033334002
v -0.055262204 0.71476954 0.058688484
v -0.050690185 0.7129385 0.053597532
v -0.066229954 0.7129385 0.030340651
v -0.02990769 0.71476954 0.07562985
v 0.0 0.71476954 0.08157887
v 0.0 0.7129385 0.07459408
v -0.027433392 0.7129385 0.069137245
v 0.029907575 0.71476954 0.07562985
v 0.05526209 0.71476954 0.058688484
v 0.05069007 0.7129385 0.053597473
v 0.027433274 0.7129385 0.069137245
v 0.07220352 0.71476954 0.033334002
v 0.06622984 0.7129385 0.030340651
v 0.07815254 0.71476954 0.00342631
v 0.07168668 0.7129385 0.0029073174
v 0.09275225 0.7176556 -0.038419284
v 0.100394376 0.7176556 0.0
v 0.03841917 0.7176556 0.0927523
v 0.0 0.7176556 0.100394435
v -0.070989564 0.7176556 -0.070989594
v -0.038419284 0.7176556 -0.09275236
v 0.07098945 0.7176556 0.070989564
v -0.070989564 0.7176556 0.070989564
v -0.09275236 0.7176556 0.038419284
v -0.10039449 0.7176556 0.0
v -0.038419284 0.7176556 0.09275236
v -0.09275236 0.7176556 -0.038419284
v 0.0 0.7176556 0.100394435
v 0.09275225 0.7176556 0.038419284
v -1.1630084E-7 0.7176556 -0.100394435
v 0.03841917 0.7176556 -0.09275236
v 0.07098945 0.7176556 -0.070989564
v -0.023614304 0.51639706 -0.057010148
v 0.0 0.51639706 -0.061707336
v -0.043633632 0.51639706 -0.043633692
v -0.057010207 0.51639706 -0.023614392
v -0.061707366 0.51639706 0.0
v -0.057010207 0.51639706 0.023614362
v -0.043633632 0.51639706 0.043633692
v -0.02361442 0.51639706 0.057010148
v 0.0 0.51639706 0.061707307
v 0.023614304 0.51639706 0.057010148
v 0.0 0.51639706 0.061707307
v 0.043633632 0.51639706 0.043633692
v 0.057010088 0.51639706 0.023614362
v 0.061707247 0.51639706 0.0
v 0.057010088 0.51639706 -0.023614362
v 0.043633632 0.51639706 -0.043633692
v 0.023614304 0.51639706 -0.057010148
v 0.024254192 0.58016515 0.058554914
v 0.044815946 0.58016515 0.044816006
v 0.044815946 0.5917897 0.044816006
v 0.024254192 0.5917897 0.058554914
v -0.04481606 0.58016515 -0.044816006
v -0.058554914 0.58016515 -0.02425425
v -0.058554914 0.5917897 -0.02425425
v -0.04481606 0.5917897 -0.044816006
v 0.058554914 0.58016515 0.02425425
v 0.058554914 0.5917897 0.02425425
v -0.06337942 0.58016515 0.0
v -0.06337942 0.5917897 0.0
v 0.0633793 0.58016515 0.0
v 0.0633793 0.5917897 0.0
v -0.058554914 0.58016515 0.02425425
v -0.058554914 0.5917897 0.02425425
v 0.058554914 0.58016515 -0.02425425
v 0.058554914 0.5917897 -0.02425425
v -0.04481606 0.58016515 0.044816006
v -0.04481606 0.5917897 0.044816006
v 0.044815946 0.58016515 -0.044816006
v 0.044815946 0.5917897 -0.044816006
v -0.024254307 0.58016515 0.058554914
v -0.024254307 0.5917897 0.058554914
v 0.024254192 0.58016515 -0.058554914
v 0.024254192 0.5917897 -0.058554914
v 0.0 0.58016515 0.06337936
v 0.0 0.5917897 0.06337936
v 0.0 0.58016515 -0.06337939
v -0.024254307 0.58016515 -0.058554914
v -0.024254307 0.5917897 -0.058554914
v 0.0 0.5917897 -0.06337939
v 0.0 0.58016515 0.06337936
v 0.0 0.5917897 0.06337936
v -0.0049666273 0.73689634 -0.100843236
v -0.034002297 0.7368967 -0.09506768
v 0.0431725 0.7368756 0.091271035
v 0.067802 0.7368756 0.07481418
v 0.08702443 0.7390963 0.045365527
v 0.07700267 0.7390963 0.04283866
v 0.06631172 0.7390963 0.05883892
v 0.07462734 0.7390963 0.063919
v 0.0 0.7244623 0.10183115
v 0.0 0.7244623 0.08867352
v -0.0041335644 0.73682386 0.08785127
v -0.0049566254 0.73687136 0.10084521
v 0.03896904 0.7244623 0.0940797
v 0.032622617 0.7244623 0.08218446
v 0.028488124 0.7368269 0.083006874
v 0.03401125 0.73687434 0.09506588
v 0.09775795 0.7390963 0.008623417
v 0.08622509 0.7390963 0.0103640035
v 0.08248358 0.7390963 0.02917366
v 0.09339481 0.7390963 0.030558161
v 0.029830933 0.7390963 0.093539484
v 0.026369937 0.7390963 0.08578612
v 0.007349399 0.7390963 0.0895695
v 0.007960211 0.7390963 0.09788989
v 0.091266155 0.73689723 -0.043179885
v 0.074818656 0.7368956 -0.06779528
v -0.038969155 0.7244623 0.09407976
v -0.032622736 0.7244623 0.08218446
v -0.036126066 0.7368207 0.07984361
v -0.04316994 0.73686785 0.09127284
v -0.06380578 0.7390963 -0.07470311
v -0.055528417 0.7390963 -0.0628081
v -0.039604623 0.7390963 -0.073448025
v -0.045027148 0.7390963 -0.087250575
v 0.1008455 0.7368669 -0.0049548517
v 0.095065236 0.7368669 -0.034014244
v 0.09506512 0.73686546 0.0340148
v 0.07958001 0.73681897 0.031917106
v 0.07875811 0.7244623 0.036048986
v 0.0940797 0.7244623 0.038969096
v -0.100843415 0.7368942 0.004965784
v -0.09506768 0.73689675 0.034002323
v 0.034011483 0.73687375 -0.09506588
v 0.004957556 0.73687375 -0.10084504
v -0.032622736 0.7244623 0.08218446
v -0.028488938 0.73682463 0.0830067
v -0.0041335644 0.73682386 0.08785127
v 0.0 0.7244623 0.08867352
v -0.09407982 0.7244623 0.038969096
v -0.07875823 0.7244623 0.036048986
v -0.0795821 0.7368486 0.031907164
v -0.09506768 0.73689675 0.034002323
v -0.032622736 0.7244623 -0.07533186
v -0.03612804 0.7368278 -0.07298965
v -0.056773882 0.73682684 -0.05919463
v -0.060278956 0.7244623 -0.05685262
v 0.0 0.7244623 -0.08182093
v -0.004141822 0.7368486 -0.08099708
v -0.028480912 0.7368486 -0.07615571
v -0.032622736 0.7244623 -0.07533186
v -0.09407982 0.7244623 -0.038969126
v -0.07875823 0.7244623 -0.029196424
v -0.076416165 0.73682684 -0.0327015
v -0.091271155 0.7368756 -0.043172587
v -0.044615094 0.7390963 0.08752592
v -0.039927706 0.7390963 0.080084756
v -0.055999205 0.7390963 0.06934612
v -0.06315438 0.7390963 0.07513837
v -0.07200557 0.7244623 0.07200551
v -0.060278956 0.7244623 0.06370518
v -0.062625095 0.73684883 0.060193885
v -0.07481912 0.7368971 0.067794725
v 0.07481412 0.73687553 0.06780205
v 0.091271035 0.73687553 0.043172557
v -0.095065355 0.7368669 -0.034014273
v -0.10084562 0.7368669 -0.0049548517
v 0.0049577886 0.73687434 0.10084498
v 0.03401125 0.73687434 0.09506588
v -0.03401253 0.73687136 0.0950657
v -0.0049566254 0.73687136 0.10084521
v 0.06780327 0.73687166 -0.07481328
v 0.04317122 0.73687166 -0.09127197
v 0.07200546 0.7244623 -0.07200551
v 0.06027884 0.7244623 -0.05685259
v 0.062624976 0.7368489 -0.053341236
v 0.074818656 0.7368956 -0.06779528
v -0.06780467 0.73686785 0.074812435
v -0.04316994 0.73686785 0.09127284
v 0.0431725 0.7368756 0.091271035
v 0.036127694 0.73682684 0.07984245
v 0.032622617 0.7244623 0.08218446
v 0.03896904 0.7244623 0.0940797
v 0.0940797 0.7244623 -0.038969096
v 0.07875811 0.7244623 -0.029196395
v 0.07958025 0.73682225 -0.025063412
v 0.095065236 0.7368669 -0.034014244
v 0.0 0.7244623 -0.10183118
v 0.0 0.7244623 -0.08182093
v 0.004134146 0.7368258 -0.08099859
v 0.004957556 0.73687375 -0.10084504
v -0.09126685 0.73689455 0.043179013
v -0.07481912 0.7368971 0.067794725
v -0.09797741 0.7390963 -0.007520332
v -0.08606076 0.7390963 -0.004337934
v -0.082325295 0.7390963 -0.023117611
v -0.09359961 0.7390963 -0.029529102
v 0.06027884 0.7244623 -0.05685259
v 0.05677458 0.7368237 -0.059194017
v 0.036127113 0.73682475 -0.07299023
v 0.032622617 0.7244623 -0.07533186
v 0.09506512 0.73686546 0.0340148
v 0.10084562 0.73686546 0.0049542994
v 0.0 0.7244623 0.08867352
v 0.0041342624 0.7368261 0.08785115
v 0.028488124 0.7368269 0.083006874
v 0.032622617 0.7244623 0.08218446
v 0.07875811 0.7244623 0.036048986
v 0.07958001 0.73681897 0.031917106
v 0.08442511 0.73682153 0.0075590312
v 0.08524712 0.7244623 0.00342631
v 0.0940797 0.7244623 0.038969096
v 0.07875811 0.7244623 0.036048986
v 0.07641558 0.73682934 0.039554786
v 0.091271035 0.73687553 0.043172557
v 0.0750901 0.7390963 -0.063226484
v 0.065946646 0.7390963 -0.052532595
v 0.07658224 0.7390963 -0.036615282
v 0.08760151 0.7390963 -0.04450176
v 0.06780327 0.73687166 -0.07481328
v 0.05677458 0.7368237 -0.059194017
v 0.06027884 0.7244623 -0.05685259
v 0.07200546 0.7244623 -0.07200551
v 0.032622617 0.7244623 -0.07533186
v 0.028488588 0.73682547 -0.076154195
v 0.004134146 0.7368258 -0.08099859
v 0.0 0.7244623 -0.08182093
v -0.08524723 0.7244623 0.0034262808
v -0.08442336 0.7368486 0.007568103
v -0.0795821 0.7368486 0.031907164
v -0.07875823 0.7244623 0.036048986
v -0.10183127 0.7244623 0.0
v -0.08524723 0.7244623 0.0034262808
v -0.08442534 0.73682004 -7.059461E-4
v -0.10084562 0.7368669 -0.0049548517
v -0.07481424 0.7368756 -0.06780205
v -0.091271155 0.7368756 -0.043172587
v -0.007960211 0.7390963 0.09788989
v -0.0073495153 0.7390963 0.0895695
v -0.026370052 0.7390963 0.08578612
v -0.029831048 0.7390963 0.09353954
v -0.07875823 0.7244623 0.036048986
v -0.07641198 0.73684883 0.03956031
v -0.062625095 0.73684883 0.060193885
v -0.060278956 0.7244623 0.06370518
v -0.030212399 0.7390963 -0.09346366
v -0.026089301 0.7390963 -0.07898932
v -0.0072989245 0.7390963 -0.08272697
v -0.0080266185 0.7390963 -0.09787669
v -0.060278956 0.7244623 -0.05685262
v -0.06262126 0.7368285 -0.053347077
v -0.076416165 0.73682684 -0.0327015
v -0.07875823 0.7244623 -0.029196424
v -0.095065355 0.7368669 -0.034014273
v -0.10084562 0.7368669 -0.0049548517
v -0.09797741 0.7390963 -0.007520332
v -0.09359961 0.7390963 -0.029529102
v -0.03401253 0.73687136 0.0950657
v -0.0049566254 0.73687136 0.10084521
v -0.007960211 0.7390963 0.09788989
v -0.029831048 0.7390963 0.09353954
v 0.0049577886 0.73687434 0.10084498
v 0.03401125 0.73687434 0.09506588
v 0.029830933 0.7390963 0.093539484
v 0.007960211 0.7390963 0.09788989
v -0.06780467 0.73686785 0.074812435
v -0.04316994 0.73686785 0.09127284
v -0.044615094 0.7390963 0.08752592
v -0.06315438 0.7390963 0.07513837
v 0.026089186 0.7390963 -0.07898932
v 0.0072989245 0.7390963 -0.08272697
v 0.004134146 0.7368258 -0.08099859
v 0.028488588 0.73682547 -0.076154195
v 0.07658224 0.7390963 -0.036615282
v 0.065946646 0.7390963 -0.052532595
v 0.062624976 0.7368489 -0.053341236
v 0.07641186 0.7368489 -0.03270775
v 0.039927706 0.7390963 0.0800847
v 0.055999085 0.7390963 0.06934612
v 0.056773186 0.73682886 0.066047534
v 0.036127694 0.73682684 0.07984245
v -0.0072989245 0.7390963 -0.08272697
v -0.026089301 0.7390963 -0.07898932
v -0.028480912 0.7368486 -0.07615571
v -0.004141822 0.7368486 -0.08099708
v -0.065946765 0.7390963 -0.052532624
v -0.07658236 0.7390963 -0.036615312
v -0.076416165 0.73682684 -0.0327015
v -0.06262126 0.7368285 -0.053347077
v 0.039604623 0.7390963 -0.073447995
v 0.045027032 0.7390963 -0.087250546
v 0.04317122 0.73687166 -0.09127197
v 0.036127113 0.73682475 -0.07299023
v 0.07700267 0.7390963 0.04283866
v 0.08702443 0.7390963 0.045365527
v 0.091271035 0.73687553 0.043172557
v 0.07641558 0.73682934 0.039554786
v -0.09339492 0.7390963 0.030558161
v -0.09775807 0.7390963 0.008623417
v -0.100843415 0.7368942 0.004965784
v -0.09506768 0.73689675 0.034002323
v -0.030212399 0.7390963 -0.09346366
v -0.0080266185 0.7390963 -0.09787669
v -0.0049666273 0.73689634 -0.100843236
v -0.034002297 0.7368967 -0.09506768
v -0.07462746 0.7390963 0.063919
v -0.08702455 0.7390963 0.045365527
v -0.09126685 0.73689455 0.043179013
v -0.07481912 0.7368971 0.067794725
v 0.045027032 0.7390963 -0.087250546
v 0.06380566 0.7390963 -0.07470311
v 0.06780327 0.73687166 -0.07481328
v 0.04317122 0.73687166 -0.09127197
v 0.0750901 0.7390963 -0.063226484
v 0.08760151 0.7390963 -0.04450176
v 0.091266155 0.73689723 -0.043179885
v 0.074818656 0.7368956 -0.06779528
v -0.045027148 0.7390963 -0.087250575
v -0.039604623 0.7390963 -0.073448025
v -0.03612804 0.7368278 -0.07298965
v -0.043172617 0.7368756 -0.091271065
v 0.09339481 0.7390963 0.030558161
v 0.08248358 0.7390963 0.02917366
v 0.07958001 0.73681897 0.031917106
v 0.09506512 0.73686546 0.0340148
v 0.06380566 0.7390963 -0.07470311
v 0.0555283 0.7390963 -0.0628081
v 0.05677458 0.7368237 -0.059194017
v 0.06780327 0.73687166 -0.07481328
v -0.08702455 0.7390963 0.045365527
v -0.077002786 0.7390963 0.04283866
v -0.07641198 0.73684883 0.03956031
v -0.09126685 0.73689455 0.043179013
v 0.097977296 0.7390963 -0.007520332
v 0.08606064 0.7390963 -0.004337934
v 0.08442522 0.73682004 -7.059461E-4
v 0.1008455 0.7368669 -0.0049548517
v -0.09775807 0.7390963 0.008623417
v -0.08622521 0.7390963 0.010363975
v -0.08442336 0.7368486 0.007568103
v -0.100843415 0.7368942 0.004965784
v 0.07958025 0.73682225 -0.025063412
v 0.08442522 0.73682004 -7.059461E-4
v 0.08606064 0.7390963 -0.004337934
v 0.082325175 0.7390963 -0.023117583
v 0.036127113 0.73682475 -0.07299023
v 0.05677458 0.7368237 -0.059194017
v 0.0555283 0.7390963 -0.0628081
v 0.039604623 0.7390963 -0.073447995
v 0.034011483 0.73687375 -0.09506588
v 0.004957556 0.73687375 -0.10084504
v 0.008026502 0.7390963 -0.09787669
v 0.030212399 0.7390963 -0.09346366
v 0.0431725 0.7368756 0.091271035
v 0.067802 0.7368756 0.07481418
v 0.063154265 0.7390963 0.07513837
v 0.044614978 0.7390963 0.08752586
v 0.09506512 0.73686546 0.0340148
v 0.10084562 0.73686546 0.0049542994
v 0.09775795 0.7390963 0.008623417
v 0.09339481 0.7390963 0.030558161
v -0.043172617 0.7368756 -0.091271065
v -0.06780211 0.7368756 -0.07481421
v -0.06380578 0.7390963 -0.07470311
v -0.045027148 0.7390963 -0.087250575
v 0.1008455 0.7368669 -0.0049548517
v 0.095065236 0.7368669 -0.034014244
v 0.0935995 0.7390963 -0.029529074
v 0.097977296 0.7390963 -0.007520332
v -0.07481424 0.7368756 -0.06780205
v -0.091271155 0.7368756 -0.043172587
v -0.08760163 0.7390963 -0.04450179
v -0.0750901 0.7390963 -0.06322651
v 0.07481412 0.73687553 0.06780205
v 0.091271035 0.73687553 0.043172557
v 0.08702443 0.7390963 0.045365527
v 0.07462734 0.7390963 0.063919
v -0.082325295 0.7390963 -0.023117611
v -0.08606076 0.7390963 -0.004337934
v -0.08442534 0.73682004 -7.059461E-4
v -0.07958036 0.73682225 -0.025063442
v 0.08248358 0.7390963 0.02917366
v 0.08622509 0.7390963 0.0103640035
v 0.08442511 0.73682153 0.0075590312
v 0.07958001 0.73681897 0.031917106
v -0.039604623 0.7390963 -0.073448025
v -0.055528417 0.7390963 -0.0628081
v -0.056773882 0.73682684 -0.05919463
v -0.03612804 0.7368278 -0.07298965
v -0.08622521 0.7390963 0.010363975
v -0.082483694 0.7390963 0.02917366
v -0.0795821 0.7368486 0.031907164
v -0.08442336 0.7368486 0.007568103
v 0.06631172 0.7390963 0.05883892
v 0.07700267 0.7390963 0.04283866
v 0.07641558 0.73682934 0.039554786
v 0.06262079 0.73682684 0.060200106
v 0.007349399 0.7390963 0.0895695
v 0.026369937 0.7390963 0.08578612
v 0.028488124 0.7368269 0.083006874
v 0.0041342624 0.7368261 0.08785115
v -0.077002786 0.7390963 0.04283866
v -0.06631183 0.7390963 0.05883892
v -0.062625095 0.73684883 0.060193885
v -0.07641198 0.73684883 0.03956031
v -0.026370052 0.7390963 0.08578612
v -0.0073495153 0.7390963 0.0895695
v -0.0041335644 0.73682386 0.08785127
v -0.028488938 0.73682463 0.0830067
v -0.055999205 0.7390963 0.06934612
v -0.039927706 0.7390963 0.080084756
v -0.036126066 0.7368207 0.07984361
v -0.056775045 0.7368227 0.06604643
v -0.055528417 0.7390963 -0.0628081
v -0.06380578 0.7390963 -0.07470311
v -0.06780211 0.7368756 -0.07481421
v -0.056773882 0.73682684 -0.05919463
v 0.08622509 0.7390963 0.0103640035
v 0.09775795 0.7390963 0.008623417
v 0.10084562 0.73686546 0.0049542994
v 0.08442511 0.73682153 0.0075590312
v 0.055999085 0.7390963 0.06934612
v 0.063154265 0.7390963 0.07513837
v 0.067802 0.7368756 0.07481418
v 0.056773186 0.73682886 0.066047534
v 0.065946646 0.7390963 -0.052532595
v 0.0750901 0.7390963 -0.063226484
v 0.074818656 0.7368956 -0.06779528
v 0.062624976 0.7368489 -0.053341236
v -0.0073495153 0.7390963 0.0895695
v -0.007960211 0.7390963 0.09788989
v -0.0049566254 0.73687136 0.10084521
v -0.0041335644 0.73682386 0.08785127
v 0.026369937 0.7390963 0.08578612
v 0.029830933 0.7390963 0.093539484
v 0.03401125 0.73687434 0.09506588
v 0.028488124 0.7368269 0.083006874
v -0.08606076 0.7390963 -0.004337934
v -0.09797741 0.7390963 -0.007520332
v -0.10084562 0.7368669 -0.0049548517
v -0.08442534 0.73682004 -7.059461E-4
v -0.07658236 0.7390963 -0.036615312
v -0.08760163 0.7390963 -0.04450179
v -0.091271155 0.7368756 -0.043172587
v -0.076416165 0.73682684 -0.0327015
v 0.0072989245 0.7390963 -0.08272697
v 0.008026502 0.7390963 -0.09787669
v 0.004957556 0.73687375 -0.10084504
v 0.004134146 0.7368258 -0.08099859
v -0.026089301 0.7390963 -0.07898932
v -0.030212399 0.7390963 -0.09346366
v -0.034002297 0.7368967 -0.09506768
v -0.028480912 0.7368486 -0.07615571
v 0.082325175 0.7390963 -0.023117583
v 0.0935995 0.7390963 -0.029529074
v 0.095065236 0.7368669 -0.034014244
v 0.07958025 0.73682225 -0.025063412
v -0.082483694 0.7390963 0.02917366
v -0.09339492 0.7390963 0.030558161
v -0.09506768 0.73689675 0.034002323
v -0.0795821 0.7368486 0.031907164
v -0.039927706 0.7390963 0.080084756
v -0.044615094 0.7390963 0.08752592
v -0.04316994 0.73686785 0.09127284
v -0.036126066 0.7368207 0.07984361
v 0.044614978 0.7390963 0.08752586
v 0.039927706 0.7390963 0.0800847
v 0.036127694 0.73682684 0.07984245
v 0.0431725 0.7368756 0.091271035
v -0.06315438 0.7390963 0.07513837
v -0.055999205 0.7390963 0.06934612
v -0.056775045 0.7368227 0.06604643
v -0.06780467 0.73686785 0.074812435
v 0.08760151 0.7390963 -0.04450176
v 0.07658224 0.7390963 -0.036615282
v 0.07641186 0.7368489 -0.03270775
v 0.091266155 0.73689723 -0.043179885
v 0.007960211 0.7390963 0.09788989
v 0.007349399 0.7390963 0.0895695
v 0.0041342624 0.7368261 0.08785115
v 0.0049577886 0.73687434 0.10084498
v -0.09359961 0.7390963 -0.029529102
v -0.082325295 0.7390963 -0.023117611
v -0.07958036 0.73682225 -0.025063442
v -0.095065355 0.7368669 -0.034014273
v 0.07462734 0.7390963 0.063919
v 0.06631172 0.7390963 0.05883892
v 0.06262079 0.73682684 0.060200106
v 0.07481412 0.73687553 0.06780205
v -0.0750901 0.7390963 -0.06322651
v -0.065946765 0.7390963 -0.052532624
v -0.06262126 0.7368285 -0.053347077
v -0.07481424 0.7368756 -0.06780205
v 0.030212399 0.7390963 -0.09346366
v 0.026089186 0.7390963 -0.07898932
v 0.028488588 0.73682547 -0.076154195
v 0.034011483 0.73687375 -0.09506588
v -0.0080266185 0.7390963 -0.09787669
v -0.0072989245 0.7390963 -0.08272697
v -0.004141822 0.7368486 -0.08099708
v -0.0049666273 0.73689634 -0.100843236
v -0.029831048 0.7390963 0.09353954
v -0.026370052 0.7390963 0.08578612
v -0.028488938 0.73682463 0.0830067
v -0.03401253 0.73687136 0.0950657
v -0.07481912 0.7368971 0.067794725
v -0.062625095 0.73684883 0.060193885
v -0.06631183 0.7390963 0.05883892
v -0.07462746 0.7390963 0.063919
v -0.043172617 0.7368756 -0.091271065
v -0.06780211 0.7368756 -0.07481421
vt 0.98394966 -0.34729195
vt 0.99394536 -0.37141895
vt 0.92829984 -0.3844819
vt 0.94136274 -0.45012748
vt 0.9152468 -0.4501295
vt 0.86265224 -0.37142885
vt 0.87264454 -0.34730053
vt 0.94135296 -0.3188343
vt 0.9654816 -0.32882667
vt 0.9839551 -0.42166352
vt 0.96548986 -0.44013166
vt 0.87265 -0.42167187
vt 0.8626543 -0.39754462
vt 0.99394745 -0.39753497
vt 0.8911184 -0.44013727
vt 0.89110976 -0.32883227
vt 0.91523695 -0.3188362
vt 0.8044543 -0.83023036
vt 0.80044794 -0.83036757
vt 0.8040406 -0.8287008
vt 0.80308557 -0.82742286
vt 0.8017155 -0.8266094
vt 0.80014443 -0.8263984
vt 0.79862565 -0.8268354
vt 0.7974075 -0.827842
vt 0.796678 -0.82923234
vt 0.79653 -0.83077824
vt 0.7969649 -0.832247
vt 0.79790777 -0.83342934
vt 0.79921705 -0.8341625
vt 0.80070174 -0.8343506
vt 0.8021478 -0.83396864
vt 0.8033472 -0.83306074
vt 0.8040989 -0.83174276
vt 0.47549385 -0.3129599
vt 0.4643392 -0.3129599
vt 0.4643392 -0.3089111
vt 0.47549385 -0.3089111
vt 0.299899 -0.20510793
vt 0.299899 -0.18303084
vt 0.32659322 -0.18303084
vt 0.32659322 -0.20510793
vt 0.35266024 -0.18303084
vt 0.35266024 -0.20510805
vt 0.37524045 -0.18303084
vt 0.37524033 -0.20510793
vt 0.404425 -0.18303084
vt 0.404425 -0.20510793
vt 0.43415606 -0.18303084
vt 0.43415606 -0.20510793
vt 0.46295813 -0.18303084
vt 0.46295813 -0.20510793
vt 0.49193728 -0.18303084
vt 0.49193728 -0.20510793
vt 0.5160816 -0.18303084
vt 0.5160816 -0.20510793
vt 0.07784319 -0.20510793
vt 0.07784319 -0.18303084
vt 0.10284871 -0.18303084
vt 0.10284871 -0.20510793
vt 0.13162504 -0.18303084
vt 0.13162504 -0.20510793
vt 0.16214363 -0.18303084
vt 0.16214375 -0.20510793
vt 0.19095866 -0.18303084
vt 0.19095866 -0.20510793
vt 0.21971719 -0.18303084
vt 0.21971719 -0.20510793
vt 0.24608435 -0.18303084
vt 0.24608435 -0.20510793
vt 0.2729377 -0.18303084
vt 0.2729377 -0.20510793
vt 0.19456185 -0.27399683
vt 0.19456185 -0.2805915
vt 0.1801144 -0.2805915
vt 0.18011428 -0.27399683
vt 0.2090125 -0.27399683
vt 0.2090125 -0.2805915
vt 0.22340105 -0.27399683
vt 0.22340076 -0.2805915
vt 0.23765977 -0.27399683
vt 0.23765953 -0.2805915
vt 0.2517005 -0.27399683
vt 0.2517005 -0.2805915
vt 0.2653966 -0.27399683
vt 0.2653966 -0.2805915
vt 0.2785502 -0.27399683
vt 0.2785502 -0.2805915
vt 0.291039 -0.27399683
vt 0.291039 -0.2805915
vt 0.08323333 -0.27399683
vt 0.08323333 -0.2805915
vt 0.07089153 -0.2805915
vt 0.07089153 -0.27399683
vt 0.09609187 -0.27399683
vt 0.09609187 -0.2805915
vt 0.10945049 -0.27399683
vt 0.10945049 -0.2805915
vt 0.12317467 -0.27399683
vt 0.12317467 -0.2805915
vt 0.13716747 -0.27399683
vt 0.13716747 -0.2805915
vt 0.15135695 -0.27399683
vt 0.15135695 -0.2805915
vt 0.16568582 -0.27399683
vt 0.16568582 -0.2805915
vt 0.1801144 -0.2805915
vt 0.1801144 -0.2896104
vt 0.16568582 -0.2896104
vt 0.16568582 -0.2805915
vt 0.15135695 -0.2896104
vt 0.15135695 -0.2805915
vt 0.13716747 -0.2896104
vt 0.13716747 -0.2805915
vt 0.12317467 -0.2896104
vt 0.12317467 -0.2805915
vt 0.10945049 -0.2896104
vt 0.10945049 -0.2805915
vt 0.09609187 -0.2896104
vt 0.09609187 -0.2805915
vt 0.08323333 -0.2896104
vt 0.08323333 -0.2805915
vt 0.07089153 -0.2896104
vt 0.07089153 -0.2805915
vt 0.291039 -0.2805915
vt 0.291039 -0.2896104
vt 0.2785501 -0.2896104
vt 0.2785502 -0.2805915
vt 0.2653966 -0.2896104
vt 0.2653966 -0.2805915
vt 0.2517005 -0.2896104
vt 0.2517005 -0.2805915
vt 0.23765953 -0.2896104
vt 0.23765953 -0.2805915
vt 0.22340076 -0.2896104
vt 0.22340076 -0.2805915
vt 0.2090125 -0.2896104
vt 0.2090125 -0.2805915
vt 0.19456185 -0.2896104
vt 0.19456185 -0.2805915
vt 0.2729377 -0.26676798
vt 0.2729377 -0.24871409
vt 0.299899 -0.24871409
vt 0.299899 -0.26676798
vt 0.24608435 -0.26676798
vt 0.24608435 -0.24871409
vt 0.21971719 -0.26676798
vt 0.21971719 -0.24871409
vt 0.19095866 -0.26676798
vt 0.19095866 -0.24871409
vt 0.16214363 -0.26676798
vt 0.16214375 -0.24871409
vt 0.13162504 -0.26676798
vt 0.13162504 -0.24871409
vt 0.10284871 -0.26676798
vt 0.10284871 -0.24871409
vt 0.07784319 -0.26676798
vt 0.07784319 -0.24871409
vt 0.49193728 -0.26676798
vt 0.49193728 -0.24871409
vt 0.5160816 -0.24871409
vt 0.5160816 -0.26676798
vt 0.46295813 -0.26676798
vt 0.46295813 -0.24871409
vt 0.43415606 -0.26676798
vt 0.43415606 -0.24871409
vt 0.404425 -0.26676798
vt 0.404425 -0.24871409
vt 0.37524045 -0.26676798
vt 0.37524033 -0.24871409
vt 0.35266024 -0.26676798
vt 0.35266024 -0.24871409
vt 0.32659322 -0.26676798
vt 0.32659322 -0.24871409
vt 0.2729377 -0.23954189
vt 0.2729377 -0.23335361
vt 0.299899 -0.23335361
vt 0.299899 -0.23954165
vt 0.24608435 -0.23954189
vt 0.24608435 -0.23335361
vt 0.21971719 -0.23954189
vt 0.21971719 -0.23335361
vt 0.19095866 -0.23954189
vt 0.19095866 -0.23335361
vt 0.16214375 -0.23954189
vt 0.16214375 -0.23335361
vt 0.13162504 -0.23954189
vt 0.13162504 -0.23335361
vt 0.10284871 -0.23954189
vt 0.10284871 -0.23335361
vt 0.07784319 -0.23954165
vt 0.07784319 -0.23335338
vt 0.49193728 -0.23954189
vt 0.49193728 -0.23335361
vt 0.5160816 -0.23335338
vt 0.5160816 -0.23954153
vt 0.46295813 -0.23954189
vt 0.46295813 -0.23335361
vt 0.43415606 -0.23954189
vt 0.43415606 -0.23335361
vt 0.404425 -0.23954189
vt 0.404425 -0.23335361
vt 0.37524033 -0.23954189
vt 0.37524033 -0.23335361
vt 0.35266024 -0.23954189
vt 0.35266024 -0.23335361
vt 0.32659322 -0.23954189
vt 0.32659322 -0.23335361
vt 0.2729377 -0.23335361
vt 0.2729377 -0.22805476
vt 0.299899 -0.22805476
vt 0.299899 -0.23335361
vt 0.24608435 -0.23335361
vt 0.24608435 -0.22805476
vt 0.21971719 -0.23335361
vt 0.21971719 -0.22805476
vt 0.19095866 -0.23335361
vt 0.19095866 -0.22805476
vt 0.16214375 -0.23335361
vt 0.16214375 -0.22805476
vt 0.13162504 -0.23335361
vt 0.13162504 -0.22805464
vt 0.10284871 -0.23335361
vt 0.10284871 -0.22805476
vt 0.07784319 -0.23335338
vt 0.07784319 -0.22805452
vt 0.49193728 -0.23335361
vt 0.49193728 -0.22805476
vt 0.5160816 -0.22805452
vt 0.5160816 -0.23335338
vt 0.46295813 -0.23335361
vt 0.46295813 -0.22805476
vt 0.43415606 -0.23335361
vt 0.43415606 -0.22805476
vt 0.404425 -0.23335361
vt 0.404425 -0.22805476
vt 0.37524033 -0.23335361
vt 0.37524033 -0.22805476
vt 0.35266024 -0.23335361
vt 0.35266024 -0.22805476
vt 0.32659322 -0.23335361
vt 0.32659322 -0.22805464
vt 0.2729377 -0.22333896
vt 0.2729377 -0.21822321
vt 0.299899 -0.21822321
vt 0.299899 -0.22333896
vt 0.24608435 -0.22333896
vt 0.24608435 -0.21822321
vt 0.21971719 -0.22333896
vt 0.21971719 -0.21822321
vt 0.19095866 -0.22333896
vt 0.19095866 -0.21822321
vt 0.16214375 -0.22333896
vt 0.16214375 -0.21822321
vt 0.13162477 -0.22333896
vt 0.13162504 -0.21822321
vt 0.10284871 -0.22333896
vt 0.10284871 -0.21822321
vt 0.07784319 -0.22333896
vt 0.07784319 -0.21822345
vt 0.49193728 -0.22333896
vt 0.49193728 -0.21822321
vt 0.5160816 -0.21822345
vt 0.5160816 -0.22333896
vt 0.46295813 -0.22333896
vt 0.46295813 -0.21822321
vt 0.43415606 -0.22333896
vt 0.43415606 -0.21822321
vt 0.404425 -0.22333896
vt 0.404425 -0.21822321
vt 0.37524033 -0.22333896
vt 0.37524033 -0.21822321
vt 0.35266024 -0.22333896
vt 0.35266024 -0.21822321
vt 0.32659322 -0.22333896
vt 0.32659322 -0.21822321
vt 0.2729377 -0.21295631
vt 0.299899 -0.21295631
vt 0.24608435 -0.21295631
vt 0.21971719 -0.21295631
vt 0.19095866 -0.21295631
vt 0.16214375 -0.21295631
vt 0.13162504 -0.21295631
vt 0.10284871 -0.21295631
vt 0.07784319 -0.21295631
vt 0.49193728 -0.21295631
vt 0.5160816 -0.21295631
vt 0.46295813 -0.21295631
vt 0.43415606 -0.21295631
vt 0.404425 -0.21295631
vt 0.37524033 -0.21295631
vt 0.35266024 -0.21295631
vt 0.32659322 -0.21295631
vt 0.299899 -0.21822321
vt 0.32659322 -0.21822321
vt 0.35266024 -0.21822321
vt 0.37524033 -0.21822321
vt 0.404425 -0.21822321
vt 0.43415606 -0.21822321
vt 0.46295813 -0.21822321
vt 0.49193728 -0.21822321
vt 0.5160816 -0.21822345
vt 0.07784319 -0.21822345
vt 0.10284871 -0.21822321
vt 0.13162504 -0.21822321
vt 0.16214375 -0.21822321
vt 0.19095866 -0.21822321
vt 0.21971719 -0.21822321
vt 0.24608435 -0.21822321
vt 0.2729377 -0.21822321
vt 0.299899 -0.22333896
vt 0.32659322 -0.22333896
vt 0.35266024 -0.22333896
vt 0.37524033 -0.22333896
vt 0.404425 -0.22333896
vt 0.43415606 -0.22333896
vt 0.46295813 -0.22333896
vt 0.49193728 -0.22333896
vt 0.5160816 -0.22333896
vt 0.07784319 -0.22333896
vt 0.10284871 -0.22333896
vt 0.13162477 -0.22333896
vt 0.16214375 -0.22333896
vt 0.19095866 -0.22333896
vt 0.21971719 -0.22333896
vt 0.24608435 -0.22333896
vt 0.2729377 -0.22333896
vt 0.299899 -0.2440728
vt 0.32659322 -0.2440728
vt 0.35266024 -0.2440728
vt 0.37524033 -0.2440728
vt 0.404425 -0.2440728
vt 0.43415606 -0.2440728
vt 0.46295813 -0.2440728
vt 0.49193728 -0.2440728
vt 0.5160816 -0.2440728
vt 0.07784319 -0.2440728
vt 0.10284871 -0.2440728
vt 0.13162504 -0.2440728
vt 0.16214375 -0.2440728
vt 0.19095866 -0.2440728
vt 0.21971719 -0.2440728
vt 0.24608435 -0.2440728
vt 0.2729377 -0.2440728
vt 0.2729377 -0.24871409
vt 0.2729377 -0.2440728
vt 0.299899 -0.2440728
vt 0.299899 -0.24871409
vt 0.24608435 -0.24871409
vt 0.24608435 -0.2440728
vt 0.21971719 -0.24871409
vt 0.21971719 -0.2440728
vt 0.19095866 -0.24871409
vt 0.19095866 -0.2440728
vt 0.16214375 -0.24871409
vt 0.16214375 -0.2440728
vt 0.13162504 -0.24871409
vt 0.13162504 -0.2440728
vt 0.10284871 -0.24871409
vt 0.10284871 -0.2440728
vt 0.07784319 -0.24871409
vt 0.07784319 -0.2440728
vt 0.49193728 -0.24871409
vt 0.49193728 -0.2440728
vt 0.5160816 -0.2440728
vt 0.5160816 -0.24871409
vt 0.46295813 -0.24871409
vt 0.46295813 -0.2440728
vt 0.43415606 -0.24871409
vt 0.43415606 -0.2440728
vt 0.404425 -0.24871409
vt 0.404425 -0.2440728
vt 0.37524033 -0.24871409
vt 0.37524033 -0.2440728
vt 0.35266024 -0.24871409
vt 0.35266024 -0.2440728
vt 0.32659322 -0.24871409
vt 0.32659322 -0.2440728
vt 0.91523695 -0.3188362
vt 0.91478294 -0.31652784
vt 0.94181675 -0.31652784
vt 0.94135296 -0.3188343
vt 0.9667928 -0.3268733
vt 0.9654816 -0.32882667
vt 0.98590845 -0.345989
vt 0.98394966 -0.34729195
vt 0.99625385 -0.370965
vt 0.99394536 -0.37141895
vt 0.99625385 -0.3979987
vt 0.99394745 -0.39753497
vt 0.98590845 -0.42297482
vt 0.9839551 -0.42166352
vt 0.9667928 -0.44209063
vt 0.96548986 -0.44013166
vt 0.94181675 -0.45243597
vt 0.94136274 -0.45012748
vt 0.91478294 -0.45243597
vt 0.9152468 -0.4501295
vt 0.88980716 -0.44209075
vt 0.8911184 -0.44013727
vt 0.8706911 -0.42297482
vt 0.87265 -0.42167187
vt 0.8603458 -0.3979987
vt 0.8626543 -0.39754462
vt 0.8603458 -0.370965
vt 0.86265224 -0.37142885
vt 0.8706911 -0.345989
vt 0.87264454 -0.34730053
vt 0.88980687 -0.3268733
vt 0.89110976 -0.32883227
vt 0.19456185 -0.3455305
vt 0.19456185 -0.387753
vt 0.1801144 -0.387753
vt 0.1801144 -0.3455305
vt 0.2090125 -0.3455305
vt 0.2090125 -0.387753
vt 0.22340076 -0.3455305
vt 0.22340076 -0.387753
vt 0.23765953 -0.3455305
vt 0.23765953 -0.387753
vt 0.2517005 -0.3455305
vt 0.2517005 -0.387753
vt 0.2653966 -0.3455305
vt 0.2653966 -0.387753
vt 0.2785502 -0.3455305
vt 0.2785502 -0.387753
vt 0.291039 -0.3455305
vt 0.291039 -0.387753
vt 0.08323333 -0.3455305
vt 0.08323333 -0.387753
vt 0.07089153 -0.387753
vt 0.07089153 -0.3455305
vt 0.09609187 -0.3455305
vt 0.09609187 -0.387753
vt 0.10945049 -0.3455305
vt 0.10945049 -0.387753
vt 0.12317467 -0.3455305
vt 0.12317467 -0.387753
vt 0.13716747 -0.3455305
vt 0.13716747 -0.387753
vt 0.15135695 -0.3455305
vt 0.15135695 -0.387753
vt 0.16568582 -0.3455305
vt 0.16568582 -0.387753
vt 0.19456185 -0.41758966
vt 0.1801144 -0.41758966
vt 0.2090125 -0.41758966
vt 0.22340076 -0.41758966
vt 0.23765953 -0.41758966
vt 0.2517005 -0.41758966
vt 0.2653966 -0.41758966
vt 0.2785502 -0.41758966
vt 0.291039 -0.41758966
vt 0.08323333 -0.41758966
vt 0.07089153 -0.41758966
vt 0.09609187 -0.41758966
vt 0.10945049 -0.41758966
vt 0.12317467 -0.41758966
vt 0.13716747 -0.41758966
vt 0.15135695 -0.41758966
vt 0.16568582 -0.41758966
vt 0.1801144 -0.2896104
vt 0.1801144 -0.31084824
vt 0.16568582 -0.31084824
vt 0.16568582 -0.2896104
vt 0.15135695 -0.31084824
vt 0.15135695 -0.2896104
vt 0.19456185 -0.2896104
vt 0.19456185 -0.31084824
vt 0.2090125 -0.2896104
vt 0.2090125 -0.31084824
vt 0.22340076 -0.2896104
vt 0.22340076 -0.31084824
vt 0.23765953 -0.2896104
vt 0.23765953 -0.31084824
vt 0.2517005 -0.2896104
vt 0.2517005 -0.31084824
vt 0.2653966 -0.2896104
vt 0.2653966 -0.31084824
vt 0.2785501 -0.2896104
vt 0.2785502 -0.31084824
vt 0.291039 -0.2896104
vt 0.291039 -0.31084824
vt 0.08323333 -0.2896104
vt 0.08323333 -0.31084824
vt 0.07089153 -0.31084824
vt 0.07089153 -0.2896104
vt 0.09609187 -0.2896104
vt 0.09609187 -0.31084824
vt 0.10945049 -0.2896104
vt 0.10945049 -0.31084824
vt 0.12317467 -0.2896104
vt 0.12317467 -0.31084824
vt 0.13716747 -0.2896104
vt 0.13716747 -0.31084824
vt 0.33040965 -0.3089111
vt 0.31801817 -0.3089111
vt 0.31801817 -0.30762792
vt 0.33040965 -0.30762815
vt 0.3428893 -0.3129599
vt 0.33040965 -0.3129599
vt 0.3428893 -0.3089111
vt 0.4052802 -0.3129599
vt 0.39295682 -0.3129599
vt 0.39295682 -0.3089111
vt 0.4052802 -0.3089111
vt 0.45298594 -0.3129599
vt 0.44132257 -0.3129599
vt 0.44132257 -0.3089111
vt 0.45298576 -0.3089111
vt 0.31801817 -0.3129599
vt 0.30566734 -0.3129599
vt 0.30566734 -0.3089111
vt 0.38051915 -0.3129599
vt 0.36799926 -0.3129599
vt 0.36799926 -0.3089111
vt 0.38051915 -0.3089111
vt 0.4294847 -0.3129599
vt 0.4174634 -0.3129599
vt 0.4174634 -0.3089111
vt 0.4294847 -0.3089111
vt 0.48693228 -0.3129599
vt 0.48693228 -0.3089111
vt 0.35543793 -0.3129599
vt 0.35543793 -0.3089111
vt 0.499767 -0.3129599
vt 0.499767 -0.3089111
vt 0.36799926 -0.32459128
vt 0.35543793 -0.32459128
vt 0.35543793 -0.31988335
vt 0.36799926 -0.31988335
vt 0.4174634 -0.32459128
vt 0.4052802 -0.32459128
vt 0.4052802 -0.31988335
vt 0.4174634 -0.31988335
vt 0.499767 -0.32459128
vt 0.48693228 -0.32459128
vt 0.48693228 -0.31988335
vt 0.499767 -0.31988335
vt 0.44132257 -0.32459128
vt 0.4294847 -0.32459128
vt 0.4294847 -0.31988335
vt 0.44132257 -0.31988335
vt 0.39295682 -0.32459128
vt 0.38051915 -0.32459128
vt 0.38051903 -0.31988335
vt 0.39295682 -0.31988335
vt 0.33040965 -0.32459128
vt 0.31801817 -0.32459128
vt 0.31801817 -0.31988335
vt 0.33040965 -0.31988335
vt 0.4643392 -0.32459128
vt 0.45298576 -0.32459128
vt 0.45298594 -0.31988335
vt 0.4643392 -0.31988335
vt 0.3428893 -0.32459128
vt 0.3428893 -0.31988335
vt 0.47549385 -0.32459128
vt 0.47549385 -0.31988335
vt 0.30566734 -0.32459128
vt 0.30566734 -0.31988335
vt 0.36799926 -0.31988335
vt 0.35543793 -0.31988335
vt 0.35543793 -0.31623328
vt 0.36799926 -0.31623328
vt 0.4174634 -0.31988335
vt 0.4052802 -0.31988335
vt 0.4052802 -0.31623328
vt 0.4174634 -0.31623328
vt 0.499767 -0.31988335
vt 0.48693228 -0.31988335
vt 0.48693228 -0.31623328
vt 0.499767 -0.31623328
vt 0.44132257 -0.31988335
vt 0.4294847 -0.31988335
vt 0.4294847 -0.31623328
vt 0.44132257 -0.31623328
vt 0.39295682 -0.31988335
vt 0.38051903 -0.31988335
vt 0.38051903 -0.31623328
vt 0.39295682 -0.31623328
vt 0.33040965 -0.31988335
vt 0.31801817 -0.31988335
vt 0.31801817 -0.31623328
vt 0.33040965 -0.31623328
vt 0.4643392 -0.31988335
vt 0.45298594 -0.31988335
vt 0.45298594 -0.31623328
vt 0.4643392 -0.31623328
vt 0.3428893 -0.31988335
vt 0.3428893 -0.31623328
vt 0.47549385 -0.31988335
vt 0.47549385 -0.31623328
vt 0.30566734 -0.31988335
vt 0.30566734 -0.31623328
vt 0.36799926 -0.31623328
vt 0.35543793 -0.31623328
vt 0.4174634 -0.31623328
vt 0.4052802 -0.31623328
vt 0.499767 -0.31623328
vt 0.48693228 -0.31623328
vt 0.44132257 -0.31623328
vt 0.4294847 -0.31623328
vt 0.39295682 -0.31623328
vt 0.38051903 -0.31623328
vt 0.33040965 -0.31623328
vt 0.31801817 -0.31623328
vt 0.4643392 -0.31623328
vt 0.45298594 -0.31623328
vt 0.3428893 -0.31623328
vt 0.47549385 -0.31623328
vt 0.30566734 -0.31623328
vt 0.47549385 -0.3484745
vt 0.4643392 -0.3484745
vt 0.4643392 -0.33518255
vt 0.47549385 -0.33518267
vt 0.34288898 -0.3484745
vt 0.33040965 -0.3484745
vt 0.33040965 -0.33518255
vt 0.3428893 -0.33518255
vt 0.4052802 -0.3484745
vt 0.39295682 -0.3484745
vt 0.39295682 -0.33518255
vt 0.4052802 -0.33518255
vt 0.45298594 -0.3484745
vt 0.44132257 -0.3484745
vt 0.44132257 -0.33518267
vt 0.45298594 -0.33518255
vt 0.31801817 -0.3484745
vt 0.30566734 -0.3484745
vt 0.30566734 -0.33518267
vt 0.31801817 -0.33518267
vt 0.38051915 -0.3484745
vt 0.36799926 -0.3484745
vt 0.36799926 -0.33518255
vt 0.38051915 -0.33518255
vt 0.4294847 -0.3484745
vt 0.4174634 -0.3484745
vt 0.4174634 -0.33518255
vt 0.4294847 -0.33518255
vt 0.48693228 -0.3484745
vt 0.48693228 -0.33518255
vt 0.35543793 -0.3484745
vt 0.35543793 -0.33518255
vt 0.499767 -0.3484745
vt 0.499767 -0.33518267
vt 0.4643392 -0.32459128
vt 0.47549385 -0.32459128
vt 0.33040965 -0.32459128
vt 0.3428893 -0.32459128
vt 0.39295682 -0.32459128
vt 0.4052802 -0.32459128
vt 0.44132257 -0.32459128
vt 0.45298576 -0.32459128
vt 0.30566734 -0.32459128
vt 0.31801817 -0.32459128
vt 0.36799926 -0.32459128
vt 0.38051915 -0.32459128
vt 0.4174634 -0.32459128
vt 0.4294847 -0.32459128
vt 0.48693228 -0.32459128
vt 0.35543793 -0.32459128
vt 0.499767 -0.32459128
vt 0.33040965 -0.29826474
vt 0.31801817 -0.29826474
vt 0.31801817 -0.29504466
vt 0.33040965 -0.29504466
vt 0.4294847 -0.30762815
vt 0.44132257 -0.30762792
vt 0.3428893 -0.30762792
vt 0.45298594 -0.30762792
vt 0.35543793 -0.30762792
vt 0.4643392 -0.30762792
vt 0.36799926 -0.30762792
vt 0.47549385 -0.30762792
vt 0.38051903 -0.30762792
vt 0.48693228 -0.30762792
vt 0.39295682 -0.30762792
vt 0.499767 -0.30762815
vt 0.4052802 -0.30762815
vt 0.4174634 -0.30762792
vt 0.30566734 -0.30762815
vt 0.44132257 -0.29826474
vt 0.4294847 -0.29826474
vt 0.4294847 -0.29504466
vt 0.44132257 -0.29504466
vt 0.3428893 -0.29826474
vt 0.3428893 -0.29504466
vt 0.45298594 -0.29826474
vt 0.45298594 -0.29504466
vt 0.35543793 -0.29826474
vt 0.35543793 -0.29504466
vt 0.4643392 -0.29826474
vt 0.4643392 -0.29504466
vt 0.36799926 -0.29826474
vt 0.36799926 -0.29504466
vt 0.47549385 -0.29826474
vt 0.47549385 -0.29504466
vt 0.38051915 -0.29826474
vt 0.38051915 -0.29504466
vt 0.48693228 -0.29826474
vt 0.48693228 -0.29504466
vt 0.39295682 -0.29826474
vt 0.39295682 -0.29504466
vt 0.499767 -0.29826474
vt 0.499767 -0.29504466
vt 0.4174634 -0.29826474
vt 0.4052802 -0.29826474
vt 0.4052802 -0.29504466
vt 0.4174634 -0.29504466
vt 0.30566734 -0.29826474
vt 0.30566734 -0.29504466
vt 0.4294847 -0.30762815
vt 0.4174634 -0.30762792
vt 0.4174634 -0.3049432
vt 0.4294847 -0.3049432
vt 0.31801817 -0.30762792
vt 0.30566734 -0.30762815
vt 0.30566734 -0.3049432
vt 0.31801817 -0.3049432
vt 0.4052802 -0.30762815
vt 0.39295682 -0.30762792
vt 0.39295682 -0.3049432
vt 0.4052802 -0.3049432
vt 0.499767 -0.30762815
vt 0.48693228 -0.30762792
vt 0.48693228 -0.3049432
vt 0.499767 -0.3049432
vt 0.38051903 -0.30762792
vt 0.38051915 -0.3049432
vt 0.47549385 -0.30762792
vt 0.47549385 -0.3049432
vt 0.36799926 -0.30762792
vt 0.36799926 -0.3049432
vt 0.4643392 -0.30762792
vt 0.4643392 -0.3049432
vt 0.35543793 -0.30762792
vt 0.35543793 -0.3049432
vt 0.45298594 -0.30762792
vt 0.45298594 -0.3049432
vt 0.3428893 -0.30762792
vt 0.3428893 -0.3049432
vt 0.44132257 -0.30762792
vt 0.44132257 -0.3049432
vt 0.33040965 -0.30762815
vt 0.33040965 -0.3049432
vt 0.4174634 -0.3019464
vt 0.4294847 -0.30194664
vt 0.30566734 -0.30194664
vt 0.31801817 -0.3019464
vt 0.39295682 -0.30194664
vt 0.4052802 -0.3019464
vt 0.48693228 -0.3019464
vt 0.499767 -0.30194664
vt 0.38051915 -0.3019464
vt 0.47549385 -0.3019464
vt 0.36799926 -0.3019464
vt 0.4643392 -0.30194664
vt 0.35543793 -0.3019464
vt 0.45298594 -0.3019464
vt 0.3428893 -0.3019464
vt 0.44132257 -0.3019464
vt 0.33040965 -0.3019464
vt 0.36799926 -0.28190827
vt 0.35543793 -0.28190827
vt 0.35543793 -0.27969646
vt 0.36799926 -0.27969646
vt 0.35921857 -0.43108177
vt 0.37301043 -0.43108177
vt 0.37301043 -0.45826888
vt 0.35921878 -0.45826888
vt 0.47549385 -0.28190827
vt 0.4643392 -0.28190827
vt 0.4643392 -0.27969646
vt 0.47549385 -0.27969646
vt 0.38051915 -0.28190827
vt 0.38051915 -0.27969646
vt 0.48693228 -0.28190827
vt 0.48693228 -0.27969646
vt 0.39295682 -0.28190827
vt 0.39295682 -0.27969646
vt 0.499767 -0.28190827
vt 0.499767 -0.27969646
vt 0.4174634 -0.28190827
vt 0.4052802 -0.28190827
vt 0.4052802 -0.27969646
vt 0.4174634 -0.27969646
vt 0.31801817 -0.28190827
vt 0.30566734 -0.28190827
vt 0.30566734 -0.27969646
vt 0.31801817 -0.27969646
vt 0.4294847 -0.28190827
vt 0.4294847 -0.27969646
vt 0.33040965 -0.28190827
vt 0.33040965 -0.27969646
vt 0.44132257 -0.28190827
vt 0.44132257 -0.27969646
vt 0.3428893 -0.28190827
vt 0.34288898 -0.27969646
vt 0.45298594 -0.28190827
vt 0.45298594 -0.27969646
vt 0.4643392 -0.28392994
vt 0.45298594 -0.28392994
vt 0.45298594 -0.28190827
vt 0.4643392 -0.28190827
vt 0.35543793 -0.28392994
vt 0.3428893 -0.28392994
vt 0.3428893 -0.28190827
vt 0.35543793 -0.28190827
vt 0.06666401 -0.18129754
vt 0.05950451 -0.19532704
vt 0.05611202 -0.1944809
vt 0.06337398 -0.18025053
vt 0.44132257 -0.28392994
vt 0.44132257 -0.28190827
vt 0.33040965 -0.28392994
vt 0.33040965 -0.28190827
vt 0.4294847 -0.28392994
vt 0.4294847 -0.28190827
vt 0.31801817 -0.28392994
vt 0.31801817 -0.28190827
vt 0.4174634 -0.28788733
vt 0.4052802 -0.28788733
vt 0.4052802 -0.28551483
vt 0.4174634 -0.28551483
vt 0.30566734 -0.28392994
vt 0.30566734 -0.28190827
vt 0.4174634 -0.28392994
vt 0.4052802 -0.28392994
vt 0.4052802 -0.28190827
vt 0.4174634 -0.28190827
vt 0.39295682 -0.28392994
vt 0.39295682 -0.28190827
vt 0.499767 -0.28392994
vt 0.48693228 -0.28392994
vt 0.48693228 -0.28190827
vt 0.499767 -0.28190827
vt 0.38051915 -0.28392994
vt 0.38051915 -0.28190827
vt 0.4643392 -0.28788733
vt 0.45298594 -0.28788733
vt 0.45298594 -0.28551483
vt 0.4643392 -0.28551483
vt 0.47549385 -0.28392994
vt 0.47549385 -0.28190827
vt 0.36799926 -0.28392994
vt 0.36799926 -0.28190827
vt 0.47549385 -0.28788733
vt 0.47549385 -0.28551483
vt 0.36799926 -0.28788733
vt 0.35543793 -0.28788733
vt 0.35543793 -0.28551483
vt 0.36799926 -0.28551483
vt 0.44132257 -0.28788733
vt 0.44132257 -0.28551483
vt 0.3428893 -0.28788733
vt 0.33040965 -0.28788733
vt 0.33040965 -0.28551483
vt 0.3428893 -0.28551483
vt 0.4294847 -0.28788733
vt 0.4294847 -0.28551483
vt 0.31801817 -0.28788733
vt 0.31801817 -0.28551483
vt 0.30566734 -0.28788733
vt 0.30566734 -0.28551483
vt 0.39295682 -0.28788733
vt 0.39295682 -0.28551483
vt 0.499767 -0.28788733
vt 0.48693228 -0.28788733
vt 0.48693228 -0.28551483
vt 0.499767 -0.28551483
vt 0.38051915 -0.28788733
vt 0.38051903 -0.28551483
vt 0.36799926 -0.29028392
vt 0.35543793 -0.29028392
vt 0.35543793 -0.28788733
vt 0.36799926 -0.28788733
vt 0.47549385 -0.29028392
vt 0.4643392 -0.29028392
vt 0.4643392 -0.28788733
vt 0.47549385 -0.28788733
vt 0.38051915 -0.29028392
vt 0.38051915 -0.28788733
vt 0.48693228 -0.29028392
vt 0.48693228 -0.28788733
vt 0.39295682 -0.29028392
vt 0.39295682 -0.28788733
vt 0.499767 -0.29028392
vt 0.499767 -0.28788733
vt 0.4174634 -0.29028392
vt 0.4052802 -0.29028392
vt 0.4052802 -0.28788733
vt 0.4174634 -0.28788733
vt 0.31801817 -0.29028392
vt 0.30566734 -0.29028392
vt 0.30566734 -0.28788733
vt 0.31801817 -0.28788733
vt 0.4294847 -0.29028392
vt 0.4294847 -0.28788733
vt 0.33040965 -0.29028392
vt 0.33040965 -0.28788733
vt 0.44132257 -0.29028392
vt 0.44132257 -0.28788733
vt 0.3428893 -0.29028392
vt 0.3428893 -0.28788733
vt 0.45298594 -0.29028392
vt 0.45298594 -0.28788733
vt 0.47003838 -0.43108177
vt 0.48152885 -0.43108177
vt 0.48152885 -0.45826888
vt 0.47003838 -0.45826888
vt 0.34605902 -0.43108177
vt 0.34605882 -0.45826888
vt 0.4575616 -0.43108177
vt 0.45756173 -0.45826888
vt 0.33372486 -0.43108177
vt 0.33372486 -0.45826888
vt 0.44428974 -0.43108177
vt 0.44428974 -0.45826888
vt 0.32240367 -0.43108177
vt 0.32240385 -0.45826888
vt 0.43041706 -0.43108177
vt 0.43041706 -0.45826888
vt 0.312281 -0.43108177
vt 0.312281 -0.45826888
vt 0.41614547 -0.43108177
vt 0.41614547 -0.45826888
vt 0.3035265 -0.43108177
vt 0.3035265 -0.45826888
vt 0.38723308 -0.43108177
vt 0.40168095 -0.43108177
vt 0.40168113 -0.45826888
vt 0.38723308 -0.45826888
vt 0.4918357 -0.43108177
vt 0.5007108 -0.43108177
vt 0.5007108 -0.45826888
vt 0.4918357 -0.45826888
vt 0.043563187 -0.057475924
vt 0.041370153 -0.07374334
vt 0.03820595 -0.0735029
vt 0.040430576 -0.057002783
vt 0.04092875 -0.031161547
vt 0.044133753 -0.04721999
vt 0.041048735 -0.04785645
vt 0.03779778 -0.03156793
vt 0.03786236 -0.08340609
vt 0.030504705 -0.09835267
vt 0.027559163 -0.09726274
vt 0.03502223 -0.08210218
vt 0.0597876 -0.006760955
vt 0.06705478 -0.021758318
vt 0.06420392 -0.023047924
vt 0.056833 -0.007835984
vt 0.07278392 -0.15753853
vt 0.07103619 -0.17242205
vt 0.067479044 -0.17229748
vt 0.06925166 -0.15720093
vt 0.06731519 -0.08391702
vt 0.05922553 -0.09835267
vt 0.056373626 -0.097140074
vt 0.06457913 -0.0824976
vt 0.03685221 -0.18015957
vt 0.027996155 -0.19358015
vt 0.024736496 -0.19250536
vt 0.033719484 -0.17889273
vt 0.07304919 -0.057988405
vt 0.06973946 -0.07401502
vt 0.066614 -0.07359111
vt 0.069970936 -0.057335377
vt 0.04356888 -0.15609884
vt 0.04009196 -0.1708138
vt 0.036562264 -0.17045951
vt 0.04008904 -0.15553379
vt 0.029112102 -0.10890162
vt 0.036402076 -0.12291145
vt 0.033117626 -0.123975396
vt 0.025723608 -0.10976529
vt 0.04084608 -0.13178301
vt 0.042712927 -0.14666891
vt 0.039180785 -0.14702225
vt 0.037287474 -0.13192332
vt 0.06999987 -0.13338983
vt 0.073598415 -0.14810264
vt 0.070120305 -0.14868355
vt 0.066470206 -0.13376033
vt 0.07048714 -0.031455636
vt 0.0725691 -0.047737002
vt 0.069432855 -0.048192263
vt 0.06732088 -0.03167796
vt 0.057700932 -0.110663295
vt 0.0666751 -0.124051094
vt 0.0635508 -0.12533331
vt 0.054448456 -0.11175394
vt 0.0305554 -0.0067623854
vt 0.038550854 -0.021242738
vt 0.035805553 -0.022647262
vt 0.027695509 -0.007959604
vt 0.770513 -0.72296536
vt 0.7652909 -0.72336245
vt 0.7652703 -0.7096646
vt 0.77029675 -0.71151185
vt 0.79516673 -0.71972704
vt 0.7944605 -0.7179737
vt 0.79578274 -0.7177005
vt 0.7962831 -0.7189586
vt 0.79684246 -0.7280817
vt 0.7928277 -0.72632456
vt 0.79649836 -0.7210746
vt 0.79824966 -0.72181535
vt 0.79731596 -0.70586634
vt 0.80177903 -0.7059412
vt 0.80039626 -0.7122934
vt 0.79847777 -0.71229863
vt 0.8089466 -0.7109637
vt 0.8105308 -0.7151251
vt 0.8041532 -0.71617687
vt 0.803471 -0.7144029
vt 0.7931737 -0.70750403
vt 0.79669714 -0.71303177
vt 0.78815275 -0.7190945
vt 0.78821445 -0.7146814
vt 0.79449743 -0.71608186
vt 0.7944605 -0.7179737
vt 0.78997415 -0.7106056
vt 0.79528517 -0.7143452
vt 0.8103904 -0.7195647
vt 0.80409896 -0.7180809
vt 0.8085618 -0.7235992
vt 0.8053429 -0.7266209
vt 0.8019357 -0.72114074
vt 0.8033194 -0.7198229
vt 0.80586994 -0.7077323
vt 0.8021526 -0.71303487
vt 0.80123067 -0.7281884
vt 0.80015695 -0.72183883
vt 0.78977734 -0.72317624
vt 0.79516673 -0.71972704
vt 0.78661776 -0.7356658
vt 0.7804661 -0.72950697
vt 0.7848044 -0.7265198
vt 0.7894982 -0.7312901
vt 0.7770757 -0.7214334
vt 0.7822558 -0.7203027
vt 0.81151056 -0.73613644
vt 0.8033247 -0.7392789
vt 0.802333 -0.7340944
vt 0.8086151 -0.7316884
vt 0.79460746 -0.73910093
vt 0.79563546 -0.73394704
vt 0.8040119 -0.6945703
vt 0.81233054 -0.69811106
vt 0.8093094 -0.70264554
vt 0.8029866 -0.6999161
vt 0.8186008 -0.7046188
vt 0.8140734 -0.7076132
vt 0.77700776 -0.7126061
vt 0.7803523 -0.7043543
vt 0.7848847 -0.7072556
vt 0.7822677 -0.71354127
vt 0.82159746 -0.721972
vt 0.81794274 -0.73008394
vt 0.81354105 -0.7270529
vt 0.8163369 -0.7208533
vt 0.8218503 -0.7130176
vt 0.81653714 -0.71402025
vt 0.7866603 -0.69798064
vt 0.78974295 -0.7024317
vt 0.7949794 -0.69452834
vt 0.79610455 -0.6998453
vt 0.7933525 -0.7456521
vt 0.78304887 -0.74122393
vt 0.79348725 -0.68775344
vt 0.80527335 -0.6877395
vt 0.8243633 -0.7007742
vt 0.82863337 -0.7117157
vt 0.7826675 -0.6923418
vt 0.7745318 -0.70073175
vt 0.8283169 -0.723382
vt 0.82356614 -0.7339308
vt 0.81521326 -0.7417762
vt 0.81617177 -0.6922817
vt 0.80462134 -0.7458612
vt 0.77500683 -0.7333735
vt 0.79649836 -0.7210746
vt 0.79724133 -0.719931
vt 0.79824966 -0.72181535
vt 0.7985069 -0.7204685
vt 0.79847777 -0.71229863
vt 0.80039626 -0.7122934
vt 0.8001459 -0.7136406
vt 0.79878134 -0.7136452
vt 0.803471 -0.7144029
vt 0.8041532 -0.71617687
vt 0.8028049 -0.7164221
vt 0.8023249 -0.71515036
vt 0.79669714 -0.71303177
vt 0.79748225 -0.71421945
vt 0.79449743 -0.71608186
vt 0.79582196 -0.7163513
vt 0.79528517 -0.7143452
vt 0.7964104 -0.7151253
vt 0.80409896 -0.7180809
vt 0.8027557 -0.71778846
vt 0.8033194 -0.7198229
vt 0.8019357 -0.72114074
vt 0.8011796 -0.7199881
vt 0.8021861 -0.7190405
vt 0.8021526 -0.71303487
vt 0.8013905 -0.71417034
vt 0.80015695 -0.72183883
vt 0.799889 -0.720489
vt 0.8117607 -0.83086514
vt 0.8080209 -0.83041334
vt 0.8074661 -0.8273952
vt 0.8110518 -0.8263774
vt 0.83113444 -0.834857
vt 0.8214551 -0.8328037
vt 0.82073754 -0.824394
vt 0.8306803 -0.8224833
vt 0.81596273 -0.8316301
vt 0.8152 -0.8254323
vt 0.81661594 -0.8164542
vt 0.8251366 -0.8105265
vt 0.8085909 -0.82236624
vt 0.81197804 -0.8197377
vt 0.8057387 -0.8248229
vt 0.8066873 -0.81571007
vt 0.809425 -0.8105422
vt 0.8031343 -0.8231249
vt 0.8047331 -0.8196405
vt 0.81463104 -0.8011441
vt 0.80039805 -0.8142326
vt 0.80076444 -0.8082088
vt 0.8000906 -0.8226068
vt 0.8001746 -0.81871796
vt 0.80116206 -0.79703045
vt 0.791897 -0.8104193
vt 0.7875939 -0.80057347
vt 0.79562616 -0.8198836
vt 0.794023 -0.8158245
vt 0.7970937 -0.82340765
vt 0.79190755 -0.8228468
vt 0.7887681 -0.81998754
vt 0.794665 -0.82536435
vt 0.78456837 -0.8162234
vt 0.77667975 -0.8095193
vt 0.78565145 -0.8256732
vt 0.78032094 -0.8240218
vt 0.793196 -0.828079
vt 0.7896701 -0.8269403
vt 0.77065575 -0.8211882
vt 0.7928694 -0.83107495
vt 0.78916913 -0.8314054
vt 0.7794301 -0.83235455
vt 0.76965827 -0.83346987
vt 0.78496534 -0.8318038
vt 0.84633785 -0.8383217
vt 0.83898926 -0.854223
vt 0.82708514 -0.84586036
vt 0.78163606 -0.84001446
vt 0.7731786 -0.84458077
vt 0.79034257 -0.83557165
vt 0.78656554 -0.8374804
vt 0.7936714 -0.8338976
vt 0.8271023 -0.8653455
vt 0.8196188 -0.85410595
vt 0.79543924 -0.8361689
vt 0.8402895 -0.80025744
vt 0.8471833 -0.81949615
vt 0.79005486 -0.84199834
vt 0.78634375 -0.84605145
vt 0.792922 -0.83890903
vt 0.78021026 -0.85313845
vt 0.79276437 -0.849839
vt 0.7894466 -0.8583385
vt 0.7965204 -0.8410301
vt 0.7948922 -0.84487224
vt 0.79790777 -0.8376007
vt 0.8251315 -0.783514
vt 0.80171114 -0.7726388
vt 0.7722057 -0.8639679
vt 0.7609193 -0.852339
vt 0.8004904 -0.8458171
vt 0.80021554 -0.8511195
vt 0.80073315 -0.83801913
vt 0.80066 -0.8416946
vt 0.76204395 -0.79857695
vt 0.7778608 -0.78252363
vt 0.79973376 -0.8599906
vt 0.8060525 -0.8448844
vt 0.8076129 -0.8500855
vt 0.80352116 -0.83739257
vt 0.8047642 -0.84089303
vt 0.7543493 -0.8174298
vt 0.8101391 -0.85885453
vt 0.7858533 -0.8701012
vt 0.7543493 -0.83619034
vt 0.8141602 -0.84646094
vt 0.8083012 -0.83864737
vt 0.8109011 -0.8420043
vt 0.8058956 -0.83577156
vt 0.7994641 -0.87085843
vt 0.810788 -0.8351798
vt 0.8144086 -0.8374233
vt 0.8075364 -0.8333528
vt 0.8131167 -0.87080956
vt 0.8190577 -0.8405018
vt 0.834029 -0.7100524
vt 0.83384633 -0.7237011
vt 0.032651994 -0.034577012
vt 0.024014117 -0.03571093
vt 0.023050012 -0.030018449
vt 0.031662617 -0.028736591
vt 0.0465931 -0.13690674
vt 0.05329919 -0.13766289
vt 0.055587947 -0.14711547
vt 0.049657702 -0.14956963
vt 0.02890751 -0.08189356
vt 0.020091446 -0.078878164
vt 0.02242306 -0.07357299
vt 0.03133494 -0.07646358
vt 0.045892447 -0.076619625
vt 0.050106972 -0.08057237
vt 0.044932246 -0.089953184
vt 0.03896287 -0.0891844
vt 0.8289298 -0.69736695
vt 0.8193233 -0.68766403
vt 0.80678767 -0.6822305
vt 0.7930718 -0.6820924
vt 0.01023254 -0.015819788
vt 0.016207071 -0.01508379
vt 0.021320852 -0.024493098
vt 0.017080428 -0.028422832
vt 0.06400448 -0.058442116
vt 0.054956615 -0.05899799
vt 0.05508408 -0.05325508
vt 0.06424004 -0.052553177
vt 0.060467184 -0.028677583
vt 0.051535934 -0.031517625
vt 0.049236268 -0.026189446
vt 0.05807215 -0.023224115
vt 0.78032374 -0.68726134
vt 0.77055466 -0.6969701
vt 0.06358284 -0.15319073
vt 0.05563563 -0.15253317
vt 0.055587947 -0.14711547
vt 0.06339809 -0.1476345
vt 0.018012436 -0.03486502
vt 0.024014117 -0.03571093
vt 0.026031079 -0.046104908
vt 0.020715477 -0.048796654
vt 0.01964161 -0.15473974
vt 0.025583895 -0.1571641
vt 0.023372414 -0.16662073
vt 0.016681613 -0.16740549
vt 0.030774059 -0.14418185
vt 0.026077243 -0.1447835
vt 0.025240125 -0.13781273
vt 0.029858591 -0.1362381
vt 0.05258 -0.011889577
vt 0.044580102 -0.016537309
vt 0.04149434 -0.01156497
vt 0.049467742 -0.006760955
vt 0.023954662 -0.12297702
vt 0.019134643 -0.12479341
vt 0.015762093 -0.118242145
vt 0.02013445 -0.115460634
vt 0.061962217 -0.034384012
vt 0.053073138 -0.03706193
vt 0.051535934 -0.031517625
vt 0.060467184 -0.028677583
vt 0.048537105 -0.15582418
vt 0.054770857 -0.15791178
vt 0.05355507 -0.16754794
vt 0.04690656 -0.16873264
vt 0.7579636 -0.74415755
vt 0.75022644 -0.72591794
vt 0.7571486 -0.7244061
vt 0.7637496 -0.7401445
vt 0.7719869 -0.7579973
vt 0.7757864 -0.75211143
vt 0.7901424 -0.7654152
vt 0.7914174 -0.758566
vt 0.80962837 -0.7654152
vt 0.8083356 -0.75866866
vt 0.82398695 -0.7522514
vt 0.82788515 -0.75821424
vt 0.8187627 -0.74568915
vt 0.8217704 -0.7493496
vt 0.8074564 -0.7551987
vt 0.80622023 -0.75080967
vt 0.8418693 -0.7443788
vt 0.83618414 -0.74047065
vt 0.8428923 -0.72483015
vt 0.84974176 -0.72640276
vt 0.8431649 -0.7077558
vt 0.8501658 -0.70657134
vt 0.8367795 -0.69187725
vt 0.8428509 -0.68791866
vt 0.82878 -0.6738045
vt 0.8248558 -0.6795639
vt 0.8090612 -0.67288566
vt 0.8106066 -0.66598415
vt 0.7919015 -0.6726935
vt 0.7906826 -0.6656797
vt 0.77591795 -0.67913866
vt 0.77205896 -0.6730901
vt 0.82848513 -0.73621297
vt 0.83289945 -0.73856425
vt 0.750029 -0.7059705
vt 0.7575904 -0.6872411
vt 0.76368475 -0.6913252
vt 0.75706875 -0.7072427
vt 0.79199517 -0.75511384
vt 0.79267734 -0.75075674
vt 0.8289298 -0.69736695
vt 0.83344465 -0.69418836
vt 0.83926606 -0.7086886
vt 0.834029 -0.7100524
vt 0.80678767 -0.6822305
vt 0.8081131 -0.676847
vt 0.8225171 -0.682987
vt 0.8193233 -0.68766403
vt 0.7930718 -0.6820924
vt 0.79244196 -0.6766858
vt 0.777699 -0.7492384
vt 0.78006965 -0.7456839
vt 0.77055466 -0.6969701
vt 0.7666997 -0.693702
vt 0.77786255 -0.6825856
vt 0.78032374 -0.68726134
vt 0.7652909 -0.72336245
vt 0.7607231 -0.72389174
vt 0.76066554 -0.70822716
vt 0.7652703 -0.7096646
vt 0.77052575 -0.7359576
vt 0.7667376 -0.73827183
vt 0.8390311 -0.7242801
vt 0.83384633 -0.7237011
vt 0.04991305 -0.11560023
vt 0.043729782 -0.11853647
vt 0.04002285 -0.113802195
vt 0.046168685 -0.110717654
vt 0.06141913 -0.14607811
vt 0.056949764 -0.14567506
vt 0.055211216 -0.13891304
vt 0.05941084 -0.13819301
vt 0.06269583 -0.15870917
vt 0.054770857 -0.15791178
vt 0.05563563 -0.15253317
vt 0.06358284 -0.15319073
vt 0.0472548 -0.19568574
vt 0.040069133 -0.1912539
vt 0.043915838 -0.18672538
vt 0.051072985 -0.1909827
vt 0.027555944 -0.021903872
vt 0.022025855 -0.022696257
vt 0.018269332 -0.015962362
vt 0.02319956 -0.014169931
vt 0.02687067 -0.17853391
vt 0.019657405 -0.17716253
vt 0.021971168 -0.1719799
vt 0.02934605 -0.17324305
vt 0.033385996 -0.15661132
vt 0.025583895 -0.1571641
vt 0.025590034 -0.15175152
vt 0.033527736 -0.1510607
vt 0.031187626 -0.13428867
vt 0.023392292 -0.13674009
vt 0.02131206 -0.13157141
vt 0.029198052 -0.12895596
vt 0.020698132 -0.11329973
vt 0.013583811 -0.11759293
vt 0.0096865315 -0.11307657
vt 0.016827198 -0.10860789
vt 0.05854976 -0.08201063
vt 0.050106972 -0.08057237
vt 0.051872432 -0.07505679
vt 0.060475916 -0.07638562
vt 0.06038648 -0.06872058
vt 0.054586858 -0.068044424
vt 0.05617258 -0.0605824
vt 0.062244296 -0.060100555
vt 0.06424004 -0.052553177
vt 0.05508408 -0.05325508
vt 0.05441475 -0.0475446
vt 0.06353691 -0.046695948
vt 0.023725362 -0.0121484995
vt 0.016207071 -0.01508379
vt 0.013614358 -0.009829402
vt 0.021055432 -0.0067623854
vt 0.022860052 -0.0910542
vt 0.017397257 -0.08773792
vt 0.020694168 -0.08083391
vt 0.02681631 -0.08286357
vt 0.03133494 -0.07646358
vt 0.02242306 -0.07357299
vt 0.023996742 -0.06803858
vt 0.03286818 -0.070767045
vt 0.031724904 -0.068772435
vt 0.025678607 -0.06681299
vt 0.026603969 -0.059332132
vt 0.032851372 -0.059895515
vt 0.82848513 -0.73621297
vt 0.8187627 -0.74568915
vt 0.80622023 -0.75080967
vt 0.79267734 -0.75075674
vt 0.78006965 -0.7456839
vt 0.77052575 -0.7359576
vt 0.7914174 -0.758566
vt 0.7757864 -0.75211143
vt 0.777699 -0.7492384
vt 0.79199517 -0.75511384
vt 0.75706875 -0.7072427
vt 0.76368475 -0.6913252
vt 0.7666997 -0.693702
vt 0.76066554 -0.70822716
vt 0.82398695 -0.7522514
vt 0.8083356 -0.75866866
vt 0.8074564 -0.7551987
vt 0.8217704 -0.7493496
vt 0.7637496 -0.7401445
vt 0.7667376 -0.73827183
vt 0.7571486 -0.7244061
vt 0.7607231 -0.72389174
vt 0.77591795 -0.67913866
vt 0.7919015 -0.6726935
vt 0.79244196 -0.6766858
vt 0.77786255 -0.6825856
vt 0.8090612 -0.67288566
vt 0.8248558 -0.6795639
vt 0.8225171 -0.682987
vt 0.8081131 -0.676847
vt 0.8367795 -0.69187725
vt 0.8431649 -0.7077558
vt 0.83926606 -0.7086886
vt 0.83344465 -0.69418836
vt 0.8428923 -0.72483015
vt 0.8390311 -0.7242801
vt 0.83618414 -0.74047065
vt 0.83289945 -0.73856425
vt 0.35921878 -0.4723966
vt 0.34605882 -0.4723966
vt 0.312281 -0.4723966
vt 0.3035265 -0.4723966
vt 0.43041706 -0.4723966
vt 0.41614547 -0.4723966
vt 0.32240367 -0.4723966
vt 0.48152885 -0.4723966
vt 0.47003838 -0.4723966
vt 0.4575616 -0.4723966
vt 0.4918357 -0.4723966
vt 0.44428974 -0.4723966
vt 0.5007108 -0.4723966
vt 0.33372486 -0.4723966
vt 0.40168095 -0.4723966
vt 0.38723308 -0.4723966
vt 0.37301043 -0.4723966
vt 0.19456185 -0.43546104
vt 0.18011428 -0.43546104
vt 0.2090125 -0.43546104
vt 0.22340105 -0.43546104
vt 0.23765977 -0.43546104
vt 0.2517005 -0.43546104
vt 0.2653966 -0.43546104
vt 0.2785502 -0.43546104
vt 0.291039 -0.43546104
vt 0.08323333 -0.43546104
vt 0.07089153 -0.43546104
vt 0.09609187 -0.43546104
vt 0.10945049 -0.43546104
vt 0.12317467 -0.43546104
vt 0.13716747 -0.43546104
vt 0.15135695 -0.43546104
vt 0.16568582 -0.43546104
vt 0.48693228 -0.29504466
vt 0.47549385 -0.29504466
vt 0.47549385 -0.29028392
vt 0.48693228 -0.29028392
vt 0.38051915 -0.29504466
vt 0.36799926 -0.29504466
vt 0.36799926 -0.29028392
vt 0.38051915 -0.29028392
vt 0.4643392 -0.29504466
vt 0.4643392 -0.29028392
vt 0.35543793 -0.29504466
vt 0.35543793 -0.29028392
vt 0.45298594 -0.29504466
vt 0.45298594 -0.29028392
vt 0.3428893 -0.29504466
vt 0.3428893 -0.29028392
vt 0.44132257 -0.29504466
vt 0.44132257 -0.29028392
vt 0.33040965 -0.29504466
vt 0.33040965 -0.29028392
vt 0.4294847 -0.29504466
vt 0.4294847 -0.29028392
vt 0.31801817 -0.29504466
vt 0.31801817 -0.29028392
vt 0.4174634 -0.29504466
vt 0.4174634 -0.29028392
vt 0.30566734 -0.29504466
vt 0.30566734 -0.29028392
vt 0.4052802 -0.29504466
vt 0.39295682 -0.29504466
vt 0.39295682 -0.29028392
vt 0.4052802 -0.29028392
vt 0.499767 -0.29504466
vt 0.499767 -0.29028392
vt 0.05258 -0.011889577
vt 0.05807215 -0.023224115
vt 0.06067702 -0.13650882
vt 0.06339809 -0.1476345
vt 0.06002608 -0.16801488
vt 0.055401772 -0.16646206
vt 0.0561828 -0.15949833
vt 0.06087634 -0.16008067
vt 0.01647264 -0.19358027
vt 0.010303887 -0.19052637
vt 0.013967993 -0.18577766
vt 0.020173313 -0.18868363
vt 0.05921966 -0.13100743
vt 0.051852226 -0.1323049
vt 0.049494326 -0.12712955
vt 0.056699246 -0.12572443
vt 0.050488114 -0.1888156
vt 0.046100557 -0.1860609
vt 0.049408674 -0.1795075
vt 0.054231733 -0.18129945
vt 0.054266572 -0.124720216
vt 0.050217777 -0.12540948
vt 0.04599315 -0.11926341
vt 0.049383372 -0.117565155
vt 0.032651994 -0.034577012
vt 0.0350751 -0.046713233
vt 0.02934605 -0.17324305
vt 0.021971168 -0.1719799
vt 0.023372414 -0.16662073
vt 0.030756088 -0.16774106
vt 0.0618726 -0.045256495
vt 0.055620015 -0.04578376
vt 0.054745346 -0.038296103
vt 0.060806245 -0.036370993
vt 0.023725362 -0.0121484995
vt 0.02977294 -0.023101091
vt 0.056488544 -0.18037069
vt 0.048639655 -0.17765927
vt 0.051520765 -0.1727202
vt 0.059431434 -0.17530012
vt 0.020698132 -0.11329973
vt 0.026206465 -0.12388837
vt 0.02890751 -0.08189356
vt 0.023343476 -0.09319663
vt 0.014866533 -0.17359018
vt 0.019657405 -0.17716253
vt 0.013967993 -0.18577766
vt 0.0072463476 -0.18512988
vt 0.029198052 -0.12895596
vt 0.02131206 -0.13157141
vt 0.018384041 -0.12663615
vt 0.026206465 -0.12388837
vt 0.047151297 -0.03589487
vt 0.053073138 -0.03706193
vt 0.05441475 -0.0475446
vt 0.04894936 -0.04993725
vt 0.03853306 -0.01702559
vt 0.044580102 -0.016537309
vt 0.049236268 -0.026189446
vt 0.044773817 -0.029962659
vt 0.060475916 -0.07638562
vt 0.051872432 -0.07505679
vt 0.052871734 -0.069380164
vt 0.06150174 -0.07056117
vt 0.029475274 -0.16606152
vt 0.025274755 -0.16536081
vt 0.026957603 -0.1585995
vt 0.031418536 -0.15817726
vt 0.033527736 -0.1510607
vt 0.025590034 -0.15175152
vt 0.024682166 -0.14636993
vt 0.0325971 -0.14553928
vt 0.06269583 -0.15870917
vt 0.061374128 -0.16996408
vt 0.05854976 -0.08201063
vt 0.052430958 -0.0929296
vt 0.04991305 -0.11560023
vt 0.056699246 -0.12572443
vt 0.02687067 -0.17853391
vt 0.020173313 -0.18868363
vt 0.0345268 -0.058464527
vt 0.03286818 -0.070767045
vt 0.035270065 -0.05261314
vt 0.026118757 -0.051858068
vt 0.026031079 -0.046104908
vt 0.0350751 -0.046713233
vt 0.033385996 -0.15661132
vt 0.030756088 -0.16774106
vt 0.06067702 -0.13650882
vt 0.05329919 -0.13766289
vt 0.051852226 -0.1323049
vt 0.05921966 -0.13100743
vt 0.031662617 -0.028736591
vt 0.023050012 -0.030018449
vt 0.021320852 -0.024493098
vt 0.02977294 -0.023101091
vt 0.020204308 -0.098299265
vt 0.012261482 -0.09345293
vt 0.015373053 -0.08850634
vt 0.023343476 -0.09319663
vt 0.031187626 -0.13428867
vt 0.0325971 -0.14553928
vt 0.05191827 -0.09090543
vt 0.0470002 -0.08908594
vt 0.050800413 -0.08237302
vt 0.05632499 -0.08319557
vt 0.019963028 -0.05514002
vt 0.025410565 -0.057563186
vt 0.023996742 -0.06803858
vt 0.018068852 -0.06917119
vt 0.056488544 -0.18037069
vt 0.051072985 -0.1909827
vt 0.037008435 -0.119215965
vt 0.043729782 -0.11853647
vt 0.049494326 -0.12712955
vt 0.04472938 -0.13072705
vt 0.043387234 -0.1743697
vt 0.048639655 -0.17765927
vt 0.043915838 -0.18672538
vt 0.03705889 -0.18651164
vt 0.059431434 -0.17530012
vt 0.051520765 -0.1727202
vt 0.05355507 -0.16754794
vt 0.061374128 -0.16996408
vt 0.03333101 -0.045050025
vt 0.027253123 -0.044534087
vt 0.025714787 -0.037050724
vt 0.031528745 -0.036403656
vt 0.0345268 -0.058464527
vt 0.025410565 -0.057563186
vt 0.026118757 -0.051858068
vt 0.035270065 -0.05261314
vt 0.015663834 -0.07508981
vt 0.020091446 -0.078878164
vt 0.015373053 -0.08850634
vt 0.009343239 -0.08798647
vt 0.006708833 -0.11783898
vt 0.013583811 -0.11759293
vt 0.018384041 -0.12663615
vt 0.013142588 -0.1299603
vt 0.04972613 -0.098300695
vt 0.04230532 -0.09519315
vt 0.044932246 -0.089953184
vt 0.052430958 -0.0929296
vt 0.06400448 -0.058442116
vt 0.06150174 -0.07056117
vt 0.019626977 -0.18672132
vt 0.016224923 -0.18504012
vt 0.02039531 -0.17887926
vt 0.024446579 -0.1795491
vt 0.01672134 -0.13558114
vt 0.023392292 -0.13674009
vt 0.024682166 -0.14636993
vt 0.01845056 -0.14848852
vt 0.055995703 -0.022246242
vt 0.049850076 -0.024245977
vt 0.046590418 -0.017312407
vt 0.052084327 -0.014021397
vt 0.049670905 -0.056283593
vt 0.054956615 -0.05899799
vt 0.052871734 -0.069380164
vt 0.046878934 -0.070191264
vt 0.05854976 -0.08201063
vt 0.052430958 -0.0929296
vt 0.05191827 -0.09090543
vt 0.05632499 -0.08319557
vt 0.02687067 -0.17853391
vt 0.020173313 -0.18868363
vt 0.019626977 -0.18672132
vt 0.024446579 -0.1795491
vt 0.04991305 -0.11560023
vt 0.056699246 -0.12572443
vt 0.054266572 -0.124720216
vt 0.049383372 -0.117565155
vt 0.033385996 -0.15661132
vt 0.030756088 -0.16774106
vt 0.029475274 -0.16606152
vt 0.031418536 -0.15817726
vt 0.020694168 -0.08083391
vt 0.017397257 -0.08773792
vt 0.015373053 -0.08850634
vt 0.020091446 -0.078878164
vt 0.025714787 -0.037050724
vt 0.027253123 -0.044534087
vt 0.026031079 -0.046104908
vt 0.024014117 -0.03571093
vt 0.055211216 -0.13891304
vt 0.056949764 -0.14567506
vt 0.055587947 -0.14711547
vt 0.05329919 -0.13766289
vt 0.046590418 -0.017312407
vt 0.049850076 -0.024245977
vt 0.049236268 -0.026189446
vt 0.044580102 -0.016537309
vt 0.05617258 -0.0605824
vt 0.054586858 -0.068044424
vt 0.052871734 -0.069380164
vt 0.054956615 -0.05899799
vt 0.025678607 -0.06681299
vt 0.031724904 -0.068772435
vt 0.03286818 -0.070767045
vt 0.023996742 -0.06803858
vt 0.055401772 -0.16646206
vt 0.06002608 -0.16801488
vt 0.061374128 -0.16996408
vt 0.05355507 -0.16754794
vt 0.023954662 -0.12297702
vt 0.02013445 -0.115460634
vt 0.020698132 -0.11329973
vt 0.026206465 -0.12388837
vt 0.055995703 -0.022246242
vt 0.052084327 -0.014021397
vt 0.05258 -0.011889577
vt 0.05807215 -0.023224115
vt 0.030774059 -0.14418185
vt 0.029858591 -0.1362381
vt 0.031187626 -0.13428867
vt 0.0325971 -0.14553928
vt 0.031724904 -0.068772435
vt 0.032851372 -0.059895515
vt 0.0345268 -0.058464527
vt 0.03286818 -0.070767045
vt 0.03333101 -0.045050025
vt 0.031528745 -0.036403656
vt 0.032651994 -0.034577012
vt 0.0350751 -0.046713233
vt 0.060806245 -0.036370993
vt 0.054745346 -0.038296103
vt 0.053073138 -0.03706193
vt 0.061962217 -0.034384012
vt 0.054231733 -0.18129945
vt 0.049408674 -0.1795075
vt 0.048639655 -0.17765927
vt 0.056488544 -0.18037069
vt 0.032851372 -0.059895515
vt 0.026603969 -0.059332132
vt 0.025410565 -0.057563186
vt 0.0345268 -0.058464527
vt 0.029858591 -0.1362381
vt 0.025240125 -0.13781273
vt 0.023392292 -0.13674009
vt 0.031187626 -0.13428867
vt 0.02319956 -0.014169931
vt 0.018269332 -0.015962362
vt 0.016207071 -0.01508379
vt 0.023725362 -0.0121484995
vt 0.02013445 -0.115460634
vt 0.015762093 -0.118242145
vt 0.013583811 -0.11759293
vt 0.020698132 -0.11329973
vt 0.021320852 -0.024493098
vt 0.016207071 -0.01508379
vt 0.018269332 -0.015962362
vt 0.022025855 -0.022696257
vt 0.023996742 -0.06803858
vt 0.025410565 -0.057563186
vt 0.026603969 -0.059332132
vt 0.025678607 -0.06681299
vt 0.02890751 -0.08189356
vt 0.023343476 -0.09319663
vt 0.022860052 -0.0910542
vt 0.02681631 -0.08286357
vt 0.06067702 -0.13650882
vt 0.06339809 -0.1476345
vt 0.06141913 -0.14607811
vt 0.05941084 -0.13819301
vt 0.056488544 -0.18037069
vt 0.051072985 -0.1909827
vt 0.050488114 -0.1888156
vt 0.054231733 -0.18129945
vt 0.061962217 -0.034384012
vt 0.06353691 -0.046695948
vt 0.0618726 -0.045256495
vt 0.060806245 -0.036370993
vt 0.023725362 -0.0121484995
vt 0.02977294 -0.023101091
vt 0.027555944 -0.021903872
vt 0.02319956 -0.014169931
vt 0.06400448 -0.058442116
vt 0.06150174 -0.07056117
vt 0.06038648 -0.06872058
vt 0.062244296 -0.060100555
vt 0.06269583 -0.15870917
vt 0.061374128 -0.16996408
vt 0.06002608 -0.16801488
vt 0.06087634 -0.16008067
vt 0.050800413 -0.08237302
vt 0.0470002 -0.08908594
vt 0.044932246 -0.089953184
vt 0.050106972 -0.08057237
vt 0.049408674 -0.1795075
vt 0.046100557 -0.1860609
vt 0.043915838 -0.18672538
vt 0.048639655 -0.17765927
vt 0.054745346 -0.038296103
vt 0.055620015 -0.04578376
vt 0.05441475 -0.0475446
vt 0.053073138 -0.03706193
vt 0.015762093 -0.118242145
vt 0.019134643 -0.12479341
vt 0.018384041 -0.12663615
vt 0.013583811 -0.11759293
vt 0.0561828 -0.15949833
vt 0.055401772 -0.16646206
vt 0.05355507 -0.16754794
vt 0.054770857 -0.15791178
vt 0.04599315 -0.11926341
vt 0.050217777 -0.12540948
vt 0.049494326 -0.12712955
vt 0.043729782 -0.11853647
vt 0.025240125 -0.13781273
vt 0.026077243 -0.1447835
vt 0.024682166 -0.14636993
vt 0.023392292 -0.13674009
vt 0.02039531 -0.17887926
vt 0.016224923 -0.18504012
vt 0.013967993 -0.18577766
vt 0.019657405 -0.17716253
vt 0.026957603 -0.1585995
vt 0.025274755 -0.16536081
vt 0.023372414 -0.16662073
vt 0.025583895 -0.1571641
vt 0.055620015 -0.04578376
vt 0.0618726 -0.045256495
vt 0.06353691 -0.046695948
vt 0.05441475 -0.0475446
vt 0.046100557 -0.1860609
vt 0.050488114 -0.1888156
vt 0.051072985 -0.1909827
vt 0.043915838 -0.18672538
vt 0.056949764 -0.14567506
vt 0.06141913 -0.14607811
vt 0.06339809 -0.1476345
vt 0.055587947 -0.14711547
vt 0.027253123 -0.044534087
vt 0.03333101 -0.045050025
vt 0.0350751 -0.046713233
vt 0.026031079 -0.046104908
vt 0.016224923 -0.18504012
vt 0.019626977 -0.18672132
vt 0.020173313 -0.18868363
vt 0.013967993 -0.18577766
vt 0.050217777 -0.12540948
vt 0.054266572 -0.124720216
vt 0.056699246 -0.12572443
vt 0.049494326 -0.12712955
vt 0.0470002 -0.08908594
vt 0.05191827 -0.09090543
vt 0.052430958 -0.0929296
vt 0.044932246 -0.089953184
vt 0.054586858 -0.068044424
vt 0.06038648 -0.06872058
vt 0.06150174 -0.07056117
vt 0.052871734 -0.069380164
vt 0.017397257 -0.08773792
vt 0.022860052 -0.0910542
vt 0.023343476 -0.09319663
vt 0.015373053 -0.08850634
vt 0.049850076 -0.024245977
vt 0.055995703 -0.022246242
vt 0.05807215 -0.023224115
vt 0.049236268 -0.026189446
vt 0.022025855 -0.022696257
vt 0.027555944 -0.021903872
vt 0.02977294 -0.023101091
vt 0.021320852 -0.024493098
vt 0.019134643 -0.12479341
vt 0.023954662 -0.12297702
vt 0.026206465 -0.12388837
vt 0.018384041 -0.12663615
vt 0.025274755 -0.16536081
vt 0.029475274 -0.16606152
vt 0.030756088 -0.16774106
vt 0.023372414 -0.16662073
vt 0.05941084 -0.13819301
vt 0.055211216 -0.13891304
vt 0.05329919 -0.13766289
vt 0.06067702 -0.13650882
vt 0.031418536 -0.15817726
vt 0.026957603 -0.1585995
vt 0.025583895 -0.1571641
vt 0.033385996 -0.15661132
vt 0.031528745 -0.036403656
vt 0.025714787 -0.037050724
vt 0.024014117 -0.03571093
vt 0.032651994 -0.034577012
vt 0.049383372 -0.117565155
vt 0.04599315 -0.11926341
vt 0.043729782 -0.11853647
vt 0.04991305 -0.11560023
vt 0.05632499 -0.08319557
vt 0.050800413 -0.08237302
vt 0.050106972 -0.08057237
vt 0.05854976 -0.08201063
vt 0.06087634 -0.16008067
vt 0.0561828 -0.15949833
vt 0.054770857 -0.15791178
vt 0.06269583 -0.15870917
vt 0.062244296 -0.060100555
vt 0.05617258 -0.0605824
vt 0.054956615 -0.05899799
vt 0.06400448 -0.058442116
vt 0.02681631 -0.08286357
vt 0.020694168 -0.08083391
vt 0.020091446 -0.078878164
vt 0.02890751 -0.08189356
vt 0.052084327 -0.014021397
vt 0.046590418 -0.017312407
vt 0.044580102 -0.016537309
vt 0.05258 -0.011889577
vt 0.024446579 -0.1795491
vt 0.02039531 -0.17887926
vt 0.019657405 -0.17716253
vt 0.02687067 -0.17853391
vt 0.0325971 -0.14553928
vt 0.024682166 -0.14636993
vt 0.026077243 -0.1447835
vt 0.030774059 -0.14418185
vt 0.061962217 -0.034384012
vt 0.06353691 -0.046695948
vn 0.0 -1.0 0.0
vn 0.0 -1.0 0.0
vn 0.0 -1.0 0.0
vn 0.0 -1.0 0.0
vn 0.0 -1.0 0.0
vn 0.0 -1.0 0.0
vn 0.0 -1.0 0.0
vn 0.0 -1.0 0.0
vn 0.0 -1.0 0.0
vn 0.0 -1.0 0.0
vn 0.0 -1.0 0.0
vn 0.0 -1.0 0.0
vn 0.0 -1.0 0.0
vn 0.0 -1.0 0.0
vn 0.0 -1.0 0.0
vn 0.0 -1.0 0.0
vn 0.0 -1.0 0.0
vn -0.035510033 0.8974893 -0.4396044
vn 2.311712E-9 1.0 1.155856E-9
vn 0.13542224 0.897489 -0.4197313
vn 0.28573927 0.89748865 -0.33595696
vn 0.39254996 0.8974896 -0.20103973
vn 0.4396052 0.89748895 -0.035507992
vn 0.41973034 0.89748937 0.1354226
vn 0.3359565 0.8974889 0.2857393
vn 0.20103638 0.89748895 0.39255285
vn 0.035509832 0.8974889 0.4396051
vn -0.13542223 0.897489 0.41973126
vn -0.2857377 0.8974892 0.33595693
vn -0.39255387 0.89748883 0.20103534
vn -0.4396046 0.8974892 0.03551059
vn -0.41973156 0.89748883 -0.13542211
vn -0.33595744 0.8974886 -0.28573936
vn -0.20103696 0.89748836 -0.39255404
vn 0.3283147 0.8810753 0.34046403
vn 0.43361285 0.88107544 0.1889073
vn 0.37009186 0.91442406 0.16389197
vn 0.2792025 0.91442364 0.29304498
vn 0.00869181 0.81474495 -0.5797544
vn -0.047340676 0.8125272 -0.5809977
vn 0.17860112 0.8125271 -0.55488855
vn 0.2298922 0.81474507 -0.5322969
vn 0.37735188 0.81252736 -0.44430265
vn 0.41609374 0.8147451 -0.40380242
vn 0.51865524 0.8125272 -0.26607558
vn 0.53894967 0.8147447 -0.21383241
vn 0.5809979 0.8125271 -0.04734095
vn 0.5797547 0.81474465 0.008691494
vn 0.55488855 0.8125272 0.17860112
vn 0.5322973 0.8147448 0.22989255
vn 0.4443021 0.81252736 0.37735245
vn 0.4038021 0.814745 0.41609418
vn 0.26607534 0.81252736 0.51865524
vn 0.21383245 0.8147451 0.5389491
vn 0.114931054 0.808049 0.57779545
vn 0.11439535 0.8100431 0.57510334
vn -0.11471145 0.80886537 0.57669574
vn -0.11493032 0.808049 0.5777957
vn -0.17860071 0.8125273 0.5548884
vn -0.22989208 0.8147451 0.5322968
vn -0.37735212 0.81252754 0.44430202
vn -0.41609386 0.8147452 0.40380216
vn -0.5186551 0.81252736 0.2660755
vn -0.5389494 0.814745 0.21383232
vn -0.5809979 0.8125271 0.04734093
vn -0.5797541 0.8147452 -0.008691418
vn -0.5548886 0.8125271 -0.17860113
vn -0.5322966 0.8147453 -0.22989221
vn -0.44430217 0.8125275 -0.37735233
vn -0.40380198 0.8147453 -0.41609386
vn -0.2660754 0.8125274 -0.5186551
vn -0.2138323 0.814745 -0.53894925
vn -0.32069638 0.028497344 -0.9467533
vn -0.4428869 0.028496053 -0.89612454
vn -0.06624182 0.028496625 -0.99739665
vn 0.06602221 0.02849611 -0.9974112
vn -0.6585912 0.028495492 -0.75196123
vn -0.7521054 0.028494924 -0.65842646
vn -0.89622194 0.02849655 -0.44268987
vn -0.94682395 0.028496735 -0.32048777
vn -0.9974112 0.028497038 -0.06602213
vn -0.9973966 0.02849666 0.06624185
vn -0.9467532 0.028497197 0.3206966
vn -0.89612424 0.028496685 0.44288749
vn -0.7519609 0.028496651 0.6585915
vn -0.65842646 0.028496336 0.75210553
vn -0.4426896 0.028497213 0.89622194
vn -0.3204873 0.028496861 0.9468241
vn -0.1950133 0.02801121 0.98040056
vn -0.19501342 0.028010624 0.98040044
vn 0.32069638 0.028493872 0.9467533
vn 0.44288674 0.028493367 0.89612466
vn 0.19501439 0.028008498 0.9804004
vn 0.19501485 0.02801064 0.9804003
vn 0.6585912 0.028495198 0.75196123
vn 0.7521056 0.028496243 0.6584262
vn 0.89622194 0.028497092 0.44268987
vn 0.9468239 0.028496744 0.32048792
vn 0.9974112 0.028497042 0.06602216
vn 0.9973966 0.028496658 -0.06624186
vn 0.9467532 0.028497197 -0.3206966
vn 0.89612424 0.028496685 -0.44288749
vn 0.75196034 0.028496718 -0.6585921
vn 0.65842545 0.02849562 -0.75210637
vn 0.44268933 0.028495561 -0.8962222
vn 0.32048774 0.028495146 -0.94682395
vn 0.02975716 0.8735324 -0.48585567
vn -0.03476337 0.873391 -0.4857774
vn 0.15378247 0.8733907 -0.4621035
vn 0.21342179 0.87353164 -0.43748564
vn 0.31891587 0.87339044 -0.3680786
vn 0.36459377 0.8735318 -0.3225113
vn 0.43549684 0.8733906 -0.21801668
vn 0.4602607 0.8735317 -0.1584376
vn 0.4857786 0.8733904 -0.03476327
vn 0.48585668 0.8735318 0.029756945
vn 0.46210304 0.8733911 0.15378192
vn 0.43748397 0.87353265 0.21342076
vn 0.36807716 0.87339145 0.31891483
vn 0.3225104 0.87353224 0.36459365
vn 0.21801615 0.8733907 0.43549708
vn 0.15843754 0.8735317 0.46026066
vn 0.09623732 0.8698626 0.4838154
vn 0.09623739 0.86986285 0.483815
vn -0.09623715 0.8698628 0.48381522
vn -0.09623706 0.8698629 0.483815
vn -0.15378217 0.87339103 0.46210316
vn -0.21342152 0.8735317 0.43748552
vn -0.31891668 0.8733899 0.36807907
vn -0.36459538 0.8735309 0.32251185
vn -0.4354979 0.8733901 0.21801674
vn -0.4602607 0.8735317 0.1584376
vn -0.48577857 0.8733904 0.03476326
vn -0.48585668 0.87353176 -0.02975693
vn -0.46210307 0.87339115 -0.15378185
vn -0.43748397 0.8735327 -0.21342072
vn -0.36807716 0.87339145 -0.31891483
vn -0.32251045 0.8735321 -0.36459386
vn -0.2180161 0.8733904 -0.43549764
vn -0.15843733 0.8735316 -0.46026096
vn -0.32072216 0.0 -0.9471733
vn -0.44296739 0.0 -0.8965377
vn -0.06615875 0.0 -0.9978091
vn 0.06615909 0.0 -0.9978091
vn -0.6587755 0.0 -0.7523396
vn -0.7523386 0.0 -0.6587767
vn -0.8965376 0.0 -0.44296762
vn -0.9471734 0.0 -0.32072195
vn -0.9978091 0.0 -0.06615876
vn -0.9978091 0.0 0.06615876
vn -0.9471734 0.0 0.32072192
vn -0.8965376 0.0 0.4429677
vn -0.75233877 0.0 0.65877634
vn -0.6587759 0.0 0.7523391
vn -0.44296756 0.0 0.89653766
vn -0.32072204 0.0 0.9471734
vn -0.19509017 0.0 0.9807853
vn -0.19509017 0.0 0.9807853
vn 0.3207225 0.0 0.94717324
vn 0.44296777 0.0 0.8965375
vn 0.19509092 0.0 0.9807852
vn 0.19509092 0.0 0.9807852
vn 0.6587759 0.0 0.7523391
vn 0.75233877 0.0 0.65877634
vn 0.89653754 0.0 0.44296774
vn 0.9471734 0.0 0.32072213
vn 0.9978091 0.0 0.06615881
vn 0.9978091 0.0 -0.06615881
vn 0.9471734 0.0 -0.3207221
vn 0.89653754 0.0 -0.4429678
vn 0.7523389 0.0 -0.6587763
vn 0.65877604 0.0 -0.752339
vn 0.44296786 0.0 -0.8965375
vn 0.32072237 0.0 -0.94717324
vn -0.20495638 0.8352352 -0.51026964
vn -0.2947972 0.75020206 -0.5918542
vn -0.04586429 0.7502021 -0.65961605
vn 0.0059167086 0.8352351 -0.5498612
vn -0.3846267 0.8352352 -0.39299428
vn -0.49885008 0.750202 -0.43398803
vn -0.5057411 0.8352352 -0.21588883
vn -0.6269577 0.75020164 -0.21005107
vn -0.549861 0.8352351 -0.0059166024
vn -0.6596168 0.75020134 0.045864798
vn -0.5102695 0.8352352 0.20495659
vn -0.59185547 0.7502008 0.2947978
vn -0.39299464 0.8352348 0.3846272
vn -0.43398848 0.750201 0.49885115
vn -0.21588907 0.83523476 0.5057419
vn -0.21005107 0.75020105 0.6269585
vn -0.116340704 0.802729 0.5848855
vn -0.13022496 0.7445972 0.6546881
vn 0.20495644 0.83523524 0.51026946
vn 0.29479697 0.7502027 0.5918536
vn 0.13022551 0.74459743 0.65468764
vn 0.101117186 0.85519266 0.508351
vn 0.38462695 0.83523494 0.39299443
vn 0.49884966 0.7502024 0.4339877
vn 0.50574183 0.83523476 0.21588929
vn 0.6269569 0.7502025 0.21005048
vn 0.54986084 0.83523536 0.0059163477
vn 0.65961426 0.75020355 -0.04586447
vn 0.5102702 0.8352348 -0.20495656
vn 0.59185445 0.75020194 -0.29479718
vn 0.3929942 0.83523506 -0.384627
vn 0.4339874 0.7502023 -0.49885005
vn 0.21588863 0.83523536 -0.50574094
vn 0.2100508 0.75020206 -0.62695736
vn -0.12699789 -0.91684484 -0.37850648
vn -0.19485997 -0.8478949 -0.49305555
vn 0.0086571025 -0.847895 -0.53009343
vn 0.027517345 -0.91684484 -0.39829418
vn -0.26217988 -0.9168442 -0.30109546
vn -0.36871156 -0.8478946 -0.38095456
vn -0.3574474 -0.9168439 -0.1778443
vn -0.48642924 -0.84789515 -0.21085607
vn -0.39829677 -0.9168438 -0.027517492
vn -0.5300941 -0.84789455 -0.008656876
vn -0.3785084 -0.9168439 0.12699881
vn -0.49305454 -0.84789574 0.19485919
vn -0.30109316 -0.9168455 0.26217788
vn -0.3809533 -0.8478957 0.36871067
vn -0.17784242 -0.9168456 0.35744405
vn -0.21085575 -0.8478954 0.48642913
vn -0.079007894 -0.91432554 0.39719844
vn -0.113253295 -0.8142483 0.56936216
vn 0.1269979 -0.9168451 0.3785059
vn 0.19486016 -0.84789497 0.49305537
vn 0.09618339 -0.8700186 0.4835456
vn 0.07900783 -0.9143254 0.39719862
vn 0.26217955 -0.91684437 0.30109516
vn 0.36871147 -0.8478947 0.3809545
vn 0.35744774 -0.9168438 0.17784429
vn 0.48643005 -0.8478947 0.21085612
vn 0.3982945 -0.9168447 0.027517349
vn 0.5300934 -0.847895 0.008657149
vn 0.37850752 -0.91684437 -0.12699822
vn 0.4930555 -0.8478949 -0.19486
vn 0.30109587 -0.9168439 -0.26218048
vn 0.38095397 -0.84789515 -0.36871126
vn 0.17784362 -0.91684455 -0.3574462
vn 0.21085598 -0.8478951 -0.4864294
vn -0.31663597 -0.15090743 -0.936466
vn -0.43750456 -0.150916 -0.88646156
vn -0.06496704 -0.15091555 -0.9864095
vn 0.065836504 -0.15090656 -0.9863532
vn -0.6509035 -0.15090717 -0.7440105
vn -0.74343556 -0.15091492 -0.65155834
vn -0.88607717 -0.15090623 -0.43828604
vn -0.9361854 -0.15091681 -0.3174603
vn -0.98635274 -0.15091048 -0.065836184
vn -0.986409 -0.1509191 0.064967126
vn -0.93646586 -0.15090822 0.31663617
vn -0.88646144 -0.15091483 0.4375053
vn -0.7440099 -0.1509063 0.65090436
vn -0.6515577 -0.15091452 0.7434362
vn -0.43828583 -0.1509046 0.8860776
vn -0.31746045 -0.15091252 0.936186
vn -0.19293046 -0.14839046 0.96992683
vn -0.19293058 -0.1483914 0.9699267
vn 0.3166364 -0.15090601 0.93646616
vn 0.43750477 -0.15091401 0.8864618
vn 0.19293068 -0.14839214 0.96992654
vn 0.19293085 -0.14839143 0.96992666
vn 0.65090406 -0.15090472 0.74401057
vn 0.7434362 -0.15091333 0.651558
vn 0.88607734 -0.1509058 0.4382858
vn 0.93618566 -0.15091422 0.3174605
vn 0.98635364 -0.15090431 0.06583676
vn 0.9864104 -0.15090998 -0.06496726
vn 0.936467 -0.1508996 -0.3166367
vn 0.88646245 -0.15090884 -0.43750528
vn 0.7440107 -0.15090273 -0.65090436
vn 0.65155804 -0.15091442 -0.7434359
vn 0.43828583 -0.15090603 -0.88607717
vn 0.3174606 -0.15091535 -0.9361855
vn -0.28252646 0.6828517 -0.6737153
vn -0.0032005205 0.6828517 -0.73055005
vn -0.5188401 0.68285125 -0.51431423
vn -0.6761648 0.682852 -0.2766122
vn -0.73054916 0.68285257 0.003200857
vn -0.6737148 0.6828522 0.28252655
vn -0.51431423 0.6828508 0.5188407
vn -0.2766124 0.68285066 0.67616606
vn -0.1330743 0.73124135 0.66901225
vn 0.2825267 0.6828515 0.6737154
vn 0.1547123 0.6091845 0.77779067
vn 0.5188403 0.68285143 0.5143137
vn 0.6761659 0.6828509 0.27661228
vn 0.730551 0.6828506 -0.0032008244
vn 0.67371655 0.6828504 -0.28252673
vn 0.5143143 0.6828507 -0.5188407
vn 0.27661213 0.6828516 -0.6761651
vn 0.058646493 0.42424694 -0.90364546
vn 0.3999925 0.42424598 -0.81241703
vn 0.68044376 0.4242455 -0.5975049
vn 0.85730267 0.4242466 -0.2916281
vn 0.9036454 0.42424715 0.058646236
vn 0.81241685 0.42424682 0.3999919
vn 0.59750515 0.42424548 0.6804435
vn 0.29162833 0.42424658 0.8573026
vn 0.1772067 0.41825265 0.8908774
vn -0.17720647 0.41825083 0.89087826
vn -0.3999927 0.4242439 0.812418
vn -0.6804429 0.4242464 0.5975053
vn -0.85730195 0.424248 0.29162818
vn -0.90364546 0.42424712 -0.058646217
vn -0.81241643 0.4242468 -0.39999261
vn -0.5975043 0.42424747 -0.680443
vn -0.2916278 0.42424822 -0.85730195
vn -0.042355794 -0.7519915 -0.6578105
vn 0.21260142 -0.75199145 -0.62394685
vn 0.43519115 -0.7519925 -0.4950918
vn 0.59152555 -0.75199455 -0.29086354
vn 0.65780884 -0.7519931 -0.042355653
vn 0.6239466 -0.75199157 0.21260138
vn 0.4950911 -0.7519931 0.43519086
vn 0.29086474 -0.7519921 0.59152806
vn 0.12985562 -0.74629396 0.65282685
vn -0.12985525 -0.74629396 0.6528269
vn -0.2126011 -0.7519925 0.6239456
vn -0.43519256 -0.75199026 0.49509394
vn -0.59152734 -0.75199306 0.29086402
vn -0.6578087 -0.7519932 0.04235593
vn -0.6239438 -0.75199413 -0.21260035
vn -0.4950904 -0.75199366 -0.43519068
vn -0.29086465 -0.7519923 -0.59152806
vn 0.026999384 0.90296024 -0.42887506
vn 0.18906738 0.9029603 -0.38589662
vn 0.3223529 0.90295964 -0.2841697
vn 0.4065621 0.90295976 -0.1391797
vn 0.42887577 0.9029599 0.02699941
vn 0.3858977 0.9029597 0.18906799
vn 0.2841693 0.9029601 0.32235214
vn 0.13917913 0.9029604 0.40656075
vn 0.08503045 0.9000179 0.4274781
vn -0.08503046 0.90001816 0.42747775
vn -0.18906707 0.9029605 0.3858963
vn -0.3223513 0.90296066 0.28416854
vn -0.40655962 0.90296096 0.13917884
vn -0.428875 0.90296024 -0.026999356
vn -0.38589624 0.9029605 -0.18906726
vn -0.28416896 0.9029602 -0.3223521
vn -0.13917911 0.90296024 -0.40656114
vn -0.26954585 0.54425687 -0.7944366
vn -0.37208503 0.54422516 -0.7519121
vn -0.05601761 0.54422903 -0.8370644
vn 0.054989446 0.54426086 -0.8371119
vn -0.5530444 0.54425913 -0.6308121
vn -0.63150394 0.54422945 -0.5522834
vn -0.75234807 0.5442591 -0.371153
vn -0.7947854 0.5442265 -0.26857746
vn -0.8371137 0.544258 -0.05498934
vn -0.83706576 0.5442269 0.056017786
vn -0.79443616 0.5442576 0.26954567
vn -0.75191027 0.54422796 0.37208465
vn -0.6308108 0.54426056 0.55304444
vn -0.5522829 0.5442297 0.6315043
vn -0.3711525 0.5442599 0.75234765
vn -0.26857647 0.5442301 0.7947831
vn -0.1644921 0.5376626 0.826959
vn -0.16449165 0.53766483 0.82695764
vn 0.26954618 0.5442562 0.79443693
vn 0.3720857 0.54422385 0.75191265
vn 0.1644929 0.53765863 0.8269615
vn 0.1644926 0.5376646 0.82695764
vn 0.5530451 0.5442584 0.630812
vn 0.6315031 0.544232 0.552282
vn 0.7523443 0.5442657 0.37115094
vn 0.79478127 0.5442331 0.2685762
vn 0.837111 0.54426223 0.054989573
vn 0.83706284 0.5442313 -0.05601761
vn 0.79443127 0.5442653 -0.2695445
vn 0.7519057 0.5442356 -0.37208247
vn 0.6308093 0.54426396 -0.55304277
vn 0.55228364 0.5442286 -0.6315045
vn 0.3711535 0.5442575 -0.75234884
vn 0.26857746 0.544227 -0.79478496
vn 0.037250567 -0.8334855 -0.5512843
vn -0.035862736 -0.8335275 -0.55131286
vn 0.17784522 -0.83352774 -0.5230703
vn 0.24538262 -0.8334849 -0.49506596
vn 0.36447832 -0.83352715 -0.4151963
vn 0.4161573 -0.8334851 -0.36347726
vn 0.49562135 -0.8335284 -0.24411054
vn 0.5235732 -0.83348703 -0.17655148
vn 0.5513093 -0.83352983 -0.03586258
vn 0.5512813 -0.8334875 0.037250195
vn 0.5230681 -0.83352935 0.17784429
vn 0.49506414 -0.83348626 0.24538161
vn 0.41519517 -0.83352804 0.36447757
vn 0.36347756 -0.8334847 0.4161578
vn 0.24411231 -0.8335259 0.4956245
vn 0.17655343 -0.83348376 0.52357787
vn 0.03586298 -0.83352697 0.55131364
vn -0.037250426 -0.8334854 0.5512843
vn -0.17784506 -0.83352774 0.5230704
vn -0.24538262 -0.83348453 0.49506652
vn -0.36447877 -0.8335266 0.41519707
vn -0.41615745 -0.833485 0.36347732
vn -0.49562088 -0.83352876 0.24411012
vn -0.52357453 -0.83348614 0.17655206
vn -0.5513136 -0.8335269 0.035863087
vn -0.5512857 -0.83348453 -0.03725048
vn -0.52306974 -0.83352816 -0.17784502
vn -0.495064 -0.8334863 -0.24538167
vn -0.4151955 -0.8335277 -0.36447805
vn -0.36347818 -0.8334838 -0.41615894
vn -0.24411212 -0.83352584 -0.49562472
vn -0.17655306 -0.83348405 -0.5235775
vn -0.3842687 0.15727237 -0.9097268
vn -0.39758226 0.07088669 -0.9148243
vn -0.01722989 0.0708866 -0.9973355
vn -0.006880263 0.1572724 -0.9875313
vn -0.70315564 0.1572721 -0.6934246
vn -0.71740586 0.070886545 -0.6930396
vn -0.9149927 0.1572718 -0.37155616
vn -0.92801124 0.070886545 -0.36574605
vn -0.98753136 0.15727204 0.0068808002
vn -0.9973356 0.070886575 0.017230608
vn -0.9097268 0.15727197 0.3842691
vn -0.91482437 0.070886366 0.3975822
vn -0.6934255 0.15727203 0.70315474
vn -0.69303906 0.07088686 0.7174064
vn -0.3715547 0.15727246 0.91499317
vn -0.3657447 0.07088707 0.9280118
vn -0.19315815 0.14034112 0.97107893
vn -0.19486025 0.048478153 0.97963226
vn 0.38426885 0.15727249 0.9097268
vn 0.3975828 0.07088682 0.914824
vn 0.19434717 0.08716824 0.9770521
vn 0.1923411 0.16728324 0.96696496
vn 0.7031558 0.15727243 0.6934242
vn 0.7174066 0.070886806 0.6930389
vn 0.9149929 0.15727262 0.37155506
vn 0.9280118 0.07088682 0.3657448
vn 0.98753124 0.15727265 -0.0068807746
vn 0.9973355 0.070886806 -0.017229639
vn 0.9097271 0.15727246 -0.38426805
vn 0.9148243 0.070886984 -0.39758226
vn 0.69342536 0.1572725 -0.7031548
vn 0.6930397 0.07088679 -0.71740574
vn 0.3715551 0.15727258 -0.914993
vn 0.3657457 0.07088665 -0.9280114
vn -0.3954555 -0.01967044 -0.9182744
vn -0.013944766 -0.019670723 -0.99970925
vn -0.71676075 -0.019670397 -0.69704175
vn -0.9289469 -0.019670852 -0.36969003
vn -0.99970925 -0.019670812 0.013944638
vn -0.91827416 -0.019670613 0.3954563
vn -0.69703984 -0.01967045 0.71676254
vn -0.36968887 -0.019670902 0.9289474
vn -0.19500977 -0.028683294 0.9803818
vn 0.3954559 -0.019670665 0.9182743
vn 0.19507796 -0.011132605 0.9807245
vn 0.71676123 -0.019671079 0.6970411
vn 0.9289477 -0.019670809 0.3696881
vn 0.99970925 -0.01967079 -0.013944683
vn 0.9182749 -0.019671 -0.39545462
vn 0.6970412 -0.01967119 -0.7167612
vn 0.36968932 -0.019670878 -0.92894715
vn 0.0529267 0.3563995 -0.9328334
vn -0.0034175527 0.2732958 -0.961924
vn 0.36495474 0.2732958 -0.8900098
vn 0.40587786 0.35639942 -0.84157157
vn 0.6777665 0.2732956 -0.6825995
vn 0.69703746 0.35639945 -0.6221882
vn -0.30808184 0.35639948 -0.88207996
vn -0.37127006 0.2732959 -0.88739383
vn -0.6221885 0.3563995 -0.69703716
vn -0.68260026 0.27329594 -0.67776567
vn -0.8415712 0.35639995 -0.40587798
vn -0.89000964 0.273296 -0.36495492
vn -0.9328332 0.3564 -0.052926693
vn -0.96192396 0.27329585 0.0034175965
vn -0.8820797 0.35639995 0.3080821
vn -0.8873937 0.27329597 0.37127048
vn -0.6970372 0.3564003 0.62218803
vn -0.67776644 0.2732959 0.6825995
vn -0.40587783 0.35639942 0.84157145
vn -0.36495483 0.2732957 0.89000976
vn -0.18268542 0.35089362 0.9184224
vn -0.1893273 0.24123959 0.95181865
vn 0.30808225 0.3563993 0.88207984
vn 0.37127024 0.27329582 0.8873938
vn 0.18646382 0.29406855 0.9374193
vn 0.18268603 0.35089397 0.91842216
vn 0.6221886 0.35639915 0.6970373
vn 0.68260026 0.27329594 0.67776567
vn 0.8415713 0.35639977 0.4058781
vn 0.89000964 0.27329603 0.36495504
vn 0.93283325 0.35639998 0.052926704
vn 0.96192384 0.27329633 -0.003418257
vn 0.88207936 0.35639992 -0.30808297
vn 0.8873938 0.27329606 -0.3712703
vn -0.29304516 0.9144237 0.2792021
vn -0.16389216 0.9144236 0.37009284
vn -0.2689435 0.79604596 0.54219943
vn -0.45596313 0.7960451 0.39800715
vn -0.44018754 0.8810758 0.17303285
vn -0.34046388 0.88107556 0.32831433
vn -0.37758416 0.9144238 0.14580563
vn 0.008590905 0.881075 -0.47289848
vn -0.17303345 0.8810747 -0.44018948
vn -0.14580531 0.91442394 -0.3775839
vn 0.009788265 0.9144237 -0.40463996
vn 0.47289833 0.8810751 0.008590716
vn 0.4401879 0.8810756 -0.17303301
vn 0.37758476 0.91442347 -0.14580628
vn 0.4046391 0.9144241 0.009788376
vn -0.18890706 0.8810753 0.43361315
vn -0.10255524 0.8506813 0.51558095
vn -0.07468315 0.92382544 0.37545824
vn -0.3283153 0.8810748 -0.3404648
vn -0.43361247 0.88107574 -0.18890685
vn -0.37009287 0.9144237 -0.16389188
vn -0.2792021 0.9144238 -0.29304475
vn 0.34046417 0.8810753 -0.3283145
vn 0.18890746 0.8810751 -0.43361348
vn 0.16389236 0.9144236 -0.37009293
vn 0.29304528 0.91442364 -0.27920216
vn 0.17303373 0.88107497 0.4401888
vn 0.14580616 0.9144236 0.37758464
vn -0.47289675 0.881076 -0.008590869
vn -0.40463924 0.914424 -0.009788368
vn 0.08458225 0.9011278 0.42522293
vn 0.088480406 0.89123845 0.44482037
vn -0.8707209 -0.39496964 -0.29299146
vn -0.9165641 -0.39496994 0.06252162
vn -0.91675764 -0.39505348 -0.05905951
vn -0.82437295 -0.39505208 -0.40539256
vn 0.29299152 -0.39497113 -0.8707203
vn -0.06252156 -0.39497206 -0.9165632
vn 0.059059463 -0.39505547 -0.91675687
vn 0.4053922 -0.39505476 -0.8243718
vn 0.17969954 -0.38930163 0.90341145
vn 0.40851632 -0.39497006 0.8228688
vn 0.29626384 -0.39505255 0.8695754
vn 0.17969981 -0.38930285 0.9034109
vn 0.8228685 -0.39497128 -0.40851563
vn 0.6038988 -0.39497277 -0.6923169
vn 0.6900065 -0.39505625 -0.606483
vn 0.8695751 -0.39505336 -0.2962635
vn -0.40851587 -0.39496973 -0.82286924
vn -0.69231826 -0.3949687 -0.6039
vn -0.606484 -0.3950523 -0.6900078
vn -0.29626355 -0.3950545 -0.8695745
vn -0.60389936 -0.3949695 0.6923184
vn -0.29299077 -0.3949717 0.8707202
vn -0.40539172 -0.39505452 0.8243722
vn -0.6900076 -0.39505172 0.6064847
vn 0.870721 -0.39496943 0.2929917
vn 0.916564 -0.3949702 -0.06252162
vn 0.9167577 -0.39505357 0.059059586
vn 0.82437235 -0.39505413 0.40539166
vn -0.8228695 -0.39496806 0.40851685
vn -0.8695752 -0.39505255 0.29626423
vn 0.6923178 -0.39497235 0.60389805
vn 0.60648394 -0.39505565 0.6900059
vn -0.17969906 -0.38930297 0.9034111
vn -0.17969875 -0.38930368 0.90341073
vn -0.8990469 0.31347427 -0.30569354
vn -0.9475949 0.31347406 0.061626453
vn -0.94745106 0.31342664 -0.06403431
vn -0.85082567 0.3134264 -0.42173404
vn 0.3056929 0.31347987 -0.8990451
vn -0.061626375 0.3134797 -0.9475931
vn 0.06403426 0.31343204 -0.9474492
vn 0.42173302 0.31343207 -0.850824
vn 0.18556789 0.3086189 0.93290883
vn 0.4195633 0.31347966 0.85187864
vn 0.3034137 0.31343046 0.8998341
vn 0.18556857 0.3086166 0.9329094
vn 0.85187954 0.31347668 -0.41956365
vn 0.62647325 0.3134802 -0.7136256
vn 0.7152273 0.31343088 -0.6246688
vn 0.8998352 0.31342736 -0.30341393
vn -0.4195633 0.31347847 -0.851879
vn -0.71362686 0.3134748 -0.62647444
vn -0.6246688 0.31342918 -0.715228
vn -0.30341303 0.31343225 -0.89983374
vn -0.6264745 0.31347355 0.7136274
vn -0.30569294 0.31347555 0.89904666
vn -0.4217337 0.31342757 0.85082537
vn -0.71522826 0.31342548 0.6246704
vn 0.8990471 0.3134742 0.30569288
vn 0.9475947 0.31347486 -0.061626464
vn 0.9474509 0.31342712 0.06403433
vn 0.8508254 0.31342843 0.42173308
vn -0.85188025 0.3134729 0.41956502
vn -0.8998355 0.31342605 0.30341408
vn 0.71362656 0.313478 0.62647325
vn 0.62466836 0.31343263 0.7152269
vn -0.18556623 0.3086168 0.9329099
vn -0.18556644 0.30861792 0.9329095
vn -0.5834482 0.78723115 -0.1996377
vn -0.61543465 0.78723055 0.038835395
vn 0.19963849 0.7872289 -0.5834511
vn -0.03883535 0.7872282 -0.6154377
vn 0.121601894 0.7819766 0.6113311
vn 0.27139693 0.7872285 0.5537283
vn 0.5537258 0.7872308 -0.2713953
vn 0.40771848 0.7872293 -0.4626398
vn -0.27139693 0.78722763 -0.5537295
vn -0.46263948 0.7872294 -0.4077186
vn -0.40771827 0.7872295 0.46263963
vn -0.1996378 0.78722996 0.58344984
vn 0.5834486 0.7872309 0.19963777
vn 0.615435 0.7872303 -0.038835436
vn -0.55372554 0.78723097 0.2713953
vn 0.46263912 0.78723 0.40771794
vn -0.121600784 0.7819774 0.6113301
vn 0.08856074 -0.99323195 0.07514858
vn 0.11057745 -0.9932319 0.035537202
vn 0.18717931 -0.9799072 0.0688896
vn 0.14656825 -0.9799072 0.13527636
vn -0.103319004 -0.99323183 0.053061604
vn -0.075148664 -0.99323183 0.08856084
vn -0.13527611 -0.9799072 0.14656815
vn -0.18106791 -0.9799072 0.083643444
vn -0.0094838925 -0.99323195 -0.115760036
vn -0.053061415 -0.99323195 -0.10331887
vn -0.08364329 -0.9799072 -0.18106805
vn -0.007984591 -0.9799072 -0.19929416
vn 0.1157599 -0.99323195 -0.009483784
vn 0.10331885 -0.99323195 -0.053061336
vn 0.18106821 -0.9799072 -0.083643325
vn 0.1992941 -0.9799072 -0.007984619
vn -0.035537377 -0.99323183 0.11057765
vn -0.023020817 -0.9930134 0.11573447
vn -0.034037482 -0.9846623 0.17111874
vn -0.068889745 -0.9799072 0.18717937
vn -0.08856076 -0.99323195 -0.075148776
vn -0.11057771 -0.99323183 -0.035537627
vn -0.18717916 -0.9799072 -0.068889834
vn -0.14656793 -0.97990733 -0.13527602
vn 0.0751486 -0.99323195 -0.08856076
vn 0.0355374 -0.99323195 -0.11057759
vn 0.06888968 -0.9799072 -0.18717924
vn 0.13527635 -0.9799072 -0.1465681
vn 0.05306143 -0.99323195 0.1033189
vn 0.08364342 -0.9799072 0.18106802
vn -0.11576005 -0.99323195 0.009483963
vn -0.19929402 -0.9799072 0.007984601
vn 0.023020936 -0.9930134 0.11573449
vn 0.044420637 -0.9737328 0.22331837
vn 0.24929252 -0.9609281 0.120293446
vn 0.18428198 -0.9609281 0.20653628
vn -0.20653565 -0.96092844 0.18428141
vn -0.26133573 -0.9609283 0.091215976
vn -0.091215886 -0.96092814 -0.26133624
vn 0.015736327 -0.96092826 -0.27635008
vn 0.26133662 -0.9609281 -0.09121604
vn 0.27635026 -0.96092814 0.015736196
vn -0.05489318 -0.9595982 0.27596757
vn -0.12029303 -0.96092826 0.24929187
vn -0.24929139 -0.96092844 -0.1202928
vn -0.1842813 -0.9609283 -0.20653592
vn 0.12029325 -0.9609282 -0.24929202
vn 0.20653662 -0.9609281 -0.18428189
vn 0.09121605 -0.9609282 0.2613362
vn -0.2763498 -0.96092826 -0.015736451
vn 0.054893177 -0.9595982 0.27596757
vn -0.2784013 0.9248885 0.25898656
vn -0.15809932 0.9248883 0.3458123
vn -0.10268188 0.97339344 0.2048453
vn -0.17325689 0.9733934 0.14995776
vn 0.45596126 0.79604715 -0.39800525
vn 0.57355857 0.79605085 -0.19321945
vn -0.57356423 0.7960464 0.1932207
vn 0.6038371 0.79605365 0.040980577
vn -0.60384667 0.7960464 -0.040980536
vn 0.5421997 0.796046 0.26894307
vn -0.5421978 0.7960475 -0.26894212
vn 0.3980076 0.79604536 0.45596248
vn -0.3980034 0.7960496 -0.45595872
vn 0.1932212 0.7960465 0.57356393
vn -0.19321965 0.79604924 -0.5735607
vn 0.11935474 0.79101986 0.60003495
vn 0.040980633 0.7960462 -0.60384685
vn 0.26894304 0.7960469 -0.54219824
vn -0.119354084 0.7910205 0.60003436
vn 0.3563202 0.92488796 -0.13273367
vn 0.27840132 0.9248885 -0.25898638
vn 0.17325756 0.9733932 -0.1499586
vn 0.21745512 0.9733933 -0.07224068
vn -0.35631847 0.92488873 0.13273235
vn -0.21745431 0.97339356 0.07224003
vn 0.37999064 0.9248885 0.0137284305
vn 0.22854632 0.9733936 0.016475042
vn -0.3799899 0.9248888 -0.013728268
vn -0.22854729 0.9733934 -0.016474755
vn 0.34581184 0.9248885 0.1580995
vn 0.20484658 0.9733931 0.1026825
vn -0.345812 0.9248885 -0.15809949
vn -0.20484488 0.97339356 -0.10268163
vn 0.25898653 0.92488843 0.27840152
vn 0.14995816 0.97339326 0.17325751
vn -0.25898716 0.9248881 -0.27840203
vn -0.14995797 0.9733934 -0.17325692
vn 0.13273306 0.9248884 0.3563191
vn 0.07224059 0.9733934 0.21745495
vn -0.13273293 0.92488825 -0.3563196
vn -0.072240315 0.97339344 -0.2174548
vn 0.0660862 0.94087815 0.33223608
vn 0.045419876 0.97252107 0.22834164
vn 0.15809947 0.92488855 -0.34581167
vn 0.013728352 0.9248885 -0.37999052
vn 0.016474858 0.97339344 -0.22854713
vn 0.10268224 0.9733934 -0.20484568
vn -0.08332952 0.9041883 0.418927
vn -0.04541962 0.97252107 0.22834153
vn 0.6463418 0.19756417 -0.7370283
vn 0.31509385 0.19756503 -0.92826927
vn 0.3575753 0.37177512 -0.85669315
vn 0.6581991 0.37177262 -0.65464425
vn -0.31509316 0.19756518 0.92826957
vn -0.19137177 0.19431196 0.9620914
vn -0.18535423 0.31196222 0.93183863
vn -0.35757452 0.37177628 0.856693
vn -0.06412527 0.19756271 -0.9781906
vn -0.43358094 0.19755988 -0.87919146
vn -0.35292953 0.37177658 -0.8586169
vn 0.002513775 0.37177584 -0.9283191
vn 0.19137223 0.19431083 0.96209157
vn 0.43358216 0.19756219 0.8791903
vn 0.35293075 0.37177488 0.8586171
vn 0.17730483 0.41715914 0.89137036
vn -0.7370291 0.19755787 -0.6463428
vn -0.654642 0.37177724 -0.6581987
vn 0.7370287 0.19756271 0.6463416
vn 0.65464383 0.3717745 0.6581984
vn -0.9282713 0.19755748 -0.3150927
vn -0.8566949 0.371772 -0.35757464
vn 0.9282716 0.19755389 0.31509405
vn 0.85669327 0.3717748 0.3575753
vn -0.9781911 0.19756062 0.064124644
vn -0.9283206 0.37177202 -0.0025137719
vn 0.9781931 0.19755042 -0.06412597
vn 0.9283206 0.37177223 0.0025137702
vn -0.87919194 0.19755709 0.4335812
vn -0.8586181 0.37177387 0.35292944
vn 0.8791918 0.19755758 -0.43358126
vn 0.8586187 0.37177104 -0.3529309
vn -0.6463417 0.1975622 0.7370289
vn -0.6581981 0.3717748 0.65464395
vn 0.27095369 0.7318801 -0.62524843
vn 0.48959982 0.7318815 -0.4739636
vn -0.14584637 0.6641694 0.7332175
vn -0.27095318 0.73188025 0.6252485
vn -0.25052446 0.73188 -0.63371056
vn 0.011056258 0.7318806 -0.6813432
vn 0.25052392 0.73188186 0.6337088
vn 0.12199276 0.7803752 0.6132963
vn -0.47396344 0.7318813 -0.48960024
vn 0.47396442 0.7318809 0.48959982
vn -0.62524587 0.7318826 -0.27095294
vn 0.6252483 0.73188037 0.27095357
vn -0.68134284 0.7318809 -0.0110560665
vn 0.6813427 0.731881 0.01105622
vn -0.6337101 0.73188066 0.25052387
vn 0.6337087 0.731882 -0.2505237
vn -0.4895997 0.73188114 0.47396427
vn -0.40532923 0.90357 -0.13881493
vn -0.42759654 0.9035704 0.026864829
vn -0.42755997 0.90349317 -0.029876085
vn -0.3835827 0.90349233 -0.19122188
vn 0.8576668 -0.27042845 -0.43735132
vn 0.62501305 -0.2704292 -0.73227507
vn 0.6720989 -0.32953542 -0.6630909
vn 0.8746919 -0.3295357 -0.35541558
vn 0.32135665 0.90356785 0.2833639
vn 0.40533355 0.90356785 0.13881586
vn 0.38358733 0.90348995 0.1912243
vn 0.28120774 0.90349126 0.32345906
vn -0.32135373 0.9035697 -0.2833612
vn -0.2812071 0.90349156 -0.32345855
vn 0.18845598 0.9035684 0.38477084
vn 0.13601966 0.903492 0.40644905
vn -0.18845534 0.90356827 -0.3847712
vn -0.13602006 0.90349096 -0.40645137
vn 0.08477949 0.90064156 0.42621255
vn 0.084778234 0.90064305 0.42620987
vn 0.13881561 0.9035691 -0.405331
vn -0.02686488 0.9035688 -0.4276
vn 0.029876 0.90349174 -0.4275629
vn 0.19122301 0.90349174 -0.3835836
vn -0.13881487 0.9035693 0.40533063
vn -0.084778786 0.90064293 0.42620987
vn -0.084778704 0.9006421 0.42621177
vn -0.19122246 0.9034917 0.3835841
vn 0.28336215 0.90356904 -0.32135454
vn 0.3234594 0.903491 -0.2812083
vn -0.28336188 0.90356916 0.32135466
vn -0.32345745 0.90349245 0.28120583
vn 0.3847729 0.9035673 -0.18845692
vn 0.40645182 0.90349066 -0.1360204
vn -0.38476875 0.9035696 0.18845415
vn -0.40644774 0.9034927 0.13601907
vn 0.42759877 0.90356934 -0.026864305
vn 0.4275623 0.90349203 0.029876249
vn 0.8906467 0.27136415 0.36484239
vn 0.9624688 0.27136615 -0.003766563
vn 0.87863046 0.47376585 0.059618413
vn 0.78893155 0.47376996 0.39131698
vn -0.96246886 0.27136582 0.0037661477
vn -0.8877637 0.271367 0.37180027
vn -0.8345617 0.47376987 0.28115633
vn -0.8786303 0.47376627 -0.05961832
vn 0.96041846 -0.20273171 0.19104
vn 0.96041894 -0.20272885 0.19104062
vn 0.9776951 -0.07931719 0.1944762
vn 0.97815704 -0.073159166 0.19456789
vn 0.88776386 0.27136627 -0.37180066
vn 0.83456194 0.4737692 -0.28115666
vn -0.67790556 0.27136064 0.68323314
vn -0.66344184 0.47376573 0.5791294
vn 0.67790616 0.27135885 -0.68323314
vn 0.6634418 0.47376722 -0.5791283
vn -0.36484194 0.27136248 0.8906474
vn -0.3913162 0.4737712 0.78893125
vn 0.27745354 -0.49383917 -0.8241009
vn -0.059036493 -0.49383843 -0.8675473
vn 0.005432217 -0.30465513 -0.95244724
vn 0.3695059 -0.30465096 -0.87786853
vn -0.19181065 0.1825838 0.96429867
vn -0.17245822 0.46750543 0.8670045
vn 0.36484215 0.27136463 -0.8906467
vn -0.003766395 0.27136612 -0.9624688
vn 0.05961829 0.47377056 -0.87862796
vn 0.39131728 0.47376788 -0.78893274
vn -0.37180027 0.27136394 -0.8877647
vn -0.28115526 0.4737736 -0.83455986
vn 0.18333556 0.34190616 0.9216768
vn 0.37180087 0.2713643 0.88776433
vn 0.28115836 0.47376847 0.8345618
vn 0.17246059 0.467503 0.86700535
vn -0.6832327 0.27135974 -0.67790633
vn -0.5791284 0.47376654 -0.66344213
vn 0.82410073 -0.49383956 0.27745348
vn 0.86754525 -0.493842 -0.059036706
vn 0.952448 -0.30465254 0.0054321783
vn 0.8778693 -0.3046482 0.36950642
vn 0.6832319 0.27136415 0.6779054
vn 0.5791287 0.47376657 0.6634419
vn -0.8906468 0.27136394 -0.3648423
vn -0.78893214 0.47376916 -0.39131692
vn 0.6551959 -0.49383226 0.5717063
vn 0.6696417 -0.30465144 0.67732376
vn -0.82409954 -0.49384236 -0.2774521
vn -0.86754566 -0.49384135 0.05903661
vn -0.95244807 -0.3046525 -0.005431582
vn -0.8778692 -0.30464867 -0.36950618
vn 0.77891886 -0.49383435 -0.38653985
vn 0.8820248 -0.30465546 -0.3594682
vn -0.7789188 -0.49383438 0.38653997
vn -0.5717066 -0.49383008 0.65519726
vn -0.6773231 -0.30465317 0.6696416
vn -0.8820251 -0.30465445 0.3594681
vn 0.57170635 -0.49383298 -0.6551953
vn 0.67732465 -0.30465016 -0.6696414
vn -0.27745435 -0.49383548 0.824103
vn -0.36950427 -0.30465415 0.8778682
vn -0.17033993 -0.48747376 0.8563607
vn -0.18114702 -0.37125722 0.9106887
vn -0.3865391 -0.49383307 -0.77892
vn -0.3594669 -0.3046535 -0.882026
vn 0.17034112 -0.48747227 0.85636127
vn 0.38653964 -0.49383613 0.77891785
vn 0.35946822 -0.30465183 0.88202596
vn 0.19043352 -0.21720825 0.9573691
vn -0.65519404 -0.49383548 -0.5717056
vn -0.66964173 -0.30464873 -0.677325
vn -0.3931416 -0.91000175 -0.13166782
vn -0.41360345 -0.9100014 0.028803295
vn -0.41363445 -0.91006947 -0.026079882
vn -0.3721679 -0.91006964 -0.18238491
vn 0.31283152 -0.90999967 0.2720974
vn 0.39314634 -0.9099995 0.13166939
vn 0.3721723 -0.91006726 0.1823877
vn 0.27404422 -0.9100683 0.31092674
vn -0.31282988 -0.9100008 -0.27209532
vn -0.27404413 -0.9100684 -0.31092668
vn 0.18489096 -0.91000044 0.37109917
vn 0.13419707 -0.91006875 0.39213017
vn -0.1848908 -0.91000044 -0.37109926
vn -0.13419709 -0.9100684 -0.39213088
vn 0.08202783 -0.9073105 0.41238227
vn 0.08202784 -0.9073106 0.41238195
vn 0.13166918 -0.9100003 -0.39314455
vn -0.02880347 -0.9100001 -0.41360635
vn 0.026079912 -0.91006815 -0.4136372
vn 0.18238647 -0.91006845 -0.3721701
vn -0.1316684 -0.9100006 0.39314404
vn -0.082027316 -0.90731066 0.412382
vn -0.08202747 -0.9073105 0.41238236
vn -0.1823862 -0.9100685 0.37217018
vn 0.27209628 -0.9100002 -0.31283092
vn 0.31092784 -0.9100676 -0.2740453
vn -0.27209646 -0.9100003 0.31283054
vn -0.31092593 -0.91006887 0.27404314
vn 0.371102 -0.909999 -0.1848921
vn 0.39213324 -0.9100673 -0.1341976
vn -0.37109694 -0.9100016 0.18488967
vn -0.39212772 -0.91006994 0.13419636
vn 0.41360652 -0.91 -0.028803514
vn 0.41363728 -0.91006815 0.02607942
vn -0.85766613 -0.27043048 0.43735126
vn -0.6250133 -0.27042982 0.7322746
vn -0.6720987 -0.32953575 0.6630908
vn -0.87469196 -0.3295359 0.35541534
vn 0.9597475 -0.27042937 -0.07584654
vn 0.9441215 -0.32953608 0.0063684923
vn -0.9597474 -0.27043042 0.075845204
vn -0.9441214 -0.32953626 -0.0063693086
vn 0.915716 -0.27042887 0.29720777
vn 0.8698169 -0.32953545 0.36718532
vn -0.9157159 -0.27043062 -0.29720637
vn -0.8698174 -0.32953617 -0.3671835
vn 0.7322748 -0.27042854 0.6250137
vn 0.6630911 -0.32953575 0.6720985
vn -0.73227495 -0.27043033 -0.6250126
vn -0.66309065 -0.32953554 -0.6720991
vn 0.43735185 -0.27042922 0.85766625
vn 0.35541543 -0.32953578 0.874692
vn -0.43735093 -0.2704298 -0.8576665
vn -0.35541517 -0.32953584 -0.874692
vn 0.18804179 -0.26637274 0.9453496
vn 0.18295203 -0.34723878 0.9197575
vn 0.29720718 -0.27042964 -0.91571593
vn -0.07584557 -0.27042982 -0.9597475
vn 0.0063692797 -0.32953617 -0.9441215
vn 0.36718398 -0.32953596 -0.8698172
vn -0.2972065 -0.2704302 0.91571605
vn -0.18804044 -0.26637352 0.94534963
vn -0.18601084 -0.30150574 0.93514395
vn -0.36718425 -0.32953593 0.8698171
vn 0.5440339 -0.20272976 -0.8142038
vn 0.5440344 -0.2027278 -0.8142039
vn 0.5538212 -0.07929844 -0.82885087
vn 0.55408233 -0.073135704 -0.829243
vn 0.814203 -0.20273328 -0.54403365
vn 0.8142028 -0.20273395 -0.5440337
vn 0.82885635 -0.079217725 -0.55382466
vn 0.82924837 -0.073041864 -0.5540865
vn 0.19103973 -0.20272645 -0.9604196
vn 0.19103941 -0.2027279 -0.9604194
vn 0.19447628 -0.07929022 -0.9776973
vn 0.19456862 -0.07312831 -0.9781591
vn -0.19103983 -0.20272332 -0.9604202
vn -0.19104007 -0.20272501 -0.96041983
vn -0.19447748 -0.07921185 -0.97770345
vn -0.19456933 -0.07303941 -0.9781656
vn 0.814203 -0.20273337 0.54403365
vn 0.814203 -0.20273273 0.5440339
vn 0.8288518 -0.07928689 0.55382156
vn 0.8292435 -0.073123604 0.5540832
vn -0.9604181 -0.20273307 -0.19103985
vn -0.9604187 -0.20272978 -0.19104058
vn -0.97769547 -0.079312906 -0.19447601
vn -0.9781573 -0.073154904 -0.1945678
vn -0.19103882 -0.2027249 0.96042013
vn -0.1910397 -0.20272072 0.9604209
vn -0.1944747 -0.079297304 0.977697
vn -0.19456647 -0.07313816 0.97815883
vn -0.81420285 -0.20273495 -0.5440334
vn -0.8142027 -0.20273589 -0.54403317
vn -0.82885164 -0.07928707 -0.55382174
vn -0.8292434 -0.0731228 -0.5540834
vn -0.544034 -0.20273143 0.8142034
vn -0.54403406 -0.20273109 0.8142033
vn -0.5538205 -0.07931037 0.82885015
vn -0.5540822 -0.07315082 0.8292417
vn -0.9604183 -0.20273268 0.19103995
vn -0.96041757 -0.20273557 0.19104035
vn -0.97770303 -0.079215564 0.19447778
vn -0.9781651 -0.073046684 0.19456951
vn -0.81420296 -0.20273371 0.5440337
vn -0.8142028 -0.20273395 0.5440337
vn -0.8288561 -0.0792194 0.5538247
vn -0.8292477 -0.07305199 0.5540863
vn 0.5440329 -0.20273143 0.814204
vn 0.54403293 -0.20273164 0.8142039
vn 0.5538205 -0.07928605 0.82885253
vn 0.55408233 -0.073122166 0.8292442
vn -0.54403335 -0.20272976 -0.81420404
vn -0.54403347 -0.20273179 -0.81420356
vn -0.5538206 -0.07928537 -0.82885253
vn -0.5540824 -0.073120885 -0.8292442
vn 0.19104075 -0.20272492 0.9604197
vn 0.19104134 -0.20272915 0.9604187
vn 0.19447696 -0.07928751 0.9776974
vn 0.19456866 -0.07312311 0.9781595
vn 0.96041846 -0.2027317 -0.19104
vn 0.9604177 -0.20273459 -0.19104038
vn 0.9776955 -0.07931236 -0.19447616
vn 0.9781576 -0.0731511 -0.19456801
vn -0.7210347 0.28104064 -0.6333443
vn -0.65451235 0.13103053 -0.74461037
vn -0.88164866 0.18640892 -0.43352902
vn -0.9016955 0.30457833 -0.30688328
vn -0.44296727 0.0 -0.8965378
vn -0.75234175 0.0 -0.658773
vn -0.6587786 0.0 -0.75233686
vn -0.32072085 0.0 -0.9471737
vn 0.18544768 0.90173537 -0.39049014
vn 0.021896753 0.90173566 -0.43173295
vn 0.027510202 0.96510255 -0.2604233
vn 0.12507628 0.9651026 -0.23007114
vn -0.3207651 0.90173537 0.28979826
vn -0.18544696 0.9017356 0.39048982
vn -0.12507613 0.9651027 0.23007146
vn -0.20359935 0.9651026 0.16469435
vn 0.14498721 0.90173554 0.40724897
vn 0.28979787 0.90173554 0.32076487
vn 0.1646939 0.96510273 0.20359924
vn 0.074243784 0.96510255 0.2511273
vn -0.40724844 0.9017356 0.14498842
vn -0.25112623 0.9651029 0.07424306
vn -0.28979805 0.90173566 -0.32076454
vn -0.39048886 0.9017359 -0.18544804
vn -0.23007098 0.9651028 -0.12507619
vn -0.1646949 0.96510255 -0.20359914
vn -0.43173265 0.9017358 -0.02189719
vn -0.26042184 0.96510285 -0.027510379
vn 0.3904899 0.90173554 0.18544734
vn 0.23007096 0.96510285 0.1250752
vn 0.4317326 0.90173584 0.021897217
vn 0.40724874 0.9017356 -0.14498726
vn 0.2511262 0.96510285 -0.07424308
vn 0.26042184 0.96510285 0.027510328
vn -0.021896578 0.9017353 0.4317337
vn -0.027510053 0.96510255 0.2604232
vn 0.3207651 0.90173537 -0.2897983
vn 0.20359935 0.9651028 -0.16469307
vn -0.14498653 0.90173554 -0.4072492
vn -0.07424278 0.96510255 -0.25112754
vn 0.016854336 0.5191479 -0.85451823
vn -0.31143844 0.5191475 -0.79592204
vn -0.23688029 0.7614028 -0.60345125
vn 0.012081911 0.7614032 -0.64816594
vn -0.592318 0.5191477 -0.6161535
vn -0.4497794 0.7614031 -0.46686605
vn 0.79592156 0.5191477 -0.31143966
vn 0.616153 0.51914734 -0.5923187
vn 0.46686587 0.7614028 -0.44978005
vn 0.6034508 0.76140296 -0.23688103
vn 0.34258187 0.51914763 -0.7830219
vn 0.25920522 0.76140285 -0.59420395
vn -0.3425806 0.51914835 0.7830221
vn -0.016854076 0.5191477 0.85451835
vn -0.012081573 0.76140296 0.64816624
vn -0.25920412 0.76140296 0.59420437
vn 0.311439 0.5191481 0.79592144
vn 0.23688065 0.7614029 0.6034511
vn -0.7830216 0.5191479 -0.3425823
vn -0.8545188 0.5191471 -0.016853746
vn -0.6481668 0.7614026 -0.012082314
vn -0.59420455 0.76140237 -0.2592055
vn 0.78302145 0.5191481 0.34258243
vn 0.85451883 0.5191468 0.016853739
vn 0.648166 0.7614032 0.012081566
vn 0.5942031 0.7614033 0.25920576
vn 0.5923169 0.5191488 0.61615354
vn 0.44978032 0.76140237 0.46686628
vn -0.7959215 0.51914763 0.3114397
vn -0.603451 0.76140237 0.23688258
vn -0.61615324 0.51914847 0.59231746
vn -0.4668663 0.76140285 0.44977942
vn 0.31107405 0.26042607 -0.9140084
vn -0.06244355 0.25684753 -0.9644326
vn -0.6116589 0.37546557 0.6963469
vn -0.29699436 0.38766843 0.872644
vn 0.40764645 0.3844138 0.82828164
vn 0.69819283 0.36934286 0.6132803
vn -0.83856267 0.35564852 0.41270658
vn -0.9417218 0.33082074 0.060973488
vn 0.8877015 0.3474331 0.30211973
vn 0.944874 0.32166842 -0.061176647
vn 0.857047 0.29589126 -0.4218041
vn 0.059473623 0.39077085 0.9185646
vn 0.6346389 0.27425092 -0.7225095
vn -0.42589206 0.2641501 -0.8653558
vn -0.06615904 0.0 -0.99780905
vn 0.06615951 0.0 -0.99780905
vn 0.32072684 0.0 -0.94717175
vn 0.44297302 0.0 -0.896535
vn -0.65877956 0.0 0.75233597
vn -0.32071927 0.0 0.9471743
vn -0.4429687 0.0 0.89653707
vn -0.752341 0.0 0.6587739
vn 0.4429716 0.0 0.8965357
vn 0.752341 0.0 0.6587739
vn 0.65877956 0.0 0.75233597
vn 0.32072362 0.0 0.94717276
vn -0.8965378 0.0 0.44296727
vn -0.94717324 0.0 0.3207225
vn -0.94717336 0.0 -0.3207219
vn -0.8965385 0.0 -0.44296587
vn -0.99780905 0.0 0.06615927
vn -0.99780905 0.0 -0.06615927
vn 0.94717324 0.0 0.3207225
vn 0.8965378 0.0 0.44296727
vn 0.99780905 0.0 -0.06615927
vn 0.8965378 0.0 -0.44296727
vn 0.94717324 0.0 -0.32072252
vn 0.99780905 0.0 0.06615927
vn 0.06615774 0.0 0.9978091
vn -0.066157274 0.0 0.99780923
vn 0.65877956 0.0 -0.75233597
vn 0.752341 0.0 -0.6587739
vn -0.014744418 0.37265837 -0.92785144
vn -0.027229922 0.6882092 -0.72500116
vn 0.25228915 0.6882085 -0.68023455
vn 0.34144974 0.37265947 -0.86286557
vn 0.03481271 -0.68672204 -0.7260861
vn 0.014744425 -0.3726577 -0.9278517
vn 0.36869437 -0.37265924 -0.8515806
vn 0.309326 -0.6884505 -0.6560132
vn -2.4204934E-9 3.267666E-7 -1.0
vn 0.38268173 1.5975216E-7 -0.9238803
vn 0.66651547 -0.37266108 -0.6456632
vn 0.5357753 -0.68994075 -0.48675114
vn 0.64566284 0.37266007 -0.6665163
vn 0.70710677 2.4204969E-8 -0.70710677
vn 0.49339628 0.6882103 -0.5319086
vn 0.92388046 -1.1497378E-6 -0.3826812
vn 0.8628654 -0.37265843 -0.34145126
vn 0.6593935 0.6882091 -0.3026029
vn 0.85158056 0.37265962 -0.3686941
vn 0.68033737 -0.69097185 -0.24433361
vn 1.0 -2.420498E-9 0.0
vn 0.9278514 -0.3726586 0.014744659
vn 0.72500145 0.6882088 -0.027229989
vn 0.9278514 0.37265858 -0.014744655
vn 0.72165143 -0.69139135 0.034600638
vn 0.8515805 -0.3726583 0.3686957
vn 0.6536962 -0.6911398 0.3082321
vn 0.8628655 0.37265834 0.34145117
vn 0.9238793 7.2614865E-9 0.38268384
vn 0.68023324 0.68820995 0.25228915
vn 0.66651523 0.37265855 0.6456648
vn 0.70710677 -4.3568946E-8 0.70710677
vn 0.531907 0.6882091 0.4933995
vn 0.6456643 -0.3726583 0.6665159
vn 0.4865479 -0.69025403 0.5355563
vn 0.38268295 8.4233227E-7 0.92387974
vn 0.34144977 -0.37265944 0.86286557
vn 0.30260208 0.6882093 0.65939367
vn 0.36869463 0.37265894 0.8515806
vn 0.24501275 -0.6888606 0.6822315
vn 0.027229764 0.68820864 0.72500163
vn 0.014744907 0.37265858 0.92785144
vn -0.014744939 -0.37265912 0.92785114
vn -0.03479267 -0.6871692 0.7256638
vn -4.8409867E-9 -3.2192563E-7 1.0
vn 0.040387392 -0.87800956 -0.47693625
vn -0.1463729 -0.8758956 -0.45976284
vn -0.24624263 -0.68501663 -0.68565065
vn -0.36869583 -0.37265795 0.8515805
vn -0.31054154 -0.6854322 0.6585944
vn -0.34145182 0.37265787 0.86286545
vn -0.38268435 8.9558434E-8 0.92387915
vn -0.2522884 0.6882091 0.6802344
vn -0.31339526 -0.8739901 -0.371382
vn -0.49077877 -0.68359786 -0.54021317
vn -0.49339998 0.68820816 0.531908
vn 0.36072874 -0.88159627 -0.3044055
vn 0.21814065 -0.8800056 -0.4219063
vn -0.70710677 3.872795E-8 0.70710677
vn -0.6665162 -0.37265775 0.6456643
vn -0.64566463 0.3726576 0.66651607
vn -0.5399914 -0.68391705 0.490578
vn -0.86286664 -0.37265685 0.34144995
vn -0.6875551 -0.6828585 0.24692546
vn -0.8515805 0.3726582 0.3686956
vn -0.92388046 -1.1594199E-6 0.38268116
vn -0.6593943 0.68820846 0.30260274
vn 0.44803268 -0.88256556 -0.14263552
vn 0.46810013 -0.8827861 0.03963696
vn -0.3723094 -0.8733157 0.3141743
vn -0.22232047 -0.87502956 0.42999628
vn -1.0 4.8409956E-9 0.0
vn -0.92785245 -0.3726559 -0.014743051
vn -0.7250016 0.68820876 0.027230008
vn -0.92785245 0.37265593 0.014743052
vn 0.30515304 -0.88097477 0.3616147
vn 0.4182181 -0.8822339 0.21623333
vn -0.7301167 -0.68242514 -0.03500652
vn -0.92388046 1.1836248E-6 -0.38268113
vn -0.8515805 -0.37265822 -0.3686956
vn -0.68023425 0.68820804 -0.2522915
vn -0.86286557 0.3726583 -0.3414511
vn 0.14455053 -0.8791779 0.45403895
vn -0.66092265 -0.68268585 -0.3116429
vn -0.46603253 -0.87223876 0.14836901
vn -0.040528886 -0.8770931 0.47860765
vn -0.64566314 -0.37265968 -0.6665162
vn -0.66651535 0.37266055 -0.64566344
vn -0.70710677 0.0 -0.70710677
vn -0.53190684 0.6882083 -0.4934007
vn -0.48777953 -0.871989 -0.041306373
vn -0.36869633 0.3726588 -0.85157996
vn -0.3826836 -5.1314584E-7 -0.9238795
vn -0.3026041 0.6882087 -0.65939325
vn -0.433859 -0.87260926 -0.22431983
vn -0.34145123 -0.37265936 -0.8628651
vn 0.61058503 0.38035417 0.6946342
vn 0.84601706 0.3334573 0.4160064
vn 0.5214116 0.35043725 0.7780255
vn 0.5446856 0.32261622 0.7741036
vn 0.5214116 0.35043725 0.7780255
vn 0.49805728 0.3771069 0.78085166
vn -0.55557036 -1.443359E-6 -0.83146954
vn -0.55557126 1.0783396E-6 -0.83146894
vn -0.55557036 -1.443359E-6 -0.83146954
vn -0.5555697 -3.3254594E-6 -0.83146995
vn 0.89379776 0.34859392 0.28214887
vn 0.90870225 0.32155952 0.26619488
vn 0.89379776 0.34859392 0.28214887
vn 0.87829226 0.37444207 0.29731447
vn 0.9807856 3.2021999E-6 0.19508888
vn 0.9807855 2.4176918E-6 0.1950892
vn 0.9807856 3.2021999E-6 0.19508888
vn 0.98078567 3.7880693E-6 0.19508864
vn 0.2943811 0.4085277 0.8639704
vn -0.058444664 0.4157466 0.90760064
vn -0.40412652 0.40154183 0.8218551
vn -0.69871265 0.36687416 0.61416936
vn -0.98078555 3.402339E-6 0.19508897
vn -0.98078555 3.834859E-6 0.19508913
vn -0.98078555 3.402339E-6 0.19508897
vn -0.98078555 3.079469E-6 0.19508883
vn 0.73281187 0.3363456 -0.59148836
vn 0.7269194 0.31121793 -0.6121533
vn 0.73281187 0.3363456 -0.59148836
vn 0.7377403 0.360254 -0.57092595
vn -0.8938067 0.3486008 0.2821119
vn -0.89731354 0.32025343 0.30375332
vn -0.8938067 0.3486008 0.2821119
vn -0.8892624 0.37591434 0.26057786
vn -0.89844334 0.31477916 0.30612683
vn -0.9658748 0.25143102 -0.062197257
vn 0.5653747 0.3327755 -0.75472635
vn 0.55051047 0.30337185 -0.77775556
vn 0.5653747 0.3327755 -0.75472635
vn 0.57923985 0.3614603 -0.7306351
vn -0.8314694 -3.9698034E-6 0.5555705
vn -0.83146906 -2.4735868E-6 0.555571
vn -0.8314694 -3.9698034E-6 0.5555705
vn -0.83146966 -5.086087E-6 0.55557007
vn 0.5555696 4.4585818E-7 -0.83147
vn 0.55556947 9.4809474E-7 -0.8314701
vn 0.5555696 4.4585818E-7 -0.83147
vn 0.55556977 7.0801214E-8 -0.83146995
vn 0.0 1.0 0.0
vn 0.0 1.0 0.0
vn 0.0 1.0 0.0
vn 0.0 1.0 0.0
vn 0.938164 0.3456692 -0.019000687
vn 0.9469023 0.31919798 -0.038585328
vn 0.938164 0.3456692 -0.019000687
vn 0.9286569 0.37094003 0.0
vn 0.0 1.0 0.0
vn 0.0 1.0 0.0
vn 0.0 1.0 0.0
vn 0.0 1.0 0.0
vn 0.88403976 0.34139237 -0.3192568
vn 0.88571537 0.31556866 -0.34047714
vn 0.88403976 0.34139237 -0.3192568
vn 0.88147724 0.3660052 -0.29839247
vn -0.8314694 -3.281692E-6 -0.5555705
vn -0.831469 -5.024426E-6 -0.5555711
vn -0.8314694 -3.281692E-6 -0.5555705
vn -0.8314697 -1.9810495E-6 -0.55557007
vn 0.35495847 0.5898903 0.72528195
vn 0.60549045 0.58989304 0.53423554
vn 0.52968365 0.5896973 0.6096659
vn 0.25605652 0.5896941 0.7659609
vn 0.05038583 0.58988947 0.8059105
vn -0.056555912 0.5896951 0.80564326
vn -0.26185837 0.58989054 0.76384497
vn -0.36055657 0.5896962 0.7226738
vn -0.57058793 0.59064186 0.57058877
vn -0.5705871 0.59064317 0.5705883
vn -0.74551064 0.5906403 0.30880076
vn -0.74551123 0.5906399 0.30880013
vn 0.28006265 0.94966006 -0.1403945
vn 0.29171586 0.95120186 -0.10058274
vn 0.24051411 0.9469937 -0.21296932
vn 0.21280065 0.9456534 -0.24587706
vn -0.8069362 0.5906385 0.0
vn -0.80693734 0.5906371 0.0
vn -0.76596105 0.5896937 -0.25605687
vn -0.7252809 0.58989143 -0.35495877
vn -0.60966486 0.58969754 -0.5296845
vn -0.53423464 0.58989346 -0.60549074
vn -0.30880076 0.59064186 -0.74550945
vn -0.30880052 0.5906415 -0.7455098
vn 0.0 0.5906408 -0.8069346
vn 0.0 0.59064037 -0.80693495
vn 0.25605607 0.58969575 -0.76595956
vn 0.35495812 0.58989227 -0.7252806
vn 0.5296832 0.58969826 -0.6096653
vn 0.6054905 0.5898928 -0.53423554
vn 0.72267336 0.5896965 -0.3605568
vn 0.76384646 0.58988905 -0.26185775
vn 0.2990485 0.95399415 -0.021565028
vn 0.2945982 0.9554537 0.017893638
vn 0.76384616 0.58988947 0.26185775
vn 0.80693734 0.5906371 0.0
vn 0.8069361 0.5906389 0.0
vn 0.7226731 0.58969694 0.36055666
vn 0.14486015 0.9437231 -0.29732513
vn 0.104996815 0.9429031 -0.31608447
vn 0.120934226 0.96290076 0.24124086
vn 0.08744167 0.9633486 0.25360104
vn 0.18152359 0.9617816 0.20500097
vn 0.20925303 0.96094465 0.18110375
vn -0.0845856 0.96333003 0.25463825
vn -0.11805889 0.9629877 0.24231528
vn -0.016175363 0.96375287 0.2663058
vn 0.01920286 0.9637012 0.26629153
vn -0.17916277 0.96179384 0.20701028
vn -0.20686714 0.9610684 0.18317614
vn 0.020303156 0.9422608 -0.33426395
vn -0.02410244 0.9421814 -0.3342354
vn -0.29420236 0.95550764 0.021215562
vn -0.29868117 0.9541804 -0.018141642
vn -0.27090177 0.9580644 0.09340652
vn -0.25293928 0.959137 0.1267985
vn -0.242836 0.94702667 -0.21016937
vn -0.21521272 0.94583905 -0.24304739
vn -0.2810921 0.94985867 -0.13695168
vn -0.29267487 0.9512568 -0.09722065
vn -0.14823543 0.9437089 -0.29570237
vn -0.10843658 0.94304615 -0.31449234
vn 0.25447342 0.9590994 0.12398241
vn 0.27244338 0.9579063 0.090499744
vn -0.93770814 0.34622082 0.028890636
vn -0.94556504 0.32008797 0.058740415
vn -0.93770814 0.34622082 0.028890636
vn -0.92865825 0.3709366 0.0
vn 0.0 1.0 0.0
vn 0.0 1.0 0.0
vn 0.0 1.0 0.0
vn 0.0 1.0 0.0
vn -0.5190177 0.3504354 0.7796253
vn -0.5017022 0.3225602 0.8026517
vn -0.5190177 0.3504354 0.7796253
vn -0.5350933 0.3770648 0.7559744
vn -0.17020419 0.32850367 -0.9290403
vn -0.19303666 0.2995869 -0.9343364
vn -0.17020419 0.32850367 -0.9290403
vn -0.14728832 0.35677963 -0.9225044
vn 0.0 1.0 0.0
vn 0.0 1.0 0.0
vn 0.0 1.0 0.0
vn 0.0 1.0 0.0
vn -0.8424813 0.33968845 -0.41813517
vn -0.86248887 0.31476146 -0.39628056
vn -0.8424813 0.33968845 -0.41813517
vn -0.82203496 0.36319545 -0.43857455
vn -0.5653633 0.3327753 -0.75473505
vn -0.5910313 0.3087035 -0.7452409
vn -0.5653633 0.3327753 -0.75473505
vn -0.5400025 0.35547942 -0.76290995
vn -0.19953088 0.32866654 -0.9231282
vn -0.22452657 0.30490035 -0.9255397
vn -0.19953088 0.32866654 -0.9231282
vn -0.17529759 0.35112438 -0.919773
vn 0.17015544 0.32851276 -0.929046
vn 0.14991933 0.30455938 -0.940621
vn 0.17015544 0.32851276 -0.929046
vn 0.18943954 0.35120526 -0.9169338
vn 0.4903448 0.33156657 -0.8059935
vn 0.476923 0.3071042 -0.8235481
vn 0.4903448 0.33156657 -0.8059935
vn 0.5027749 0.3547995 -0.7882479
vn 0.0 1.0 0.0
vn 0.0 1.0 0.0
vn 0.0 1.0 0.0
vn 0.0 1.0 0.0
vn -0.752906 0.35007992 0.55729383
vn -0.74872243 0.32199633 0.5794249
vn -0.752906 0.35007992 0.55729383
vn -0.7560497 0.3770647 0.534987
vn 0.2116855 0.3502813 0.91241014
vn 0.23628406 0.3222441 0.9166944
vn 0.2116855 0.3502813 0.91241014
vn 0.18738638 0.377173 0.9069878
vn 0.0 1.0 0.0
vn 0.0 1.0 0.0
vn 0.0 1.0 0.0
vn 0.0 1.0 0.0
vn -0.884041 0.3413941 -0.31925163
vn -0.89969105 0.31273058 -0.30455828
vn -0.884041 0.3413941 -0.31925163
vn -0.8675257 0.36918634 -0.33331764
vn 0.0 1.0 0.0
vn 0.0 1.0 0.0
vn 0.0 1.0 0.0
vn 0.0 1.0 0.0
vn 0.9600572 0.2728884 0.06182266
vn 0.9260207 0.20720007 -0.31552157
vn 0.7428773 0.1474335 -0.6529905
vn 0.4388502 0.104422346 -0.89247215
vn 0.06402419 0.085992165 -0.9942365
vn -0.3210505 0.09541658 -0.9422432
vn -0.09519712 0.9559359 0.27771217
vn 0.018400373 0.95556104 0.2942183
vn -0.020646017 0.9555184 0.29420814
vn -0.13059174 0.9562558 0.26176473
vn 0.26459602 0.96008456 0.09070111
vn 0.2711736 0.962381 -0.016960125
vn 0.2738506 0.9615802 0.019217398
vn 0.25276154 0.9592759 0.12610047
vn -0.25345883 0.959359 0.12405198
vn -0.19124223 0.95730937 0.21676052
vn -0.21671453 0.9579042 0.18829344
vn -0.265259 0.9600903 0.088681445
vn 0.12856704 0.9562784 0.26268286
vn 0.0931458 0.9558752 0.27861518
vn 0.21526757 0.95790833 0.18992487
vn 0.18975565 0.95723355 0.21839596
vn 0.2373986 0.9644383 -0.116191864
vn 0.17102765 0.9660084 -0.19384836
vn 0.1965356 0.9655125 -0.17076096
vn 0.25302306 0.96375495 -0.08459106
vn 0.0826782 0.96694916 -0.24119198
vn -0.015857829 0.9671927 -0.25354853
vn 0.017792132 0.9671612 -0.2535403
vn 0.114281565 0.9666777 -0.2290718
vn -0.11246195 0.9667236 -0.2297775
vn -0.19506516 0.96557266 -0.17210178
vn -0.16956457 0.9660026 -0.19515875
vn -0.080865264 0.96693116 -0.24187782
vn -0.2521255 0.9638273 -0.08642638
vn -0.23649925 0.96444136 -0.11798751
vn -0.27370507 0.96166134 0.017118454
vn -0.27101055 0.9623885 -0.019018099
vn 0.85739505 -0.419735 -0.29781905
vn 0.9061001 -0.41973498 0.052963916
vn 0.29781857 -0.41973415 0.8573957
vn 0.17761993 -0.41364163 0.8929455
vn -0.603259 -0.41973343 -0.6781611
vn -0.2978184 -0.41973442 -0.8573956
vn 0.6032589 -0.41973442 0.6781605
vn -0.67816085 -0.41973305 0.6032595
vn -0.857396 -0.41973346 0.29781842
vn -0.9061005 -0.419734 -0.05296302
vn -0.39568186 -0.4197336 0.8168596
vn -0.81685996 -0.41973278 -0.3956822
vn -0.1776179 -0.41364062 0.8929464
vn 0.8168588 -0.4197351 0.39568174
vn 0.05296322 -0.41973466 -0.90610033
vn 0.39568165 -0.4197343 -0.81685925
vn 0.67816037 -0.41973463 -0.6032589
vn -0.44086406 -0.053272475 -0.89599156
vn -0.064424425 -0.053272497 -0.9964997
vn -0.750185 -0.053272758 -0.6590785
vn -0.9452995 -0.05327306 -0.32182452
vn -0.9964996 -0.05327272 0.06442424
vn -0.8959907 -0.053272963 0.4408657
vn -0.65907663 -0.053273402 0.7501867
vn -0.32182342 -0.05327351 0.9452997
vn -0.19482107 -0.05236052 0.9794403
vn 0.4408637 -0.053273015 0.8959917
vn 0.19482246 -0.05236078 0.97943985
vn 0.75018674 -0.053272918 0.6590766
vn 0.9452999 -0.053272787 0.32182297
vn 0.9964996 -0.053272635 -0.06442427
vn 0.8959921 -0.05327277 -0.44086286
vn 0.6590767 -0.05327245 -0.7501866
vn 0.32182387 -0.053272434 -0.9452996
vn 0.4429675 0.0 0.8965377
vn 0.7523383 0.0 0.658777
vn 0.6587757 0.0 0.7523394
vn 0.3207219 0.0 0.9471734
vn -0.7523399 0.0 -0.6587752
vn -0.9471733 0.0 -0.3207222
vn -0.89653814 0.0 -0.4429666
vn -0.6587764 0.0 -0.75233877
vn 0.94717383 0.0 0.32072067
vn 0.8965375 0.0 0.4429678
vn -0.99780905 0.0 0.066159375
vn -0.99780905 0.0 -0.066159375
vn 0.9978092 0.0 -0.06615774
vn 0.9978092 0.0 0.06615774
vn -0.89653814 0.0 0.4429666
vn -0.9471733 0.0 0.3207222
vn 0.8965375 0.0 -0.4429678
vn 0.94717383 0.0 -0.32072067
vn -0.6587764 0.0 0.75233877
vn -0.7523399 0.0 0.6587752
vn 0.6587756 0.0 -0.7523395
vn 0.7523383 0.0 -0.658777
vn -0.32072097 0.0 0.9471738
vn -0.44296685 0.0 0.896538
vn 0.3207226 0.0 -0.9471731
vn 0.44296783 0.0 -0.89653754
vn -0.19508901 0.0 0.9807855
vn -0.19508901 0.0 0.9807855
vn -0.066158906 0.0 -0.99780905
vn -0.44296718 0.0 -0.89653784
vn -0.32072166 0.0 -0.9471735
vn 0.06615902 0.0 -0.99780905
vn 0.19508992 0.0 0.9807854
vn 0.19508992 0.0 0.9807854
vn -0.19509038 1.818663E-6 -0.98078525
vn -0.1950904 1.8184121E-6 -0.9807853
vn 0.5555694 -1.6902836E-8 0.83147013
vn 0.5555692 -8.706549E-7 0.8314704
vn 0.0 1.0 0.0
vn 0.0 1.0 0.0
vn 0.0 1.0 0.0
vn 0.0 1.0 0.0
vn 0.9377077 0.34622255 0.028883273
vn 0.94838285 0.31712773 0.0
vn 0.9377077 0.34622255 0.028883273
vn 0.9255585 0.37424982 0.057258397
vn 0.84248376 0.33968735 -0.41813114
vn 0.8387527 0.3102274 -0.44749635
vn 0.84248376 0.33968735 -0.41813114
vn 0.8447301 0.368268 -0.38834235
vn 0.0 1.0 0.0
vn 0.0 1.0 0.0
vn 0.0 1.0 0.0
vn 0.0 1.0 0.0
vn 0.0 1.0 0.0
vn 0.0 1.0 0.0
vn 0.0 1.0 0.0
vn 0.0 1.0 0.0
vn 0.83146936 -6.920239E-7 -0.55557066
vn 0.8314693 -3.953494E-7 -0.5555707
vn 0.81279355 0.3497107 0.4659067
vn 0.8355083 0.32128066 0.44576287
vn 0.81279355 0.3497107 0.4659067
vn 0.78920716 0.3769426 0.4848363
vn 0.0 1.0 0.0
vn 0.0 1.0 0.0
vn 0.0 1.0 0.0
vn 0.0 1.0 0.0
vn 0.98078525 4.7187173E-6 -0.19509041
vn 0.98078537 3.7217908E-6 -0.19509009
vn -0.15109316 0.35025305 0.92438823
vn -0.12803172 0.3221634 0.93798643
vn -0.15109316 0.35025305 0.92438823
vn -0.17339076 0.37717092 0.90976804
vn -0.98078525 7.74781E-6 0.19509065
vn -0.9807852 7.5894E-6 0.1950906
vn 0.19509035 0.0 -0.98078525
vn 0.19508958 2.2560089E-6 -0.9807854
vn 0.19508997 -1.8337784E-6 -0.9807853
vn 0.19508968 -1.16134E-6 -0.98078537
vn 0.19508997 -1.8337784E-6 -0.9807853
vn 0.19509017 -2.335842E-6 -0.9807853
vn 0.15103528 0.35025436 0.92439723
vn 0.17720278 0.32268912 0.9297693
vn 0.15103528 0.35025436 0.92439723
vn 0.12535551 0.37658525 0.9178614
vn 0.5555685 -1.5750932E-6 0.8314707
vn 0.55556774 -3.6848276E-6 0.8314713
vn 0.5555685 -1.5750932E-6 0.8314707
vn 0.55556905 0.0 0.83147043
vn 0.1950908 -2.0228692E-8 0.9807852
vn 0.19509132 1.278236E-6 0.9807851
vn 0.1950908 -2.0228692E-8 0.9807852
vn 0.1950904 -9.889842E-7 0.98078525
vn -0.5213814 0.3504371 0.7780458
vn -0.50900316 0.3226327 0.79801255
vn -0.5213814 0.3504371 0.7780458
vn -0.5327805 0.37708852 0.7575943
vn 0.0 1.0 0.0
vn 0.0 1.0 0.0
vn 0.0 1.0 0.0
vn 0.0 1.0 0.0
vn 0.5189782 0.35043553 0.77965164
vn 0.5468516 0.3225892 0.7725862
vn 0.5189782 0.35043553 0.77965164
vn 0.49101216 0.37703466 0.7853356
vn 0.8314694 2.61995E-7 0.5555706
vn 0.8314693 1.5830148E-7 0.5555706
vn -0.98078525 4.7102567E-6 -0.19509025
vn -0.98078537 5.780648E-6 -0.19508988
vn 0.19509082 2.535645E-8 0.98078513
vn 0.19509064 -4.749339E-7 0.9807852
vn -0.1950886 2.958853E-7 0.9807856
vn -0.19508816 1.5833608E-6 0.98078567
vn 0.55557096 1.9443539E-7 -0.8314692
vn 0.5555721 -3.5625208E-6 -0.8314684
vn -0.7327918 0.33634734 -0.59151226
vn -0.7524953 0.30761215 -0.58234483
vn -0.7327918 0.33634734 -0.59151226
vn -0.71239734 0.36429986 -0.599813
vn -0.55557054 2.511409E-6 0.8314694
vn -0.55557036 3.246502E-6 0.83146954
vn -0.81278265 0.34971443 0.46592295
vn -0.8063985 0.32248864 0.4957042
vn -0.81278265 0.34971443 0.46592295
vn -0.8176845 0.3755967 0.43625593
vn -0.49034488 0.3315667 -0.80599344
vn -0.5125187 0.30277646 -0.8035241
vn -0.49034488 0.3315667 -0.80599344
vn -0.46773228 0.3596597 -0.80738556
vn -0.9381666 0.34566385 -0.01896621
vn -0.94838464 0.3171225 0.0
vn -0.9381666 0.34566385 -0.01896621
vn -0.9269713 0.3732473 -0.037557874
vn -0.83146924 1.772331E-7 0.5555709
vn -0.83146906 9.486577E-7 0.5555711
vn 0.0 1.0 0.0
vn 0.0 1.0 0.0
vn 0.0 1.0 0.0
vn 0.0 1.0 0.0
vn -0.5555701 -1.5197102E-6 0.83146966
vn -0.5555708 -3.27105E-6 0.83146924
vn -0.5555701 -1.5197102E-6 0.83146966
vn -0.55556965 -2.1233399E-7 0.83147
vn 0.98078525 4.6853556E-6 0.19509068
vn 0.9807852 4.711992E-6 0.19509067
vn -0.19509052 2.5324513E-7 -0.9807852
vn -0.1950901 -8.294977E-7 -0.9807853
vn -0.19509052 2.5324513E-7 -0.9807852
vn -0.19509086 1.061489E-6 -0.98078513
vn -0.9807855 1.912826E-6 -0.19508915
vn -0.9807855 1.4403907E-6 -0.19508936
vn -0.9807855 1.912826E-6 -0.19508915
vn -0.98078555 2.2654897E-6 -0.19508901
vn 0.19949542 0.32866183 -0.9231376
vn 0.17862304 0.29951638 -0.9372212
vn 0.19949542 0.32866183 -0.9231376
vn 0.21996057 0.3571649 -0.9077723
vn 0.0 1.0 0.0
vn 0.0 1.0 0.0
vn 0.0 1.0 0.0
vn 0.0 1.0 0.0
vn 0.75290114 0.3500829 0.55729866
vn 0.77274436 0.32259876 0.54662246
vn 0.75290114 0.3500829 0.55729866
vn 0.73268104 0.37640023 0.5670109
vn -0.19509071 9.117369E-7 0.98078513
vn -0.19509023 2.0856432E-6 0.98078525
vn -0.19509071 9.117369E-7 0.98078513
vn -0.19509108 3.5386037E-8 0.9807851
vn 0.9807858 1.0114362E-8 -0.19508804
vn 0.9807859 -1.9173578E-6 -0.19508721
vn 0.9807858 1.0114362E-8 -0.19508804
vn 0.9807856 1.4481574E-6 -0.19508862
vn -0.21168478 0.35028034 0.9124107
vn -0.1915048 0.32268623 0.9269301
vn -0.21168478 0.35028034 0.9124107
vn -0.23104987 0.37667957 0.8970666
vn -0.8314691 6.761131E-7 -0.55557084
vn -0.83146906 -7.9150425E-8 -0.5555711
vn 0.0 1.0 0.0
vn 0.0 1.0 0.0
vn 0.0 1.0 0.0
vn 0.0 1.0 0.0
vn 0.8314699 -3.2871096E-6 -0.5555698
vn 0.8314702 -4.568451E-6 -0.55556935
vn 0.8314699 -3.2871096E-6 -0.5555698
vn 0.83146966 -2.3311343E-6 -0.5555701
vn 0.0 1.0 0.0
vn 0.0 1.0 0.0
vn 0.0 1.0 0.0
vn 0.0 1.0 0.0
vn 0.83146983 -2.613275E-6 0.5555698
vn 0.8314702 -1.469109E-6 0.55556947
vn 0.83146983 -2.613275E-6 0.5555698
vn 0.83146966 -3.4675388E-6 0.5555702
vn -0.68070126 0.71993953 -0.13539948
vn -0.68070054 0.7199402 -0.13539945
vn -0.68070126 0.71993953 -0.13539948
vn -0.6807021 0.7199386 -0.13539948
vn -0.13525824 0.72063243 0.6799957
vn -0.13525829 0.72063094 0.67999715
vn -0.13525824 0.72063243 0.6799957
vn -0.1352582 0.7206343 0.6799937
vn 0.135166 0.7210971 0.67952126
vn 0.13516478 0.7211003 0.6795181
vn 0.135166 0.7210971 0.67952126
vn 0.13516763 0.7210928 0.67952543
vn -0.38550353 0.72008294 0.5769468
vn -0.38550338 0.7200833 0.5769465
vn -0.38550353 0.72008294 0.5769468
vn -0.38550374 0.7200825 0.5769472
vn -0.13667677 0.7135457 0.6871477
vn -0.13667703 0.7135768 0.6871154
vn -0.13667677 0.7135457 0.6871477
vn -0.13667658 0.7135217 0.6871726
vn -0.5794721 0.7171437 0.38719103
vn -0.5794699 0.7171467 0.38718882
vn -0.5794721 0.7171437 0.38719103
vn -0.5794738 0.71714145 0.38719276
vn -0.38906848 0.71389323 -0.5822218
vn -0.38895333 0.7140482 -0.58210856
vn -0.38906848 0.71389323 -0.5822218
vn -0.3891581 0.7137726 -0.58230984
vn 0.13597366 0.71709543 0.68358266
vn 0.13597335 0.7170962 0.683582
vn 0.13597366 0.71709543 0.68358266
vn 0.13597392 0.71709484 0.68358326
vn 0.5822525 0.71386164 0.38908052
vn 0.5823778 0.7137314 0.3891318
vn 0.5822525 0.71386164 0.38908052
vn 0.58215576 0.713962 0.38904092
vn -0.5441983 0.81218076 -0.21026362
vn -0.5315372 0.8208919 -0.20881738
vn -0.5441983 0.81218076 -0.21026362
vn -0.55386966 0.80533344 -0.21134426
vn 0.13934693 0.8095685 -0.5702467
vn 0.14043663 0.8185643 -0.55698293
vn 0.13934693 0.8095685 -0.5702467
vn 0.13857643 0.80325913 -0.57928514
vn -0.6761507 0.72439003 0.1344592
vn -0.67635983 0.7241801 0.13453811
vn -0.6761507 0.72439003 0.1344592
vn -0.67599267 0.7245487 0.13439955
vn -0.13445435 0.7245571 -0.6759726
vn -0.1344651 0.72452873 -0.67600095
vn -0.13445435 0.7245571 -0.6759726
vn -0.13444614 0.7245788 -0.67595094
vn -0.5731685 0.7244564 0.3829371
vn -0.57332903 0.7242496 0.38308787
vn -0.5731685 0.7244564 0.3829371
vn -0.57304734 0.7246123 0.38282338
vn 0.38515788 0.7206824 -0.57642883
vn 0.38516155 0.72067386 -0.5764371
vn 0.38515788 0.7206824 -0.57642883
vn 0.3851551 0.72068894 -0.5764226
vn 0.5730537 0.7245515 -0.38292876
vn 0.57295376 0.7246807 -0.38283387
vn 0.5730537 0.7245515 -0.38292876
vn 0.57312983 0.7244533 -0.38300094
vn 0.54379654 0.81249285 -0.21009645
vn 0.5533362 0.80409104 -0.21738587
vn 0.54379654 0.81249285 -0.21009645
vn 0.5366192 0.8186343 -0.20464072
vn -0.07744461 0.81363404 0.57619613
vn -0.07472617 0.8047329 0.588915
vn -0.07744461 0.81363404 0.57619613
vn -0.079312846 0.81966996 0.5673189
vn 0.47468877 0.81411463 0.3344965
vn 0.48660162 0.8053333 0.33861044
vn 0.47468877 0.81411463 0.3344965
vn 0.46574652 0.8205279 0.33138227
vn -0.13878696 0.8113608 -0.5678308
vn -0.1455141 0.80359036 -0.57712054
vn -0.13878696 0.8113608 -0.5678308
vn -0.1342908 0.8164507 -0.5615819
vn 0.14617704 0.8137517 0.5625303
vn 0.15312132 0.80486023 0.5733706
vn 0.14617704 0.8137517 0.5625303
vn 0.14119534 0.81998044 0.55470353
vn 0.091047116 0.81129336 -0.57750636
vn 0.08884431 0.8034703 -0.58867836
vn 0.091047116 0.81129336 -0.57750636
vn 0.09255938 0.81660956 -0.56972057
vn -0.687829 0.7128553 0.13685307
vn -0.6879527 0.71272564 0.13690597
vn -0.687829 0.7128553 0.13685307
vn -0.6876684 0.71302336 0.13678439
vn -0.3893442 0.71333224 0.58272475
vn -0.38936934 0.7132676 0.5827871
vn -0.3893442 0.71333224 0.58272475
vn -0.38931158 0.71341604 0.582644
vn 0.13518322 0.7210059 -0.6796146
vn 0.1351832 0.7210059 -0.6796146
vn 0.13518322 0.7210059 -0.6796146
vn 0.13518322 0.7210059 -0.67961466
vn 0.38480315 0.7212938 0.5759008
vn 0.3848045 0.721292 0.5759023
vn 0.38480315 0.7212938 0.5759008
vn 0.38480142 0.7212963 0.57589895
vn 0.6809344 0.71970993 0.13544708
vn 0.68093765 0.7197069 0.13544716
vn 0.6809344 0.71970993 0.13544708
vn 0.68093014 0.719714 0.13544698
vn -0.38480285 0.72129524 -0.5758993
vn -0.3848021 0.72129613 -0.5758986
vn -0.38480285 0.72129524 -0.5758993
vn -0.3848037 0.721294 -0.57590026
vn 0.68070227 0.7199384 -0.13539983
vn 0.68070287 0.7199378 -0.13540004
vn 0.68070227 0.7199384 -0.13539983
vn 0.68070155 0.7199392 -0.13539955
vn -0.5758928 0.72130156 -0.38480064
vn -0.57589525 0.721299 -0.38480178
vn -0.5758928 0.72130156 -0.38480064
vn -0.57588965 0.72130483 -0.3847992
vn 0.57590806 0.7212841 0.38481042
vn 0.57591057 0.72128165 0.3848115
vn 0.57590806 0.7212841 0.38481042
vn 0.5759049 0.7212875 0.38480902
vn 0.6878285 0.71285576 0.1368529
vn 0.68800986 0.7126809 0.13685213
vn 0.6878285 0.71285576 0.1368529
vn 0.68768847 0.71299064 0.13685349
vn -0.6879769 0.71272177 -0.13680498
vn -0.6877702 0.71292067 -0.13680737
vn -0.6879769 0.71272177 -0.13680498
vn -0.6881363 0.7125681 -0.13680314
vn 0.3890763 0.7138056 0.582324
vn 0.3891347 0.7137266 0.58238184
vn 0.3890763 0.7138056 0.582324
vn 0.38903123 0.71386653 0.58227944
vn 0.6835772 0.7171012 -0.13597131
vn 0.68358666 0.7170914 -0.13597526
vn 0.6835772 0.7171012 -0.13597131
vn 0.6835698 0.7171087 -0.13596825
vn -0.58222955 0.713933 -0.38898382
vn -0.58205444 0.71411425 -0.38891333
vn -0.58222955 0.713933 -0.38898382
vn -0.5823653 0.71379256 -0.3890384
vn -0.13666636 0.7136827 -0.68700755
vn -0.13664097 0.7137453 -0.6869474
vn -0.13666636 0.7136827 -0.68700755
vn -0.13668616 0.7136338 -0.6870544
vn 0.57947844 0.71713734 -0.3871934
vn 0.57947534 0.71714145 -0.38719037
vn 0.57947844 0.71713734 -0.3871934
vn 0.5794808 0.7171342 -0.38719577
vn 0.13673449 0.713339 -0.68735087
vn 0.13673411 0.7132765 -0.68741566
vn 0.13673449 0.713339 -0.68735087
vn 0.13673475 0.71338767 -0.68730026
vn 0.38960573 0.71294165 -0.5830279
vn 0.38966706 0.7127855 -0.58317786
vn 0.38960573 0.71294165 -0.5830279
vn 0.38955793 0.71306324 -0.5829111
vn -0.474316 0.81443447 0.33424658
vn -0.4663201 0.8229502 0.32449734
vn -0.474316 0.81443447 0.33424658
vn -0.48041013 0.80773544 0.34171563
vn -0.09159153 0.808711 -0.5810314
vn -0.08593532 0.8175608 -0.56939405
vn -0.09159153 0.808711 -0.5810314
vn -0.09561811 0.80226785 -0.58925676
vn 0.36478218 0.8105398 -0.45821303
vn 0.36052293 0.8195621 -0.44535515
vn 0.36478218 0.8105398 -0.45821303
vn 0.36756065 0.80442214 -0.4666949
vn -0.44451278 0.8132043 -0.37564242
vn -0.43293878 0.8219113 -0.37017003
vn -0.44451278 0.8132043 -0.37564242
vn -0.45320925 0.80647886 -0.3797278
vn 0.580676 0.81328225 0.037247848
vn 0.5679121 0.8220331 0.041683283
vn 0.580676 0.81328225 0.037247848
vn 0.5889161 0.80746377 0.034351047
vn 0.5307818 0.81203437 -0.24263303
vn 0.5213548 0.8209921 -0.23272562
vn 0.5307818 0.81203437 -0.24263303
vn 0.53684586 0.80608314 -0.24905139
vn -0.14617705 0.8137518 0.5625302
vn -0.14691222 0.82206136 0.55011994
vn -0.14617705 0.8137518 0.5625302
vn -0.14561194 0.8074848 0.5716342
vn -0.334692 0.81449467 0.4738984
vn -0.33065987 0.8229282 0.46201006
vn -0.334692 0.81449467 0.4738984
vn -0.33770034 0.80797124 0.4828466
vn -0.5812999 0.81331605 -0.024648787
vn -0.56885725 0.8219824 -0.027319832
vn -0.5812999 0.81331605 -0.024648787
vn -0.5908799 0.80644375 -0.022567762
vn -0.55497575 0.81604 0.16149452
vn -0.5441537 0.8245424 0.15500526
vn -0.55497575 0.81604 0.16149452
vn -0.5633047 0.8092961 0.16651621
vn -0.29330596 0.8095354 -0.50855106
vn -0.28411758 0.81833297 -0.49960822
vn -0.29330596 0.8095354 -0.50855106
vn -0.30004567 0.80291307 -0.51507604
vn 0.07694218 0.81636614 0.57238644
vn 0.071209766 0.8246097 0.5612023
vn 0.07694218 0.81636614 0.57238644
vn 0.08103513 0.81035155 0.5803134
vn 0.494505 0.8137584 0.3053886
vn 0.48151878 0.82227474 0.30332154
vn 0.494505 0.8137584 0.3053886
vn 0.50309205 0.8079719 0.3067245
vn -0.49378118 0.81438106 0.3048993
vn -0.5012656 0.80562586 0.3157528
vn -0.49378118 0.81438106 0.3048993
vn -0.48889318 0.8199144 0.29786554
vn -0.36535576 0.8099048 -0.45887837
vn -0.375816 0.80202097 -0.46424627
vn -0.36535576 0.8099048 -0.45887837
vn -0.35858363 0.81489384 -0.4553743
vn 0.33311772 0.8164562 0.4716268
vn 0.34316882 0.8076672 0.47948804
vn 0.33311772 0.8164562 0.4716268
vn 0.3257045 0.8227698 0.46579653
vn -0.58035177 0.8135152 0.037214246
vn -0.5916362 0.8050342 0.043432847
vn -0.58035177 0.8135152 0.037214246
vn -0.5731637 0.8187645 0.033287678
vn 0.29330584 0.80953544 -0.5085509
vn 0.29558277 0.80154294 -0.5197689
vn 0.29330584 0.80953544 -0.5085509
vn 0.29164577 0.81514364 -0.5004834
vn -0.3065242 0.81450266 0.49257326
vn -0.30887258 0.8055872 0.5055958
vn -0.3065242 0.81450266 0.49257326
vn -0.30491513 0.82033134 0.48382145
vn 0.4465086 0.81134176 -0.3772992
vn 0.4528513 0.80312467 -0.3871905
vn 0.4465086 0.81134176 -0.3772992
vn 0.44180655 0.81725216 -0.37000802
vn 0.557767 0.8139685 0.16233078
vn 0.5702033 0.80528545 0.16243018
vn 0.557767 0.8139685 0.16233078
vn 0.5483476 0.8203633 0.16223165
vn 0.57842225 0.81536806 -0.024547804
vn 0.59000194 0.8069043 -0.028339855
vn 0.57842225 0.81536806 -0.024547804
vn 0.56964713 0.82160294 -0.02169801
vn -0.53109056 0.81179607 -0.24275506
vn -0.54341143 0.8036567 -0.24256955
vn -0.53109056 0.81179607 -0.24275506
vn -0.5232634 0.8168365 -0.2428448
vn 0.30503944 0.8164588 0.49025095
vn 0.31205827 0.81062543 0.49548578
vn 0.30503944 0.8164588 0.49025095
vn 0.29480192 0.824757 0.48256385
vn -0.5555694 8.451419E-9 -0.83147013
vn -0.5555692 -7.915044E-7 -0.83147025
f 1/1/1 2/2/2 3/3/3
f 4/4/4 5/5/5 3/3/3
f 6/6/6 7/7/7 3/3/3
f 8/8/8 9/9/9 3/3/3
f 10/10/10 11/11/11 3/3/3
f 12/12/12 13/13/13 3/3/3
f 2/2/2 14/14/14 3/3/3
f 5/5/5 15/15/15 3/3/3
f 7/7/7 16/16/16 3/3/3
f 9/9/9 1/1/1 3/3/3
f 11/11/11 4/4/4 3/3/3
f 17/17/17 8/8/8 3/3/3
f 13/13/13 6/6/6 3/3/3
f 14/14/14 10/10/10 3/3/3
f 15/15/15 12/12/12 3/3/3
f 16/16/16 17/17/17 3/3/3
f 18/18/18 19/19/19 20/20/20
f 20/20/20 19/19/19 21/21/21
f 21/21/21 19/19/19 22/22/22
f 22/22/22 19/19/19 23/23/23
f 23/23/23 19/19/19 24/24/24
f 24/24/24 19/19/19 25/25/25
f 25/25/25 19/19/19 26/26/26
f 26/26/26 19/19/19 27/27/27
f 27/27/27 19/19/19 28/28/28
f 28/28/28 19/19/19 29/29/29
f 29/29/29 19/19/19 30/30/30
f 30/30/30 19/19/19 31/31/31
f 31/31/31 19/19/19 32/32/32
f 32/32/32 19/19/19 33/33/33
f 33/33/33 19/19/19 34/34/34
f 34/34/34 19/19/19 18/18/18
f 35/35/35 36/36/36 37/37/37
f 35/35/35 37/37/37 38/38/38
f 39/39/39 40/40/40 41/41/41
f 39/39/39 41/41/41 42/42/42
f 42/42/42 41/41/41 43/43/43
f 42/42/42 43/43/43 44/44/44
f 44/44/44 43/43/43 45/45/45
f 44/44/44 45/45/45 46/46/46
f 46/46/46 45/45/45 47/47/47
f 46/46/46 47/47/47 48/48/48
f 48/48/48 47/47/47 49/49/49
f 48/48/48 49/49/49 50/50/50
f 50/50/50 49/49/49 51/51/51
f 50/50/50 51/51/51 52/52/52
f 52/52/52 51/51/51 53/53/53
f 52/52/52 53/53/53 54/54/54
f 54/54/54 53/53/53 55/55/55
f 54/54/54 55/55/55 56/56/56
f 57/57/57 58/58/58 59/59/59
f 57/57/57 59/59/59 60/60/60
f 60/60/60 59/59/59 61/61/61
f 60/60/60 61/61/61 62/62/62
f 62/62/62 61/61/61 63/63/63
f 62/62/62 63/63/63 64/64/64
f 64/64/64 63/63/63 65/65/65
f 64/64/64 65/65/65 66/66/66
f 66/66/66 65/65/65 67/67/67
f 66/66/66 67/67/67 68/68/68
f 68/68/68 67/67/67 69/69/69
f 68/68/68 69/69/69 70/70/70
f 70/70/70 69/69/69 71/71/71
f 70/70/70 71/71/71 72/72/72
f 72/72/72 71/71/71 40/40/40
f 72/72/72 40/40/40 39/39/39
f 73/73/73 74/74/74 75/75/75
f 73/73/73 75/75/75 76/76/76
f 77/77/77 78/78/78 74/74/74
f 77/77/77 74/74/74 73/73/73
f 79/79/79 80/80/80 78/78/78
f 79/79/79 78/78/78 77/77/77
f 81/81/81 82/82/82 80/80/80
f 81/81/81 80/80/80 79/79/79
f 83/83/83 84/84/84 82/82/82
f 83/83/83 82/82/82 81/81/81
f 85/85/85 86/86/86 84/84/84
f 85/85/85 84/84/84 83/83/83
f 87/87/87 88/88/88 86/86/86
f 87/87/87 86/86/86 85/85/85
f 89/89/89 90/90/90 88/88/88
f 89/89/89 88/88/88 87/87/87
f 91/91/91 92/92/92 93/93/93
f 91/91/91 93/93/93 94/94/94
f 95/95/95 96/96/96 92/92/92
f 95/95/95 92/92/92 91/91/91
f 97/97/97 98/98/98 96/96/96
f 97/97/97 96/96/96 95/95/95
f 99/99/99 100/100/100 98/98/98
f 99/99/99 98/98/98 97/97/97
f 101/101/101 102/102/102 100/100/100
f 101/101/101 100/100/100 99/99/99
f 103/103/103 104/104/104 102/102/102
f 103/103/103 102/102/102 101/101/101
f 105/105/105 106/106/106 104/104/104
f 105/105/105 104/104/104 103/103/103
f 76/76/76 75/75/75 106/106/106
f 76/76/76 106/106/106 105/105/105
f 107/107/107 108/108/108 109/109/109
f 107/107/107 109/109/109 110/110/110
f 110/110/110 109/109/109 111/111/111
f 110/110/110 111/111/111 112/112/112
f 112/112/112 111/111/111 113/113/113
f 112/112/112 113/113/113 114/114/114
f 114/114/114 113/113/113 115/115/115
f 114/114/114 115/115/115 116/116/116
f 116/116/116 115/115/115 117/117/117
f 116/116/116 117/117/117 118/118/118
f 118/118/118 117/117/117 119/119/119
f 118/118/118 119/119/119 120/120/120
f 120/120/120 119/119/119 121/121/121
f 120/120/120 121/121/121 122/122/122
f 122/122/122 121/121/121 123/123/123
f 122/122/122 123/123/123 124/124/124
f 125/125/125 126/126/126 127/127/127
f 125/125/125 127/127/127 128/128/128
f 128/128/128 127/127/127 129/129/129
f 128/128/128 129/129/129 130/130/130
f 130/130/130 129/129/129 131/131/131
f 130/130/130 131/131/131 132/132/132
f 132/132/132 131/131/131 133/133/133
f 132/132/132 133/133/133 134/134/134
f 134/134/134 133/133/133 135/135/135
f 134/134/134 135/135/135 136/136/136
f 136/136/136 135/135/135 137/137/137
f 136/136/136 137/137/137 138/138/138
f 138/138/138 137/137/137 139/139/139
f 138/138/138 139/139/139 140/140/140
f 140/140/140 139/139/139 108/108/108
f 140/140/140 108/108/108 107/107/107
f 141/141/141 142/142/142 143/143/143
f 141/141/141 143/143/143 144/144/144
f 145/145/145 146/146/146 142/142/142
f 145/145/145 142/142/142 141/141/141
f 147/147/147 148/148/148 146/146/146
f 147/147/147 146/146/146 145/145/145
f 149/149/149 150/150/150 148/148/148
f 149/149/149 148/148/148 147/147/147
f 151/151/151 152/152/152 150/150/150
f 151/151/151 150/150/150 149/149/149
f 153/153/153 154/154/154 152/152/152
f 153/153/153 152/152/152 151/151/151
f 155/155/155 156/156/156 154/154/154
f 155/155/155 154/154/154 153/153/153
f 157/157/157 158/158/158 156/156/156
f 157/157/157 156/156/156 155/155/155
f 159/159/159 160/160/160 161/161/161
f 159/159/159 161/161/161 162/162/162
f 163/163/163 164/164/164 160/160/160
f 163/163/163 160/160/160 159/159/159
f 165/165/165 166/166/166 164/164/164
f 165/165/165 164/164/164 163/163/163
f 167/167/167 168/168/168 166/166/166
f 167/167/167 166/166/166 165/165/165
f 169/169/169 170/170/170 168/168/168
f 169/169/169 168/168/168 167/167/167
f 171/171/171 172/172/172 170/170/170
f 171/171/171 170/170/170 169/169/169
f 173/173/173 174/174/174 172/172/172
f 173/173/173 172/172/172 171/171/171
f 144/144/144 143/143/143 174/174/174
f 144/144/144 174/174/174 173/173/173
f 175/175/175 176/176/176 177/177/177
f 175/175/175 177/177/177 178/178/178
f 179/179/179 180/180/180 176/176/176
f 179/179/179 176/176/176 175/175/175
f 181/181/181 182/182/182 180/180/180
f 181/181/181 180/180/180 179/179/179
f 183/183/183 184/184/184 182/182/182
f 183/183/183 182/182/182 181/181/181
f 185/185/185 186/186/186 184/184/184
f 185/185/185 184/184/184 183/183/183
f 187/187/187 188/188/188 186/186/186
f 187/187/187 186/186/186 185/185/185
f 189/189/189 190/190/190 188/188/188
f 189/189/189 188/188/188 187/187/187
f 191/191/191 192/192/192 190/190/190
f 191/191/191 190/190/190 189/189/189
f 193/193/193 194/194/194 195/195/195
f 193/193/193 195/195/195 196/196/196
f 197/197/197 198/198/198 194/194/194
f 197/197/197 194/194/194 193/193/193
f 199/199/199 200/200/200 198/198/198
f 199/199/199 198/198/198 197/197/197
f 201/201/201 202/202/202 200/200/200
f 201/201/201 200/200/200 199/199/199
f 203/203/203 204/204/204 202/202/202
f 203/203/203 202/202/202 201/201/201
f 205/205/205 206/206/206 204/204/204
f 205/205/205 204/204/204 203/203/203
f 207/207/207 208/208/208 206/206/206
f 207/207/207 206/206/206 205/205/205
f 178/178/178 177/177/177 208/208/208
f 178/178/178 208/208/208 207/207/207
f 209/209/209 210/210/210 211/211/211
f 209/209/209 211/211/211 212/212/212
f 213/213/213 214/214/214 210/210/210
f 213/213/213 210/210/210 209/209/209
f 215/215/215 216/216/216 214/214/214
f 215/215/215 214/214/214 213/213/213
f 217/217/217 218/218/218 216/216/216
f 217/217/217 216/216/216 215/215/215
f 219/219/219 220/220/220 218/218/218
f 219/219/219 218/218/218 217/217/217
f 221/221/221 222/222/222 220/220/220
f 221/221/221 220/220/220 219/219/219
f 223/223/223 224/224/224 222/222/222
f 223/223/223 222/222/222 221/221/221
f 225/225/225 226/226/226 224/224/224
f 225/225/225 224/224/224 223/223/223
f 227/227/227 228/228/228 229/229/229
f 227/227/227 229/229/229 230/230/230
f 231/231/231 232/232/232 228/228/228
f 231/231/231 228/228/228 227/227/227
f 233/233/233 234/234/234 232/232/232
f 233/233/233 232/232/232 231/231/231
f 235/235/235 236/236/236 234/234/234
f 235/235/235 234/234/234 233/233/233
f 237/237/237 238/238/238 236/236/236
f 237/237/237 236/236/236 235/235/235
f 239/239/239 240/240/240 238/238/238
f 239/239/239 238/238/238 237/237/237
f 241/241/241 242/242/242 240/240/240
f 241/241/241 240/240/240 239/239/239
f 212/212/212 211/211/211 242/242/242
f 212/212/212 242/242/242 241/241/241
f 243/243/243 244/244/244 245/245/245
f 243/243/243 245/245/245 246/246/246
f 247/247/247 248/248/248 244/244/244
f 247/247/247 244/244/244 243/243/243
f 249/249/249 250/250/250 248/248/248
f 249/249/249 248/248/248 247/247/247
f 251/251/251 252/252/252 250/250/250
f 251/251/251 250/250/250 249/249/249
f 253/253/253 254/254/254 252/252/252
f 253/253/253 252/252/252 251/251/251
f 255/255/255 256/256/256 254/254/254
f 255/255/255 254/254/254 253/253/253
f 257/257/257 258/258/258 256/256/256
f 257/257/257 256/256/256 255/255/255
f 259/259/259 260/260/260 258/258/258
f 259/259/259 258/258/258 257/257/257
f 261/261/261 262/262/262 263/263/263
f 261/261/261 263/263/263 264/264/264
f 265/265/265 266/266/266 262/262/262
f 265/265/265 262/262/262 261/261/261
f 267/267/267 268/268/268 266/266/266
f 267/267/267 266/266/266 265/265/265
f 269/269/269 270/270/270 268/268/268
f 269/269/269 268/268/268 267/267/267
f 271/271/271 272/272/272 270/270/270
f 271/271/271 270/270/270 269/269/269
f 273/273/273 274/274/274 272/272/272
f 273/273/273 272/272/272 271/271/271
f 275/275/275 276/276/276 274/274/274
f 275/275/275 274/274/274 273/273/273
f 246/246/246 245/245/245 276/276/276
f 246/246/246 276/276/276 275/275/275
f 277/277/277 72/72/72 39/39/39
f 277/277/277 39/39/39 278/278/278
f 279/279/279 70/70/70 72/72/72
f 279/279/279 72/72/72 277/277/277
f 280/280/280 68/68/68 70/70/70
f 280/280/280 70/70/70 279/279/279
f 281/281/281 66/66/66 68/68/68
f 281/281/281 68/68/68 280/280/280
f 282/282/282 64/64/64 66/66/66
f 282/282/282 66/66/66 281/281/281
f 283/283/283 62/62/62 64/64/64
f 283/283/283 64/64/64 282/282/282
f 284/284/284 60/60/60 62/62/62
f 284/284/284 62/62/62 283/283/283
f 285/285/285 57/57/57 60/60/60
f 285/285/285 60/60/60 284/284/284
f 286/286/286 54/54/54 56/56/56
f 286/286/286 56/56/56 287/287/287
f 288/288/288 52/52/52 54/54/54
f 288/288/288 54/54/54 286/286/286
f 289/289/289 50/50/50 52/52/52
f 289/289/289 52/52/52 288/288/288
f 290/290/290 48/48/48 50/50/50
f 290/290/290 50/50/50 289/289/289
f 291/291/291 46/46/46 48/48/48
f 291/291/291 48/48/48 290/290/290
f 292/292/292 44/44/44 46/46/46
f 292/292/292 46/46/46 291/291/291
f 293/293/293 42/42/42 44/44/44
f 293/293/293 44/44/44 292/292/292
f 278/278/278 39/39/39 42/42/42
f 278/278/278 42/42/42 293/293/293
f 294/294/294 278/278/278 293/293/293
f 294/294/294 293/293/293 295/295/295
f 295/295/295 293/293/293 292/292/292
f 295/295/295 292/292/292 296/296/296
f 296/296/296 292/292/292 291/291/291
f 296/296/296 291/291/291 297/297/297
f 297/297/297 291/291/291 290/290/290
f 297/297/297 290/290/290 298/298/298
f 298/298/298 290/290/290 289/289/289
f 298/298/298 289/289/289 299/299/299
f 299/299/299 289/289/289 288/288/288
f 299/299/299 288/288/288 300/300/300
f 300/300/300 288/288/288 286/286/286
f 300/300/300 286/286/286 301/301/301
f 301/301/301 286/286/286 287/287/287
f 301/301/301 287/287/287 302/302/302
f 303/303/303 285/285/285 284/284/284
f 303/303/303 284/284/284 304/304/304
f 304/304/304 284/284/284 283/283/283
f 304/304/304 283/283/283 305/305/305
f 305/305/305 283/283/283 282/282/282
f 305/305/305 282/282/282 306/306/306
f 306/306/306 282/282/282 281/281/281
f 306/306/306 281/281/281 307/307/307
f 307/307/307 281/281/281 280/280/280
f 307/307/307 280/280/280 308/308/308
f 308/308/308 280/280/280 279/279/279
f 308/308/308 279/279/279 309/309/309
f 309/309/309 279/279/279 277/277/277
f 309/309/309 277/277/277 310/310/310
f 310/310/310 277/277/277 278/278/278
f 310/310/310 278/278/278 294/294/294
f 211/211/211 311/311/311 312/312/312
f 211/211/211 312/312/312 242/242/242
f 242/242/242 312/312/312 313/313/313
f 242/242/242 313/313/313 240/240/240
f 240/240/240 313/313/313 314/314/314
f 240/240/240 314/314/314 238/238/238
f 238/238/238 314/314/314 315/315/315
f 238/238/238 315/315/315 236/236/236
f 236/236/236 315/315/315 316/316/316
f 236/236/236 316/316/316 234/234/234
f 234/234/234 316/316/316 317/317/317
f 234/234/234 317/317/317 232/232/232
f 232/232/232 317/317/317 318/318/318
f 232/232/232 318/318/318 228/228/228
f 228/228/228 318/318/318 319/319/319
f 228/228/228 319/319/319 229/229/229
f 226/226/226 320/320/320 321/321/321
f 226/226/226 321/321/321 224/224/224
f 224/224/224 321/321/321 322/322/322
f 224/224/224 322/322/322 222/222/222
f 222/222/222 322/322/322 323/323/323
f 222/222/222 323/323/323 220/220/220
f 220/220/220 323/323/323 324/324/324
f 220/220/220 324/324/324 218/218/218
f 218/218/218 324/324/324 325/325/325
f 218/218/218 325/325/325 216/216/216
f 216/216/216 325/325/325 326/326/326
f 216/216/216 326/326/326 214/214/214
f 214/214/214 326/326/326 327/327/327
f 214/214/214 327/327/327 210/210/210
f 210/210/210 327/327/327 311/311/311
f 210/210/210 311/311/311 211/211/211
f 328/328/328 178/178/178 207/207/207
f 328/328/328 207/207/207 329/329/329
f 329/329/329 207/207/207 205/205/205
f 329/329/329 205/205/205 330/330/330
f 330/330/330 205/205/205 203/203/203
f 330/330/330 203/203/203 331/331/331
f 331/331/331 203/203/203 201/201/201
f 331/331/331 201/201/201 332/332/332
f 332/332/332 201/201/201 199/199/199
f 332/332/332 199/199/199 333/333/333
f 333/333/333 199/199/199 197/197/197
f 333/333/333 197/197/197 334/334/334
f 334/334/334 197/197/197 193/193/193
f 334/334/334 193/193/193 335/335/335
f 335/335/335 193/193/193 196/196/196
f 335/335/335 196/196/196 336/336/336
f 337/337/337 191/191/191 189/189/189
f 337/337/337 189/189/189 338/338/338
f 338/338/338 189/189/189 187/187/187
f 338/338/338 187/187/187 339/339/339
f 339/339/339 187/187/187 185/185/185
f 339/339/339 185/185/185 340/340/340
f 340/340/340 185/185/185 183/183/183
f 340/340/340 183/183/183 341/341/341
f 341/341/341 183/183/183 181/181/181
f 341/341/341 181/181/181 342/342/342
f 342/342/342 181/181/181 179/179/179
f 342/342/342 179/179/179 343/343/343
f 343/343/343 179/179/179 175/175/175
f 343/343/343 175/175/175 344/344/344
f 344/344/344 175/175/175 178/178/178
f 344/344/344 178/178/178 328/328/328
f 345/345/345 346/346/346 347/347/347
f 345/345/345 347/347/347 348/348/348
f 349/349/349 350/350/350 346/346/346
f 349/349/349 346/346/346 345/345/345
f 351/351/351 352/352/352 350/350/350
f 351/351/351 350/350/350 349/349/349
f 353/353/353 354/354/354 352/352/352
f 353/353/353 352/352/352 351/351/351
f 355/355/355 356/356/356 354/354/354
f 355/355/355 354/354/354 353/353/353
f 357/357/357 358/358/358 356/356/356
f 357/357/357 356/356/356 355/355/355
f 359/359/359 360/360/360 358/358/358
f 359/359/359 358/358/358 357/357/357
f 361/361/361 362/362/362 360/360/360
f 361/361/361 360/360/360 359/359/359
f 363/363/363 364/364/364 365/365/365
f 363/363/363 365/365/365 366/366/366
f 367/367/367 368/368/368 364/364/364
f 367/367/367 364/364/364 363/363/363
f 369/369/369 370/370/370 368/368/368
f 369/369/369 368/368/368 367/367/367
f 371/371/371 372/372/372 370/370/370
f 371/371/371 370/370/370 369/369/369
f 373/373/373 374/374/374 372/372/372
f 373/373/373 372/372/372 371/371/371
f 375/375/375 376/376/376 374/374/374
f 375/375/375 374/374/374 373/373/373
f 377/377/377 378/378/378 376/376/376
f 377/377/377 376/376/376 375/375/375
f 348/348/348 347/347/347 378/378/378
f 348/348/348 378/378/378 377/377/377
f 379/379/379 380/380/380 381/381/381
f 379/379/379 381/381/381 382/382/382
f 382/382/382 381/381/381 383/383/383
f 382/382/382 383/383/383 384/384/384
f 384/384/384 383/383/383 385/385/385
f 384/384/384 385/385/385 386/386/386
f 386/386/386 385/385/385 387/387/387
f 386/386/386 387/387/387 388/388/388
f 388/388/388 387/387/387 389/389/389
f 388/388/388 389/389/389 390/390/390
f 390/390/390 389/389/389 391/391/391
f 390/390/390 391/391/391 392/392/392
f 392/392/392 391/391/391 393/393/393
f 392/392/392 393/393/393 394/394/394
f 394/394/394 393/393/393 395/395/395
f 394/394/394 395/395/395 396/396/396
f 396/396/396 395/395/395 397/397/397
f 396/396/396 397/397/397 398/398/398
f 398/398/398 397/397/397 399/399/399
f 398/398/398 399/399/399 400/400/400
f 400/400/400 399/399/399 401/401/401
f 400/400/400 401/401/401 402/402/402
f 402/402/402 401/401/401 403/403/403
f 402/402/402 403/403/403 404/404/404
f 404/404/404 403/403/403 405/405/405
f 404/404/404 405/405/405 406/406/406
f 406/406/406 405/405/405 407/407/407
f 406/406/406 407/407/407 408/408/408
f 408/408/408 407/407/407 409/409/409
f 408/408/408 409/409/409 410/410/410
f 410/410/410 409/409/409 380/380/380
f 410/410/410 380/380/380 379/379/379
f 411/411/411 412/412/412 413/413/413
f 411/411/411 413/413/413 414/414/414
f 415/415/415 416/416/416 412/412/412
f 415/415/415 412/412/412 411/411/411
f 417/417/417 418/418/418 416/416/416
f 417/417/417 416/416/416 415/415/415
f 419/419/419 420/420/420 418/418/418
f 419/419/419 418/418/418 417/417/417
f 421/421/421 422/422/422 420/420/420
f 421/421/421 420/420/420 419/419/419
f 423/423/423 424/424/424 422/422/422
f 423/423/423 422/422/422 421/421/421
f 425/425/425 426/426/426 424/424/424
f 425/425/425 424/424/424 423/423/423
f 427/427/427 428/428/428 426/426/426
f 427/427/427 426/426/426 425/425/425
f 429/429/429 430/430/430 431/431/431
f 429/429/429 431/431/431 432/432/432
f 433/433/433 434/434/434 430/430/430
f 433/433/433 430/430/430 429/429/429
f 435/435/435 436/436/436 434/434/434
f 435/435/435 434/434/434 433/433/433
f 437/437/437 438/438/438 436/436/436
f 437/437/437 436/436/436 435/435/435
f 439/439/439 440/440/440 438/438/438
f 439/439/439 438/438/438 437/437/437
f 441/441/441 442/442/442 440/440/440
f 441/441/441 440/440/440 439/439/439
f 443/443/443 444/444/444 442/442/442
f 443/443/443 442/442/442 441/441/441
f 414/414/414 413/413/413 444/444/444
f 414/414/414 444/444/444 443/443/443
f 412/412/412 445/445/445 446/446/446
f 412/412/412 446/446/446 413/413/413
f 416/416/416 447/447/447 445/445/445
f 416/416/416 445/445/445 412/412/412
f 418/418/418 448/448/448 447/447/447
f 418/418/418 447/447/447 416/416/416
f 420/420/420 449/449/449 448/448/448
f 420/420/420 448/448/448 418/418/418
f 422/422/422 450/450/450 449/449/449
f 422/422/422 449/449/449 420/420/420
f 424/424/424 451/451/451 450/450/450
f 424/424/424 450/450/450 422/422/422
f 426/426/426 452/452/452 451/451/451
f 426/426/426 451/451/451 424/424/424
f 428/428/428 453/453/453 452/452/452
f 428/428/428 452/452/452 426/426/426
f 430/430/430 454/454/454 455/455/455
f 430/430/430 455/455/455 431/431/431
f 434/434/434 456/456/456 454/454/454
f 434/434/434 454/454/454 430/430/430
f 436/436/436 457/457/457 456/456/456
f 436/436/436 456/456/456 434/434/434
f 438/438/438 458/458/458 457/457/457
f 438/438/438 457/457/457 436/436/436
f 440/440/440 459/459/459 458/458/458
f 440/440/440 458/458/458 438/438/438
f 442/442/442 460/460/460 459/459/459
f 442/442/442 459/459/459 440/440/440
f 444/444/444 461/461/461 460/460/460
f 444/444/444 460/460/460 442/442/442
f 413/413/413 446/446/446 461/461/461
f 413/413/413 461/461/461 444/444/444
f 462/462/462 463/463/463 464/464/464
f 462/462/462 464/464/464 465/465/465
f 463/463/463 414/414/414 443/443/443
f 463/463/463 443/443/443 464/464/464
f 465/465/465 464/464/464 466/466/466
f 465/465/465 466/466/466 467/467/467
f 464/464/464 443/443/443 441/441/441
f 464/464/464 441/441/441 466/466/466
f 468/468/468 469/469/469 463/463/463
f 468/468/468 463/463/463 462/462/462
f 469/469/469 411/411/411 414/414/414
f 469/469/469 414/414/414 463/463/463
f 470/470/470 471/471/471 469/469/469
f 470/470/470 469/469/469 468/468/468
f 471/471/471 415/415/415 411/411/411
f 471/471/471 411/411/411 469/469/469
f 472/472/472 473/473/473 471/471/471
f 472/472/472 471/471/471 470/470/470
f 473/473/473 417/417/417 415/415/415
f 473/473/473 415/415/415 471/471/471
f 474/474/474 475/475/475 473/473/473
f 474/474/474 473/473/473 472/472/472
f 475/475/475 419/419/419 417/417/417
f 475/475/475 417/417/417 473/473/473
f 476/476/476 477/477/477 475/475/475
f 476/476/476 475/475/475 474/474/474
f 477/477/477 421/421/421 419/419/419
f 477/477/477 419/419/419 475/475/475
f 478/478/478 479/479/479 477/477/477
f 478/478/478 477/477/477 476/476/476
f 479/479/479 423/423/423 421/421/421
f 479/479/479 421/421/421 477/477/477
f 480/480/480 481/481/481 479/479/479
f 480/480/480 479/479/479 478/478/478
f 481/481/481 425/425/425 423/423/423
f 481/481/481 423/423/423 479/479/479
f 482/482/482 483/483/483 481/481/481
f 482/482/482 481/481/481 480/480/480
f 483/483/483 427/427/427 425/425/425
f 483/483/483 425/425/425 481/481/481
f 484/484/484 485/485/485 486/486/486
f 484/484/484 486/486/486 487/487/487
f 485/485/485 429/429/429 432/432/432
f 485/485/485 432/432/432 486/486/486
f 488/488/488 489/489/489 485/485/485
f 488/488/488 485/485/485 484/484/484
f 489/489/489 433/433/433 429/429/429
f 489/489/489 429/429/429 485/485/485
f 490/490/490 491/491/491 489/489/489
f 490/490/490 489/489/489 488/488/488
f 491/491/491 435/435/435 433/433/433
f 491/491/491 433/433/433 489/489/489
f 492/492/492 493/493/493 491/491/491
f 492/492/492 491/491/491 490/490/490
f 493/493/493 437/437/437 435/435/435
f 493/493/493 435/435/435 491/491/491
f 494/494/494 495/495/495 493/493/493
f 494/494/494 493/493/493 492/492/492
f 495/495/495 439/439/439 437/437/437
f 495/495/495 437/437/437 493/493/493
f 467/467/467 466/466/466 495/495/495
f 467/467/467 495/495/495 494/494/494
f 466/466/466 441/441/441 439/439/439
f 466/466/466 439/439/439 495/495/495
f 496/496/496 497/497/497 498/498/498
f 496/496/496 498/498/498 499/499/499
f 500/500/500 501/501/501 496/496/496
f 500/500/500 496/496/496 502/502/502
f 503/503/503 504/504/504 505/505/505
f 503/503/503 505/505/505 506/506/506
f 507/507/507 508/508/508 509/509/509
f 507/507/507 509/509/509 510/510/510
f 511/511/511 512/512/512 513/513/513
f 511/511/511 513/513/513 497/497/497
f 514/514/514 515/515/515 516/516/516
f 514/514/514 516/516/516 517/517/517
f 518/518/518 519/519/519 520/520/520
f 518/518/518 520/520/520 521/521/521
f 522/522/522 35/35/35 38/38/38
f 522/522/522 38/38/38 523/523/523
f 524/524/524 500/500/500 502/502/502
f 524/524/524 502/502/502 525/525/525
f 36/36/36 507/507/507 510/510/510
f 36/36/36 510/510/510 37/37/37
f 501/501/501 511/511/511 497/497/497
f 501/501/501 497/497/497 496/496/496
f 504/504/504 514/514/514 517/517/517
f 504/504/504 517/517/517 505/505/505
f 508/508/508 518/518/518 521/521/521
f 508/508/508 521/521/521 509/509/509
f 526/526/526 522/522/522 523/523/523
f 526/526/526 523/523/523 527/527/527
f 519/519/519 503/503/503 506/506/506
f 519/519/519 506/506/506 520/520/520
f 515/515/515 524/524/524 525/525/525
f 515/515/515 525/525/525 516/516/516
f 528/528/528 529/529/529 530/530/530
f 528/528/528 530/530/530 531/531/531
f 532/532/532 533/533/533 534/534/534
f 532/532/532 534/534/534 535/535/535
f 536/536/536 537/537/537 538/538/538
f 536/536/536 538/538/538 539/539/539
f 540/540/540 541/541/541 542/542/542
f 540/540/540 542/542/542 543/543/543
f 544/544/544 545/545/545 546/546/546
f 544/544/544 546/546/546 547/547/547
f 548/548/548 549/549/549 550/550/550
f 548/548/548 550/550/550 551/551/551
f 552/552/552 553/553/553 554/554/554
f 552/552/552 554/554/554 555/555/555
f 529/529/529 556/556/556 557/557/557
f 529/529/529 557/557/557 530/530/530
f 537/537/537 558/558/558 559/559/559
f 537/537/537 559/559/559 538/538/538
f 541/541/541 532/532/532 535/535/535
f 541/541/541 535/535/535 542/542/542
f 545/545/545 528/528/528 531/531/531
f 545/545/545 531/531/531 546/546/546
f 549/549/549 560/560/560 561/561/561
f 549/549/549 561/561/561 550/550/550
f 553/553/553 540/540/540 543/543/543
f 553/553/553 543/543/543 554/554/554
f 533/533/533 544/544/544 547/547/547
f 533/533/533 547/547/547 534/534/534
f 556/556/556 548/548/548 551/551/551
f 556/556/556 551/551/551 557/557/557
f 558/558/558 552/552/552 555/555/555
f 558/558/558 555/555/555 559/559/559
f 562/562/562 563/563/563 564/564/564
f 562/562/562 564/564/564 565/565/565
f 566/566/566 567/567/567 568/568/568
f 566/566/566 568/568/568 569/569/569
f 570/570/570 571/571/571 572/572/572
f 570/570/570 572/572/572 573/573/573
f 574/574/574 575/575/575 576/576/576
f 574/574/574 576/576/576 577/577/577
f 578/578/578 579/579/579 580/580/580
f 578/578/578 580/580/580 581/581/581
f 582/582/582 583/583/583 584/584/584
f 582/582/582 584/584/584 585/585/585
f 586/586/586 587/587/587 588/588/588
f 586/586/586 588/588/588 589/589/589
f 563/563/563 590/590/590 591/591/591
f 563/563/563 591/591/591 564/564/564
f 571/571/571 592/592/592 593/593/593
f 571/571/571 593/593/593 572/572/572
f 575/575/575 566/566/566 569/569/569
f 575/575/575 569/569/569 576/576/576
f 579/579/579 562/562/562 565/565/565
f 579/579/579 565/565/565 580/580/580
f 583/583/583 594/594/594 595/595/595
f 583/583/583 595/595/595 584/584/584
f 587/587/587 574/574/574 577/577/577
f 587/587/587 577/577/577 588/588/588
f 567/567/567 578/578/578 581/581/581
f 567/567/567 581/581/581 568/568/568
f 590/590/590 582/582/582 585/585/585
f 590/590/590 585/585/585 591/591/591
f 592/592/592 586/586/586 589/589/589
f 592/592/592 589/589/589 593/593/593
f 596/596/596 597/597/597 524/524/524
f 596/596/596 524/524/524 515/515/515
f 598/598/598 599/599/599 503/503/503
f 598/598/598 503/503/503 519/519/519
f 600/600/600 601/601/601 522/522/522
f 600/600/600 522/522/522 526/526/526
f 602/602/602 603/603/603 518/518/518
f 602/602/602 518/518/518 508/508/508
f 604/604/604 605/605/605 514/514/514
f 604/604/604 514/514/514 504/504/504
f 606/606/606 607/607/607 511/511/511
f 606/606/606 511/511/511 501/501/501
f 608/608/608 609/609/609 507/507/507
f 608/608/608 507/507/507 36/36/36
f 597/597/597 610/610/610 500/500/500
f 597/597/597 500/500/500 524/524/524
f 601/601/601 611/611/611 35/35/35
f 601/601/601 35/35/35 522/522/522
f 603/603/603 598/598/598 519/519/519
f 603/603/603 519/519/519 518/518/518
f 605/605/605 596/596/596 515/515/515
f 605/605/605 515/515/515 514/514/514
f 607/607/607 612/612/612 512/512/512
f 607/607/607 512/512/512 511/511/511
f 609/609/609 602/602/602 508/508/508
f 609/609/609 508/508/508 507/507/507
f 599/599/599 604/604/604 504/504/504
f 599/599/599 504/504/504 503/503/503
f 610/610/610 606/606/606 501/501/501
f 610/610/610 501/501/501 500/500/500
f 611/611/611 608/608/608 36/36/36
f 611/611/611 36/36/36 35/35/35
f 613/613/613 614/614/614 615/615/615
f 613/613/613 615/615/615 616/616/616
f 617/617/617 618/618/618 619/619/619
f 617/617/617 619/619/619 620/620/620
f 621/621/621 622/622/622 623/623/623
f 621/621/621 623/623/623 624/624/624
f 625/625/625 626/626/626 627/627/627
f 625/625/625 627/627/627 628/628/628
f 629/629/629 630/630/630 631/631/631
f 629/629/629 631/631/631 632/632/632
f 633/633/633 634/634/634 635/635/635
f 633/633/633 635/635/635 636/636/636
f 637/637/637 638/638/638 639/639/639
f 637/637/637 639/639/639 640/640/640
f 641/641/641 613/613/613 616/616/616
f 641/641/641 616/616/616 642/642/642
f 643/643/643 617/617/617 620/620/620
f 643/643/643 620/620/620 644/644/644
f 614/614/614 625/625/625 628/628/628
f 614/614/614 628/628/628 615/615/615
f 618/618/618 629/629/629 632/632/632
f 618/618/618 632/632/632 619/619/619
f 622/622/622 633/633/633 636/636/636
f 622/622/622 636/636/636 623/623/623
f 626/626/626 637/637/637 640/640/640
f 626/626/626 640/640/640 627/627/627
f 645/645/645 641/641/641 642/642/642
f 645/645/645 642/642/642 646/646/646
f 638/638/638 621/621/621 624/624/624
f 638/638/638 624/624/624 639/639/639
f 634/634/634 643/643/643 644/644/644
f 634/634/634 644/644/644 635/635/635
f 616/616/616 615/615/615 647/647/647
f 616/616/616 647/647/647 648/648/648
f 620/620/620 619/619/619 649/649/649
f 620/620/620 649/649/649 650/650/650
f 624/624/624 623/623/623 651/651/651
f 624/624/624 651/651/651 652/652/652
f 628/628/628 627/627/627 653/653/653
f 628/628/628 653/653/653 654/654/654
f 632/632/632 631/631/631 655/655/655
f 632/632/632 655/655/655 656/656/656
f 636/636/636 635/635/635 657/657/657
f 636/636/636 657/657/657 658/658/658
f 640/640/640 639/639/639 659/659/659
f 640/640/640 659/659/659 660/660/660
f 642/642/642 616/616/616 648/648/648
f 642/642/642 648/648/648 661/661/661
f 644/644/644 620/620/620 650/650/650
f 644/644/644 650/650/650 662/662/662
f 615/615/615 628/628/628 654/654/654
f 615/615/615 654/654/654 647/647/647
f 619/619/619 632/632/632 656/656/656
f 619/619/619 656/656/656 649/649/649
f 623/623/623 636/636/636 658/658/658
f 623/623/623 658/658/658 651/651/651
f 627/627/627 640/640/640 660/660/660
f 627/627/627 660/660/660 653/653/653
f 646/646/646 642/642/642 661/661/661
f 646/646/646 661/661/661 663/663/663
f 639/639/639 624/624/624 652/652/652
f 639/639/639 652/652/652 659/659/659
f 635/635/635 644/644/644 662/662/662
f 635/635/635 662/662/662 657/657/657
f 664/664/664 665/665/665 666/666/666
f 664/664/664 666/666/666 667/667/667
f 509/509/509 521/521/521 668/668/668
f 509/509/509 668/668/668 669/669/669
f 502/502/502 496/496/496 499/499/499
f 502/502/502 499/499/499 670/670/670
f 510/510/510 509/509/509 669/669/669
f 510/510/510 669/669/669 671/671/671
f 525/525/525 502/502/502 670/670/670
f 525/525/525 670/670/670 672/672/672
f 37/37/37 510/510/510 671/671/671
f 37/37/37 671/671/671 673/673/673
f 516/516/516 525/525/525 672/672/672
f 516/516/516 672/672/672 674/674/674
f 38/38/38 37/37/37 673/673/673
f 38/38/38 673/673/673 675/675/675
f 517/517/517 516/516/516 674/674/674
f 517/517/517 674/674/674 676/676/676
f 523/523/523 38/38/38 675/675/675
f 523/523/523 675/675/675 677/677/677
f 505/505/505 517/517/517 676/676/676
f 505/505/505 676/676/676 678/678/678
f 527/527/527 523/523/523 677/677/677
f 527/527/527 677/677/677 679/679/679
f 520/520/520 506/506/506 680/680/680
f 520/520/520 680/680/680 681/681/681
f 506/506/506 505/505/505 678/678/678
f 506/506/506 678/678/678 680/680/680
f 497/497/497 513/513/513 682/682/682
f 497/497/497 682/682/682 498/498/498
f 521/521/521 520/520/520 681/681/681
f 521/521/521 681/681/681 668/668/668
f 683/683/683 684/684/684 685/685/685
f 683/683/683 685/685/685 686/686/686
f 687/687/687 664/664/664 667/667/667
f 687/687/687 667/667/667 688/688/688
f 689/689/689 683/683/683 686/686/686
f 689/689/689 686/686/686 690/690/690
f 691/691/691 687/687/687 688/688/688
f 691/691/691 688/688/688 692/692/692
f 693/693/693 689/689/689 690/690/690
f 693/693/693 690/690/690 694/694/694
f 695/695/695 691/691/691 692/692/692
f 695/695/695 692/692/692 696/696/696
f 697/697/697 693/693/693 694/694/694
f 697/697/697 694/694/694 698/698/698
f 699/699/699 695/695/695 696/696/696
f 699/699/699 696/696/696 700/700/700
f 701/701/701 697/697/697 698/698/698
f 701/701/701 698/698/698 702/702/702
f 703/703/703 699/699/699 700/700/700
f 703/703/703 700/700/700 704/704/704
f 705/705/705 701/701/701 702/702/702
f 705/705/705 702/702/702 706/706/706
f 707/707/707 708/708/708 709/709/709
f 707/707/707 709/709/709 710/710/710
f 708/708/708 703/703/703 704/704/704
f 708/708/708 704/704/704 709/709/709
f 665/665/665 711/711/711 712/712/712
f 665/665/665 712/712/712 666/666/666
f 684/684/684 707/707/707 710/710/710
f 684/684/684 710/710/710 685/685/685
f 713/713/713 714/714/714 715/715/715
f 713/713/713 715/715/715 716/716/716
f 717/717/717 718/718/718 719/719/719
f 717/717/717 719/719/719 720/720/720
f 721/721/721 722/722/722 723/723/723
f 721/721/721 723/723/723 724/724/724
f 714/714/714 721/721/721 724/724/724
f 714/714/714 724/724/724 715/715/715
f 725/725/725 726/726/726 727/727/727
f 725/725/725 727/727/727 728/728/728
f 722/722/722 729/729/729 730/730/730
f 722/722/722 730/730/730 723/723/723
f 726/726/726 731/731/731 732/732/732
f 726/726/726 732/732/732 727/727/727
f 729/729/729 733/733/733 734/734/734
f 729/729/729 734/734/734 730/730/730
f 731/731/731 735/735/735 736/736/736
f 731/731/731 736/736/736 732/732/732
f 733/733/733 737/737/737 738/738/738
f 733/733/733 738/738/738 734/734/734
f 735/735/735 739/739/739 740/740/740
f 735/735/735 740/740/740 736/736/736
f 737/737/737 741/741/741 742/742/742
f 737/737/737 742/742/742 738/738/738
f 739/739/739 743/743/743 744/744/744
f 739/739/739 744/744/744 740/740/740
f 741/741/741 745/745/745 746/746/746
f 741/741/741 746/746/746 742/742/742
f 743/743/743 713/713/713 716/716/716
f 743/743/743 716/716/716 744/744/744
f 745/745/745 717/717/717 720/720/720
f 745/745/745 720/720/720 746/746/746
f 716/716/716 715/715/715 747/747/747
f 716/716/716 747/747/747 748/748/748
f 720/720/720 719/719/719 749/749/749
f 720/720/720 749/749/749 750/750/750
f 724/724/724 723/723/723 751/751/751
f 724/724/724 751/751/751 752/752/752
f 715/715/715 724/724/724 752/752/752
f 715/715/715 752/752/752 747/747/747
f 728/728/728 727/727/727 753/753/753
f 728/728/728 753/753/753 754/754/754
f 723/723/723 730/730/730 755/755/755
f 723/723/723 755/755/755 751/751/751
f 727/727/727 732/732/732 756/756/756
f 727/727/727 756/756/756 753/753/753
f 730/730/730 734/734/734 757/757/757
f 730/730/730 757/757/757 755/755/755
f 732/732/732 736/736/736 758/758/758
f 732/732/732 758/758/758 756/756/756
f 734/734/734 738/738/738 759/759/759
f 734/734/734 759/759/759 757/757/757
f 736/736/736 740/740/740 760/760/760
f 736/736/736 760/760/760 758/758/758
f 738/738/738 742/742/742 761/761/761
f 738/738/738 761/761/761 759/759/759
f 740/740/740 744/744/744 762/762/762
f 740/740/740 762/762/762 760/760/760
f 742/742/742 746/746/746 763/763/763
f 742/742/742 763/763/763 761/761/761
f 744/744/744 716/716/716 748/748/748
f 744/744/744 748/748/748 762/762/762
f 746/746/746 720/720/720 750/750/750
f 746/746/746 750/750/750 763/763/763
f 748/748/748 747/747/747 707/707/707
f 748/748/748 707/707/707 684/684/684
f 750/750/750 749/749/749 711/711/711
f 750/750/750 711/711/711 665/665/665
f 752/752/752 751/751/751 703/703/703
f 752/752/752 703/703/703 708/708/708
f 747/747/747 752/752/752 708/708/708
f 747/747/747 708/708/708 707/707/707
f 754/754/754 753/753/753 701/701/701
f 754/754/754 701/701/701 705/705/705
f 751/751/751 755/755/755 699/699/699
f 751/751/751 699/699/699 703/703/703
f 753/753/753 756/756/756 697/697/697
f 753/753/753 697/697/697 701/701/701
f 755/755/755 757/757/757 695/695/695
f 755/755/755 695/695/695 699/699/699
f 756/756/756 758/758/758 693/693/693
f 756/756/756 693/693/693 697/697/697
f 757/757/757 759/759/759 691/691/691
f 757/757/757 691/691/691 695/695/695
f 758/758/758 760/760/760 689/689/689
f 758/758/758 689/689/689 693/693/693
f 759/759/759 761/761/761 687/687/687
f 759/759/759 687/687/687 691/691/691
f 760/760/760 762/762/762 683/683/683
f 760/760/760 683/683/683 689/689/689
f 761/761/761 763/763/763 664/664/664
f 761/761/761 664/664/664 687/687/687
f 762/762/762 748/748/748 684/684/684
f 762/762/762 684/684/684 683/683/683
f 763/763/763 750/750/750 665/665/665
f 763/763/763 665/665/665 664/664/664
f 764/764/764 765/765/765 766/766/766
f 764/764/764 766/766/766 767/767/767
f 768/768/768 769/769/769 770/770/770
f 768/768/768 770/770/770 771/771/771
f 772/772/772 773/773/773 774/774/774
f 772/772/772 774/774/774 775/775/775
f 776/776/776 764/764/764 767/767/767
f 776/776/776 767/767/767 777/777/777
f 778/778/778 772/772/772 775/775/775
f 778/778/778 775/775/775 779/779/779
f 780/780/780 776/776/776 777/777/777
f 780/780/780 777/777/777 781/781/781
f 782/782/782 778/778/778 779/779/779
f 782/782/782 779/779/779 783/783/783
f 784/784/784 785/785/785 786/786/786
f 784/784/784 786/786/786 787/787/787
f 785/785/785 780/780/780 781/781/781
f 785/785/785 781/781/781 786/786/786
f 788/788/788 789/789/789 790/790/790
f 788/788/788 790/790/790 791/791/791
f 792/792/792 784/784/784 787/787/787
f 792/792/792 787/787/787 793/793/793
f 794/794/794 788/788/788 791/791/791
f 794/794/794 791/791/791 795/795/795
f 796/796/796 792/792/792 793/793/793
f 796/796/796 793/793/793 797/797/797
f 798/798/798 794/794/794 795/795/795
f 798/798/798 795/795/795 799/799/799
f 800/800/800 796/796/796 797/797/797
f 800/800/800 797/797/797 801/801/801
f 765/765/765 798/798/798 799/799/799
f 765/765/765 799/799/799 766/766/766
f 773/773/773 800/800/800 801/801/801
f 773/773/773 801/801/801 774/774/774
f 802/802/802 803/803/803 804/804/804
f 802/802/802 804/804/804 805/805/805
f 806/806/806 807/807/807 808/808/808
f 806/806/806 808/808/808 809/809/809
f 810/810/810 811/811/811 812/812/812
f 810/810/810 812/812/812 813/813/813
f 803/803/803 814/814/814 815/815/815
f 803/803/803 815/815/815 804/804/804
f 807/807/807 816/816/816 817/817/817
f 807/807/807 817/817/817 808/808/808
f 814/814/814 818/818/818 819/819/819
f 814/814/814 819/819/819 815/815/815
f 816/816/816 820/820/820 821/821/821
f 816/816/816 821/821/821 817/817/817
f 822/822/822 823/823/823 824/824/824
f 822/822/822 824/824/824 825/825/825
f 820/820/820 826/826/826 827/827/827
f 820/820/820 827/827/827 821/821/821
f 828/828/828 829/829/829 830/830/830
f 828/828/828 830/830/830 831/831/831
f 829/829/829 832/832/832 833/833/833
f 829/829/829 833/833/833 830/830/830
f 834/834/834 835/835/835 836/836/836
f 834/834/834 836/836/836 837/837/837
f 832/832/832 838/838/838 839/839/839
f 832/832/832 839/839/839 833/833/833
f 840/840/840 841/841/841 842/842/842
f 840/840/840 842/842/842 843/843/843
f 844/844/844 802/802/802 805/805/805
f 844/844/844 805/805/805 845/845/845
f 846/846/846 806/806/806 809/809/809
f 846/846/846 809/809/809 847/847/847
f 848/848/848 840/840/840 843/843/843
f 848/848/848 843/843/843 849/849/849
f 850/850/850 851/851/851 852/852/852
f 850/850/850 852/852/852 853/853/853
f 841/841/841 854/854/854 855/855/855
f 841/841/841 855/855/855 842/842/842
f 856/856/856 857/857/857 858/858/858
f 856/856/856 858/858/858 859/859/859
f 854/854/854 860/860/860 861/861/861
f 854/854/854 861/861/861 855/855/855
f 857/857/857 862/862/862 863/863/863
f 857/857/857 863/863/863 858/858/858
f 860/860/860 822/822/822 825/825/825
f 860/860/860 825/825/825 861/861/861
f 862/862/862 864/864/864 865/865/865
f 862/862/862 865/865/865 863/863/863
f 823/823/823 866/866/866 867/867/867
f 823/823/823 867/867/867 824/824/824
f 818/818/818 828/828/828 831/831/831
f 818/818/818 831/831/831 819/819/819
f 868/868/868 869/869/869 870/870/870
f 868/868/868 870/870/870 871/871/871
f 866/866/866 872/872/872 873/873/873
f 866/866/866 873/873/873 867/867/867
f 869/869/869 848/848/848 849/849/849
f 869/869/869 849/849/849 870/870/870
f 872/872/872 850/850/850 853/853/853
f 872/872/872 853/853/853 873/873/873
f 835/835/835 844/844/844 845/845/845
f 835/835/835 845/845/845 836/836/836
f 838/838/838 846/846/846 847/847/847
f 838/838/838 847/847/847 839/839/839
f 874/874/874 875/875/875 876/876/876
f 874/874/874 876/876/876 877/877/877
f 878/878/878 879/879/879 880/880/880
f 878/878/878 880/880/880 881/881/881
f 882/882/882 874/874/874 877/877/877
f 882/882/882 877/877/877 883/883/883
f 884/884/884 878/878/878 881/881/881
f 884/884/884 881/881/881 885/885/885
f 886/886/886 882/882/882 883/883/883
f 886/886/886 883/883/883 887/887/887
f 888/888/888 884/884/884 885/885/885
f 888/888/888 885/885/885 889/889/889
f 890/890/890 891/891/891 892/892/892
f 890/890/890 892/892/892 893/893/893
f 891/891/891 886/886/886 887/887/887
f 891/891/891 887/887/887 892/892/892
f 894/894/894 895/895/895 896/896/896
f 894/894/894 896/896/896 897/897/897
f 898/898/898 890/890/890 893/893/893
f 898/898/898 893/893/893 899/899/899
f 900/900/900 894/894/894 897/897/897
f 900/900/900 897/897/897 901/901/901
f 902/902/902 898/898/898 899/899/899
f 902/902/902 899/899/899 903/903/903
f 904/904/904 900/900/900 901/901/901
f 904/904/904 901/901/901 905/905/905
f 906/906/906 902/902/902 903/903/903
f 906/906/906 903/903/903 907/907/907
f 875/875/875 904/904/904 905/905/905
f 875/875/875 905/905/905 876/876/876
f 879/879/879 906/906/906 907/907/907
f 879/879/879 907/907/907 880/880/880
f 803/803/803 802/802/802 843/843/843
f 803/803/803 843/843/843 842/842/842
f 807/807/807 806/806/806 852/852/852
f 807/807/807 852/852/852 859/859/859
f 814/814/814 803/803/803 842/842/842
f 814/814/814 842/842/842 855/855/855
f 816/816/816 807/807/807 859/859/859
f 816/816/816 859/859/859 858/858/858
f 818/818/818 814/814/814 855/855/855
f 818/818/818 855/855/855 861/861/861
f 820/820/820 816/816/816 858/858/858
f 820/820/820 858/858/858 863/863/863
f 828/828/828 818/818/818 861/861/861
f 828/828/828 861/861/861 825/825/825
f 826/826/826 820/820/820 863/863/863
f 826/826/826 863/863/863 865/865/865
f 832/832/832 829/829/829 824/824/824
f 832/832/832 824/824/824 867/867/867
f 829/829/829 828/828/828 825/825/825
f 829/829/829 825/825/825 824/824/824
f 835/835/835 834/834/834 871/871/871
f 835/835/835 871/871/871 870/870/870
f 838/838/838 832/832/832 867/867/867
f 838/838/838 867/867/867 873/873/873
f 844/844/844 835/835/835 870/870/870
f 844/844/844 870/870/870 849/849/849
f 846/846/846 838/838/838 873/873/873
f 846/846/846 873/873/873 853/853/853
f 802/802/802 844/844/844 849/849/849
f 802/802/802 849/849/849 843/843/843
f 806/806/806 846/846/846 853/853/853
f 806/806/806 853/853/853 852/852/852
f 851/851/851 856/856/856 859/859/859
f 851/851/851 859/859/859 852/852/852
f 908/908/908 909/909/909 910/910/910
f 908/908/908 910/910/910 911/911/911
f 912/912/912 768/768/768 771/771/771
f 912/912/912 771/771/771 913/913/913
f 914/914/914 908/908/908 911/911/911
f 914/914/914 911/911/911 915/915/915
f 916/916/916 912/912/912 913/913/913
f 916/916/916 913/913/913 917/917/917
f 918/918/918 914/914/914 915/915/915
f 918/918/918 915/915/915 919/919/919
f 920/920/920 916/916/916 917/917/917
f 920/920/920 917/917/917 921/921/921
f 922/922/922 918/918/918 919/919/919
f 922/922/922 919/919/919 923/923/923
f 924/924/924 920/920/920 921/921/921
f 924/924/924 921/921/921 925/925/925
f 926/926/926 922/922/922 923/923/923
f 926/926/926 923/923/923 927/927/927
f 928/928/928 924/924/924 925/925/925
f 928/928/928 925/925/925 929/929/929
f 930/930/930 931/931/931 932/932/932
f 930/930/930 932/932/932 933/933/933
f 931/931/931 926/926/926 927/927/927
f 931/931/931 927/927/927 932/932/932
f 934/934/934 935/935/935 936/936/936
f 934/934/934 936/936/936 937/937/937
f 769/769/769 930/930/930 933/933/933
f 769/769/769 933/933/933 770/770/770
f 909/909/909 934/934/934 937/937/937
f 909/909/909 937/937/937 910/910/910
f 938/938/938 939/939/939 940/940/940
f 938/938/938 940/940/940 941/941/941
f 942/942/942 943/943/943 944/944/944
f 942/942/942 944/944/944 945/945/945
f 946/946/946 947/947/947 948/948/948
f 946/946/946 948/948/948 949/949/949
f 950/950/950 951/951/951 952/952/952
f 950/950/950 952/952/952 953/953/953
f 954/954/954 955/955/955 956/956/956
f 954/954/954 956/956/956 957/957/957
f 958/958/958 959/959/959 960/960/960
f 958/958/958 960/960/960 961/961/961
f 962/962/962 963/963/963 964/964/964
f 962/962/962 964/964/964 965/965/965
f 966/966/966 967/967/967 968/968/968
f 966/966/966 968/968/968 969/969/969
f 970/970/970 971/971/971 972/972/972
f 970/970/970 972/972/972 973/973/973
f 974/974/974 975/975/975 976/976/976
f 974/974/974 976/976/976 977/977/977
f 978/978/978 979/979/979 980/980/980
f 978/978/978 980/980/980 981/981/981
f 982/982/982 983/983/983 984/984/984
f 982/982/982 984/984/984 985/985/985
f 986/986/986 987/987/987 988/988/988
f 986/986/986 988/988/988 989/989/989
f 990/990/990 991/991/991 992/992/992
f 990/990/990 992/992/992 993/993/993
f 994/994/994 995/995/995 996/996/996
f 994/994/994 996/996/996 997/997/997
f 998/998/998 999/999/999 1000/1000/1000
f 998/998/998 1000/1000/1000 1001/1001/1001
f 1002/1002/1002 1003/1003/1003 1004/1004/1004
f 1002/1002/1002 1004/1004/1004 1005/1005/1005
f 1006/1006/1006 1007/1007/1007 1008/1008/1008
f 1006/1006/1006 1008/1008/1008 1009/1009/1009
f 1010/1010/1010 1011/1011/1011 1012/1012/1012
f 1010/1010/1010 1012/1012/1012 1013/1013/1013
f 1014/1014/1014 1015/1015/1015 1016/1016/1016
f 1014/1014/1014 1016/1016/1016 1017/1017/1017
f 1018/1018/1018 1010/1010/1010 1013/1013/1013
f 1018/1018/1018 1013/1013/1013 1019/1019/1019
f 1020/1020/1020 1021/1021/1021 1022/1022/1022
f 1020/1020/1020 1022/1022/1022 1023/1023/1023
f 1024/1024/1024 1018/1018/1018 1019/1019/1019
f 1024/1024/1024 1019/1019/1019 1025/1025/1025
f 1015/1015/1015 1026/1026/1026 1027/1027/1027
f 1015/1015/1015 1027/1027/1027 1016/1016/1016
f 1028/1028/1028 1029/1029/1029 1030/1030/1030
f 1028/1028/1028 1030/1030/1030 1031/1031/1031
f 1026/1026/1026 1028/1028/1028 1031/1031/1031
f 1026/1026/1026 1031/1031/1031 1027/1027/1027
f 1021/1021/1021 1024/1024/1024 1025/1025/1025
f 1021/1021/1021 1025/1025/1025 1022/1022/1022
f 1032/1032/1032 1014/1014/1014 1017/1017/1017
f 1032/1032/1032 1017/1017/1017 1033/1033/1033
f 1011/1011/1011 1032/1032/1032 1033/1033/1033
f 1011/1011/1011 1033/1033/1033 1012/1012/1012
f 1034/1034/1034 1006/1006/1006 1009/1009/1009
f 1034/1034/1034 1009/1009/1009 1035/1035/1035
f 1029/1029/1029 1034/1034/1034 1035/1035/1035
f 1029/1029/1029 1035/1035/1035 1030/1030/1030
f 1036/1036/1036 1020/1020/1020 1023/1023/1023
f 1036/1036/1036 1023/1023/1023 1037/1037/1037
f 1007/1007/1007 1036/1036/1036 1037/1037/1037
f 1007/1007/1007 1037/1037/1037 1008/1008/1008
f 1038/1038/1038 1039/1039/1039 1040/1040/1040
f 1038/1038/1038 1040/1040/1040 1041/1041/1041
f 1039/1039/1039 1042/1042/1042 1043/1043/1043
f 1039/1039/1039 1043/1043/1043 1040/1040/1040
f 1044/1044/1044 1045/1045/1045 1046/1046/1046
f 1044/1044/1044 1046/1046/1046 1047/1047/1047
f 1045/1045/1045 1048/1048/1048 1049/1049/1049
f 1045/1045/1045 1049/1049/1049 1046/1046/1046
f 1050/1050/1050 1051/1051/1051 1052/1052/1052
f 1050/1050/1050 1052/1052/1052 1053/1053/1053
f 1051/1051/1051 1054/1054/1054 1055/1055/1055
f 1051/1051/1051 1055/1055/1055 1052/1052/1052
f 1056/1056/1056 1057/1057/1057 1058/1058/1058
f 1056/1056/1056 1058/1058/1058 1059/1059/1059
f 1060/1060/1060 1061/1061/1061 1062/1062/1062
f 1060/1060/1060 1062/1062/1062 1063/1063/1063
f 1061/1061/1061 1044/1044/1044 1047/1047/1047
f 1061/1061/1061 1047/1047/1047 1062/1062/1062
f 1064/1064/1064 1060/1060/1060 1063/1063/1063
f 1064/1064/1064 1063/1063/1063 1065/1065/1065
f 1057/1057/1057 1066/1066/1066 1067/1067/1067
f 1057/1057/1057 1067/1067/1067 1058/1058/1058
f 1042/1042/1042 1056/1056/1056 1059/1059/1059
f 1042/1042/1042 1059/1059/1059 1043/1043/1043
f 1066/1066/1066 1068/1068/1068 1069/1069/1069
f 1066/1066/1066 1069/1069/1069 1067/1067/1067
f 1054/1054/1054 1064/1064/1064 1065/1065/1065
f 1054/1054/1054 1065/1065/1065 1055/1055/1055
f 1068/1068/1068 1050/1050/1050 1053/1053/1053
f 1068/1068/1068 1053/1053/1053 1069/1069/1069
f 1048/1048/1048 1038/1038/1038 1041/1041/1041
f 1048/1048/1048 1041/1041/1041 1049/1049/1049
f 1041/1041/1041 1040/1040/1040 1036/1036/1036
f 1041/1041/1041 1036/1036/1036 1007/1007/1007
f 1040/1040/1040 1043/1043/1043 1020/1020/1020
f 1040/1040/1040 1020/1020/1020 1036/1036/1036
f 1047/1047/1047 1046/1046/1046 1034/1034/1034
f 1047/1047/1047 1034/1034/1034 1029/1029/1029
f 1046/1046/1046 1049/1049/1049 1006/1006/1006
f 1046/1046/1046 1006/1006/1006 1034/1034/1034
f 1053/1053/1053 1052/1052/1052 1032/1032/1032
f 1053/1053/1053 1032/1032/1032 1011/1011/1011
f 1052/1052/1052 1055/1055/1055 1014/1014/1014
f 1052/1052/1052 1014/1014/1014 1032/1032/1032
f 1059/1059/1059 1058/1058/1058 1024/1024/1024
f 1059/1059/1059 1024/1024/1024 1021/1021/1021
f 1063/1063/1063 1062/1062/1062 1028/1028/1028
f 1063/1063/1063 1028/1028/1028 1026/1026/1026
f 1062/1062/1062 1047/1047/1047 1029/1029/1029
f 1062/1062/1062 1029/1029/1029 1028/1028/1028
f 1065/1065/1065 1063/1063/1063 1026/1026/1026
f 1065/1065/1065 1026/1026/1026 1015/1015/1015
f 1058/1058/1058 1067/1067/1067 1018/1018/1018
f 1058/1058/1058 1018/1018/1018 1024/1024/1024
f 1043/1043/1043 1059/1059/1059 1021/1021/1021
f 1043/1043/1043 1021/1021/1021 1020/1020/1020
f 1067/1067/1067 1069/1069/1069 1010/1010/1010
f 1067/1067/1067 1010/1010/1010 1018/1018/1018
f 1055/1055/1055 1065/1065/1065 1015/1015/1015
f 1055/1055/1055 1015/1015/1015 1014/1014/1014
f 1069/1069/1069 1053/1053/1053 1011/1011/1011
f 1069/1069/1069 1011/1011/1011 1010/1010/1010
f 1049/1049/1049 1041/1041/1041 1007/1007/1007
f 1049/1049/1049 1007/1007/1007 1006/1006/1006
f 1070/1070/1070 1071/1071/1071 1038/1038/1038
f 1070/1070/1070 1038/1038/1038 1048/1048/1048
f 1072/1072/1072 1073/1073/1073 1050/1050/1050
f 1072/1072/1072 1050/1050/1050 1068/1068/1068
f 1074/1074/1074 1075/1075/1075 1064/1064/1064
f 1074/1074/1074 1064/1064/1064 1054/1054/1054
f 1076/1076/1076 1072/1072/1072 1068/1068/1068
f 1076/1076/1076 1068/1068/1068 1066/1066/1066
f 998/998/998 1001/1001/1001 1056/1056/1056
f 998/998/998 1056/1056/1056 1042/1042/1042
f 1077/1077/1077 1076/1076/1076 1066/1066/1066
f 1077/1077/1077 1066/1066/1066 1057/1057/1057
f 1075/1075/1075 1078/1078/1078 1060/1060/1060
f 1075/1075/1075 1060/1060/1060 1064/1064/1064
f 1079/1079/1079 1080/1080/1080 1044/1044/1044
f 1079/1079/1079 1044/1044/1044 1061/1061/1061
f 1078/1078/1078 1079/1079/1079 1061/1061/1061
f 1078/1078/1078 1061/1061/1061 1060/1060/1060
f 1001/1001/1001 1077/1077/1077 1057/1057/1057
f 1001/1001/1001 1057/1057/1057 1056/1056/1056
f 1081/1081/1081 1074/1074/1074 1054/1054/1054
f 1081/1081/1081 1054/1054/1054 1051/1051/1051
f 1073/1073/1073 1081/1081/1081 1051/1051/1051
f 1073/1073/1073 1051/1051/1051 1050/1050/1050
f 1082/1082/1082 1070/1070/1070 1048/1048/1048
f 1082/1082/1082 1048/1048/1048 1045/1045/1045
f 1080/1080/1080 1082/1082/1082 1045/1045/1045
f 1080/1080/1080 1045/1045/1045 1044/1044/1044
f 1083/1083/1083 998/998/998 1042/1042/1042
f 1083/1083/1083 1042/1042/1042 1039/1039/1039
f 1071/1071/1071 1083/1083/1083 1039/1039/1039
f 1071/1071/1071 1039/1039/1039 1038/1038/1038
f 1084/1084/1084 1002/1002/1002 1005/1005/1005
f 1084/1084/1084 1005/1005/1005 1085/1085/1085
f 1086/1086/1086 1084/1084/1084 1085/1085/1085
f 1086/1086/1086 1085/1085/1085 1087/1087/1087
f 1088/1088/1088 1089/1089/1089 1090/1090/1090
f 1088/1088/1088 1090/1090/1090 1091/1091/1091
f 1092/1092/1092 1093/1093/1093 1094/1094/1094
f 1092/1092/1092 1094/1094/1094 1095/1095/1095
f 1096/1096/1096 1088/1088/1088 1091/1091/1091
f 1096/1096/1096 1091/1091/1091 1097/1097/1097
f 1003/1003/1003 1098/1098/1098 1099/1099/1099
f 1003/1003/1003 1099/1099/1099 1004/1004/1004
f 1100/1100/1100 1096/1096/1096 1097/1097/1097
f 1100/1100/1100 1097/1097/1097 1101/1101/1101
f 1093/1093/1093 1102/1102/1102 1103/1103/1103
f 1093/1093/1093 1103/1103/1103 1094/1094/1094
f 1104/1104/1104 1105/1105/1105 1106/1106/1106
f 1104/1104/1104 1106/1106/1106 1107/1107/1107
f 1102/1102/1102 1104/1104/1104 1107/1107/1107
f 1102/1102/1102 1107/1107/1107 1103/1103/1103
f 1098/1098/1098 1100/1100/1100 1101/1101/1101
f 1098/1098/1098 1101/1101/1101 1099/1099/1099
f 1108/1108/1108 1092/1092/1092 1095/1095/1095
f 1108/1108/1108 1095/1095/1095 1109/1109/1109
f 1089/1089/1089 1108/1108/1108 1109/1109/1109
f 1089/1089/1089 1109/1109/1109 1090/1090/1090
f 1110/1110/1110 1086/1086/1086 1087/1087/1087
f 1110/1110/1110 1087/1087/1087 1111/1111/1111
f 1105/1105/1105 1110/1110/1110 1111/1111/1111
f 1105/1105/1105 1111/1111/1111 1106/1106/1106
f 1112/1112/1112 1113/1113/1113 1114/1114/1114
f 1112/1112/1112 1114/1114/1114 1115/1115/1115
f 1116/1116/1116 1117/1117/1117 1118/1118/1118
f 1116/1116/1116 1118/1118/1118 1119/1119/1119
f 1120/1120/1120 1112/1112/1112 1115/1115/1115
f 1120/1120/1120 1115/1115/1115 1121/1121/1121
f 1113/1113/1113 18/18/18 20/20/20
f 1113/1113/1113 20/20/20 1114/1114/1114
f 1117/1117/1117 1120/1120/1120 1121/1121/1121
f 1117/1117/1117 1121/1121/1121 1118/1118/1118
f 1119/1119/1119 1118/1118/1118 1122/1122/1122
f 1119/1119/1119 1122/1122/1122 1123/1123/1123
f 1121/1121/1121 1115/1115/1115 1124/1124/1124
f 1121/1121/1121 1124/1124/1124 1125/1125/1125
f 1114/1114/1114 20/20/20 21/21/21
f 1114/1114/1114 21/21/21 1126/1126/1126
f 1118/1118/1118 1121/1121/1121 1125/1125/1125
f 1118/1118/1118 1125/1125/1125 1122/1122/1122
f 1115/1115/1115 1114/1114/1114 1126/1126/1126
f 1115/1115/1115 1126/1126/1126 1124/1124/1124
f 1122/1122/1122 1125/1125/1125 1127/1127/1127
f 1122/1122/1122 1127/1127/1127 1128/1128/1128
f 1124/1124/1124 1126/1126/1126 1129/1129/1129
f 1124/1124/1124 1129/1129/1129 1130/1130/1130
f 1123/1123/1123 1122/1122/1122 1128/1128/1128
f 1123/1123/1123 1128/1128/1128 1131/1131/1131
f 1125/1125/1125 1124/1124/1124 1130/1130/1130
f 1125/1125/1125 1130/1130/1130 1127/1127/1127
f 1126/1126/1126 21/21/21 22/22/22
f 1126/1126/1126 22/22/22 1129/1129/1129
f 1128/1128/1128 1127/1127/1127 1132/1132/1132
f 1128/1128/1128 1132/1132/1132 1133/1133/1133
f 1130/1130/1130 1129/1129/1129 1134/1134/1134
f 1130/1130/1130 1134/1134/1134 1135/1135/1135
f 1131/1131/1131 1128/1128/1128 1133/1133/1133
f 1131/1131/1131 1133/1133/1133 1136/1136/1136
f 1127/1127/1127 1130/1130/1130 1135/1135/1135
f 1127/1127/1127 1135/1135/1135 1132/1132/1132
f 1129/1129/1129 22/22/22 23/23/23
f 1129/1129/1129 23/23/23 1134/1134/1134
f 1136/1136/1136 1133/1133/1133 1137/1137/1137
f 1136/1136/1136 1137/1137/1137 1138/1138/1138
f 1132/1132/1132 1135/1135/1135 1139/1139/1139
f 1132/1132/1132 1139/1139/1139 1140/1140/1140
f 1134/1134/1134 23/23/23 24/24/24
f 1134/1134/1134 24/24/24 1141/1141/1141
f 1133/1133/1133 1132/1132/1132 1140/1140/1140
f 1133/1133/1133 1140/1140/1140 1137/1137/1137
f 1135/1135/1135 1134/1134/1134 1141/1141/1141
f 1135/1135/1135 1141/1141/1141 1139/1139/1139
f 1140/1140/1140 1139/1139/1139 1142/1142/1142
f 1140/1140/1140 1142/1142/1142 1143/1143/1143
f 1141/1141/1141 24/24/24 25/25/25
f 1141/1141/1141 25/25/25 1144/1144/1144
f 1137/1137/1137 1140/1140/1140 1143/1143/1143
f 1137/1137/1137 1143/1143/1143 1145/1145/1145
f 1139/1139/1139 1141/1141/1141 1144/1144/1144
f 1139/1139/1139 1144/1144/1144 1142/1142/1142
f 1138/1138/1138 1137/1137/1137 1145/1145/1145
f 1138/1138/1138 1145/1145/1145 1146/1146/1146
f 1145/1145/1145 1143/1143/1143 1147/1147/1147
f 1145/1145/1145 1147/1147/1147 1148/1148/1148
f 1142/1142/1142 1144/1144/1144 1149/1149/1149
f 1142/1142/1142 1149/1149/1149 1150/1150/1150
f 1146/1146/1146 1145/1145/1145 1148/1148/1148
f 1146/1146/1146 1148/1148/1148 1151/1151/1151
f 1143/1143/1143 1142/1142/1142 1150/1150/1150
f 1143/1143/1143 1150/1150/1150 1147/1147/1147
f 1144/1144/1144 25/25/25 26/26/26
f 1144/1144/1144 26/26/26 1149/1149/1149
f 1150/1150/1150 1149/1149/1149 1152/1152/1152
f 1150/1150/1150 1152/1152/1152 1153/1153/1153
f 1151/1151/1151 1148/1148/1148 1154/1154/1154
f 1151/1151/1151 1154/1154/1154 1155/1155/1155
f 1147/1147/1147 1150/1150/1150 1153/1153/1153
f 1147/1147/1147 1153/1153/1153 1156/1156/1156
f 1149/1149/1149 26/26/26 27/27/27
f 1149/1149/1149 27/27/27 1152/1152/1152
f 1148/1148/1148 1147/1147/1147 1156/1156/1156
f 1148/1148/1148 1156/1156/1156 1154/1154/1154
f 1116/1116/1116 1157/1157/1157 1158/1158/1158
f 1116/1116/1116 1158/1158/1158 1159/1159/1159
f 1155/1155/1155 1154/1154/1154 1160/1160/1160
f 1155/1155/1155 1160/1160/1160 1161/1161/1161
f 1156/1156/1156 1153/1153/1153 1162/1162/1162
f 1156/1156/1156 1162/1162/1162 1163/1163/1163
f 1152/1152/1152 27/27/27 28/28/28
f 1152/1152/1152 28/28/28 1164/1164/1164
f 1159/1159/1159 1158/1158/1158 1165/1165/1165
f 1159/1159/1159 1165/1165/1165 1166/1166/1166
f 1154/1154/1154 1156/1156/1156 1163/1163/1163
f 1154/1154/1154 1163/1163/1163 1160/1160/1160
f 1153/1153/1153 1152/1152/1152 1164/1164/1164
f 1153/1153/1153 1164/1164/1164 1162/1162/1162
f 1164/1164/1164 28/28/28 29/29/29
f 1164/1164/1164 29/29/29 1167/1167/1167
f 1123/1123/1123 1168/1168/1168 1169/1169/1169
f 1123/1123/1123 1169/1169/1169 1119/1119/1119
f 1160/1160/1160 1163/1163/1163 1170/1170/1170
f 1160/1160/1160 1170/1170/1170 1171/1171/1171
f 1162/1162/1162 1164/1164/1164 1167/1167/1167
f 1162/1162/1162 1167/1167/1167 1172/1172/1172
f 1119/1119/1119 1169/1169/1169 1157/1157/1157
f 1119/1119/1119 1157/1157/1157 1116/1116/1116
f 1161/1161/1161 1160/1160/1160 1171/1171/1171
f 1161/1161/1161 1171/1171/1171 1173/1173/1173
f 1163/1163/1163 1162/1162/1162 1172/1172/1172
f 1163/1163/1163 1172/1172/1172 1170/1170/1170
f 1173/1173/1173 1171/1171/1171 1174/1174/1174
f 1173/1173/1173 1174/1174/1174 1175/1175/1175
f 1170/1170/1170 1172/1172/1172 1176/1176/1176
f 1170/1170/1170 1176/1176/1176 1177/1177/1177
f 1167/1167/1167 29/29/29 30/30/30
f 1167/1167/1167 30/30/30 1178/1178/1178
f 1131/1131/1131 1179/1179/1179 1168/1168/1168
f 1131/1131/1131 1168/1168/1168 1123/1123/1123
f 1171/1171/1171 1170/1170/1170 1177/1177/1177
f 1171/1171/1171 1177/1177/1177 1174/1174/1174
f 1172/1172/1172 1167/1167/1167 1178/1178/1178
f 1172/1172/1172 1178/1178/1178 1176/1176/1176
f 1136/1136/1136 1180/1180/1180 1179/1179/1179
f 1136/1136/1136 1179/1179/1179 1131/1131/1131
f 1173/1173/1173 1181/1181/1181 1182/1182/1182
f 1173/1173/1173 1182/1182/1182 1161/1161/1161
f 1174/1174/1174 1177/1177/1177 1183/1183/1183
f 1174/1174/1174 1183/1183/1183 1184/1184/1184
f 1176/1176/1176 1178/1178/1178 1185/1185/1185
f 1176/1176/1176 1185/1185/1185 1186/1186/1186
f 1146/1146/1146 1187/1187/1187 1188/1188/1188
f 1146/1146/1146 1188/1188/1188 1138/1138/1138
f 1175/1175/1175 1174/1174/1174 1184/1184/1184
f 1175/1175/1175 1184/1184/1184 1189/1189/1189
f 1177/1177/1177 1176/1176/1176 1186/1186/1186
f 1177/1177/1177 1186/1186/1186 1183/1183/1183
f 1178/1178/1178 30/30/30 31/31/31
f 1178/1178/1178 31/31/31 1185/1185/1185
f 1184/1184/1184 1183/1183/1183 1190/1190/1190
f 1184/1184/1184 1190/1190/1190 1191/1191/1191
f 1186/1186/1186 1185/1185/1185 1192/1192/1192
f 1186/1186/1186 1192/1192/1192 1193/1193/1193
f 1151/1151/1151 1194/1194/1194 1187/1187/1187
f 1151/1151/1151 1187/1187/1187 1146/1146/1146
f 1189/1189/1189 1184/1184/1184 1191/1191/1191
f 1189/1189/1189 1191/1191/1191 1195/1195/1195
f 1183/1183/1183 1186/1186/1186 1193/1193/1193
f 1183/1183/1183 1193/1193/1193 1190/1190/1190
f 1185/1185/1185 31/31/31 32/32/32
f 1185/1185/1185 32/32/32 1192/1192/1192
f 1175/1175/1175 1196/1196/1196 1181/1181/1181
f 1175/1175/1175 1181/1181/1181 1173/1173/1173
f 1155/1155/1155 1197/1197/1197 1194/1194/1194
f 1155/1155/1155 1194/1194/1194 1151/1151/1151
f 1195/1195/1195 1191/1191/1191 1198/1198/1198
f 1195/1195/1195 1198/1198/1198 1166/1166/1166
f 1190/1190/1190 1193/1193/1193 1199/1199/1199
f 1190/1190/1190 1199/1199/1199 1200/1200/1200
f 1192/1192/1192 32/32/32 33/33/33
f 1192/1192/1192 33/33/33 1201/1201/1201
f 1189/1189/1189 1202/1202/1202 1196/1196/1196
f 1189/1189/1189 1196/1196/1196 1175/1175/1175
f 1191/1191/1191 1190/1190/1190 1200/1200/1200
f 1191/1191/1191 1200/1200/1200 1198/1198/1198
f 1193/1193/1193 1192/1192/1192 1201/1201/1201
f 1193/1193/1193 1201/1201/1201 1199/1199/1199
f 1200/1200/1200 1199/1199/1199 1203/1203/1203
f 1200/1200/1200 1203/1203/1203 1204/1204/1204
f 1201/1201/1201 33/33/33 34/34/34
f 1201/1201/1201 34/34/34 1205/1205/1205
f 1195/1195/1195 1206/1206/1206 1202/1202/1202
f 1195/1195/1195 1202/1202/1202 1189/1189/1189
f 1198/1198/1198 1200/1200/1200 1204/1204/1204
f 1198/1198/1198 1204/1204/1204 1207/1207/1207
f 1199/1199/1199 1201/1201/1201 1205/1205/1205
f 1199/1199/1199 1205/1205/1205 1203/1203/1203
f 1161/1161/1161 1182/1182/1182 1197/1197/1197
f 1161/1161/1161 1197/1197/1197 1155/1155/1155
f 1166/1166/1166 1198/1198/1198 1207/1207/1207
f 1166/1166/1166 1207/1207/1207 1159/1159/1159
f 1166/1166/1166 1165/1165/1165 1206/1206/1206
f 1166/1166/1166 1206/1206/1206 1195/1195/1195
f 1207/1207/1207 1204/1204/1204 1120/1120/1120
f 1207/1207/1207 1120/1120/1120 1117/1117/1117
f 1203/1203/1203 1205/1205/1205 1113/1113/1113
f 1203/1203/1203 1113/1113/1113 1112/1112/1112
f 1138/1138/1138 1188/1188/1188 1180/1180/1180
f 1138/1138/1138 1180/1180/1180 1136/1136/1136
f 1159/1159/1159 1207/1207/1207 1117/1117/1117
f 1159/1159/1159 1117/1117/1117 1116/1116/1116
f 1204/1204/1204 1203/1203/1203 1112/1112/1112
f 1204/1204/1204 1112/1112/1112 1120/1120/1120
f 1205/1205/1205 34/34/34 18/18/18
f 1205/1205/1205 18/18/18 1113/1113/1113
f 1075/1075/1075 1208/1208/1208 1209/1209/1209
f 1075/1075/1075 1209/1209/1209 1078/1078/1078
f 1210/1210/1210 1211/1211/1211 1212/1212/1212
f 1210/1210/1210 1212/1212/1212 1213/1213/1213
f 1214/1214/1214 1215/1215/1215 1216/1216/1216
f 1214/1214/1214 1216/1216/1216 1217/1217/1217
f 1218/1218/1218 1219/1219/1219 1220/1220/1220
f 1218/1218/1218 1220/1220/1220 1221/1221/1221
f 1222/1222/1222 1223/1223/1223 1224/1224/1224
f 1222/1222/1222 1224/1224/1224 1225/1225/1225
f 1074/1074/1074 1226/1226/1226 1208/1208/1208
f 1074/1074/1074 1208/1208/1208 1075/1075/1075
f 1081/1081/1081 1227/1227/1227 1226/1226/1226
f 1081/1081/1081 1226/1226/1226 1074/1074/1074
f 1073/1073/1073 1228/1228/1228 1227/1227/1227
f 1073/1073/1073 1227/1227/1227 1081/1081/1081
f 1072/1072/1072 1229/1229/1229 1228/1228/1228
f 1072/1072/1072 1228/1228/1228 1073/1073/1073
f 1230/1230/1230 1231/1231/1231 1232/1232/1232
f 1230/1230/1230 1232/1232/1232 1233/1233/1233
f 1234/1234/1234 1235/1235/1235 1236/1236/1236
f 1234/1234/1234 1236/1236/1236 1237/1237/1237
f 1238/1238/1238 1239/1239/1239 1240/1240/1240
f 1238/1238/1238 1240/1240/1240 1241/1241/1241
f 1076/1076/1076 1242/1242/1242 1229/1229/1229
f 1076/1076/1076 1229/1229/1229 1072/1072/1072
f 1077/1077/1077 1243/1243/1243 1242/1242/1242
f 1077/1077/1077 1242/1242/1242 1076/1076/1076
f 1244/1244/1244 1245/1245/1245 1246/1246/1246
f 1244/1244/1244 1246/1246/1246 1247/1247/1247
f 1248/1248/1248 1249/1249/1249 1250/1250/1250
f 1248/1248/1248 1250/1250/1250 1251/1251/1251
f 1252/1252/1252 1253/1253/1253 1254/1254/1254
f 1252/1252/1252 1254/1254/1254 1255/1255/1255
f 1256/1256/1256 1257/1257/1257 1258/1258/1258
f 1256/1256/1256 1258/1258/1258 1259/1259/1259
f 1260/1260/1260 1261/1261/1261 1262/1262/1262
f 1260/1260/1260 1262/1262/1262 1263/1263/1263
f 1264/1264/1264 1265/1265/1265 1266/1266/1266
f 1264/1264/1264 1266/1266/1266 1267/1267/1267
f 1268/1268/1268 1269/1269/1269 1270/1270/1270
f 1268/1268/1268 1270/1270/1270 1271/1271/1271
f 1272/1272/1272 1273/1273/1273 1274/1274/1274
f 1272/1272/1272 1274/1274/1274 1275/1275/1275
f 1001/1001/1001 1000/1000/1000 1243/1243/1243
f 1001/1001/1001 1243/1243/1243 1077/1077/1077
f 1276/1276/1276 1277/1277/1277 1278/1278/1278
f 1276/1276/1276 1278/1278/1278 1279/1279/1279
f 1280/1280/1280 1276/1276/1276 1279/1279/1279
f 1280/1280/1280 1279/1279/1279 1281/1281/1281
f 1282/1282/1282 1280/1280/1280 1281/1281/1281
f 1282/1282/1282 1281/1281/1281 1283/1283/1283
f 1284/1284/1284 1282/1282/1282 1283/1283/1283
f 1284/1284/1284 1283/1283/1283 1285/1285/1285
f 1284/1284/1284 1285/1285/1285 1286/1286/1286
f 1284/1284/1284 1286/1286/1286 1287/1287/1287
f 1288/1288/1288 1289/1289/1289 1290/1290/1290
f 1288/1288/1288 1290/1290/1290 1291/1291/1291
f 1292/1292/1292 1293/1293/1293 1294/1294/1294
f 1292/1292/1292 1294/1294/1294 1295/1295/1295
f 1295/1295/1295 1294/1294/1294 1296/1296/1296
f 1295/1295/1295 1296/1296/1296 1297/1297/1297
f 1297/1297/1297 1296/1296/1296 1298/1298/1298
f 1297/1297/1297 1298/1298/1298 1299/1299/1299
f 1300/1300/1300 1299/1299/1299 1298/1298/1298
f 1300/1300/1300 1298/1298/1298 1301/1301/1301
f 1300/1300/1300 1301/1301/1301 1302/1302/1302
f 1300/1300/1300 1302/1302/1302 1303/1303/1303
f 1303/1303/1303 1302/1302/1302 1304/1304/1304
f 1303/1303/1303 1304/1304/1304 1305/1305/1305
f 1305/1305/1305 1304/1304/1304 1306/1306/1306
f 1305/1305/1305 1306/1306/1306 1307/1307/1307
f 1308/1308/1308 1309/1309/1309 1289/1289/1289
f 1308/1308/1308 1289/1289/1289 1288/1288/1288
f 1310/1310/1310 1311/1311/1311 1312/1312/1312
f 1310/1310/1310 1312/1312/1312 1313/1313/1313
f 1277/1277/1277 1310/1310/1310 1313/1313/1313
f 1277/1277/1277 1313/1313/1313 1278/1278/1278
f 1291/1291/1291 1290/1290/1290 1314/1314/1314
f 1291/1291/1291 1314/1314/1314 1315/1315/1315
f 1316/1316/1316 1317/1317/1317 1318/1318/1318
f 1316/1316/1316 1318/1318/1318 1319/1319/1319
f 1307/1307/1307 1306/1306/1306 1312/1312/1312
f 1307/1307/1307 1312/1312/1312 1311/1311/1311
f 1320/1320/1320 1321/1321/1321 1322/1322/1322
f 1320/1320/1320 1322/1322/1322 1323/1323/1323
f 1324/1324/1324 1325/1325/1325 1321/1321/1321
f 1324/1324/1324 1321/1321/1321 1320/1320/1320
f 1315/1315/1315 1314/1314/1314 1326/1326/1326
f 1315/1315/1315 1326/1326/1326 1327/1327/1327
f 1328/1328/1328 1329/1329/1329 1330/1330/1330
f 1328/1328/1328 1330/1330/1330 1331/1331/1331
f 1292/1292/1292 1287/1287/1287 1286/1286/1286
f 1292/1292/1292 1286/1286/1286 1293/1293/1293
f 1332/1332/1332 1333/1333/1333 1334/1334/1334
f 1332/1332/1332 1334/1334/1334 1335/1335/1335
f 1323/1323/1323 1322/1322/1322 1317/1317/1317
f 1323/1323/1323 1317/1317/1317 1316/1316/1316
f 1336/1336/1336 1337/1337/1337 1333/1333/1333
f 1336/1336/1336 1333/1333/1333 1332/1332/1332
f 1331/1331/1331 1330/1330/1330 1325/1325/1325
f 1331/1331/1331 1325/1325/1325 1324/1324/1324
f 1319/1319/1319 1318/1318/1318 1338/1338/1338
f 1319/1319/1319 1338/1338/1338 1339/1339/1339
f 1339/1339/1339 1338/1338/1338 1309/1309/1309
f 1339/1339/1339 1309/1309/1309 1308/1308/1308
f 1335/1335/1335 1334/1334/1334 1329/1329/1329
f 1335/1335/1335 1329/1329/1329 1328/1328/1328
f 1340/1340/1340 1341/1341/1341 1342/1342/1342
f 1340/1340/1340 1342/1342/1342 1343/1343/1343
f 1344/1344/1344 1345/1345/1345 1346/1346/1346
f 1344/1344/1344 1346/1346/1346 1347/1347/1347
f 1348/1348/1348 1349/1349/1349 1350/1350/1350
f 1348/1348/1348 1350/1350/1350 1351/1351/1351
f 1352/1352/1352 1353/1353/1353 1354/1354/1354
f 1352/1352/1352 1354/1354/1354 1355/1355/1355
f 1356/1356/1356 1357/1357/1357 1358/1358/1358
f 1356/1356/1356 1358/1358/1358 1359/1359/1359
f 1360/1360/1360 1361/1361/1361 1362/1362/1362
f 1360/1360/1360 1362/1362/1362 1363/1363/1363
f 1364/1364/1364 1365/1365/1365 1366/1366/1366
f 1364/1364/1364 1366/1366/1366 1367/1367/1367
f 1368/1368/1368 1369/1369/1369 1370/1370/1370
f 1368/1368/1368 1370/1370/1370 1371/1371/1371
f 1372/1372/1372 1373/1373/1373 1374/1374/1374
f 1372/1372/1372 1374/1374/1374 1375/1375/1375
f 1376/1376/1376 1377/1377/1377 1378/1378/1378
f 1376/1376/1376 1378/1378/1378 1379/1379/1379
f 1380/1380/1380 1381/1381/1381 1382/1382/1382
f 1380/1380/1380 1382/1382/1382 1383/1383/1383
f 1384/1384/1384 1385/1385/1385 1386/1386/1386
f 1384/1384/1384 1386/1386/1386 1387/1387/1387
f 1388/1388/1388 1389/1389/1389 1390/1390/1390
f 1388/1388/1388 1390/1390/1390 1391/1391/1391
f 1392/1392/1392 1393/1393/1393 1394/1394/1394
f 1392/1392/1392 1394/1394/1394 1395/1395/1395
f 1396/1396/1396 1397/1397/1397 1398/1398/1398
f 1396/1396/1396 1398/1398/1398 1399/1399/1399
f 1400/1400/1400 1401/1401/1401 1402/1402/1402
f 1400/1400/1400 1402/1402/1402 1403/1403/1403
f 1078/1078/1078 1209/1209/1209 1404/1404/1404
f 1078/1078/1078 1404/1404/1404 1079/1079/1079
f 1079/1079/1079 1404/1404/1404 1405/1405/1405
f 1079/1079/1079 1405/1405/1405 1080/1080/1080
f 1080/1080/1080 1405/1405/1405 1406/1406/1406
f 1080/1080/1080 1406/1406/1406 1082/1082/1082
f 1082/1082/1082 1406/1406/1406 1407/1407/1407
f 1082/1082/1082 1407/1407/1407 1070/1070/1070
f 1070/1070/1070 1407/1407/1407 1408/1408/1408
f 1070/1070/1070 1408/1408/1408 1071/1071/1071
f 1071/1071/1071 1408/1408/1408 1409/1409/1409
f 1071/1071/1071 1409/1409/1409 1083/1083/1083
f 1083/1083/1083 1409/1409/1409 999/999/999
f 1083/1083/1083 999/999/999 998/998/998
f 1410/1410/1410 1411/1411/1411 1412/1412/1412
f 1410/1410/1410 1412/1412/1412 1413/1413/1413
f 1414/1414/1414 1415/1415/1415 1416/1416/1416
f 1414/1414/1414 1416/1416/1416 1417/1417/1417
f 1418/1418/1418 1419/1419/1419 1420/1420/1420
f 1418/1418/1418 1420/1420/1420 1421/1421/1421
f 1411/1411/1411 1422/1422/1422 1423/1423/1423
f 1411/1411/1411 1423/1423/1423 1412/1412/1412
f 1424/1424/1424 1414/1414/1414 1417/1417/1417
f 1424/1424/1424 1417/1417/1417 1425/1425/1425
f 1419/1419/1419 1410/1410/1410 1413/1413/1413
f 1419/1419/1419 1413/1413/1413 1420/1420/1420
f 1422/1422/1422 1424/1424/1424 1425/1425/1425
f 1422/1422/1422 1425/1425/1425 1423/1423/1423
f 1426/1426/1426 1427/1427/1427 1428/1428/1428
f 1426/1426/1426 1428/1428/1428 1429/1429/1429
f 1430/1430/1430 1431/1431/1431 1432/1432/1432
f 1430/1430/1430 1432/1432/1432 1433/1433/1433
f 1434/1434/1434 1435/1435/1435 1436/1436/1436
f 1434/1434/1434 1436/1436/1436 1437/1437/1437
f 1435/1435/1435 1438/1438/1438 1439/1439/1439
f 1435/1435/1435 1439/1439/1439 1436/1436/1436
f 1438/1438/1438 1440/1440/1440 1441/1441/1441
f 1438/1438/1438 1441/1441/1441 1439/1439/1439
f 1431/1431/1431 1434/1434/1434 1437/1437/1437
f 1431/1431/1431 1437/1437/1437 1432/1432/1432
f 1427/1427/1427 1430/1430/1430 1433/1433/1433
f 1427/1427/1427 1433/1433/1433 1428/1428/1428
f 1440/1440/1440 1418/1418/1418 1421/1421/1421
f 1440/1440/1440 1421/1421/1421 1441/1441/1441
f 1415/1415/1415 1426/1426/1426 1429/1429/1429
f 1415/1415/1415 1429/1429/1429 1416/1416/1416
f 1327/1327/1327 1326/1326/1326 1337/1337/1337
f 1327/1327/1327 1337/1337/1337 1336/1336/1336
f 913/913/913 771/771/771 1442/1442/1442
f 913/913/913 1442/1442/1442 1443/1443/1443
f 929/929/929 925/925/925 1444/1444/1444
f 929/929/929 1444/1444/1444 1445/1445/1445
f 927/927/927 923/923/923 1446/1446/1446
f 927/927/927 1446/1446/1446 1447/1447/1447
f 925/925/925 921/921/921 1448/1448/1448
f 925/925/925 1448/1448/1448 1444/1444/1444
f 911/911/911 910/910/910 1449/1449/1449
f 911/911/911 1449/1449/1449 1450/1450/1450
f 915/915/915 911/911/911 1450/1450/1450
f 915/915/915 1450/1450/1450 1451/1451/1451
f 910/910/910 937/937/937 1452/1452/1452
f 910/910/910 1452/1452/1452 1449/1449/1449
f 923/923/923 919/919/919 1453/1453/1453
f 923/923/923 1453/1453/1453 1446/1446/1446
f 937/937/937 936/936/936 1454/1454/1454
f 937/937/937 1454/1454/1454 1452/1452/1452
f 919/919/919 915/915/915 1451/1451/1451
f 919/919/919 1451/1451/1451 1453/1453/1453
f 921/921/921 917/917/917 1455/1455/1455
f 921/921/921 1455/1455/1455 1448/1448/1448
f 932/932/932 927/927/927 1447/1447/1447
f 932/932/932 1447/1447/1447 1456/1456/1456
f 933/933/933 932/932/932 1456/1456/1456
f 933/933/933 1456/1456/1456 1457/1457/1457
f 771/771/771 770/770/770 1458/1458/1458
f 771/771/771 1458/1458/1458 1442/1442/1442
f 770/770/770 933/933/933 1457/1457/1457
f 770/770/770 1457/1457/1457 1458/1458/1458
f 917/917/917 913/913/913 1443/1443/1443
f 917/917/917 1443/1443/1443 1455/1455/1455
f 445/445/445 1459/1459/1459 1460/1460/1460
f 445/445/445 1460/1460/1460 446/446/446
f 447/447/447 1461/1461/1461 1459/1459/1459
f 447/447/447 1459/1459/1459 445/445/445
f 448/448/448 1462/1462/1462 1461/1461/1461
f 448/448/448 1461/1461/1461 447/447/447
f 449/449/449 1463/1463/1463 1462/1462/1462
f 449/449/449 1462/1462/1462 448/448/448
f 450/450/450 1464/1464/1464 1463/1463/1463
f 450/450/450 1463/1463/1463 449/449/449
f 451/451/451 1465/1465/1465 1464/1464/1464
f 451/451/451 1464/1464/1464 450/450/450
f 452/452/452 1466/1466/1466 1465/1465/1465
f 452/452/452 1465/1465/1465 451/451/451
f 453/453/453 1467/1467/1467 1466/1466/1466
f 453/453/453 1466/1466/1466 452/452/452
f 454/454/454 1468/1468/1468 1469/1469/1469
f 454/454/454 1469/1469/1469 455/455/455
f 456/456/456 1470/1470/1470 1468/1468/1468
f 456/456/456 1468/1468/1468 454/454/454
f 457/457/457 1471/1471/1471 1470/1470/1470
f 457/457/457 1470/1470/1470 456/456/456
f 458/458/458 1472/1472/1472 1471/1471/1471
f 458/458/458 1471/1471/1471 457/457/457
f 459/459/459 1473/1473/1473 1472/1472/1472
f 459/459/459 1472/1472/1472 458/458/458
f 460/460/460 1474/1474/1474 1473/1473/1473
f 460/460/460 1473/1473/1473 459/459/459
f 461/461/461 1475/1475/1475 1474/1474/1474
f 461/461/461 1474/1474/1474 460/460/460
f 446/446/446 1460/1460/1460 1475/1475/1475
f 446/446/446 1475/1475/1475 461/461/461
f 1476/1476/1476 1477/1477/1477 1478/1478/1478
f 1476/1476/1476 1478/1478/1478 1479/1479/1479
f 1480/1480/1480 1481/1481/1481 1482/1482/1482
f 1480/1480/1480 1482/1482/1482 1483/1483/1483
f 1477/1477/1477 1484/1484/1484 1485/1485/1485
f 1477/1477/1477 1485/1485/1485 1478/1478/1478
f 1481/1481/1481 1486/1486/1486 1487/1487/1487
f 1481/1481/1481 1487/1487/1487 1482/1482/1482
f 1484/1484/1484 1488/1488/1488 1489/1489/1489
f 1484/1484/1484 1489/1489/1489 1485/1485/1485
f 1486/1486/1486 1490/1490/1490 1491/1491/1491
f 1486/1486/1486 1491/1491/1491 1487/1487/1487
f 1488/1488/1488 1492/1492/1492 1493/1493/1493
f 1488/1488/1488 1493/1493/1493 1489/1489/1489
f 1490/1490/1490 1494/1494/1494 1495/1495/1495
f 1490/1490/1490 1495/1495/1495 1491/1491/1491
f 1492/1492/1492 1496/1496/1496 1497/1497/1497
f 1492/1492/1492 1497/1497/1497 1493/1493/1493
f 1494/1494/1494 1498/1498/1498 1499/1499/1499
f 1494/1494/1494 1499/1499/1499 1495/1495/1495
f 1496/1496/1496 1500/1500/1500 1501/1501/1501
f 1496/1496/1496 1501/1501/1501 1497/1497/1497
f 1498/1498/1498 1502/1502/1502 1503/1503/1503
f 1498/1498/1498 1503/1503/1503 1499/1499/1499
f 1504/1504/1504 1505/1505/1505 1506/1506/1506
f 1504/1504/1504 1506/1506/1506 1507/1507/1507
f 1500/1500/1500 1504/1504/1504 1507/1507/1507
f 1500/1500/1500 1507/1507/1507 1501/1501/1501
f 1508/1508/1508 1476/1476/1476 1479/1479/1479
f 1508/1508/1508 1479/1479/1479 1509/1509/1509
f 1505/1505/1505 1480/1480/1480 1483/1483/1483
f 1505/1505/1505 1483/1483/1483 1506/1506/1506
f 1510/1510/1510 953/953/953 952/952/952
f 1510/1510/1510 952/952/952 1511/1511/1511
f 1512/1512/1512 985/985/985 984/984/984
f 1512/1512/1512 984/984/984 1513/1513/1513
f 1514/1514/1514 1515/1515/1515 1516/1516/1516
f 1514/1514/1514 1516/1516/1516 1517/1517/1517
f 1518/1518/1518 1519/1519/1519 1520/1520/1520
f 1518/1518/1518 1520/1520/1520 1521/1521/1521
f 1522/1522/1522 1523/1523/1523 1524/1524/1524
f 1522/1522/1522 1524/1524/1524 1525/1525/1525
f 1526/1526/1526 1527/1527/1527 1528/1528/1528
f 1526/1526/1526 1528/1528/1528 1529/1529/1529
f 1530/1530/1530 1531/1531/1531 1532/1532/1532
f 1530/1530/1530 1532/1532/1532 1533/1533/1533
f 1534/1534/1534 945/945/945 944/944/944
f 1534/1534/1534 944/944/944 1535/1535/1535
f 1536/1536/1536 1537/1537/1537 1538/1538/1538
f 1536/1536/1536 1538/1538/1538 1539/1539/1539
f 1540/1540/1540 1541/1541/1541 1542/1542/1542
f 1540/1540/1540 1542/1542/1542 1543/1543/1543
f 1544/1544/1544 997/997/997 996/996/996
f 1544/1544/1544 996/996/996 1545/1545/1545
f 1546/1546/1546 1547/1547/1547 1548/1548/1548
f 1546/1546/1546 1548/1548/1548 1549/1549/1549
f 1550/1550/1550 977/977/977 976/976/976
f 1550/1550/1550 976/976/976 1551/1551/1551
f 1552/1552/1552 949/949/949 948/948/948
f 1552/1552/1552 948/948/948 1553/1553/1553
f 1554/1554/1554 1555/1555/1555 1556/1556/1556
f 1554/1554/1554 1556/1556/1556 1557/1557/1557
f 1558/1558/1558 1559/1559/1559 1560/1560/1560
f 1558/1558/1558 1560/1560/1560 1561/1561/1561
f 1562/1562/1562 1563/1563/1563 1564/1564/1564
f 1562/1562/1562 1564/1564/1564 1565/1565/1565
f 1566/1566/1566 1567/1567/1567 1568/1568/1568
f 1566/1566/1566 1568/1568/1568 1569/1569/1569
f 1570/1570/1570 1571/1571/1571 1572/1572/1572
f 1570/1570/1570 1572/1572/1572 1573/1573/1573
f 1574/1574/1574 1575/1575/1575 1576/1576/1576
f 1574/1574/1574 1576/1576/1576 1577/1577/1577
f 1578/1578/1578 1579/1579/1579 1580/1580/1580
f 1578/1578/1578 1580/1580/1580 1581/1581/1581
f 1582/1582/1582 957/957/957 956/956/956
f 1582/1582/1582 956/956/956 1583/1583/1583
f 1584/1584/1584 961/961/961 960/960/960
f 1584/1584/1584 960/960/960 1585/1585/1585
f 1586/1586/1586 993/993/993 992/992/992
f 1586/1586/1586 992/992/992 1587/1587/1587
f 1588/1588/1588 965/965/965 964/964/964
f 1588/1588/1588 964/964/964 1589/1589/1589
f 1590/1590/1590 941/941/941 940/940/940
f 1590/1590/1590 940/940/940 1591/1591/1591
f 1592/1592/1592 1593/1593/1593 1594/1594/1594
f 1592/1592/1592 1594/1594/1594 1595/1595/1595
f 1596/1596/1596 973/973/973 972/972/972
f 1596/1596/1596 972/972/972 1597/1597/1597
f 1598/1598/1598 1599/1599/1599 1600/1600/1600
f 1598/1598/1598 1600/1600/1600 1601/1601/1601
f 1602/1602/1602 1603/1603/1603 1604/1604/1604
f 1602/1602/1602 1604/1604/1604 1605/1605/1605
f 1606/1606/1606 1607/1607/1607 1608/1608/1608
f 1606/1606/1606 1608/1608/1608 1609/1609/1609
f 1610/1610/1610 981/981/981 980/980/980
f 1610/1610/1610 980/980/980 1611/1611/1611
f 1612/1612/1612 1613/1613/1613 1614/1614/1614
f 1612/1612/1612 1614/1614/1614 1615/1615/1615
f 1616/1616/1616 1617/1617/1617 1618/1618/1618
f 1616/1616/1616 1618/1618/1618 1619/1619/1619
f 1620/1620/1620 813/813/813 812/812/812
f 1620/1620/1620 812/812/812 1621/1621/1621
f 1622/1622/1622 1623/1623/1623 1624/1624/1624
f 1622/1622/1622 1624/1624/1624 1625/1625/1625
f 1626/1626/1626 1627/1627/1627 1628/1628/1628
f 1626/1626/1626 1628/1628/1628 1629/1629/1629
f 1630/1630/1630 1631/1631/1631 1632/1632/1632
f 1630/1630/1630 1632/1632/1632 1633/1633/1633
f 1634/1634/1634 1635/1635/1635 1636/1636/1636
f 1634/1634/1634 1636/1636/1636 1637/1637/1637
f 1638/1638/1638 1639/1639/1639 1640/1640/1640
f 1638/1638/1638 1640/1640/1640 1641/1641/1641
f 1642/1642/1642 1643/1643/1643 1644/1644/1644
f 1642/1642/1642 1644/1644/1644 1645/1645/1645
f 1646/1646/1646 1647/1647/1647 1648/1648/1648
f 1646/1646/1646 1648/1648/1648 1649/1649/1649
f 1650/1650/1650 1651/1651/1651 1652/1652/1652
f 1650/1650/1650 1652/1652/1652 1653/1653/1653
f 1654/1654/1654 969/969/969 968/968/968
f 1654/1654/1654 968/968/968 1655/1655/1655
f 1656/1656/1656 1657/1657/1657 1658/1658/1658
f 1656/1656/1656 1658/1658/1658 1659/1659/1659
f 1660/1660/1660 1661/1661/1661 1662/1662/1662
f 1660/1660/1660 1662/1662/1662 1663/1663/1663
f 1664/1664/1664 1665/1665/1665 1666/1666/1666
f 1664/1664/1664 1666/1666/1666 1667/1667/1667
f 1668/1668/1668 1669/1669/1669 1670/1670/1670
f 1668/1668/1668 1670/1670/1670 1671/1671/1671
f 1672/1672/1672 1673/1673/1673 1674/1674/1674
f 1672/1672/1672 1674/1674/1674 1675/1675/1675
f 1676/1676/1676 1677/1677/1677 1678/1678/1678
f 1676/1676/1676 1678/1678/1678 1679/1679/1679
f 1680/1680/1680 1681/1681/1681 1682/1682/1682
f 1680/1680/1680 1682/1682/1682 1683/1683/1683
f 1684/1684/1684 1685/1685/1685 1686/1686/1686
f 1684/1684/1684 1686/1686/1686 1687/1687/1687
f 1688/1688/1688 1689/1689/1689 1690/1690/1690
f 1688/1688/1688 1690/1690/1690 1691/1691/1691
f 1692/1692/1692 1693/1693/1693 1694/1694/1694
f 1692/1692/1692 1694/1694/1694 1695/1695/1695
f 1696/1696/1696 1697/1697/1697 1698/1698/1698
f 1696/1696/1696 1698/1698/1698 1699/1699/1699
f 1700/1700/1700 1701/1701/1701 1702/1702/1702
f 1700/1700/1700 1702/1702/1702 1703/1703/1703
f 1704/1704/1704 1705/1705/1705 1706/1706/1706
f 1704/1704/1704 1706/1706/1706 1707/1707/1707
f 1708/1708/1708 1709/1709/1709 1710/1710/1710
f 1708/1708/1708 1710/1710/1710 1711/1711/1711
f 1712/1712/1712 1713/1713/1713 1714/1714/1714
f 1712/1712/1712 1714/1714/1714 1715/1715/1715
f 1716/1716/1716 1717/1717/1717 1718/1718/1718
f 1716/1716/1716 1718/1718/1718 1719/1719/1719
f 1720/1720/1720 1721/1721/1721 1722/1722/1722
f 1720/1720/1720 1722/1722/1722 1723/1723/1723
f 1724/1724/1724 1725/1725/1725 1726/1726/1726
f 1724/1724/1724 1726/1726/1726 1727/1727/1727
f 1728/1728/1728 1729/1729/1729 1730/1730/1730
f 1728/1728/1728 1730/1730/1730 1731/1731/1731
f 1732/1732/1732 1733/1733/1733 1734/1734/1734
f 1732/1732/1732 1734/1734/1734 1735/1735/1735
f 1736/1736/1736 1737/1737/1737 1738/1738/1738
f 1736/1736/1736 1738/1738/1738 1739/1739/1739
f 1740/1740/1740 1741/1741/1741 1742/1742/1742
f 1740/1740/1740 1742/1742/1742 1743/1743/1743
f 1744/1744/1744 1745/1745/1745 1746/1746/1746
f 1744/1744/1744 1746/1746/1746 1747/1747/1747
f 1748/1748/1748 1749/1749/1749 1750/1750/1750
f 1748/1748/1748 1750/1750/1750 1751/1751/1751
f 1752/1752/1752 1753/1753/1753 1754/1754/1754
f 1752/1752/1752 1754/1754/1754 1755/1755/1755
f 1756/1756/1756 1757/1757/1757 1758/1758/1758
f 1756/1756/1756 1758/1758/1758 1759/1759/1759
f 1760/1760/1760 1761/1761/1761 1762/1762/1762
f 1760/1760/1760 1762/1762/1762 1763/1763/1763
f 1764/1764/1764 1765/1765/1765 1766/1766/1766
f 1764/1764/1764 1766/1766/1766 1767/1767/1767
f 1768/1768/1768 1769/1769/1769 1770/1770/1770
f 1768/1768/1768 1770/1770/1770 1771/1771/1771
f 1772/1772/1772 1773/1773/1773 1774/1774/1774
f 1772/1772/1772 1774/1774/1774 1775/1775/1775
f 1776/1776/1776 1777/1777/1777 1778/1778/1778
f 1776/1776/1776 1778/1778/1778 1779/1779/1779
f 1780/1780/1780 1781/1781/1781 1782/1782/1782
f 1780/1780/1780 1782/1782/1782 1783/1783/1783
f 1784/1784/1784 1785/1785/1785 1786/1786/1786
f 1784/1784/1784 1786/1786/1786 1787/1787/1787
f 1788/1788/1788 1789/1789/1789 1790/1790/1790
f 1788/1788/1788 1790/1790/1790 1791/1791/1791
f 1792/1792/1792 1793/1793/1793 1794/1794/1794
f 1792/1792/1792 1794/1794/1794 1795/1795/1795
f 1796/1796/1796 1797/1797/1797 1798/1798/1798
f 1796/1796/1796 1798/1798/1798 1799/1799/1799
f 1800/1800/1800 1801/1801/1801 1802/1802/1802
f 1800/1800/1800 1802/1802/1802 1803/1803/1803
f 1804/1804/1804 1805/1805/1805 1806/1806/1806
f 1804/1804/1804 1806/1806/1806 1807/1807/1807
f 1808/1808/1808 1809/1809/1809 1810/1810/1810
f 1808/1808/1808 1810/1810/1810 1811/1811/1811
f 1812/1812/1812 1813/1813/1813 1814/1814/1814
f 1812/1812/1812 1814/1814/1814 1815/1815/1815
f 1816/1816/1816 1817/1817/1817 1818/1818/1818
f 1816/1816/1816 1818/1818/1818 1819/1819/1819
f 1820/1820/1820 1821/1821/1821 1822/1822/1822
f 1820/1820/1820 1822/1822/1822 1823/1823/1823
f 1824/1824/1824 1825/1825/1825 1826/1826/1826
f 1824/1824/1824 1826/1826/1826 1827/1827/1827
f 1828/1828/1828 1829/1829/1829 1830/1830/1830
f 1828/1828/1828 1830/1830/1830 1831/1831/1831
f 1832/1832/1832 1833/1833/1833 1834/1834/1834
f 1832/1832/1832 1834/1834/1834 1835/1835/1835
f 1836/1836/1836 1837/1837/1837 1838/1838/1838
f 1836/1836/1836 1838/1838/1838 1839/1839/1839
f 1840/1840/1840 1841/1841/1841 1842/1842/1842
f 1840/1840/1840 1842/1842/1842 1843/1843/1843
f 1844/1844/1844 1845/1845/1845 1846/1846/1846
f 1844/1844/1844 1846/1846/1846 1847/1847/1847
f 1848/1848/1848 1849/1849/1849 1850/1850/1850
f 1848/1848/1848 1850/1850/1850 1851/1851/1851
f 1852/1852/1852 1853/1853/1853 1854/1854/1854
f 1852/1852/1852 1854/1854/1854 1855/1855/1855
f 1856/1856/1856 1857/1857/1857 1858/1858/1858
f 1856/1856/1856 1858/1858/1858 1859/1859/1859
f 1860/1860/1860 1861/1861/1861 1862/1862/1862
f 1860/1860/1860 1862/1862/1862 1863/1863/1863
f 1864/1864/1864 1865/1865/1865 1866/1866/1866
f 1864/1864/1864 1866/1866/1866 1867/1867/1867
f 1868/1868/1868 1869/1869/1869 1870/1870/1870
f 1868/1868/1868 1870/1870/1870 1871/1871/1871
f 1872/1872/1872 1873/1873/1873 1874/1874/1874
f 1872/1872/1872 1874/1874/1874 1875/1875/1875
f 1876/1876/1876 1877/1877/1877 1878/1878/1878
f 1876/1876/1876 1878/1878/1878 1879/1879/1879
f 1880/1880/1880 1881/1881/1881 1882/1882/1882
f 1880/1880/1880 1882/1882/1882 1883/1883/1883
f 1884/1884/1884 1885/1885/1885 1886/1886/1886
f 1884/1884/1884 1886/1886/1886 1887/1887/1887
f 1888/1888/1888 1889/1889/1889 1890/1890/1890
f 1888/1888/1888 1890/1890/1890 1891/1891/1891
f 1892/1892/1892 1893/1893/1893 1894/1894/1894
f 1892/1892/1892 1894/1894/1894 1895/1895/1895
f 1896/1896/1896 1897/1897/1897 1898/1898/1898
f 1896/1896/1896 1898/1898/1898 1899/1899/1899
f 1900/1900/1900 1901/1901/1901 1902/1902/1902
f 1900/1900/1900 1902/1902/1902 1903/1903/1903
f 1904/1904/1904 1905/1905/1905 1906/1906/1906
f 1904/1904/1904 1906/1906/1906 1907/1907/1907
f 1908/1908/1908 1909/1909/1909 1910/1910/1910
f 1908/1908/1908 1910/1910/1910 1911/1911/1911
f 1912/1912/1912 1913/1913/1913 1914/1914/1914
f 1912/1912/1912 1914/1914/1914 1915/1915/1915
f 1916/1916/1916 1917/1917/1917 1918/1918/1918
f 1916/1916/1916 1918/1918/1918 1919/1919/1919
f 1920/1920/1920 1921/1921/1921 1922/1922/1922
f 1920/1920/1920 1922/1922/1922 1923/1923/1923
f 1924/1924/1924 1925/1925/1925 1926/1926/1926
f 1924/1924/1924 1926/1926/1926 1927/1927/1927
f 1928/1928/1928 989/989/989 988/988/988
f 1928/1928/1928 988/988/988 1929/1929/1929
