o rook
v 0.0 0.0 0.17078708
v -0.06535735 0.0 0.15778674
v 0.0 0.0 0.0
v 0.120764695 0.0 0.120764695
v 0.06535735 0.0 0.15778668
v -0.15778674 0.0 0.06535741
v -0.17078708 0.0 0.0
v 0.17078708 0.0 0.0
v 0.15778674 0.0 0.06535741
v -0.120764695 0.0 0.120764755
v 0.0 0.0 0.17078708
v 0.0 0.0 -0.17078708
v -0.06535735 0.0 -0.15778674
v 0.120764695 0.0 -0.120764695
v 0.06535735 0.0 -0.15778671
v -0.15778674 0.0 -0.06535741
v 0.15778674 0.0 -0.06535741
v -0.120764695 0.0 -0.120764755
v 0.030506408 0.53281724 0.07364908
v 0.057237227 0.53268576 0.057237167
v 0.0 0.5319977 0.0
v -0.030506408 0.53268635 -0.07364908
v -0.057237227 0.53268576 -0.057237197
v 0.057237227 0.53268576 -0.057237167
v 0.030976497 0.53268576 -0.074783966
v 0.0736489 0.53268635 -0.030506438
v 0.074783996 0.53268576 0.030976554
v 0.07971702 0.53268635 0.0
v -0.07971725 0.53268635 0.0
v -0.07364914 0.53268635 0.030506466
v -0.057237227 0.53268576 0.057237227
v -0.030976497 0.53268576 0.074783996
v 0.0 0.53268635 -0.07971716
v -0.074783996 0.53268576 -0.030976554
v 0.0 0.53281724 0.07971719
v 0.15528162 0.12026263 0.0
v 0.12468729 0.15075064 0.0
v 0.11519598 0.15075064 0.04771579
v 0.14346151 0.12026265 0.05942368
v 0.0881672 0.15075064 0.08816726
v 0.109800786 0.12026265 0.10980067
v 0.047715675 0.15075064 0.115196094
v 0.05942368 0.12026263 0.14346145
v 0.0 0.15075064 0.12468735
v 0.0 0.12026265 0.15528156
v 0.0 0.12026265 0.15528156
v 0.0 0.15075064 0.12468735
v -0.047715675 0.15075064 0.115196094
v -0.05942368 0.12026263 0.14346151
v -0.0881672 0.15075064 0.08816726
v -0.109800555 0.12026263 0.109800726
v -0.11519621 0.15075064 0.04771579
v -0.14346151 0.120262615 0.05942374
v -0.12468729 0.15075064 0.0
v -0.15528162 0.12026263 0.0
v -0.16234992 0.0037834116 0.067247584
v -0.16234992 0.048210595 0.067247584
v -0.17572615 0.048210595 0.0
v -0.17572615 0.0037834116 0.0
v -0.124257214 0.0037834116 0.124257326
v -0.124257214 0.048210595 0.124257326
v -0.06724747 0.0037834116 0.16234998
v -0.06724747 0.048210595 0.16234998
v 0.0 0.0037834116 0.17572632
v 0.0 0.048210595 0.17572632
v 0.0672477 0.0037834116 0.16234998
v 0.0672477 0.048210595 0.16234998
v 0.0 0.048210595 0.17572632
v 0.0 0.0037834116 0.17572632
v 0.124257214 0.0037834116 0.124257274
v 0.124257214 0.048210595 0.124257274
v 0.16234992 0.0037834116 0.067247584
v 0.16234992 0.048210595 0.067247584
v 0.17572615 0.0037834116 0.0
v 0.17572615 0.048210595 0.0
v -0.13814354 0.0615958 0.057220943
v -0.13794187 0.06509666 0.05713744
v -0.14930725 0.06509666 0.0
v -0.14952543 0.0615958 0.0
v -0.10573026 0.06159583 0.10573043
v -0.10557628 0.06509669 0.10557622
v -0.057220712 0.06159583 0.13814348
v -0.05713744 0.06509669 0.13794193
v 0.0 0.0615958 0.14952537
v 0.0 0.06509666 0.14930731
v 0.057220943 0.0615958 0.13814348
v 0.05713744 0.06509666 0.13794193
v 0.0 0.06509666 0.14930731
v 0.0 0.0615958 0.14952537
v 0.10573049 0.0615958 0.10573043
v 0.10557628 0.06509666 0.10557622
v 0.1381433 0.0615958 0.057220884
v 0.13794187 0.06509666 0.05713744
v 0.14952543 0.0615958 0.0
v 0.14930725 0.06509666 0.0
v -0.13794187 0.06509666 0.05713744
v -0.14681515 0.06853519 0.060812954
v -0.15891184 0.06853519 0.0
v -0.14930725 0.06509666 0.0
v -0.10557628 0.06509669 0.10557622
v -0.11236755 0.06853521 0.1123676
v -0.05713744 0.06509669 0.13794193
v -0.06081301 0.06853521 0.14681533
v 0.0 0.06509666 0.14930731
v 0.0 0.06853519 0.15891178
v 0.05713744 0.06509666 0.13794193
v 0.06081301 0.06853519 0.14681533
v 0.0 0.06853519 0.15891178
v 0.0 0.06509666 0.14930731
v 0.10557628 0.06509666 0.10557622
v 0.11236755 0.06853519 0.1123676
v 0.13794187 0.06509666 0.05713744
v 0.14681515 0.06853519 0.060812894
v 0.14930725 0.06509666 0.0
v 0.15891184 0.06853519 0.0
v -0.15646255 0.078264214 0.064808935
v -0.15803586 0.091996 0.06546057
v -0.17105667 0.091996 0.0
v -0.1693538 0.078264214 0.0
v -0.11975125 0.078264244 0.11975131
v -0.12095543 0.09199603 0.12095543
v -0.064808875 0.078264244 0.1564626
v -0.06546039 0.09199603 0.1580358
v 0.0 0.078264214 0.16935386
v 0.0 0.09199603 0.17105673
v 0.064808875 0.078264214 0.15646255
v 0.06546062 0.091996 0.1580358
v 0.0 0.09199603 0.17105673
v 0.0 0.078264214 0.16935386
v 0.11975125 0.078264214 0.11975125
v 0.12095543 0.09199603 0.12095537
v 0.15646255 0.078264214 0.064808935
v 0.15803586 0.09199603 0.06546057
v 0.1693538 0.078264214 0.0
v 0.17105667 0.091996 0.0
v -0.15306678 0.10612931 0.06340239
v -0.16567822 0.10612931 0.0
v -0.11715216 0.10612931 0.11715233
v -0.06340233 0.10612931 0.15306684
v 0.0 0.10612934 0.16567834
v 0.06340233 0.10612931 0.15306678
v 0.0 0.10612934 0.16567834
v 0.11715239 0.10612934 0.11715228
v 0.15306678 0.10612934 0.06340239
v 0.16567822 0.10612931 0.0
v 0.1693538 0.078264214 0.0
v 0.15646255 0.078264214 0.064808935
v 0.11975125 0.078264214 0.11975125
v 0.064808875 0.078264214 0.15646255
v 0.0 0.078264214 0.16935386
v 0.0 0.078264214 0.16935386
v -0.064808875 0.078264244 0.1564626
v -0.11975125 0.078264244 0.11975131
v -0.15646255 0.078264214 0.064808935
v -0.1693538 0.078264214 0.0
v 0.1745736 0.05254344 0.0
v 0.16366622 0.057830766 0.0
v 0.15120783 0.057830766 0.06263236
v 0.16128483 0.05254344 0.06680646
v 0.11572957 0.057830766 0.11572951
v 0.12344217 0.05254344 0.12344217
v 0.06263242 0.057830766 0.1512079
v 0.06680646 0.05254344 0.16128501
v 0.0 0.057830766 0.16366628
v 0.0 0.05254344 0.1745736
v 0.0 0.05254344 0.1745736
v 0.0 0.057830766 0.16366628
v -0.06263242 0.057830766 0.1512079
v -0.06680623 0.05254344 0.16128501
v -0.11572957 0.057830766 0.11572957
v -0.12344217 0.05254344 0.12344223
v -0.15120783 0.057830766 0.06263236
v -0.16128483 0.05254344 0.06680646
v -0.16366622 0.057830766 0.0
v -0.1745736 0.05254344 0.0
v -0.16128483 0.05254344 0.06680646
v -0.1745736 0.05254344 0.0
v -0.12344217 0.05254344 0.12344223
v -0.06680623 0.05254344 0.16128501
v 0.0 0.05254344 0.1745736
v 0.06680646 0.05254344 0.16128501
v 0.0 0.05254344 0.1745736
v 0.12344217 0.05254344 0.12344217
v 0.16128483 0.05254344 0.06680646
v 0.1745736 0.05254344 0.0
v 0.17078708 0.0 0.0
v 0.17572615 0.0037834116 0.0
v 0.16234992 0.0037834116 0.067247584
v 0.15778674 0.0 0.06535741
v 0.124257214 0.0037834116 0.124257274
v 0.120764695 0.0 0.120764695
v 0.0672477 0.0037834116 0.16234998
v 0.06535735 0.0 0.15778668
v 0.0 0.0037834116 0.17572632
v 0.0 0.0 0.17078708
v 0.0 0.0 0.17078708
v 0.0 0.0037834116 0.17572632
v -0.06724747 0.0037834116 0.16234998
v -0.06535735 0.0 0.15778674
v -0.124257214 0.0037834116 0.124257326
v -0.120764695 0.0 0.120764755
v -0.16234992 0.0037834116 0.067247584
v -0.15778674 0.0 0.06535741
v -0.17572615 0.0037834116 0.0
v -0.17078708 0.0 0.0
v 0.14346151 0.12026265 -0.05942371
v 0.11519598 0.15075064 -0.04771579
v 0.109800786 0.12026265 -0.10980067
v 0.0881672 0.15075064 -0.08816726
v 0.05942368 0.12026263 -0.14346148
v 0.047715675 0.15075064 -0.11519604
v 0.0 0.12026265 -0.15528156
v 0.0 0.15075064 -0.12468732
v -0.05942368 0.12026263 -0.14346151
v -0.047715675 0.15075064 -0.115196094
v -0.109800555 0.12026263 -0.1098007
v -0.0881672 0.15075064 -0.08816726
v -0.14346151 0.120262615 -0.05942371
v -0.11519621 0.15075064 -0.04771579
v -0.16234992 0.0037834116 -0.067247584
v -0.16234992 0.048210595 -0.067247584
v -0.124257214 0.0037834116 -0.124257326
v -0.124257214 0.048210595 -0.124257326
v -0.06724747 0.0037834116 -0.16234998
v -0.06724747 0.048210595 -0.16234998
v 0.0 0.0037834116 -0.17572632
v 0.0 0.048210595 -0.17572632
v 0.0672477 0.0037834116 -0.16234995
v 0.0672477 0.048210595 -0.16234995
v 0.124257214 0.0037834116 -0.124257274
v 0.124257214 0.048210595 -0.124257274
v 0.16234992 0.0037834116 -0.06724756
v 0.16234992 0.048210595 -0.06724756
v -0.13814354 0.0615958 -0.057220913
v -0.13794187 0.06509666 -0.05713744
v -0.10573026 0.06159583 -0.10573046
v -0.10557628 0.06509669 -0.10557622
v -0.057220712 0.06159583 -0.13814348
v -0.05713744 0.06509669 -0.13794196
v 0.0 0.0615958 -0.1495254
v 0.0 0.06509666 -0.14930731
v 0.057220943 0.0615958 -0.13814345
v 0.05713744 0.06509666 -0.13794193
v 0.10573049 0.0615958 -0.10573043
v 0.10557628 0.06509666 -0.10557619
v 0.1381433 0.0615958 -0.057220913
v 0.13794187 0.06509666 -0.05713744
v -0.13794187 0.06509666 -0.05713744
v -0.14681515 0.06853519 -0.060812924
v -0.10557628 0.06509669 -0.10557622
v -0.11236755 0.06853521 -0.1123676
v -0.05713744 0.06509669 -0.13794196
v -0.06081301 0.06853521 -0.14681533
v 0.0 0.06509666 -0.14930731
v 0.0 0.06853519 -0.15891178
v 0.05713744 0.06509666 -0.13794193
v 0.06081301 0.06853519 -0.14681533
v 0.10557628 0.06509666 -0.10557619
v 0.11236755 0.06853519 -0.11236757
v 0.13794187 0.06509666 -0.05713744
v 0.14681515 0.06853519 -0.060812924
v -0.15646255 0.078264214 -0.064808935
v -0.15803586 0.091996 -0.06546059
v -0.11975125 0.078264244 -0.11975128
v -0.12095543 0.09199603 -0.12095543
v -0.064808875 0.078264244 -0.15646257
v -0.06546039 0.09199603 -0.1580358
v 0.0 0.078264214 -0.16935386
v 0.0 0.09199603 -0.17105673
v 0.064808875 0.078264214 -0.15646255
v 0.06546062 0.091996 -0.1580358
v 0.11975125 0.078264214 -0.11975125
v 0.12095543 0.09199603 -0.12095537
v 0.15646255 0.078264214 -0.064808935
v 0.15803586 0.09199603 -0.06546059
v -0.15306678 0.10612931 -0.06340239
v -0.11715216 0.10612931 -0.1171523
v -0.06340233 0.10612931 -0.15306684
v 0.0 0.10612934 -0.16567834
v 0.06340233 0.10612931 -0.15306678
v 0.11715239 0.10612934 -0.11715228
v 0.15306678 0.10612934 -0.06340239
v 0.15646255 0.078264214 -0.064808935
v 0.11975125 0.078264214 -0.11975125
v 0.064808875 0.078264214 -0.15646255
v 0.0 0.078264214 -0.16935386
v -0.064808875 0.078264244 -0.15646257
v -0.11975125 0.078264244 -0.11975128
v -0.15646255 0.078264214 -0.064808935
v 0.16128483 0.05254344 -0.06680646
v 0.15120783 0.057830766 -0.06263236
v 0.12344217 0.05254344 -0.12344217
v 0.11572957 0.057830766 -0.11572951
v 0.06680646 0.05254344 -0.16128498
v 0.06263242 0.057830766 -0.1512079
v 0.0 0.05254344 -0.1745736
v 0.0 0.057830766 -0.16366625
v -0.06680623 0.05254344 -0.16128501
v -0.06263242 0.057830766 -0.15120792
v -0.12344217 0.05254344 -0.12344223
v -0.11572957 0.057830766 -0.11572954
v -0.16128483 0.05254344 -0.06680646
v -0.15120783 0.057830766 -0.06263239
v -0.16128483 0.05254344 -0.06680646
v -0.12344217 0.05254344 -0.12344223
v -0.06680623 0.05254344 -0.16128501
v 0.0 0.05254344 -0.1745736
v 0.06680646 0.05254344 -0.16128498
v 0.12344217 0.05254344 -0.12344217
v 0.16128483 0.05254344 -0.06680646
v 0.15778674 0.0 -0.06535741
v 0.16234992 0.0037834116 -0.06724756
v 0.120764695 0.0 -0.120764695
v 0.124257214 0.0037834116 -0.124257274
v 0.06535735 0.0 -0.15778671
v 0.0672477 0.0037834116 -0.16234995
v 0.0 0.0 -0.17078708
v 0.0 0.0037834116 -0.17572632
v -0.06535735 0.0 -0.15778674
v -0.06724747 0.0037834116 -0.16234998
v -0.120764695 0.0 -0.120764755
v -0.124257214 0.0037834116 -0.124257326
v -0.15778674 0.0 -0.06535741
v -0.16234992 0.0037834116 -0.067247584
v -0.08875359 0.161664 -0.08875362
v -0.11596217 0.161664 -0.04803312
v -0.1152446 0.16366799 -0.04773591
v -0.08820441 0.16366799 -0.08820447
v 0.08875359 0.161664 0.08875359
v 0.11596194 0.161664 0.04803312
v 0.1152446 0.16366799 0.04773591
v 0.08820441 0.16366799 0.08820447
v -0.12551652 0.161664 0.0
v -0.12473986 0.16366799 0.0
v 0.048032943 0.161664 0.11596217
v 0.04773591 0.16366799 0.11524466
v 0.12551652 0.161664 0.0
v 0.11596194 0.161664 -0.04803309
v 0.1152446 0.16366799 -0.04773591
v 0.12473986 0.16366799 0.0
v 0.0 0.161664 0.12551652
v 0.0 0.16366799 0.124739915
v 0.08875359 0.161664 -0.08875359
v 0.08820441 0.16366799 -0.08820444
v -0.048032943 0.161664 0.11596217
v 0.0 0.161664 0.12551652
v 0.0 0.16366799 0.124739915
v -0.04773591 0.16366799 0.11524471
v 0.048032943 0.161664 -0.11596214
v 0.04773591 0.16366799 -0.11524466
v -0.08875359 0.161664 0.08875359
v -0.08820441 0.16366799 0.08820447
v 0.0 0.161664 -0.12551652
v 0.0 0.16366799 -0.124739915
v -0.11596217 0.161664 0.04803312
v -0.1152446 0.16366799 0.04773591
v -0.048032943 0.161664 -0.11596217
v -0.04773591 0.16366799 -0.11524468
v 0.08127614 0.18040317 0.08127614
v 0.1061922 0.18040317 0.043986313
v 0.10231776 0.18082602 0.04238148
v 0.078310706 0.18082602 0.078310706
v 0.1061922 0.18040317 -0.043986343
v 0.08127614 0.18040317 -0.08127614
v 0.078310706 0.18082602 -0.078310706
v 0.10231776 0.18082602 -0.04238145
v 0.04398614 0.18040317 0.10619243
v 0.04238142 0.18082602 0.10231787
v 0.04398614 0.18040317 -0.10619238
v 0.04238142 0.18082602 -0.10231787
v 0.0 0.18040317 0.114941806
v 0.0 0.18082602 0.11074805
v 0.0 0.18040317 -0.114941806
v 0.0 0.18082602 -0.11074805
v -0.04398614 0.18040317 0.10619243
v 0.0 0.18040317 0.114941806
v 0.0 0.18082602 0.11074805
v -0.04238142 0.18082602 0.10231787
v -0.04398614 0.18040317 -0.10619241
v -0.04238142 0.18082602 -0.10231787
v -0.08127614 0.18040317 0.08127614
v -0.078310706 0.18082602 0.078310706
v -0.08127614 0.18040317 -0.08127614
v -0.078310706 0.18082602 -0.078310706
v -0.10619243 0.18040317 0.043986373
v -0.10231799 0.18082602 0.04238148
v -0.10619243 0.18040317 -0.043986343
v -0.10231799 0.18082602 -0.04238145
v -0.114941746 0.18040317 0.0
v -0.11074794 0.18082602 0.0
v 0.114941746 0.18040317 0.0
v 0.11074794 0.18082602 0.0
v 0.12010899 0.17085327 0.0
v 0.110966116 0.17085327 -0.04596375
v 0.11150459 0.17464298 -0.046186756
v 0.120691665 0.17464298 0.0
v -0.110966355 0.17085327 -0.04596375
v -0.12010899 0.17085327 0.0
v -0.120691895 0.17464298 0.0
v -0.11150482 0.17464298 -0.046186786
v 0.110966116 0.17085327 0.04596378
v 0.11150459 0.17464298 0.046186786
v -0.110966355 0.17085327 0.04596378
v -0.11150482 0.17464298 0.046186786
v -0.08492985 0.17085327 -0.084929936
v -0.08534202 0.17464298 -0.08534202
v -0.08492985 0.17085327 0.084929906
v -0.08534202 0.17464298 0.08534202
v -0.04596372 0.17085327 -0.110966295
v -0.046186786 0.17464298 -0.11150474
v -0.04596372 0.17085327 0.110966295
v -0.046186786 0.17464298 0.11150471
v 0.0 0.17085327 -0.12010902
v 0.0 0.17464298 -0.120691836
v 0.0 0.17085327 0.12010905
v 0.0 0.17464298 0.120691836
v 0.04596372 0.17085327 -0.110966265
v 0.04618655 0.17464298 -0.11150471
v 0.0 0.17085327 0.12010905
v 0.04596372 0.17085327 0.110966295
v 0.04618655 0.17464298 0.11150471
v 0.0 0.17464298 0.120691836
v 0.08492985 0.17085327 -0.084929906
v 0.08534202 0.17464298 -0.08534199
v 0.08492985 0.17085327 0.084929906
v 0.08534202 0.17464298 0.08534202
v 0.11036996 0.17773451 -0.045716785
v 0.11946376 0.17773451 0.0
v -0.11946376 0.17773451 0.0
v -0.1103702 0.17773451 -0.045716785
v 0.11036996 0.17773451 0.045716815
v -0.1103702 0.17773451 0.045716815
v -0.08447372 0.17773451 -0.08447363
v -0.08447372 0.17773451 0.0844736
v -0.045716695 0.17773451 -0.11037011
v -0.045716695 0.17773451 0.11037008
v 0.0 0.17773451 -0.1194637
v 0.0 0.17773451 0.1194637
v 0.045716695 0.17773451 -0.11037008
v 0.045716695 0.17773451 0.11037008
v 0.0 0.17773451 0.1194637
v 0.08447348 0.17773451 -0.0844736
v 0.08447348 0.17773451 0.0844736
v 0.08170157 0.16845994 0.08170169
v 0.10674835 0.16845994 0.044216648
v 0.110966116 0.17085327 0.04596378
v 0.08492985 0.17085327 0.084929906
v 0.10674835 0.16845994 -0.044216648
v 0.08170157 0.16845994 -0.08170169
v 0.08492985 0.17085327 -0.084929906
v 0.110966116 0.17085327 -0.04596375
v 0.044216417 0.16845994 0.10674841
v 0.04596372 0.17085327 0.110966295
v 0.044216417 0.16845994 -0.10674838
v 0.04596372 0.17085327 -0.110966265
v 0.0 0.16845994 0.115543604
v 0.0 0.17085327 0.12010905
v 0.0 0.16845994 -0.115543604
v 0.0 0.17085327 -0.12010902
v -0.044216648 0.16845994 0.10674841
v 0.0 0.16845994 0.115543604
v 0.0 0.17085327 0.12010905
v -0.04596372 0.17085327 0.110966295
v -0.044216648 0.16845994 -0.10674841
v -0.04596372 0.17085327 -0.110966295
v -0.08170157 0.16845994 0.08170169
v -0.08492985 0.17085327 0.084929906
v -0.08170157 0.16845994 -0.08170169
v -0.08492985 0.17085327 -0.084929936
v -0.10674835 0.16845994 0.044216648
v -0.110966355 0.17085327 0.04596378
v -0.10674835 0.16845994 -0.044216648
v -0.110966355 0.17085327 -0.04596375
v -0.11554372 0.16845994 0.0
v -0.12010899 0.17085327 0.0
v 0.115543485 0.16845994 0.0
v 0.12010899 0.17085327 0.0
v 0.11946376 0.17773451 0.0
v 0.11036996 0.17773451 -0.045716785
v -0.1103702 0.17773451 -0.045716785
v -0.11946376 0.17773451 0.0
v 0.11036996 0.17773451 0.045716815
v -0.1103702 0.17773451 0.045716815
v -0.08447372 0.17773451 -0.08447363
v -0.08447372 0.17773451 0.0844736
v -0.045716695 0.17773451 -0.11037011
v -0.045716695 0.17773451 0.11037008
v 0.0 0.17773451 -0.1194637
v 0.0 0.17773451 0.1194637
v 0.045716695 0.17773451 -0.11037008
v 0.0 0.17773451 0.1194637
v 0.045716695 0.17773451 0.11037008
v 0.08447348 0.17773451 -0.0844736
v 0.08447348 0.17773451 0.0844736
v 0.07413318 0.48043656 0.07413318
v 0.09685952 0.48043656 0.04012059
v 0.09709771 0.48463485 0.040219273
v 0.07431531 0.48463485 0.07431548
v 0.10484009 0.48043656 0.0
v 0.09685952 0.48043656 -0.04012059
v 0.09709771 0.48463485 -0.040219244
v 0.105097815 0.48463485 0.0
v -0.09685976 0.48043656 -0.04012059
v -0.10484009 0.48043656 0.0
v -0.10509805 0.48463485 0.0
v -0.09709794 0.48463485 -0.040219244
v -0.09685976 0.48043656 0.04012059
v -0.09709794 0.48463485 0.040219273
v -0.07413318 0.48043656 -0.07413318
v -0.07431554 0.48463485 -0.07431548
v -0.07413318 0.48043656 0.07413318
v -0.07431554 0.48463485 0.07431548
v -0.040120535 0.48043656 -0.09685964
v -0.04021939 0.48463485 -0.09709783
v -0.040120535 0.48043656 0.09685964
v -0.04021939 0.48463485 0.09709783
v 0.0 0.48043656 -0.104840115
v 0.0 0.48463485 -0.10509793
v 0.0 0.48043656 0.104840145
v 0.0 0.48463485 0.10509793
v 0.040120535 0.48043656 -0.09685964
v 0.040219158 0.48463485 -0.09709783
v 0.0 0.48043656 0.104840145
v 0.040120535 0.48043656 0.09685964
v 0.040219158 0.48463485 0.09709783
v 0.0 0.48463485 0.10509793
v 0.07413318 0.48043656 -0.07413315
v 0.07431531 0.48463485 -0.07431545
v -0.04238142 0.18082602 -0.10231787
v -0.078310706 0.18082602 -0.078310706
v -0.071622476 0.47796384 -0.071622595
v -0.038761906 0.47796384 -0.093579434
v -0.078310706 0.18082602 0.078310706
v -0.04238142 0.18082602 0.10231787
v -0.038761906 0.47796384 0.093579434
v -0.071622476 0.47796384 0.071622595
v 0.0 0.18082602 -0.11074805
v 0.0 0.47796384 -0.10128963
v 0.0 0.18082602 0.11074805
v 0.0 0.47796384 0.1012896
v 0.04238142 0.18082602 -0.10231787
v 0.038761906 0.47796384 -0.093579404
v 0.0 0.18082602 0.11074805
v 0.04238142 0.18082602 0.10231787
v 0.038761906 0.47796384 0.093579434
v 0.0 0.47796384 0.1012896
v 0.078310706 0.18082602 -0.078310706
v 0.071622476 0.47796384 -0.071622595
v 0.078310706 0.18082602 0.078310706
v 0.071622476 0.47796384 0.071622595
v 0.10231776 0.18082602 -0.04238145
v 0.093579374 0.47796384 -0.038761877
v 0.10231776 0.18082602 0.04238148
v 0.093579374 0.47796384 0.038761847
v 0.11074794 0.18082602 0.0
v 0.10128942 0.47796384 0.0
v -0.10231799 0.18082602 -0.04238145
v -0.11074794 0.18082602 0.0
v -0.10128966 0.47796384 0.0
v -0.093579374 0.47796384 -0.038761877
v -0.10231799 0.18082602 0.04238148
v -0.093579374 0.47796384 0.038761847
v -0.078975484 0.49784413 -0.078975305
v -0.103186056 0.49784413 -0.04274114
v -0.10365987 0.5089897 -0.04293731
v -0.07933787 0.5089897 -0.07933781
v -0.111688115 0.49784413 0.0
v -0.103186056 0.49784413 0.04274114
v -0.10365987 0.5089897 0.04293734
v -0.11220077 0.5089897 0.0
v 0.103186056 0.49784413 0.04274114
v 0.111687884 0.49784413 0.0
v 0.112200536 0.5089897 0.0
v 0.10365964 0.5089897 0.04293734
v 0.103186056 0.49784413 -0.04274114
v 0.10365964 0.5089897 -0.04293731
v 0.078975245 0.49784413 0.078975305
v 0.07933787 0.5089897 0.07933781
v 0.078975245 0.49784413 -0.078975305
v 0.07933787 0.5089897 -0.07933778
v 0.042741023 0.49784413 0.103186235
v 0.04293734 0.5089897 0.10365987
v 0.042741023 0.49784413 -0.103186205
v 0.04293734 0.5089897 -0.10365981
v 0.0 0.49784413 0.11168794
v 0.0 0.5089897 0.112200595
v 0.0 0.49784413 -0.11168794
v 0.0 0.5089897 -0.112200595
v -0.042741258 0.49784413 0.103186235
v 0.0 0.49784413 0.11168794
v 0.0 0.5089897 0.112200595
v -0.04293734 0.5089897 0.10365987
v -0.042741258 0.49784413 -0.103186235
v -0.04293734 0.5089897 -0.10365984
v -0.078975484 0.49784413 0.078975305
v -0.07933787 0.5089897 0.07933781
v -0.09500965 0.4871917 0.039354283
v -0.0727171 0.4871917 0.07271716
v -0.078975484 0.49784413 0.078975305
v -0.103186056 0.49784413 0.04274114
v -0.039354343 0.4871917 -0.09500956
v -0.0727171 0.4871917 -0.07271716
v -0.078975484 0.49784413 -0.078975305
v -0.042741258 0.49784413 -0.103186235
v -0.039354343 0.4871917 0.09500959
v -0.042741258 0.49784413 0.103186235
v 0.0 0.4871917 -0.10283756
v 0.0 0.49784413 -0.11168794
v 0.0 0.4871917 0.10283756
v 0.0 0.49784413 0.11168794
v 0.039354112 0.4871917 -0.09500953
v 0.042741023 0.49784413 -0.103186205
v 0.0 0.4871917 0.10283756
v 0.039354112 0.4871917 0.09500953
v 0.042741023 0.49784413 0.103186235
v 0.0 0.49784413 0.11168794
v 0.0727171 0.4871917 -0.07271716
v 0.078975245 0.49784413 -0.078975305
v 0.0727171 0.4871917 0.07271716
v 0.078975245 0.49784413 0.078975305
v 0.09500941 0.4871917 -0.039354257
v 0.103186056 0.49784413 -0.04274114
v 0.09500941 0.4871917 0.039354227
v 0.103186056 0.49784413 0.04274114
v 0.10283762 0.4871917 0.0
v 0.111687884 0.49784413 0.0
v -0.09500965 0.4871917 -0.039354257
v -0.10283762 0.4871917 0.0
v -0.111688115 0.49784413 0.0
v -0.103186056 0.49784413 -0.04274114
v 0.11505549 0.5188922 -0.047657583
v 0.08805974 0.5188922 -0.08805971
v 0.08298321 0.52243656 -0.08298332
v 0.10842285 0.52243656 -0.044910267
v 0.047657527 0.5188922 0.115055606
v 0.08805974 0.5188922 0.08805974
v 0.08298321 0.52243656 0.08298332
v 0.044910267 0.52243656 0.10842297
v 0.047657527 0.5188922 -0.115055546
v 0.044910267 0.52243656 -0.10842291
v 0.0 0.5188922 0.12453523
v 0.0 0.52243656 0.11735615
v 0.0 0.5188922 -0.12453523
v 0.0 0.52243656 -0.11735615
v -0.047657527 0.5188922 0.115055606
v 0.0 0.5188922 0.12453523
v 0.0 0.52243656 0.11735615
v -0.044910267 0.52243656 0.10842297
v -0.047657527 0.5188922 -0.115055576
v -0.044910267 0.52243656 -0.10842297
v -0.08805974 0.5188922 0.08805974
v -0.08298344 0.52243656 0.08298338
v -0.08805974 0.5188922 -0.08805974
v -0.08298344 0.52243656 -0.08298335
v -0.115055725 0.5188922 0.047657583
v -0.10842285 0.52243656 0.044910267
v -0.115055725 0.5188922 -0.047657583
v -0.10842285 0.52243656 -0.044910267
v -0.124535404 0.5188922 0.0
v -0.11735615 0.52243656 0.0
v 0.11505549 0.5188922 0.047657583
v 0.12453517 0.5188922 0.0
v 0.11735615 0.52243656 0.0
v 0.10842285 0.52243656 0.044910267
v 0.08790762 0.51398087 0.08790756
v 0.114856616 0.51398087 0.047575243
v 0.11505549 0.5188922 0.047657583
v 0.08805974 0.5188922 0.08805974
v 0.124319784 0.51398087 0.0
v 0.114856616 0.51398087 -0.047575243
v 0.11505549 0.5188922 -0.047657583
v 0.12453517 0.5188922 0.0
v -0.114856616 0.51398087 -0.047575243
v -0.12432025 0.51398087 0.0
v -0.124535404 0.5188922 0.0
v -0.115055725 0.5188922 -0.047657583
v -0.114856616 0.51398087 0.047575243
v -0.115055725 0.5188922 0.047657583
v -0.08790762 0.51398087 -0.08790756
v -0.08805974 0.5188922 -0.08805974
v -0.08790762 0.51398087 0.08790756
v -0.08805974 0.5188922 0.08805974
v -0.047575183 0.51398087 -0.114856735
v -0.047657527 0.5188922 -0.115055576
v -0.047575183 0.51398087 0.114856735
v -0.047657527 0.5188922 0.115055606
v 0.0 0.51398087 -0.124320015
v 0.0 0.5188922 -0.12453523
v 0.0 0.51398087 0.124320015
v 0.0 0.5188922 0.12453523
v 0.047575183 0.51398087 -0.114856705
v 0.047657527 0.5188922 -0.115055546
v 0.0 0.51398087 0.124320015
v 0.047575183 0.51398087 0.114856735
v 0.047657527 0.5188922 0.115055606
v 0.0 0.5188922 0.12453523
v 0.08790762 0.51398087 -0.08790753
v 0.08805974 0.5188922 -0.08805971
v 0.10365964 0.5089897 -0.04293731
v 0.07933787 0.5089897 -0.07933778
v 0.085083604 0.51049554 -0.085083686
v 0.11116709 0.51049554 -0.04604696
v 0.11116709 0.51049554 -0.04604696
v 0.085083604 0.51049554 -0.085083686
v 0.08790762 0.51398087 -0.08790753
v 0.114856616 0.51398087 -0.047575243
v 0.04293734 0.5089897 0.10365987
v 0.07933787 0.5089897 0.07933781
v 0.085083604 0.51049554 0.085083656
v 0.04604699 0.51049554 0.11116721
v 0.04604699 0.51049554 0.11116721
v 0.085083604 0.51049554 0.085083656
v 0.08790762 0.51398087 0.08790756
v 0.047575183 0.51398087 0.114856735
v 0.04293734 0.5089897 -0.10365981
v 0.04604699 0.51049554 -0.11116718
v 0.04604699 0.51049554 -0.11116718
v 0.047575183 0.51398087 -0.114856705
v 0.0 0.5089897 0.112200595
v 0.0 0.51049554 0.120326534
v 0.0 0.51049554 0.120326534
v 0.0 0.51398087 0.124320015
v 0.0 0.5089897 -0.112200595
v 0.0 0.51049554 -0.120326504
v 0.0 0.51049554 -0.120326504
v 0.0 0.51398087 -0.124320015
v -0.04293734 0.5089897 0.10365987
v 0.0 0.5089897 0.112200595
v 0.0 0.51049554 0.120326534
v -0.04604699 0.51049554 0.11116721
v -0.04604699 0.51049554 0.11116721
v 0.0 0.51049554 0.120326534
v 0.0 0.51398087 0.124320015
v -0.047575183 0.51398087 0.114856735
v -0.04293734 0.5089897 -0.10365984
v -0.04604699 0.51049554 -0.11116721
v -0.04604699 0.51049554 -0.11116721
v -0.047575183 0.51398087 -0.114856735
v -0.07933787 0.5089897 0.07933781
v -0.085083604 0.51049554 0.085083716
v -0.085083604 0.51049554 0.085083716
v -0.08790762 0.51398087 0.08790756
v -0.07933787 0.5089897 -0.07933781
v -0.085083604 0.51049554 -0.085083716
v -0.085083604 0.51049554 -0.085083716
v -0.08790762 0.51398087 -0.08790756
v -0.10365987 0.5089897 0.04293734
v -0.11116709 0.51049554 0.04604699
v -0.11116709 0.51049554 0.04604699
v -0.114856616 0.51398087 0.047575243
v -0.10365987 0.5089897 -0.04293731
v -0.11116709 0.51049554 -0.04604699
v -0.11116709 0.51049554 -0.04604699
v -0.114856616 0.51398087 -0.047575243
v -0.11220077 0.5089897 0.0
v -0.120326474 0.51049554 0.0
v -0.120326474 0.51049554 0.0
v -0.12432025 0.51398087 0.0
v 0.10365964 0.5089897 0.04293734
v 0.112200536 0.5089897 0.0
v 0.120326474 0.51049554 0.0
v 0.11116709 0.51049554 0.04604699
v 0.11116709 0.51049554 0.04604699
v 0.120326474 0.51049554 0.0
v 0.124319784 0.51398087 0.0
v 0.114856616 0.51398087 0.047575243
v 0.04718395 0.52866775 0.113912426
v 0.08718492 0.52866775 0.08718481
v 0.088984795 0.5328045 0.088984735
v 0.048158083 0.5328045 0.11626415
v 0.08718492 0.52866775 -0.08718481
v 0.04718395 0.52866775 -0.113912396
v 0.048158083 0.5328045 -0.11626412
v 0.088984795 0.5328045 -0.088984706
v 0.0 0.52866775 0.12329791
v 0.0 0.5328045 0.12584338
v 0.0 0.52866775 -0.12329794
v 0.0 0.5328045 -0.12584338
v -0.04718395 0.52866775 0.113912426
v 0.0 0.52866775 0.12329791
v 0.0 0.5328045 0.12584338
v -0.048158083 0.5328045 0.11626415
v -0.04718395 0.52866775 -0.113912426
v -0.048158083 0.5328045 -0.11626415
v -0.08718492 0.52866775 0.08718481
v -0.088984795 0.5328045 0.088984735
v -0.08718492 0.52866775 -0.08718481
v -0.088984795 0.5328045 -0.088984735
v -0.113912486 0.52866775 0.04718412
v -0.11626409 0.5328045 0.0481582
v -0.113912486 0.52866775 -0.047184095
v -0.11626409 0.5328045 -0.0481582
v -0.12329796 0.52866775 0.0
v -0.12584332 0.5328045 0.0
v 0.113912255 0.52866775 0.047184065
v 0.12329796 0.52866775 0.0
v 0.12584332 0.5328045 0.0
v 0.11626409 0.5328045 0.0481582
v 0.113912255 0.52866775 -0.047184095
v 0.11626409 0.5328045 -0.0481582
v 0.10842285 0.5268351 -0.044910267
v 0.08298321 0.5268351 -0.08298332
v 0.08718492 0.52866775 -0.08718481
v 0.113912255 0.52866775 -0.047184095
v 0.08298321 0.5268351 0.08298332
v 0.10842285 0.5268351 0.044910267
v 0.113912255 0.52866775 0.047184065
v 0.08718492 0.52866775 0.08718481
v 0.11735615 0.5268351 0.0
v 0.12329796 0.52866775 0.0
v -0.10842285 0.5268351 -0.044910267
v -0.11735615 0.5268351 0.0
v -0.12329796 0.52866775 0.0
v -0.113912486 0.52866775 -0.047184095
v -0.10842285 0.5268351 0.044910267
v -0.113912486 0.52866775 0.04718412
v -0.08298344 0.5268351 -0.08298335
v -0.08718492 0.52866775 -0.08718481
v -0.08298344 0.5268351 0.08298338
v -0.08718492 0.52866775 0.08718481
v -0.044910267 0.5268351 -0.10842297
v -0.04718395 0.52866775 -0.113912426
v -0.044910267 0.5268351 0.10842297
v -0.04718395 0.52866775 0.113912426
v 0.0 0.5268351 -0.11735615
v 0.0 0.52866775 -0.12329794
v 0.0 0.5268351 0.11735615
v 0.0 0.52866775 0.12329791
v 0.044910267 0.5268351 -0.10842291
v 0.04718395 0.52866775 -0.113912396
v 0.0 0.5268351 0.11735615
v 0.044910267 0.5268351 0.10842297
v 0.04718395 0.52866775 0.113912426
v 0.0 0.52866775 0.12329791
v -0.12584332 0.5328045 0.0
v -0.11626409 0.5328045 0.0481582
v -0.11626409 0.551883 0.0481582
v -0.12584332 0.551883 0.0
v 0.11626409 0.5328045 0.0481582
v 0.12584332 0.5328045 0.0
v 0.12584332 0.551883 0.0
v 0.11626409 0.551883 0.0481582
v -0.11626409 0.5328045 -0.0481582
v -0.11626409 0.551883 -0.0481582
v 0.11626409 0.5328045 -0.0481582
v 0.11626409 0.551883 -0.0481582
v 0.088984795 0.5328045 0.088984735
v 0.088984795 0.551883 0.088984735
v 0.088984795 0.5328045 -0.088984706
v 0.088984795 0.551883 -0.088984706
v 0.048158083 0.5328045 0.11626415
v 0.048158083 0.551883 0.11626415
v 0.048158083 0.5328045 -0.11626412
v 0.048158083 0.551883 -0.11626412
v 0.0 0.5328045 0.12584338
v 0.0 0.551883 0.12584338
v 0.0 0.5328045 -0.12584338
v 0.0 0.551883 -0.12584338
v -0.048158083 0.5328045 0.11626415
v 0.0 0.5328045 0.12584338
v 0.0 0.551883 0.12584338
v -0.048158083 0.551883 0.11626415
v -0.048158083 0.5328045 -0.11626415
v -0.048158083 0.551883 -0.11626415
v -0.088984795 0.5328045 0.088984735
v -0.088984795 0.551883 0.088984735
v -0.088984795 0.5328045 -0.088984735
v -0.088984795 0.551883 -0.088984735
v 0.0 0.55188364 -0.095213726
v -0.03643682 0.55188364 -0.087966
v -0.030506408 0.5518868 -0.07364908
v 0.0 0.5518868 -0.07971716
v -0.068363726 0.551883 -0.068363786
v -0.057237227 0.5518862 -0.057237197
v -0.089321606 0.551883 -0.036998205
v -0.09521387 0.55188364 0.0
v -0.07971725 0.5518868 0.0
v -0.074783996 0.5518862 -0.030976554
v 0.068363726 0.551883 0.068363786
v 0.089321606 0.551883 0.036998205
v 0.074783996 0.5518862 0.030976554
v 0.057237227 0.5518862 0.057237167
v 0.03643682 0.55204004 0.087966
v 0.030506408 0.5520177 0.07364908
v -0.087966 0.55188364 0.036436703
v -0.068363726 0.551883 0.068363786
v -0.057237227 0.5518862 0.057237227
v -0.07364914 0.5518868 0.030506466
v 0.068363726 0.551883 -0.068363756
v 0.03699832 0.551883 -0.089321546
v 0.030976497 0.5518862 -0.074783966
v 0.057237227 0.5518862 -0.057237167
v -0.03699832 0.551883 0.089321546
v 0.0 0.55204004 0.0952137
v 0.0 0.5520177 0.07971719
v -0.030976497 0.5518862 0.074783996
v 0.09521364 0.55188364 0.0
v 0.07971702 0.5518868 0.0
v 0.087966 0.55188364 -0.036436733
v 0.0736489 0.5518868 -0.030506438
v 0.0 0.5520177 0.07971719
v 0.030506408 0.5520177 0.07364908
v 0.030506408 0.53281724 0.07364908
v 0.0 0.53281724 0.07971719
v -0.07971725 0.5518868 0.0
v -0.07364914 0.5518868 0.030506466
v -0.07364914 0.53268635 0.030506466
v -0.07971725 0.53268635 0.0
v -0.057237227 0.5518862 0.057237227
v -0.030976497 0.5518862 0.074783996
v -0.030976497 0.53268576 0.074783996
v -0.057237227 0.53268576 0.057237227
v 0.030976497 0.5518862 -0.074783966
v 0.0 0.5518868 -0.07971716
v 0.0 0.53268635 -0.07971716
v 0.030976497 0.53268576 -0.074783966
v 0.07971702 0.5518868 0.0
v 0.0736489 0.5518868 -0.030506438
v 0.0736489 0.53268635 -0.030506438
v 0.07971702 0.53268635 0.0
v 0.057237227 0.5518862 -0.057237167
v 0.057237227 0.53268576 -0.057237167
v -0.074783996 0.5518862 -0.030976554
v -0.074783996 0.53268576 -0.030976554
v 0.057237227 0.5518862 0.057237167
v 0.057237227 0.53268576 0.057237167
v -0.030506408 0.5518868 -0.07364908
v -0.057237227 0.5518862 -0.057237197
v -0.057237227 0.53268576 -0.057237197
v -0.030506408 0.53268635 -0.07364908
v 0.074783996 0.5518862 0.030976554
v 0.074783996 0.53268576 0.030976554
v 0.11626409 0.5843937 0.0481582
v 0.089321606 0.5843937 0.036998205
v 0.089321606 0.551883 0.036998205
v 0.11626409 0.551883 0.0481582
v 0.048158083 0.5843937 0.11626415
v 0.0 0.5843937 0.12584338
v 0.0 0.551883 0.12584338
v 0.048158083 0.551883 0.11626415
v -0.048158083 0.5843937 0.11626415
v -0.048158083 0.551883 0.11626415
v -0.088984795 0.551883 0.088984735
v -0.068363726 0.551883 0.068363786
v -0.068363726 0.5843937 0.068363786
v -0.088984795 0.5843937 0.088984735
v -0.11626409 0.5843937 -0.0481582
v -0.089321606 0.5843937 -0.036998205
v -0.089321606 0.551883 -0.036998205
v -0.11626409 0.551883 -0.0481582
v -0.088984795 0.551883 -0.088984735
v -0.068363726 0.551883 -0.068363786
v -0.068363726 0.5843937 -0.068363786
v -0.088984795 0.5843937 -0.088984735
v 0.087966 0.55188364 -0.036436733
v 0.09521364 0.55188364 0.0
v 0.09521364 0.5843937 0.0
v 0.087966 0.5843937 -0.036436733
v 0.048158083 0.5843937 -0.11626412
v 0.03699832 0.5843937 -0.089321546
v 0.03699832 0.551883 -0.089321546
v 0.048158083 0.551883 -0.11626412
v -0.048158083 0.5843937 -0.11626415
v 0.0 0.5843937 -0.12584338
v 0.0 0.551883 -0.12584338
v -0.048158083 0.551883 -0.11626415
v 0.088984795 0.5843937 0.088984735
v 0.088984795 0.551883 0.088984735
v 0.11626409 0.5843937 -0.0481582
v 0.12584332 0.5843937 0.0
v 0.12584332 0.551883 0.0
v 0.11626409 0.551883 -0.0481582
v 0.12267459 0.58750147 0.0
v 0.11333656 0.58750147 -0.04694559
v 0.09088329 0.58750147 -0.037645157
v 0.09837144 0.58750147 0.0
v 0.088984795 0.551883 0.088984735
v 0.11626409 0.551883 0.0481582
v -0.088984795 0.551883 -0.088984735
v -0.11626409 0.551883 -0.0481582
v -0.088984795 0.551883 0.088984735
v -0.048158083 0.551883 0.11626415
v 0.088984795 0.551883 -0.088984706
v 0.048158083 0.551883 -0.11626412
v -0.12584332 0.5843937 0.0
v -0.11626409 0.5843937 -0.0481582
v -0.11626409 0.551883 -0.0481582
v -0.12584332 0.551883 0.0
v 0.0 0.58750147 -0.1226747
v -0.04694553 0.58750147 -0.11333665
v -0.037645187 0.58750147 -0.090883404
v 0.0 0.58750147 -0.0983715
v -0.03643682 0.5843937 -0.087966
v -0.068363726 0.5843937 -0.068363786
v -0.068363726 0.551883 -0.068363786
v -0.03643682 0.55188364 -0.087966
v 0.0 0.58750147 0.1226747
v 0.0 0.58750147 0.0983715
v -0.03506959 0.58750147 0.0927865
v -0.04383774 0.58750147 0.11395482
v 0.03643682 0.55204004 0.087966
v 0.0 0.55204004 0.0952137
v 0.0 0.5843937 0.0952137
v 0.03643682 0.5843937 0.087966
v -0.048158083 0.5843937 0.11626415
v -0.03699832 0.5843937 0.089321546
v -0.03699832 0.551883 0.089321546
v -0.048158083 0.551883 0.11626415
v 0.04694553 0.58750147 0.11333662
v 0.037645187 0.58750147 0.090883404
v -0.088984795 0.5843937 0.088984735
v -0.11626409 0.5843937 0.0481582
v -0.11626409 0.551883 0.0481582
v -0.088984795 0.551883 0.088984735
v 0.068363726 0.5843937 -0.068363756
v 0.068363726 0.551883 -0.068363756
v 0.088984795 0.551883 0.088984735
v 0.068363726 0.551883 0.068363786
v 0.068363726 0.5843937 0.068363786
v 0.088984795 0.5843937 0.088984735
v 0.0 0.55188364 -0.095213726
v 0.03699832 0.551883 -0.089321546
v 0.03699832 0.5843937 -0.089321546
v 0.0 0.5843937 -0.095213726
v -0.12267482 0.58750147 0.0
v -0.09837144 0.58750147 0.0
v -0.09278644 0.58750147 -0.03506956
v -0.11395482 0.58750147 -0.043837797
v 0.048158083 0.5843937 -0.11626412
v 0.048158083 0.551883 -0.11626412
v -0.113336794 0.58750147 0.04694559
v -0.09088329 0.58750147 0.037645128
v -0.08850471 0.58750147 0.08410946
v -0.07230307 0.58750147 0.067907885
v -0.089321606 0.5843937 -0.036998205
v -0.09521387 0.5843937 0.0
v -0.09521387 0.55188364 0.0
v -0.089321606 0.551883 -0.036998205
v -0.087966 0.5843937 0.036436703
v -0.068363726 0.5843937 0.068363786
v -0.068363726 0.551883 0.068363786
v -0.087966 0.55188364 0.036436703
v 0.088984795 0.551883 -0.088984706
v 0.068363726 0.551883 -0.068363756
v 0.068363726 0.5843937 -0.068363756
v 0.088984795 0.5843937 -0.088984706
v 0.03506959 0.58750147 -0.09278644
v 0.04383774 0.58750147 -0.11395482
v 0.088984795 0.5843937 -0.088984706
v 0.088984795 0.551883 -0.088984706
v -0.08410946 0.58750147 -0.08850456
v -0.067907825 0.58750147 -0.07230301
v 0.089321606 0.5843937 0.036998205
v 0.089321606 0.551883 0.036998205
v 0.11626409 0.5843937 0.0481582
v 0.11626409 0.551883 0.0481582
v -0.03699832 0.5843937 0.089321546
v -0.03699832 0.551883 0.089321546
v 0.08850447 0.58750147 -0.0841094
v 0.07230307 0.58750147 -0.067907885
v 0.068363726 0.551883 0.068363786
v 0.068363726 0.5843937 0.068363786
v -0.088984795 0.5843937 -0.088984735
v -0.088984795 0.551883 -0.088984735
v 0.08410946 0.58750147 0.08850453
v 0.067907825 0.58750147 0.07230301
v 0.07431531 0.48463485 0.07431548
v 0.09709771 0.48463485 0.040219273
v 0.09500941 0.4871917 0.039354227
v 0.0727171 0.4871917 0.07271716
v 0.105097815 0.48463485 0.0
v 0.09709771 0.48463485 -0.040219244
v 0.09500941 0.4871917 -0.039354257
v 0.10283762 0.4871917 0.0
v -0.09709794 0.48463485 -0.040219244
v -0.10509805 0.48463485 0.0
v -0.10283762 0.4871917 0.0
v -0.09500965 0.4871917 -0.039354257
v -0.09709794 0.48463485 0.040219273
v -0.09500965 0.4871917 0.039354283
v -0.07431554 0.48463485 -0.07431548
v -0.0727171 0.4871917 -0.07271716
v -0.07431554 0.48463485 0.07431548
v -0.0727171 0.4871917 0.07271716
v -0.04021939 0.48463485 -0.09709783
v -0.039354343 0.4871917 -0.09500956
v -0.04021939 0.48463485 0.09709783
v -0.039354343 0.4871917 0.09500959
v 0.0 0.48463485 -0.10509793
v 0.0 0.4871917 -0.10283756
v 0.0 0.48463485 0.10509793
v 0.0 0.4871917 0.10283756
v 0.040219158 0.48463485 -0.09709783
v 0.039354112 0.4871917 -0.09500953
v 0.0 0.48463485 0.10509793
v 0.040219158 0.48463485 0.09709783
v 0.039354112 0.4871917 0.09500953
v 0.0 0.4871917 0.10283756
v 0.07431531 0.48463485 -0.07431545
v 0.0727171 0.4871917 -0.07271716
v 0.093579374 0.47796384 -0.038761877
v 0.071622476 0.47796384 -0.071622595
v 0.07413318 0.48043656 -0.07413315
v 0.09685952 0.48043656 -0.04012059
v 0.038761906 0.47796384 0.093579434
v 0.071622476 0.47796384 0.071622595
v 0.07413318 0.48043656 0.07413318
v 0.040120535 0.48043656 0.09685964
v 0.038761906 0.47796384 -0.093579404
v 0.040120535 0.48043656 -0.09685964
v 0.0 0.47796384 0.1012896
v 0.0 0.48043656 0.104840145
v 0.0 0.47796384 -0.10128963
v 0.0 0.48043656 -0.104840115
v -0.038761906 0.47796384 0.093579434
v 0.0 0.47796384 0.1012896
v 0.0 0.48043656 0.104840145
v -0.040120535 0.48043656 0.09685964
v -0.038761906 0.47796384 -0.093579434
v -0.040120535 0.48043656 -0.09685964
v -0.071622476 0.47796384 0.071622595
v -0.07413318 0.48043656 0.07413318
v -0.071622476 0.47796384 -0.071622595
v -0.07413318 0.48043656 -0.07413318
v -0.093579374 0.47796384 0.038761847
v -0.09685976 0.48043656 0.04012059
v -0.093579374 0.47796384 -0.038761877
v -0.09685976 0.48043656 -0.04012059
v -0.10128966 0.47796384 0.0
v -0.10484009 0.48043656 0.0
v 0.093579374 0.47796384 0.038761847
v 0.10128942 0.47796384 0.0
v 0.10484009 0.48043656 0.0
v 0.09685952 0.48043656 0.04012059
v -0.10842285 0.52243656 0.044910267
v -0.08298344 0.52243656 0.08298338
v -0.08298344 0.5268351 0.08298338
v -0.10842285 0.5268351 0.044910267
v -0.044910267 0.52243656 -0.10842297
v -0.08298344 0.52243656 -0.08298335
v -0.08298344 0.5268351 -0.08298335
v -0.044910267 0.5268351 -0.10842297
v -0.044910267 0.52243656 0.10842297
v -0.044910267 0.5268351 0.10842297
v 0.0 0.52243656 -0.11735615
v 0.0 0.5268351 -0.11735615
v 0.0 0.52243656 0.11735615
v 0.0 0.5268351 0.11735615
v 0.044910267 0.52243656 -0.10842291
v 0.044910267 0.5268351 -0.10842291
v 0.0 0.52243656 0.11735615
v 0.044910267 0.52243656 0.10842297
v 0.044910267 0.5268351 0.10842297
v 0.0 0.5268351 0.11735615
v 0.08298321 0.52243656 -0.08298332
v 0.08298321 0.5268351 -0.08298332
v 0.08298321 0.52243656 0.08298332
v 0.08298321 0.5268351 0.08298332
v 0.10842285 0.52243656 -0.044910267
v 0.10842285 0.5268351 -0.044910267
v 0.10842285 0.52243656 0.044910267
v 0.10842285 0.5268351 0.044910267
v 0.11735615 0.52243656 0.0
v 0.11735615 0.5268351 0.0
v -0.10842285 0.52243656 -0.044910267
v -0.11735615 0.52243656 0.0
v -0.11735615 0.5268351 0.0
v -0.10842285 0.5268351 -0.044910267
v 0.11519598 0.15075064 0.04771579
v 0.12468729 0.15075064 0.0
v -0.047715675 0.15075064 -0.115196094
v -0.0881672 0.15075064 -0.08816726
v -0.12468729 0.15075064 0.0
v -0.11519621 0.15075064 0.04771579
v 0.0 0.15075064 -0.12468732
v -0.0881672 0.15075064 0.08816726
v 0.047715675 0.15075064 -0.11519604
v -0.047715675 0.15075064 0.115196094
v 0.0881672 0.15075064 -0.08816726
v 0.0 0.15075064 0.12468735
v 0.11519598 0.15075064 -0.04771579
v 0.0 0.15075064 0.12468735
v 0.047715675 0.15075064 0.115196094
v 0.0881672 0.15075064 0.08816726
v -0.11519621 0.15075064 -0.04771579
v 0.0 0.16366799 0.124739915
v 0.04773591 0.16366799 0.11524466
v 0.044216417 0.16845994 0.10674841
v 0.0 0.16845994 0.115543604
v 0.08820441 0.16366799 -0.08820444
v 0.04773591 0.16366799 -0.11524466
v 0.044216417 0.16845994 -0.10674838
v 0.08170157 0.16845994 -0.08170169
v 0.08820441 0.16366799 0.08820447
v 0.08170157 0.16845994 0.08170169
v 0.1152446 0.16366799 -0.04773591
v 0.10674835 0.16845994 -0.044216648
v 0.1152446 0.16366799 0.04773591
v 0.10674835 0.16845994 0.044216648
v 0.12473986 0.16366799 0.0
v 0.115543485 0.16845994 0.0
v -0.1152446 0.16366799 -0.04773591
v -0.12473986 0.16366799 0.0
v -0.11554372 0.16845994 0.0
v -0.10674835 0.16845994 -0.044216648
v -0.1152446 0.16366799 0.04773591
v -0.10674835 0.16845994 0.044216648
v -0.08820441 0.16366799 -0.08820447
v -0.08170157 0.16845994 -0.08170169
v -0.08820441 0.16366799 0.08820447
v -0.08170157 0.16845994 0.08170169
v -0.04773591 0.16366799 -0.11524468
v -0.044216648 0.16845994 -0.10674841
v -0.04773591 0.16366799 0.11524471
v -0.044216648 0.16845994 0.10674841
v 0.0 0.16366799 -0.124739915
v 0.0 0.16845994 -0.115543604
v 0.0 0.16366799 0.124739915
v 0.0 0.16845994 0.115543604
v 0.1381433 0.0615958 -0.057220913
v 0.14952543 0.0615958 0.0
v 0.10573049 0.0615958 -0.10573043
v 0.057220943 0.0615958 -0.13814345
v 0.0 0.0615958 -0.1495254
v -0.057220712 0.06159583 -0.13814348
v -0.10573026 0.06159583 -0.10573046
v -0.13814354 0.0615958 -0.057220913
v -0.14952543 0.0615958 0.0
v 0.1381433 0.0615958 0.057220884
v 0.10573049 0.0615958 0.10573043
v 0.057220943 0.0615958 0.13814348
v 0.0 0.0615958 0.14952537
v 0.0 0.0615958 0.14952537
v -0.057220712 0.06159583 0.13814348
v -0.10573026 0.06159583 0.10573043
v -0.13814354 0.0615958 0.057220943
v 0.12267459 0.58750147 0.0
v 0.11395482 0.58750147 0.043837797
v 0.11626409 0.5843937 0.0481582
v 0.12584332 0.5843937 0.0
v -0.08850471 0.58750147 0.08410946
v -0.113336794 0.58750147 0.04694559
v -0.11626409 0.5843937 0.0481582
v -0.088984795 0.5843937 0.088984735
v -0.09278644 0.58750147 -0.03506956
v -0.09837144 0.58750147 0.0
v -0.09521387 0.5843937 0.0
v -0.089321606 0.5843937 -0.036998205
v 0.09521364 0.5843937 0.0
v 0.089321606 0.5843937 0.036998205
v 0.09278644 0.58750147 0.03506959
v 0.09837144 0.58750147 0.0
v -0.03643682 0.5843937 -0.087966
v 0.0 0.5843937 -0.095213726
v 0.0 0.58750147 -0.0983715
v -0.037645187 0.58750147 -0.090883404
v -0.04383774 0.58750147 0.11395482
v -0.03506959 0.58750147 0.0927865
v -0.03699832 0.5843937 0.089321546
v -0.048158083 0.5843937 0.11626415
v -0.12267482 0.58750147 0.0
v -0.11395482 0.58750147 -0.043837797
v -0.11626409 0.5843937 -0.0481582
v -0.12584332 0.5843937 0.0
v 0.0 0.58750147 -0.1226747
v 0.04383774 0.58750147 -0.11395482
v 0.048158083 0.5843937 -0.11626412
v 0.0 0.5843937 -0.12584338
v 0.08850447 0.58750147 -0.0841094
v 0.11333656 0.58750147 -0.04694559
v 0.11626409 0.5843937 -0.0481582
v 0.088984795 0.5843937 -0.088984706
v 0.08410946 0.58750147 0.08850453
v 0.04694553 0.58750147 0.11333662
v 0.048158083 0.5843937 0.11626415
v 0.088984795 0.5843937 0.088984735
v 0.0 0.58750147 0.1226747
v 0.0 0.5843937 0.12584338
v -0.04383774 0.58750147 0.11395482
v -0.048158083 0.5843937 0.11626415
v -0.048158083 0.5843937 -0.11626415
v -0.04694553 0.58750147 -0.11333665
v -0.088984795 0.5843937 -0.088984735
v -0.08410946 0.58750147 -0.08850456
v 0.03643682 0.5843937 0.087966
v 0.0 0.5843937 0.0952137
v 0.0 0.58750147 0.0983715
v 0.037645187 0.58750147 0.090883404
v -0.087966 0.5843937 0.036436703
v -0.09088329 0.58750147 0.037645128
v 0.09088329 0.58750147 -0.037645157
v 0.087966 0.5843937 -0.036436733
v 0.03506959 0.58750147 -0.09278644
v 0.03699832 0.5843937 -0.089321546
v 0.068363726 0.5843937 -0.068363756
v 0.07230307 0.58750147 -0.067907885
v -0.068363726 0.5843937 -0.068363786
v -0.067907825 0.58750147 -0.07230301
v -0.068363726 0.5843937 0.068363786
v -0.07230307 0.58750147 0.067907885
v -0.03506959 0.58750147 0.0927865
v -0.03699832 0.5843937 0.089321546
v 0.068363726 0.5843937 0.068363786
v 0.067907825 0.58750147 0.07230301
v 0.067907825 0.58750147 0.07230301
v 0.08410946 0.58750147 0.08850453
v 0.088984795 0.5843937 0.088984735
v 0.068363726 0.5843937 0.068363786
v 0.07230307 0.58750147 -0.067907885
v 0.08850447 0.58750147 -0.0841094
v 0.088984795 0.5843937 -0.088984706
v 0.068363726 0.5843937 -0.068363756
v -0.07230307 0.58750147 0.067907885
v -0.08850471 0.58750147 0.08410946
v -0.088984795 0.5843937 0.088984735
v -0.068363726 0.5843937 0.068363786
v -0.067907825 0.58750147 -0.07230301
v -0.08410946 0.58750147 -0.08850456
v -0.088984795 0.5843937 -0.088984735
v -0.068363726 0.5843937 -0.068363786
v 0.11395482 0.58750147 0.043837797
v 0.09278644 0.58750147 0.03506959
v 0.089321606 0.5843937 0.036998205
v 0.11626409 0.5843937 0.0481582
v 0.04383774 0.58750147 -0.11395482
v 0.03506959 0.58750147 -0.09278644
v 0.03699832 0.5843937 -0.089321546
v 0.048158083 0.5843937 -0.11626412
v -0.11395482 0.58750147 -0.043837797
v -0.09278644 0.58750147 -0.03506956
v -0.089321606 0.5843937 -0.036998205
v -0.11626409 0.5843937 -0.0481582
v 0.09278644 0.58750147 0.03506959
v 0.11395482 0.58750147 0.043837797
vt 0.91751057 -0.30157983
vt 0.89085025 -0.29497123
vt 0.91896784 -0.23063254
vt 0.9709556 -0.27794576
vt 0.9492861 -0.29419303
vt 0.8540521 -0.25672054
vt 0.849004 -0.23037505
vt 0.9891971 -0.22790766
vt 0.9849873 -0.25476718
vt 0.8686835 -0.27936327
vt 0.92295057 -0.3016299
vt 0.91758156 -0.16052818
vt 0.89122754 -0.1663034
vt 0.96710414 -0.1794815
vt 0.9441895 -0.16514027
vt 0.8542448 -0.20407641
vt 0.9829099 -0.20146239
vt 0.8690264 -0.18158507
vt 0.2813084 -0.8804476
vt 0.29659924 -0.88668275
vt 0.27297878 -0.92181206
vt 0.2646639 -0.96324015
vt 0.24931043 -0.95703053
vt 0.30825445 -0.94537294
vt 0.29620656 -0.95690763
vt 0.31435257 -0.93007886
vt 0.30810046 -0.8986912
vt 0.3146336 -0.9138155
vt 0.23123954 -0.92979765
vt 0.231581 -0.9134817
vt 0.23780122 -0.89816296
vt 0.24983919 -0.8866544
vt 0.2810115 -0.96353614
vt 0.23777105 -0.94498
vt 0.26499596 -0.8801086
vt 0.7357493 -0.021654367
vt 0.7357493 -0.0056875944
vt 0.75989634 -0.0056875944
vt 0.75989634 -0.021654367
vt 0.7831768 -0.0056875944
vt 0.7831769 -0.021654367
vt 0.80532134 -0.0056875944
vt 0.80532134 -0.021654367
vt 0.8256964 -0.0056875944
vt 0.8256964 -0.021654367
vt 0.44697863 -0.021654367
vt 0.44697863 -0.0056875944
vt 0.46697024 -0.0056875944
vt 0.46697024 -0.021654367
vt 0.4884994 -0.0056875944
vt 0.4884994 -0.021654367
vt 0.51115054 -0.0056875944
vt 0.51115054 -0.021654367
vt 0.53461313 -0.0056875944
vt 0.53461313 -0.021654367
vt 0.51115054 -0.078297496
vt 0.51115054 -0.06125498
vt 0.53461313 -0.06125498
vt 0.53461313 -0.078297496
vt 0.4884994 -0.078297496
vt 0.4884994 -0.06125498
vt 0.46697024 -0.078297496
vt 0.46697024 -0.06125498
vt 0.44697863 -0.078297496
vt 0.44697863 -0.06125498
vt 0.80532134 -0.078297496
vt 0.80532134 -0.06125498
vt 0.8256964 -0.06125498
vt 0.8256964 -0.078297496
vt 0.7831768 -0.078297496
vt 0.7831769 -0.06125498
vt 0.75989634 -0.078297496
vt 0.75989634 -0.06125498
vt 0.7357493 -0.078297496
vt 0.7357493 -0.06125498
vt 0.51115054 -0.049941182
vt 0.51115054 -0.048592806
vt 0.53461313 -0.048592806
vt 0.53461313 -0.049941182
vt 0.4884994 -0.049941182
vt 0.4884994 -0.048592806
vt 0.46697024 -0.049941182
vt 0.46697024 -0.048592806
vt 0.44697863 -0.049941182
vt 0.44697863 -0.048592806
vt 0.80532134 -0.049941182
vt 0.80532134 -0.048592806
vt 0.8256964 -0.048592806
vt 0.8256964 -0.049941182
vt 0.7831769 -0.049941182
vt 0.7831769 -0.048592806
vt 0.75989634 -0.049941182
vt 0.75989634 -0.048592806
vt 0.7357493 -0.049941182
vt 0.7357493 -0.048592806
vt 0.51115054 -0.048592806
vt 0.51115054 -0.04449916
vt 0.53461313 -0.04449916
vt 0.53461313 -0.048592806
vt 0.4884994 -0.048592806
vt 0.4884994 -0.04449916
vt 0.46697024 -0.048592806
vt 0.46697024 -0.04449916
vt 0.44697863 -0.048592806
vt 0.44697863 -0.04449916
vt 0.80532134 -0.048592806
vt 0.80532134 -0.04449916
vt 0.8256964 -0.04449916
vt 0.8256964 -0.048592806
vt 0.7831769 -0.048592806
vt 0.7831769 -0.04449916
vt 0.75989634 -0.048592806
vt 0.75989634 -0.04449916
vt 0.7357493 -0.048592806
vt 0.7357493 -0.04449916
vt 0.51115054 -0.03867483
vt 0.51115054 -0.03335309
vt 0.53461313 -0.03335309
vt 0.53461313 -0.03867483
vt 0.4884994 -0.03867483
vt 0.4884994 -0.03335309
vt 0.46697024 -0.03867483
vt 0.46697024 -0.03335309
vt 0.44697863 -0.03867507
vt 0.44697863 -0.03335309
vt 0.80532134 -0.03867483
vt 0.80532134 -0.03335309
vt 0.8256964 -0.03335309
vt 0.8256964 -0.03867507
vt 0.7831769 -0.03867483
vt 0.7831769 -0.03335309
vt 0.75989634 -0.03867483
vt 0.75989634 -0.03335309
vt 0.7357493 -0.03867483
vt 0.7357493 -0.03335309
vt 0.51115054 -0.027878642
vt 0.53461313 -0.027878642
vt 0.4884994 -0.027878642
vt 0.46697024 -0.027878642
vt 0.44697863 -0.027878642
vt 0.80532134 -0.027878642
vt 0.8256964 -0.027878642
vt 0.7831769 -0.027878642
vt 0.75989634 -0.027878642
vt 0.7357493 -0.027878642
vt 0.7357493 -0.03867483
vt 0.75989634 -0.03867483
vt 0.7831769 -0.03867483
vt 0.80532134 -0.03867483
vt 0.8256964 -0.03867507
vt 0.44697863 -0.03867507
vt 0.46697024 -0.03867483
vt 0.4884994 -0.03867483
vt 0.51115054 -0.03867483
vt 0.53461313 -0.03867483
vt 0.7357493 -0.059569955
vt 0.7357493 -0.055185318
vt 0.75989634 -0.055185437
vt 0.75989634 -0.059569955
vt 0.7831769 -0.055185318
vt 0.7831769 -0.059570193
vt 0.80532134 -0.055185318
vt 0.80532134 -0.059569955
vt 0.8256964 -0.055185437
vt 0.8256964 -0.059569955
vt 0.44697863 -0.059569955
vt 0.44697863 -0.055185437
vt 0.46697024 -0.055185318
vt 0.46697024 -0.059569955
vt 0.4884994 -0.055185318
vt 0.4884994 -0.059569955
vt 0.51115054 -0.055185318
vt 0.51115054 -0.059569955
vt 0.53461313 -0.055185318
vt 0.53461313 -0.059569955
vt 0.51115054 -0.059569955
vt 0.53461313 -0.059569955
vt 0.4884994 -0.059569955
vt 0.46697024 -0.059569955
vt 0.44697863 -0.059569955
vt 0.80532134 -0.059569955
vt 0.8256964 -0.059569955
vt 0.7831769 -0.059570193
vt 0.75989634 -0.059569955
vt 0.7357493 -0.059569955
vt 0.9891971 -0.22790766
vt 0.9917961 -0.22780633
vt 0.987405 -0.25565672
vt 0.9849873 -0.25476718
vt 0.9728546 -0.279675
vt 0.9709556 -0.27794576
vt 0.95041597 -0.2964878
vt 0.9492861 -0.29419303
vt 0.92325765 -0.30417252
vt 0.92295057 -0.3016299
vt 0.91751057 -0.30157983
vt 0.9172817 -0.30417252
vt 0.88977367 -0.29731655
vt 0.89085025 -0.29497123
vt 0.86683077 -0.28113484
vt 0.8686835 -0.27936327
vt 0.8516826 -0.2576642
vt 0.8540521 -0.25672054
vt 0.84647906 -0.23036551
vt 0.849004 -0.23037505
vt 0.7111847 -0.021654367
vt 0.71118486 -0.0056875944
vt 0.6860903 -0.021654367
vt 0.6860903 -0.0056875944
vt 0.6605419 -0.021654367
vt 0.6605419 -0.0056875944
vt 0.63487214 -0.021654367
vt 0.63487214 -0.0056875944
vt 0.6093415 -0.021654367
vt 0.6093415 -0.0056875944
vt 0.58399343 -0.021654367
vt 0.58399343 -0.0056875944
vt 0.5590255 -0.021654367
vt 0.5590255 -0.0056875944
vt 0.5590255 -0.078297496
vt 0.5590255 -0.06125498
vt 0.58399343 -0.078297496
vt 0.58399343 -0.06125498
vt 0.6093415 -0.078297496
vt 0.6093415 -0.06125498
vt 0.63487214 -0.078297496
vt 0.63487214 -0.06125498
vt 0.6605419 -0.078297496
vt 0.6605419 -0.06125498
vt 0.6860903 -0.078297496
vt 0.6860903 -0.06125498
vt 0.71118486 -0.078297496
vt 0.7111847 -0.06125498
vt 0.5590255 -0.049941182
vt 0.5590255 -0.048592806
vt 0.58399343 -0.049941182
vt 0.58399343 -0.048592806
vt 0.6093415 -0.049941182
vt 0.6093415 -0.048592806
vt 0.63487214 -0.049941182
vt 0.63487214 -0.048592806
vt 0.6605419 -0.049941182
vt 0.6605419 -0.048592806
vt 0.6860903 -0.049941182
vt 0.6860903 -0.048592806
vt 0.7111847 -0.049941182
vt 0.7111847 -0.048592806
vt 0.5590255 -0.048592806
vt 0.5590255 -0.04449916
vt 0.58399343 -0.048592806
vt 0.58399343 -0.04449916
vt 0.6093415 -0.048592806
vt 0.6093415 -0.04449916
vt 0.63487214 -0.048592806
vt 0.63487214 -0.04449916
vt 0.6605419 -0.048592806
vt 0.6605419 -0.04449916
vt 0.6860903 -0.048592806
vt 0.6860903 -0.04449916
vt 0.7111847 -0.048592806
vt 0.7111847 -0.04449916
vt 0.5590255 -0.03867483
vt 0.5590255 -0.03335309
vt 0.58399343 -0.03867483
vt 0.58399343 -0.03335309
vt 0.6093415 -0.03867483
vt 0.6093415 -0.03335309
vt 0.63487214 -0.03867483
vt 0.63487214 -0.03335309
vt 0.6605419 -0.03867483
vt 0.6605419 -0.03335309
vt 0.6860903 -0.03867483
vt 0.6860903 -0.03335309
vt 0.7111847 -0.03867483
vt 0.7111847 -0.03335309
vt 0.5590255 -0.027878642
vt 0.58399343 -0.027878642
vt 0.6093415 -0.027878642
vt 0.63487214 -0.027878642
vt 0.6605419 -0.027878642
vt 0.6860903 -0.027878642
vt 0.7111847 -0.027878642
vt 0.7111847 -0.03867483
vt 0.6860903 -0.03867483
vt 0.6605419 -0.03867483
vt 0.63487214 -0.03867483
vt 0.6093415 -0.03867483
vt 0.58399343 -0.03867483
vt 0.5590255 -0.03867483
vt 0.7111847 -0.059569955
vt 0.7111847 -0.055185437
vt 0.6860903 -0.059570193
vt 0.6860903 -0.055185318
vt 0.6605419 -0.059569955
vt 0.6605419 -0.055185318
vt 0.63487214 -0.059569955
vt 0.63487214 -0.055185318
vt 0.6093415 -0.059569955
vt 0.6093415 -0.055185318
vt 0.58399343 -0.059569955
vt 0.58399343 -0.055185318
vt 0.5590255 -0.059569955
vt 0.5590255 -0.055185318
vt 0.5590255 -0.059569955
vt 0.58399343 -0.059569955
vt 0.6093415 -0.059569955
vt 0.63487214 -0.059569955
vt 0.6605419 -0.059569955
vt 0.6860903 -0.059570193
vt 0.7111847 -0.059569955
vt 0.9829099 -0.20146239
vt 0.98524976 -0.20038652
vt 0.96710414 -0.1794815
vt 0.96885526 -0.1776042
vt 0.9441895 -0.16514027
vt 0.9450993 -0.16274333
vt 0.91758156 -0.16052818
vt 0.9175183 -0.15796757
vt 0.89122754 -0.1663034
vt 0.890203 -0.16395879
vt 0.8690264 -0.18158507
vt 0.8671957 -0.17980254
vt 0.8542448 -0.20407641
vt 0.8518846 -0.20311594
vt 0.715694 -0.09423542
vt 0.7345807 -0.09423542
vt 0.7345807 -0.09537029
vt 0.715694 -0.09537029
vt 0.5657985 -0.09423542
vt 0.58410496 -0.09423542
vt 0.58410496 -0.09537029
vt 0.5657985 -0.09537029
vt 0.7533051 -0.09423542
vt 0.7533051 -0.09537029
vt 0.547736 -0.09423542
vt 0.547736 -0.09537029
vt 0.6026354 -0.09423542
vt 0.6212886 -0.09423542
vt 0.6212886 -0.09537029
vt 0.6026354 -0.09537029
vt 0.5299291 -0.09423542
vt 0.5299291 -0.09537029
vt 0.63971746 -0.09423542
vt 0.6397402 -0.09537029
vt 0.8080262 -0.09423542
vt 0.8252232 -0.09423542
vt 0.8252232 -0.09537029
vt 0.8080262 -0.09537029
vt 0.6587273 -0.09423542
vt 0.6587273 -0.09537029
vt 0.79022837 -0.09423542
vt 0.79022837 -0.09537029
vt 0.6781846 -0.09423542
vt 0.67818636 -0.09537029
vt 0.77188635 -0.09423542
vt 0.77188635 -0.09537029
vt 0.69671184 -0.09423542
vt 0.69671184 -0.09537029
vt 0.5657985 -0.1099962
vt 0.58410496 -0.1099962
vt 0.58410496 -0.112210035
vt 0.5657985 -0.112210035
vt 0.6212886 -0.1099962
vt 0.6399727 -0.1099962
vt 0.64000887 -0.112210035
vt 0.6212886 -0.112210035
vt 0.547736 -0.1099962
vt 0.547736 -0.112210035
vt 0.6587273 -0.1099962
vt 0.6587273 -0.112210155
vt 0.5299291 -0.1099962
vt 0.5299291 -0.112210035
vt 0.67810875 -0.1099962
vt 0.678103 -0.112210035
vt 0.8080262 -0.1099962
vt 0.8252232 -0.1099962
vt 0.8252232 -0.112210035
vt 0.8080262 -0.112210155
vt 0.69671184 -0.1099962
vt 0.69671184 -0.112210035
vt 0.79022837 -0.1099962
vt 0.79022837 -0.112210035
vt 0.715694 -0.1099962
vt 0.715694 -0.112210035
vt 0.77188635 -0.1099962
vt 0.77188635 -0.112210035
vt 0.7345807 -0.1099962
vt 0.7345807 -0.112210035
vt 0.7533051 -0.1099962
vt 0.7533051 -0.112210035
vt 0.6026354 -0.1099962
vt 0.6026354 -0.112210035
vt 0.6026354 -0.10331416
vt 0.6212886 -0.10331416
vt 0.6212886 -0.10542667
vt 0.6026354 -0.10542667
vt 0.7345807 -0.10331416
vt 0.7533051 -0.10331416
vt 0.7533051 -0.10542667
vt 0.7345807 -0.10542667
vt 0.58410496 -0.10331416
vt 0.58410496 -0.10542667
vt 0.77188635 -0.10331416
vt 0.77188635 -0.10542667
vt 0.715694 -0.10331416
vt 0.715694 -0.10542667
vt 0.79022837 -0.10331416
vt 0.79022837 -0.10542667
vt 0.69671184 -0.10331416
vt 0.69671184 -0.10542667
vt 0.8080262 -0.10331416
vt 0.8080262 -0.10542667
vt 0.6781137 -0.10331416
vt 0.6781171 -0.10542667
vt 0.8252232 -0.10331416
vt 0.8252232 -0.10542667
vt 0.6587273 -0.10331416
vt 0.6587273 -0.10542667
vt 0.5299291 -0.10331416
vt 0.547736 -0.10331416
vt 0.547736 -0.10542667
vt 0.5299291 -0.10542667
vt 0.6398298 -0.10331416
vt 0.63987726 -0.10542667
vt 0.5657985 -0.10331416
vt 0.5657985 -0.10542667
vt 0.6212886 -0.10722518
vt 0.6026354 -0.10722518
vt 0.7533051 -0.10722518
vt 0.7345807 -0.10722518
vt 0.58410496 -0.10722518
vt 0.77188635 -0.10722518
vt 0.715694 -0.1072253
vt 0.79022837 -0.10722518
vt 0.69671184 -0.10722506
vt 0.8080262 -0.10722518
vt 0.6781149 -0.10722518
vt 0.8252232 -0.10722518
vt 0.6587273 -0.10722518
vt 0.547736 -0.10722518
vt 0.5299291 -0.10722518
vt 0.6399168 -0.10722518
vt 0.5657985 -0.10722518
vt 0.5657985 -0.100685835
vt 0.58410496 -0.100685835
vt 0.58410496 -0.10331416
vt 0.5657985 -0.10331416
vt 0.6212886 -0.100685835
vt 0.63978845 -0.100685835
vt 0.6398298 -0.10331416
vt 0.6212886 -0.10331416
vt 0.547736 -0.100685835
vt 0.547736 -0.10331416
vt 0.6587273 -0.100685835
vt 0.6587273 -0.10331416
vt 0.5299291 -0.100685835
vt 0.5299291 -0.10331416
vt 0.6781276 -0.100685835
vt 0.6781137 -0.10331416
vt 0.8080262 -0.100685835
vt 0.8252232 -0.100685835
vt 0.8252232 -0.10331416
vt 0.8080262 -0.10331416
vt 0.69671184 -0.100685835
vt 0.69671184 -0.10331416
vt 0.7902285 -0.100685835
vt 0.79022837 -0.10331416
vt 0.715694 -0.100685835
vt 0.715694 -0.10331416
vt 0.77188635 -0.100685835
vt 0.77188635 -0.10331416
vt 0.7345807 -0.100685835
vt 0.7345807 -0.10331416
vt 0.7533051 -0.100685835
vt 0.7533051 -0.10331416
vt 0.6026354 -0.100685835
vt 0.6026354 -0.10331416
vt 0.6026354 -0.10722518
vt 0.6212886 -0.10722518
vt 0.7345807 -0.10722518
vt 0.7533051 -0.10722518
vt 0.58410496 -0.10722518
vt 0.77188635 -0.10722518
vt 0.715694 -0.1072253
vt 0.79022837 -0.10722518
vt 0.69671184 -0.10722506
vt 0.8080262 -0.10722518
vt 0.6781149 -0.10722518
vt 0.8252232 -0.10722518
vt 0.6587273 -0.10722518
vt 0.5299291 -0.10722518
vt 0.547736 -0.10722518
vt 0.6399168 -0.10722518
vt 0.5657985 -0.10722518
vt 0.5657985 -0.22703958
vt 0.58410496 -0.22703958
vt 0.58410496 -0.2292155
vt 0.5657985 -0.2292155
vt 0.6026354 -0.22703958
vt 0.6212886 -0.22703958
vt 0.6212886 -0.2292155
vt 0.6026354 -0.2292155
vt 0.7345807 -0.22703958
vt 0.7533051 -0.22703958
vt 0.7533051 -0.2292155
vt 0.7345807 -0.2292155
vt 0.77188635 -0.22703958
vt 0.77188635 -0.2292155
vt 0.715694 -0.22703958
vt 0.715694 -0.2292155
vt 0.7902285 -0.22703958
vt 0.79022837 -0.2292155
vt 0.69671184 -0.22703958
vt 0.69671184 -0.2292155
vt 0.8080262 -0.22703958
vt 0.8080262 -0.2292155
vt 0.67732114 -0.22703958
vt 0.67733824 -0.2292155
vt 0.8252232 -0.22703958
vt 0.8252232 -0.2292155
vt 0.6587273 -0.22703958
vt 0.6587273 -0.2292155
vt 0.5299291 -0.22703958
vt 0.547736 -0.22703958
vt 0.547736 -0.2292155
vt 0.5299291 -0.2292155
vt 0.6404528 -0.22703958
vt 0.64044535 -0.2292155
vt 0.69671184 -0.112210035
vt 0.715694 -0.112210035
vt 0.715694 -0.22488785
vt 0.69671184 -0.22488785
vt 0.79022837 -0.112210035
vt 0.8080262 -0.112210155
vt 0.8080262 -0.22488785
vt 0.79022837 -0.22488785
vt 0.678103 -0.112210035
vt 0.6773193 -0.22488785
vt 0.8252232 -0.112210035
vt 0.8252232 -0.22488785
vt 0.6587273 -0.112210155
vt 0.6587273 -0.22488785
vt 0.5299291 -0.112210035
vt 0.547736 -0.112210035
vt 0.547736 -0.22488785
vt 0.5299291 -0.22488785
vt 0.64000887 -0.112210035
vt 0.6404733 -0.22488785
vt 0.5657985 -0.112210035
vt 0.5657985 -0.22488785
vt 0.6212886 -0.112210035
vt 0.6212886 -0.22488785
vt 0.58410496 -0.112210035
vt 0.58410496 -0.22488785
vt 0.6026354 -0.112210035
vt 0.6026354 -0.22488785
vt 0.7345807 -0.112210035
vt 0.7533051 -0.112210035
vt 0.7533051 -0.22488785
vt 0.7345807 -0.22488785
vt 0.77188635 -0.112210035
vt 0.77188635 -0.22488785
vt 0.715694 -0.23740578
vt 0.7345807 -0.23740578
vt 0.7345807 -0.24253261
vt 0.715694 -0.24253261
vt 0.7533051 -0.23740578
vt 0.77188635 -0.23740578
vt 0.77188635 -0.24253261
vt 0.7533051 -0.24253261
vt 0.58410496 -0.23740578
vt 0.6026354 -0.23740578
vt 0.6026354 -0.24253261
vt 0.58410496 -0.24253261
vt 0.6212886 -0.23740578
vt 0.6212886 -0.24253261
vt 0.5657985 -0.23740578
vt 0.5657985 -0.24253261
vt 0.6402893 -0.23740578
vt 0.6402272 -0.24253261
vt 0.547736 -0.23740578
vt 0.547736 -0.24253261
vt 0.6587273 -0.23740578
vt 0.6587273 -0.24253261
vt 0.5299291 -0.23740578
vt 0.5299291 -0.24253261
vt 0.677288 -0.23740578
vt 0.6772826 -0.24253261
vt 0.8080262 -0.23740578
vt 0.8252232 -0.23740578
vt 0.8252232 -0.24253261
vt 0.8080262 -0.24253261
vt 0.69671184 -0.23740578
vt 0.69671184 -0.24253261
vt 0.79022837 -0.23740578
vt 0.79022837 -0.24253261
vt 0.77188635 -0.23085165
vt 0.79022837 -0.23085165
vt 0.79022837 -0.23740578
vt 0.77188635 -0.23740578
vt 0.69671184 -0.23085165
vt 0.715694 -0.23085165
vt 0.715694 -0.23740578
vt 0.69671184 -0.23740578
vt 0.8080262 -0.23085165
vt 0.8080262 -0.23740578
vt 0.67734003 -0.23085165
vt 0.677288 -0.23740578
vt 0.8252232 -0.23085165
vt 0.8252232 -0.23740578
vt 0.6587273 -0.23085165
vt 0.6587273 -0.23740578
vt 0.5299291 -0.23085165
vt 0.547736 -0.23085165
vt 0.547736 -0.23740578
vt 0.5299291 -0.23740578
vt 0.64042705 -0.23085165
vt 0.6402893 -0.23740578
vt 0.5657985 -0.23085165
vt 0.5657985 -0.23740578
vt 0.6212886 -0.23085165
vt 0.6212886 -0.23740578
vt 0.58410496 -0.23085165
vt 0.58410496 -0.23740578
vt 0.6026354 -0.23085165
vt 0.6026354 -0.23740578
vt 0.7345807 -0.23085165
vt 0.7533051 -0.23085165
vt 0.7533051 -0.23740578
vt 0.7345807 -0.23740578
vt 0.6212886 -0.25078487
vt 0.64009106 -0.25078487
vt 0.64001 -0.25433266
vt 0.6212886 -0.25433266
vt 0.547736 -0.25078487
vt 0.5657985 -0.250785
vt 0.5657985 -0.25433266
vt 0.547736 -0.25433266
vt 0.6587273 -0.25078487
vt 0.6587273 -0.25433266
vt 0.5299291 -0.25078487
vt 0.5299291 -0.25433266
vt 0.67726433 -0.25078487
vt 0.67724764 -0.25433266
vt 0.8080262 -0.25078487
vt 0.8252232 -0.25078487
vt 0.8252232 -0.25433266
vt 0.8080262 -0.25433266
vt 0.69671184 -0.25078487
vt 0.69671184 -0.25433266
vt 0.79022837 -0.25078487
vt 0.79022837 -0.25433266
vt 0.715694 -0.25078487
vt 0.715694 -0.25433266
vt 0.77188635 -0.25078487
vt 0.77188635 -0.25433266
vt 0.7345807 -0.25078487
vt 0.7345807 -0.25433266
vt 0.7533051 -0.25078487
vt 0.7533051 -0.25433266
vt 0.58410496 -0.25078487
vt 0.6026354 -0.25078487
vt 0.6026354 -0.25433266
vt 0.58410496 -0.25433266
vt 0.5657985 -0.24849331
vt 0.58410496 -0.24849331
vt 0.58410496 -0.25078487
vt 0.5657985 -0.250785
vt 0.6026354 -0.24849331
vt 0.6212886 -0.24849331
vt 0.6212886 -0.25078487
vt 0.6026354 -0.25078487
vt 0.7345807 -0.24849331
vt 0.7533051 -0.24849331
vt 0.7533051 -0.25078487
vt 0.7345807 -0.25078487
vt 0.77188635 -0.24849331
vt 0.77188635 -0.25078487
vt 0.715694 -0.24849331
vt 0.715694 -0.25078487
vt 0.79022837 -0.24849331
vt 0.79022837 -0.25078487
vt 0.69671184 -0.24849331
vt 0.69671184 -0.25078487
vt 0.8080262 -0.24849331
vt 0.8080262 -0.25078487
vt 0.67725337 -0.24849331
vt 0.67726433 -0.25078487
vt 0.8252232 -0.24849331
vt 0.8252232 -0.25078487
vt 0.6587273 -0.24849331
vt 0.6587273 -0.25078487
vt 0.5299291 -0.24849331
vt 0.547736 -0.24849331
vt 0.547736 -0.25078487
vt 0.5299291 -0.25078487
vt 0.64012074 -0.24849331
vt 0.64009106 -0.25078487
vt 0.6212886 -0.24253261
vt 0.6402272 -0.24253261
vt 0.6401614 -0.24611032
vt 0.6212886 -0.24611032
vt 0.6212886 -0.24611032
vt 0.6401614 -0.24611032
vt 0.64012074 -0.24849331
vt 0.6212886 -0.24849331
vt 0.547736 -0.24253261
vt 0.5657985 -0.24253261
vt 0.5657985 -0.24611032
vt 0.547736 -0.24611032
vt 0.547736 -0.24611032
vt 0.5657985 -0.24611032
vt 0.5657985 -0.24849331
vt 0.547736 -0.24849331
vt 0.6587273 -0.24253261
vt 0.6587273 -0.24611032
vt 0.6587273 -0.24611032
vt 0.6587273 -0.24849331
vt 0.5299291 -0.24253261
vt 0.5299291 -0.24611032
vt 0.5299291 -0.24611032
vt 0.5299291 -0.24849331
vt 0.6772826 -0.24253261
vt 0.67725074 -0.24611032
vt 0.67725074 -0.24611032
vt 0.67725337 -0.24849331
vt 0.8080262 -0.24253261
vt 0.8252232 -0.24253261
vt 0.8252232 -0.24611032
vt 0.8080262 -0.24611032
vt 0.8080262 -0.24611032
vt 0.8252232 -0.24611032
vt 0.8252232 -0.24849331
vt 0.8080262 -0.24849331
vt 0.69671184 -0.24253261
vt 0.69671184 -0.24611032
vt 0.69671184 -0.24611032
vt 0.69671184 -0.24849331
vt 0.79022837 -0.24253261
vt 0.79022837 -0.24611032
vt 0.79022837 -0.24611032
vt 0.79022837 -0.24849331
vt 0.715694 -0.24253261
vt 0.715694 -0.24611032
vt 0.715694 -0.24611032
vt 0.715694 -0.24849331
vt 0.77188635 -0.24253261
vt 0.77188635 -0.24611032
vt 0.77188635 -0.24611032
vt 0.77188635 -0.24849331
vt 0.7345807 -0.24253261
vt 0.7345807 -0.24611032
vt 0.7345807 -0.24611032
vt 0.7345807 -0.24849331
vt 0.7533051 -0.24253261
vt 0.7533051 -0.24611032
vt 0.7533051 -0.24611032
vt 0.7533051 -0.24849331
vt 0.58410496 -0.24253261
vt 0.6026354 -0.24253261
vt 0.6026354 -0.24611032
vt 0.58410496 -0.24611032
vt 0.58410496 -0.24611032
vt 0.6026354 -0.24611032
vt 0.6026354 -0.24849331
vt 0.58410496 -0.24849331
vt 0.547736 -0.25896537
vt 0.5657985 -0.2589655
vt 0.5657985 -0.26115108
vt 0.547736 -0.26115084
vt 0.63989186 -0.25896537
vt 0.6587273 -0.25896537
vt 0.6587273 -0.26115084
vt 0.6398507 -0.26115084
vt 0.5299291 -0.25896537
vt 0.5299291 -0.26115108
vt 0.6772151 -0.25896537
vt 0.6772139 -0.26115084
vt 0.8080262 -0.2589655
vt 0.8252232 -0.25896537
vt 0.8252232 -0.26115108
vt 0.8080262 -0.26115084
vt 0.69671184 -0.25896537
vt 0.69671184 -0.26115084
vt 0.79022837 -0.25896537
vt 0.79022837 -0.26115084
vt 0.715694 -0.2589655
vt 0.715694 -0.26115108
vt 0.77188635 -0.25896537
vt 0.77188635 -0.26115084
vt 0.7345807 -0.25896537
vt 0.7345807 -0.26115084
vt 0.7533051 -0.25896537
vt 0.7533051 -0.26115084
vt 0.58410496 -0.25896537
vt 0.6026354 -0.25896537
vt 0.6026354 -0.26115084
vt 0.58410496 -0.26115084
vt 0.6212886 -0.25896537
vt 0.6212886 -0.26115084
vt 0.6212886 -0.2562467
vt 0.6399638 -0.2562467
vt 0.63989186 -0.25896537
vt 0.6212886 -0.25896537
vt 0.5657985 -0.2562467
vt 0.58410496 -0.2562467
vt 0.58410496 -0.25896537
vt 0.5657985 -0.2589655
vt 0.6026354 -0.2562467
vt 0.6026354 -0.25896537
vt 0.7345807 -0.2562467
vt 0.7533051 -0.2562467
vt 0.7533051 -0.25896537
vt 0.7345807 -0.25896537
vt 0.77188635 -0.2562467
vt 0.77188635 -0.25896537
vt 0.715694 -0.2562467
vt 0.715694 -0.2589655
vt 0.79022837 -0.2562467
vt 0.79022837 -0.25896537
vt 0.69671184 -0.2562467
vt 0.69671184 -0.25896537
vt 0.8080262 -0.2562467
vt 0.8080262 -0.2589655
vt 0.67723656 -0.2562467
vt 0.6772151 -0.25896537
vt 0.8252232 -0.2562467
vt 0.8252232 -0.25896537
vt 0.6587273 -0.2562467
vt 0.6587273 -0.25896537
vt 0.5299291 -0.2562467
vt 0.547736 -0.2562467
vt 0.547736 -0.25896537
vt 0.5299291 -0.25896537
vt 0.7533051 -0.26115084
vt 0.77188635 -0.26115084
vt 0.77188635 -0.26966774
vt 0.7533052 -0.26966774
vt 0.58410496 -0.26115084
vt 0.6026354 -0.26115084
vt 0.6026354 -0.26966774
vt 0.58410496 -0.26966774
vt 0.7345807 -0.26115084
vt 0.7345807 -0.26966774
vt 0.6212886 -0.26115084
vt 0.6212886 -0.26966774
vt 0.5657985 -0.26115108
vt 0.5657985 -0.26966774
vt 0.6398507 -0.26115084
vt 0.63971305 -0.26966774
vt 0.547736 -0.26115084
vt 0.547736 -0.26966774
vt 0.6587273 -0.26115084
vt 0.6587273 -0.26966774
vt 0.5299291 -0.26115108
vt 0.5299291 -0.26966774
vt 0.6772139 -0.26115084
vt 0.67723215 -0.26966774
vt 0.8080262 -0.26115084
vt 0.8252232 -0.26115108
vt 0.8252232 -0.26966774
vt 0.8080262 -0.26966774
vt 0.69671184 -0.26115084
vt 0.69671184 -0.26966774
vt 0.79022837 -0.26115084
vt 0.79022837 -0.26966774
vt 0.715694 -0.26115108
vt 0.715694 -0.26966774
vt 0.2848405 -0.9844177
vt 0.26067212 -0.98436475
vt 0.2626167 -0.9746593
vt 0.28305155 -0.9743948
vt 0.23698442 -0.9759424
vt 0.24292006 -0.9670346
vt 0.21842048 -0.9575703
vt 0.21044348 -0.93352437
vt 0.22040729 -0.9317901
vt 0.22724438 -0.9518955
vt 0.3088737 -0.86785245
vt 0.32735732 -0.8861439
vt 0.31857762 -0.89179575
vt 0.3029556 -0.8767189
vt 0.28530475 -0.8594327
vt 0.2833515 -0.8690808
vt 0.2105339 -0.9094671
vt 0.21894358 -0.88585234
vt 0.22782725 -0.89177835
vt 0.22019923 -0.91141915
vt 0.32712683 -0.95732486
vt 0.30908823 -0.9762565
vt 0.30313197 -0.96736526
vt 0.31829986 -0.95173204
vt 0.23728226 -0.8673254
vt 0.2612865 -0.8593404
vt 0.26302245 -0.8692837
vt 0.24294917 -0.87613535
vt 0.33531246 -0.9100661
vt 0.32540998 -0.9118079
vt 0.33526963 -0.93395567
vt 0.32568663 -0.93207884
vt 0.26302245 -0.8692837
vt 0.2833515 -0.8690808
vt 0.2813084 -0.8804476
vt 0.26499596 -0.8801086
vt 0.22040729 -0.9317901
vt 0.22019923 -0.91141915
vt 0.231581 -0.9134817
vt 0.23123954 -0.92979765
vt 0.22782725 -0.89177835
vt 0.24294917 -0.87613535
vt 0.24983919 -0.8866544
vt 0.23780122 -0.89816296
vt 0.30313197 -0.96736526
vt 0.28305155 -0.9743948
vt 0.2810115 -0.96353614
vt 0.29620656 -0.95690763
vt 0.32540998 -0.9118079
vt 0.32568663 -0.93207884
vt 0.31435257 -0.93007886
vt 0.3146336 -0.9138155
vt 0.31829986 -0.95173204
vt 0.30825445 -0.94537294
vt 0.22724438 -0.9518955
vt 0.23777105 -0.94498
vt 0.3029556 -0.8767189
vt 0.29659924 -0.88668275
vt 0.2626167 -0.9746593
vt 0.24292006 -0.9670346
vt 0.24931043 -0.95703053
vt 0.2646639 -0.96324015
vt 0.31857762 -0.89179575
vt 0.30810046 -0.8986912
vt 0.021035822 -0.52441883
vt 0.022161009 -0.53892267
vt 0.0059919977 -0.54017687
vt 0.0048670196 -0.52567315
vt 0.043222487 -0.47573423
vt 0.043220013 -0.4524305
vt 0.058980614 -0.45059323
vt 0.05948651 -0.4767785
vt 0.037772924 -0.42958164
vt 0.053908467 -0.4262234
vt 0.005381974 -0.4027841
vt 0.006475302 -0.38812613
vt 0.022816362 -0.3893448
vt 0.021723034 -0.4040029
vt 0.021551164 -0.31628656
vt 0.022676172 -0.33079028
vt 0.0065071606 -0.33204472
vt 0.005381974 -0.31754088
vt 0.0049894773 -0.29593349
vt 0.0060829245 -0.28127527
vt 0.022423806 -0.28249407
vt 0.021330478 -0.29715216
vt 0.0073650205 -0.5774274
vt 0.0074379765 -0.55880976
vt 0.024046155 -0.55807185
vt 0.024373503 -0.5783279
vt 0.021158608 -0.20943582
vt 0.022283675 -0.22393954
vt 0.006114783 -0.22519386
vt 0.0049894773 -0.21069014
vt 0.04124123 -0.2649026
vt 0.041238636 -0.24159908
vt 0.056998968 -0.2397623
vt 0.057504654 -0.2659464
vt 0.037869424 -0.49859226
vt 0.05487919 -0.50222754
vt 0.04111877 -0.5798855
vt 0.041116 -0.5565821
vt 0.05687639 -0.5547452
vt 0.057382047 -0.5809295
vt 0.038935542 -0.55683875
vt 0.03896579 -0.57964134
vt 0.026709469 -0.57849526
vt 0.026404055 -0.5578927
vt 0.31995502 -0.85107875
vt 0.34401405 -0.87488806
vt 0.22585474 -0.99278855
vt 0.20169105 -0.9688754
vt 0.20213066 -0.8747417
vt 0.22600134 -0.85062695
vt 0.34420165 -0.9681468
vt 0.32072178 -0.99278855
vt 0.041631132 -0.34844995
vt 0.036185205 -0.32560158
vt 0.052320182 -0.3222438
vt 0.057391405 -0.34661305
vt 0.03905812 -0.24185586
vt 0.03908837 -0.2646582
vt 0.026832106 -0.26351225
vt 0.026526513 -0.24290967
vt 0.024495961 -0.263345
vt 0.022423806 -0.28249407
vt 0.0060829245 -0.28127527
vt 0.007487687 -0.26244438
vt 0.04103926 -0.45268726
vt 0.02850795 -0.4537413
vt 0.026524903 -0.43623936
vt 0.036275685 -0.43235815
vt 0.009550305 -0.47327805
vt 0.009622516 -0.4546566
vt 0.02615005 -0.4539206
vt 0.0264771 -0.4741763
vt 0.023135336 -0.4202671
vt 0.02426386 -0.4347713
vt 0.008094611 -0.43602967
vt 0.0069659078 -0.42152536
vt 0.041069686 -0.4754901
vt 0.028813066 -0.47434366
vt 0.036281526 -0.39461064
vt 0.041633785 -0.37175333
vt 0.05789709 -0.37279725
vt 0.053290546 -0.39824533
vt 0.022301318 -0.59747696
vt 0.005960139 -0.5962584
vt 0.0069659078 -0.50676143
vt 0.008062573 -0.49210334
vt 0.024403753 -0.49332595
vt 0.023306968 -0.50798416
vt 0.0075604343 -0.24382663
vt 0.006114783 -0.22519386
vt 0.022283675 -0.22393954
vt 0.024168612 -0.24308872
vt 0.039450675 -0.3487066
vt 0.026919069 -0.34976053
vt 0.024936887 -0.33225846
vt 0.03468779 -0.32837796
vt 0.03579265 -0.21875072
vt 0.051927775 -0.21539295
vt 0.039480925 -0.3715092
vt 0.027224483 -0.37036312
vt 0.034781072 -0.39181817
vt 0.02509168 -0.38789272
vt 0.022676172 -0.33079028
vt 0.024561169 -0.3499397
vt 0.00795299 -0.35067737
vt 0.0065071606 -0.33204472
vt 0.024888547 -0.37019587
vt 0.022816362 -0.3893448
vt 0.006475302 -0.38812613
vt 0.007880183 -0.36929512
vt 0.0048670196 -0.6109164
vt 0.005960139 -0.5962584
vt 0.022301318 -0.59747696
vt 0.02120799 -0.6121354
vt 0.02454451 -0.2254076
vt 0.034295294 -0.22152698
vt 0.035766363 -0.6027427
vt 0.052775413 -0.6063776
vt 0.034388516 -0.28496742
vt 0.024699124 -0.28104198
vt 0.022161009 -0.53892267
vt 0.0059919977 -0.54017687
vt 0.035669953 -0.5337336
vt 0.05180505 -0.53037596
vt 0.02426386 -0.4347713
vt 0.008094611 -0.43602967
vt 0.03426606 -0.5999503
vt 0.024576368 -0.596025
vt 0.008062573 -0.49210334
vt 0.024403753 -0.49332595
vt 0.03588897 -0.28775978
vt 0.05289805 -0.2913946
vt 0.036368787 -0.49579978
vt 0.0266791 -0.49187386
vt 0.5657985 -0.2292155
vt 0.58410496 -0.2292155
vt 0.58410496 -0.23085165
vt 0.5657985 -0.23085165
vt 0.6026354 -0.2292155
vt 0.6212886 -0.2292155
vt 0.6212886 -0.23085165
vt 0.6026354 -0.23085165
vt 0.7345807 -0.2292155
vt 0.7533051 -0.2292155
vt 0.7533051 -0.23085165
vt 0.7345807 -0.23085165
vt 0.77188635 -0.2292155
vt 0.77188635 -0.23085165
vt 0.715694 -0.2292155
vt 0.715694 -0.23085165
vt 0.79022837 -0.2292155
vt 0.79022837 -0.23085165
vt 0.69671184 -0.2292155
vt 0.69671184 -0.23085165
vt 0.8080262 -0.2292155
vt 0.8080262 -0.23085165
vt 0.67733824 -0.2292155
vt 0.67734003 -0.23085165
vt 0.8252232 -0.2292155
vt 0.8252232 -0.23085165
vt 0.6587273 -0.2292155
vt 0.6587273 -0.23085165
vt 0.5299291 -0.2292155
vt 0.547736 -0.2292155
vt 0.547736 -0.23085165
vt 0.5299291 -0.23085165
vt 0.64044535 -0.2292155
vt 0.64042705 -0.23085165
vt 0.6212886 -0.22488785
vt 0.6404733 -0.22488785
vt 0.6404528 -0.22703958
vt 0.6212886 -0.22703958
vt 0.547736 -0.22488785
vt 0.5657985 -0.22488785
vt 0.5657985 -0.22703958
vt 0.547736 -0.22703958
vt 0.6587273 -0.22488785
vt 0.6587273 -0.22703958
vt 0.5299291 -0.22488785
vt 0.5299291 -0.22703958
vt 0.6773193 -0.22488785
vt 0.67732114 -0.22703958
vt 0.8080262 -0.22488785
vt 0.8252232 -0.22488785
vt 0.8252232 -0.22703958
vt 0.8080262 -0.22703958
vt 0.69671184 -0.22488785
vt 0.69671184 -0.22703958
vt 0.79022837 -0.22488785
vt 0.7902285 -0.22703958
vt 0.715694 -0.22488785
vt 0.715694 -0.22703958
vt 0.77188635 -0.22488785
vt 0.77188635 -0.22703958
vt 0.7345807 -0.22488785
vt 0.7345807 -0.22703958
vt 0.7533051 -0.22488785
vt 0.7533051 -0.22703958
vt 0.58410496 -0.22488785
vt 0.6026354 -0.22488785
vt 0.6026354 -0.22703958
vt 0.58410496 -0.22703958
vt 0.77188635 -0.25433266
vt 0.79022837 -0.25433266
vt 0.79022837 -0.2562467
vt 0.77188635 -0.2562467
vt 0.69671184 -0.25433266
vt 0.715694 -0.25433266
vt 0.715694 -0.2562467
vt 0.69671184 -0.2562467
vt 0.8080262 -0.25433266
vt 0.8080262 -0.2562467
vt 0.67724764 -0.25433266
vt 0.67723656 -0.2562467
vt 0.8252232 -0.25433266
vt 0.8252232 -0.2562467
vt 0.6587273 -0.25433266
vt 0.6587273 -0.2562467
vt 0.5299291 -0.25433266
vt 0.547736 -0.25433266
vt 0.547736 -0.2562467
vt 0.5299291 -0.2562467
vt 0.64001 -0.25433266
vt 0.6399638 -0.2562467
vt 0.5657985 -0.25433266
vt 0.5657985 -0.2562467
vt 0.6212886 -0.25433266
vt 0.6212886 -0.2562467
vt 0.58410496 -0.25433266
vt 0.58410496 -0.2562467
vt 0.6026354 -0.25433266
vt 0.6026354 -0.2562467
vt 0.7345807 -0.25433266
vt 0.7533051 -0.25433266
vt 0.7533051 -0.2562467
vt 0.7345807 -0.2562467
vt 0.58410496 -0.0884819
vt 0.6026354 -0.0884819
vt 0.69671184 -0.0884819
vt 0.715694 -0.0884819
vt 0.7533052 -0.0884819
vt 0.77188635 -0.0884819
vt 0.67816514 -0.0884819
vt 0.79022837 -0.0884819
vt 0.6587273 -0.0884819
vt 0.8080262 -0.0884819
vt 0.6395963 -0.0884819
vt 0.8252232 -0.0884819
vt 0.6212886 -0.0884819
vt 0.5299291 -0.0884819
vt 0.547736 -0.0884819
vt 0.5657985 -0.0884819
vt 0.7345807 -0.0884819
vt 0.5299291 -0.09537029
vt 0.547736 -0.09537029
vt 0.547736 -0.100685835
vt 0.5299291 -0.100685835
vt 0.6397402 -0.09537029
vt 0.6587273 -0.09537029
vt 0.6587273 -0.100685835
vt 0.63978845 -0.100685835
vt 0.5657985 -0.09537029
vt 0.5657985 -0.100685835
vt 0.6212886 -0.09537029
vt 0.6212886 -0.100685835
vt 0.58410496 -0.09537029
vt 0.58410496 -0.100685835
vt 0.6026354 -0.09537029
vt 0.6026354 -0.100685835
vt 0.7345807 -0.09537029
vt 0.7533051 -0.09537029
vt 0.7533051 -0.100685835
vt 0.7345807 -0.100685835
vt 0.77188635 -0.09537029
vt 0.77188635 -0.100685835
vt 0.715694 -0.09537029
vt 0.715694 -0.100685835
vt 0.79022837 -0.09537029
vt 0.7902285 -0.100685835
vt 0.69671184 -0.09537029
vt 0.69671184 -0.100685835
vt 0.8080262 -0.09537029
vt 0.8080262 -0.100685835
vt 0.67818636 -0.09537029
vt 0.6781276 -0.100685835
vt 0.8252232 -0.09537029
vt 0.8252232 -0.100685835
vt 0.7111847 -0.049941182
vt 0.7357493 -0.049941182
vt 0.6860903 -0.049941182
vt 0.6605419 -0.049941182
vt 0.63487214 -0.049941182
vt 0.6093415 -0.049941182
vt 0.58399343 -0.049941182
vt 0.5590255 -0.049941182
vt 0.53461313 -0.049941182
vt 0.75989634 -0.049941182
vt 0.7831769 -0.049941182
vt 0.80532134 -0.049941182
vt 0.8256964 -0.049941182
vt 0.44697863 -0.049941182
vt 0.46697024 -0.049941182
vt 0.4884994 -0.049941182
vt 0.51115054 -0.049941182
vt 0.038935542 -0.55683875
vt 0.03417254 -0.5365101
vt 0.035669953 -0.5337336
vt 0.041116 -0.5565821
vt 0.034781072 -0.39181817
vt 0.039480925 -0.3715092
vt 0.041633785 -0.37175333
vt 0.036281526 -0.39461064
vt 0.024936887 -0.33225846
vt 0.026919069 -0.34976053
vt 0.024561169 -0.3499397
vt 0.022676172 -0.33079028
vt 0.024046155 -0.55807185
vt 0.022161009 -0.53892267
vt 0.024421724 -0.54039073
vt 0.026404055 -0.5578927
vt 0.024495961 -0.263345
vt 0.024168612 -0.24308872
vt 0.026526513 -0.24290967
vt 0.026832106 -0.26351225
vt 0.036275685 -0.43235815
vt 0.026524903 -0.43623936
vt 0.02426386 -0.4347713
vt 0.037772924 -0.42958164
vt 0.039450675 -0.3487066
vt 0.03468779 -0.32837796
vt 0.036185205 -0.32560158
vt 0.041631132 -0.34844995
vt 0.03905812 -0.24185586
vt 0.034295294 -0.22152698
vt 0.03579265 -0.21875072
vt 0.041238636 -0.24159908
vt 0.03426606 -0.5999503
vt 0.03896579 -0.57964134
vt 0.04111877 -0.5798855
vt 0.035766363 -0.6027427
vt 0.036368787 -0.49579978
vt 0.041069686 -0.4754901
vt 0.043222487 -0.47573423
vt 0.037869424 -0.49859226
vt 0.04103926 -0.45268726
vt 0.043220013 -0.4524305
vt 0.036275685 -0.43235815
vt 0.037772924 -0.42958164
vt 0.04124123 -0.2649026
vt 0.03908837 -0.2646582
vt 0.03588897 -0.28775978
vt 0.034388516 -0.28496742
vt 0.0264771 -0.4741763
vt 0.02615005 -0.4539206
vt 0.02850795 -0.4537413
vt 0.028813066 -0.47434366
vt 0.024888547 -0.37019587
vt 0.027224483 -0.37036312
vt 0.026709469 -0.57849526
vt 0.024373503 -0.5783279
vt 0.02454451 -0.2254076
vt 0.022283675 -0.22393954
vt 0.022301318 -0.59747696
vt 0.024576368 -0.596025
vt 0.022423806 -0.28249407
vt 0.024699124 -0.28104198
vt 0.022816362 -0.3893448
vt 0.02509168 -0.38789272
vt 0.026524903 -0.43623936
vt 0.02426386 -0.4347713
vt 0.024403753 -0.49332595
vt 0.0266791 -0.49187386
vt 0.0266791 -0.49187386
vt 0.036368787 -0.49579978
vt 0.037869424 -0.49859226
vt 0.024403753 -0.49332595
vt 0.024576368 -0.596025
vt 0.03426606 -0.5999503
vt 0.035766363 -0.6027427
vt 0.022301318 -0.59747696
vt 0.02509168 -0.38789272
vt 0.034781072 -0.39181817
vt 0.036281526 -0.39461064
vt 0.022816362 -0.3893448
vt 0.024699124 -0.28104198
vt 0.034388516 -0.28496742
vt 0.03588897 -0.28775978
vt 0.022423806 -0.28249407
vt 0.03417254 -0.5365101
vt 0.024421724 -0.54039073
vt 0.022161009 -0.53892267
vt 0.035669953 -0.5337336
vt 0.034295294 -0.22152698
vt 0.02454451 -0.2254076
vt 0.022283675 -0.22393954
vt 0.03579265 -0.21875072
vt 0.03468779 -0.32837796
vt 0.024936887 -0.33225846
vt 0.022676172 -0.33079028
vt 0.036185205 -0.32560158
vt 0.024421724 -0.54039073
vt 0.03417254 -0.5365101
vn 0.0 -1.0 0.0
vn 0.0 -1.0 0.0
vn 0.0 -1.0 0.0
vn 0.0 -1.0 0.0
vn 0.0 -1.0 0.0
vn 0.0 -1.0 0.0
vn 0.0 -1.0 0.0
vn 0.0 -1.0 0.0
vn 0.0 -1.0 0.0
vn 0.0 -1.0 0.0
vn 0.0 -1.0 0.0
vn 0.0 -1.0 0.0
vn 0.0 -1.0 0.0
vn 0.0 -1.0 0.0
vn 0.0 -1.0 0.0
vn 0.0 -1.0 0.0
vn 0.0 -1.0 0.0
vn 0.0 -1.0 0.0
vn -0.0017830885 0.99994445 -0.010388761
vn -0.004387395 0.99996126 -0.007633624
vn -7.822924E-5 0.9999999 -3.9328425E-4
vn 0.0031495723 0.9999627 0.00804578
vn 0.0058927163 0.9999639 0.0061283293
vn -0.0061283354 0.9999639 0.0058927136
vn -0.0030989544 0.9999638 0.007916888
vn -0.008045802 0.9999627 0.0031495602
vn -0.007916893 0.9999638 -0.0030989319
vn -0.008638637 0.9999627 1.6918029E-4
vn 0.008638611 0.9999627 -1.6914618E-4
vn 0.008045768 0.9999627 -0.0031495765
vn 0.006128316 0.9999639 -0.005892727
vn 0.0011321616 0.99996126 -0.008731533
vn 1.6915087E-4 0.9999627 0.008638621
vn 0.007916883 0.9999639 0.003098958
vn -0.0023282545 0.99994445 -0.01028032
vn 0.7254703 0.6882535 -2.570909E-9
vn 0.705875 0.70833653 0.0
vn 0.67178744 0.707311 0.22002923
vn 0.67802924 0.67435056 0.2924511
vn 0.53644896 0.7073114 0.4603619
vn 0.5145002 0.674351 0.5296605
vn 0.31944138 0.70731014 0.63061047
vn 0.27264416 0.6743498 0.6862343
vn 0.13904388 0.70145476 0.6990193
vn 0.14823332 0.65013707 0.7452172
vn -0.14282541 0.68119746 0.7180328
vn -0.13904388 0.70145476 0.6990193
vn -0.22002959 0.70731 0.6717883
vn -0.29245177 0.67435044 0.67802906
vn -0.4603626 0.7073101 0.5364501
vn -0.5296609 0.6743497 0.5145015
vn -0.63061106 0.70730907 0.3194426
vn -0.68623453 0.6743494 0.2726447
vn -0.7058761 0.7083353 -3.1446323E-9
vn -0.75354296 0.6573987 -4.6363753E-9
vn -0.9471738 0.0 0.32072088
vn -0.90140516 0.023552256 0.43233544
vn -0.9999235 0.012367118 4.353667E-9
vn -1.0 0.0 0.0
vn -0.75233877 0.0 0.65877634
vn -0.66734165 0.02355209 0.74437916
vn -0.44296765 0.0 0.89653766
vn -0.33168173 0.023552358 0.94309735
vn -0.19509012 0.0 0.9807853
vn -0.19491443 0.042433638 0.97990197
vn 0.32072192 0.0 0.94717336
vn 0.4323365 0.023552632 0.90140474
vn 0.19507512 0.012131407 0.98071325
vn 0.19508947 0.0 0.9807854
vn 0.6587772 0.0 0.752338
vn 0.74437934 0.023551954 0.6673415
vn 0.8965377 0.0 0.44296756
vn 0.94309765 0.023553137 0.3316807
vn 1.0 0.0 0.0
vn 0.9990638 0.04326186 -2.0370565E-9
vn -0.9453252 0.06208405 0.32016546
vn -0.8947809 0.062056165 0.44217223
vn -0.99806273 0.062215578 -4.534666E-9
vn -0.9980636 0.06220189 0.0
vn -0.75084776 0.06202597 0.65755635
vn -0.65746063 0.06200354 0.7509335
vn -0.4420573 0.06202524 0.89483976
vn -0.32004365 0.0620348 0.9453696
vn -0.19472739 0.06098552 0.9789597
vn -0.19472793 0.06097803 0.9789601
vn 0.3201648 0.062051944 0.9453275
vn 0.4421715 0.062053792 0.8947813
vn 0.19472694 0.06099184 0.9789593
vn 0.19472632 0.06097803 0.97896034
vn 0.6575555 0.062047437 0.75084686
vn 0.7509331 0.062034216 0.6574581
vn 0.89483994 0.062029336 0.44205642
vn 0.9453693 0.062037606 0.32004404
vn 0.9980649 0.062180974 4.5346766E-9
vn 0.9980636 0.062201947 0.0
vn -0.32023025 -0.9412269 0.10744531
vn -0.51786155 -0.8333514 0.19324838
vn -0.4913107 -0.8709845 0.0
vn -0.3370591 -0.9414835 0.0
vn -0.2547381 -0.9412263 0.22181413
vn -0.40448803 -0.83335227 0.3767138
vn -0.15046152 -0.94122744 0.3024107
vn -0.22953607 -0.8333521 0.5028294
vn -0.06689605 -0.9393736 0.33630663
vn -0.11899981 -0.7924229 0.59825164
vn 0.10744438 -0.9412275 0.3202289
vn 0.19324821 -0.8333513 0.5178616
vn 0.0972641 -0.86685556 0.48897967
vn 0.06689602 -0.9393732 0.33630782
vn 0.22181365 -0.9412267 0.2547372
vn 0.37671664 -0.8333503 0.4044896
vn 0.30241477 -0.9412259 0.15046279
vn 0.50282836 -0.8333528 0.22953576
vn 0.33706227 -0.9414824 -1.5117115E-9
vn 0.6025309 -0.7980956 3.062974E-9
vn -0.94014513 -0.122799955 0.31787944
vn -0.916139 0.12988539 0.37923488
vn -0.9988506 0.04793313 -2.677809E-9
vn -0.9923984 -0.123067036 0.0
vn -0.7469331 -0.12280091 0.6534607
vn -0.7012735 0.1298886 0.7009597
vn -0.4400069 -0.122794144 0.88955915
vn -0.37964714 0.1298861 0.9159682
vn -0.19366345 -0.12073438 0.97361064
vn -0.19093767 0.20523942 0.95990604
vn 0.31788018 -0.1227993 0.94014496
vn 0.37923583 0.12988478 0.9161387
vn 0.19487478 0.047013722 0.97970074
vn 0.19366345 -0.12073685 0.97361034
vn 0.6534607 -0.12280109 0.7469331
vn 0.7009592 0.1298828 0.701275
vn 0.8895581 -0.12280102 0.44000724
vn 0.9159685 0.12988445 0.3796468
vn 0.99239814 -0.123068824 0.0
vn 0.9778963 0.20909052 5.231424E-9
vn -0.8066555 0.48543847 0.3371296
vn -0.8952716 0.4455208 -2.3971758E-9
vn -0.61623776 0.48543897 0.6201613
vn -0.3320053 0.4854367 0.80877906
vn -0.16707262 0.5163347 0.8399317
vn 0.3371296 0.48543864 0.8066554
vn 0.1753228 0.43862155 0.88140404
vn 0.6201609 0.48543778 0.6162391
vn 0.8087786 0.485439 0.33200315
vn 0.851907 0.523693 4.7100146E-9
vn 0.68168885 -0.7316422 0.0
vn 0.64575744 -0.73096365 0.22065698
vn 0.51216114 -0.73096335 0.45098063
vn 0.30059397 -0.73096 0.61265063
vn 0.13436607 -0.7250108 0.67550355
vn -0.13436599 -0.72501135 0.6755031
vn -0.22065733 -0.73096055 0.6457607
vn -0.45098212 -0.7309617 0.5121622
vn -0.61264604 -0.730965 0.30059105
vn -0.6816836 -0.7316471 0.0
vn 0.43620154 0.89984906 0.0
vn 0.31253973 0.9499047 0.0
vn 0.31823078 0.9396222 0.1258534
vn 0.3922514 0.8995035 0.19243744
vn 0.24584557 0.93962204 0.23805559
vn 0.28874967 0.89950407 0.32789624
vn 0.13603121 0.9396223 0.31401506
vn 0.14128894 0.8995046 0.41343546
vn 0.073755406 0.92578197 0.37079355
vn 0.086440906 0.8964807 0.43456918
vn -0.0864412 0.89648086 0.43456888
vn -0.062048297 0.9480741 0.3119384
vn -0.12585384 0.9396221 0.31823128
vn -0.1924374 0.89950365 0.39225137
vn -0.2380556 0.93962204 0.24584535
vn -0.327897 0.89950377 0.28874975
vn -0.31401736 0.93962145 0.13603179
vn -0.4134367 0.899504 0.14128938
vn -0.3718077 0.9283098 1.4699311E-9
vn -0.43619996 0.8998497 0.0
vn -0.8664 0.25658 0.42838982
vn -0.96638656 0.2570932 3.0264122E-9
vn -0.6365135 0.25656745 0.7273402
vn -0.30972013 0.2565747 0.9155561
vn -0.18876997 0.25247785 0.94901043
vn 0.42839128 0.2565728 0.86640143
vn 0.18876913 0.25247955 0.94901013
vn 0.7273397 0.2565705 0.6365128
vn 0.915557 0.25657126 0.30972
vn 0.96639466 0.2570629 0.0
vn 0.6081035 -0.7938577 0.0
vn 0.60810703 -0.793855 0.0
vn 0.57649976 -0.7932388 0.19601075
vn 0.5456247 -0.79319257 0.2704426
vn 0.45760232 -0.7932426 0.4017042
vn 0.40059352 -0.7931977 0.45865268
vn 0.26904008 -0.79324895 0.5462358
vn 0.19457978 -0.79320055 0.577037
vn 0.12008125 -0.7881234 0.6036902
vn 0.120082125 -0.7881212 0.60369295
vn -0.120082 -0.7881202 0.60369426
vn -0.120081894 -0.7881212 0.60369307
vn -0.196009 -0.7932438 0.57649356
vn -0.27044138 -0.7931942 0.545623
vn -0.401704 -0.7932429 0.45760208
vn -0.45865685 -0.79319346 0.40059707
vn -0.5462447 -0.7932415 0.26904416
vn -0.57705015 -0.7931899 0.19458391
vn -0.60810345 -0.7938578 0.0
vn -0.6081071 -0.79385495 0.0
vn 0.6780293 0.67435056 -0.29245117
vn 0.6717873 0.70731103 -0.22002916
vn 0.5145 0.67435116 -0.5296605
vn 0.5364488 0.7073115 -0.46036202
vn 0.27264407 0.6743502 -0.686234
vn 0.3194411 0.70731074 -0.63061
vn -0.010719481 0.6743502 -0.7383338
vn 0.053801764 0.70731 -0.70485306
vn -0.29245192 0.6743504 -0.67802906
vn -0.22002943 0.70731014 -0.6717883
vn -0.52966106 0.67434955 -0.5145015
vn -0.46036282 0.7073099 -0.5364502
vn -0.68623453 0.67434937 -0.27264476
vn -0.63061124 0.7073089 -0.3194427
vn -0.9471738 0.0 -0.32072088
vn -0.90140516 0.023552256 -0.43233544
vn -0.75233877 0.0 -0.65877634
vn -0.66734165 0.02355209 -0.74437916
vn -0.44296765 0.0 -0.89653766
vn -0.33168173 0.023552358 -0.94309735
vn -0.06615856 0.0 -0.9978091
vn 0.05447366 0.023552142 -0.99823743
vn 0.32072204 0.0 -0.9471733
vn 0.43233642 0.02355261 -0.9014048
vn 0.6587772 0.0 -0.7523382
vn 0.74437934 0.023551926 -0.6673415
vn 0.8965376 0.0 -0.44296747
vn 0.94309765 0.023553018 -0.33168072
vn -0.9453253 0.062081747 -0.3201654
vn -0.89478093 0.062055446 -0.44217214
vn -0.75084776 0.06202833 -0.65755624
vn -0.6574605 0.062005248 -0.75093335
vn -0.44205755 0.062022567 -0.8948399
vn -0.32004386 0.062032443 -0.9453697
vn -0.06596737 0.062040657 -0.99589115
vn 0.066095605 0.062044397 -0.99588245
vn 0.320165 0.062049706 -0.9453276
vn 0.4421716 0.062051065 -0.8947815
vn 0.6575553 0.062049065 -0.75084686
vn 0.7509327 0.062039744 -0.657458
vn 0.8948397 0.062033046 -0.44205642
vn 0.9453692 0.062039766 -0.32004398
vn -0.32023048 -0.9412268 -0.10744539
vn -0.51786155 -0.8333513 -0.19324838
vn -0.2547383 -0.9412263 -0.22181422
vn -0.40448835 -0.8333521 -0.37671405
vn -0.15046178 -0.9412272 -0.3024112
vn -0.2295364 -0.8333515 -0.50283027
vn -0.023280796 -0.9412272 -0.336971
vn -0.019639155 -0.83335173 -0.5523942
vn 0.10744444 -0.9412275 -0.3202289
vn 0.19324832 -0.8333514 -0.5178616
vn 0.22181371 -0.9412267 -0.2547372
vn 0.37671638 -0.8333505 -0.4044895
vn 0.30241454 -0.941226 -0.15046275
vn 0.5028283 -0.8333529 -0.22953574
vn -0.9401451 -0.1228004 -0.3178794
vn -0.916139 0.12988517 -0.3792349
vn -0.74693286 -0.122802265 -0.65346074
vn -0.7012734 0.12988842 -0.7009598
vn -0.44000694 -0.12279604 -0.88955885
vn -0.3796473 0.12988575 -0.9159682
vn -0.0660949 -0.12279669 -0.9902285
vn -2.2281987E-4 0.12988389 -0.99152917
vn 0.31788018 -0.1227993 -0.94014496
vn 0.37923586 0.12988478 -0.9161387
vn 0.6534607 -0.12280109 -0.7469331
vn 0.70095915 0.12988265 -0.70127505
vn 0.88955796 -0.12280143 -0.4400073
vn 0.9159685 0.12988444 -0.37964684
vn -0.80665535 0.48543885 -0.33712956
vn -0.6162376 0.48543942 -0.6201611
vn -0.33200544 0.4854368 -0.808779
vn 0.0027741168 0.48543888 -0.87426615
vn 0.33712962 0.48543826 -0.80665565
vn 0.62016094 0.48543775 -0.61623913
vn 0.80877864 0.48543897 -0.33200318
vn 0.64575773 -0.73096335 -0.22065704
vn 0.51216084 -0.7309636 -0.4509805
vn 0.30059388 -0.73096025 -0.6126503
vn 0.04326107 -0.73096085 -0.68104684
vn -0.22065766 -0.73095995 -0.6457614
vn -0.45098257 -0.7309609 -0.51216286
vn -0.612646 -0.730965 -0.30059102
vn 0.3922514 0.8995035 -0.19243744
vn 0.31823093 0.9396223 -0.12585346
vn 0.28874984 0.899504 -0.32789648
vn 0.2458455 0.93962204 -0.23805554
vn 0.14128898 0.8995044 -0.41343573
vn 0.13603128 0.9396222 -0.3140153
vn -0.027680907 0.89950424 -0.4360342
vn 0.0055081663 0.93962216 -0.34216934
vn -0.19243762 0.8995035 -0.39225155
vn -0.12585384 0.9396221 -0.31823134
vn -0.32789668 0.89950395 -0.28874964
vn -0.23805572 0.93962204 -0.2458454
vn -0.41343692 0.8995038 -0.14128943
vn -0.31401727 0.93962157 -0.13603178
vn -0.8664 0.25658002 -0.42838982
vn -0.6365135 0.25656742 -0.7273402
vn -0.30972013 0.2565747 -0.9155561
vn 0.064224005 0.25657052 -0.9643894
vn 0.42839113 0.2565725 -0.8664015
vn 0.72733986 0.2565696 -0.63651305
vn 0.9155573 0.25657004 -0.3097201
vn 0.5456251 -0.79319227 -0.27044275
vn 0.5765001 -0.7932385 -0.19601087
vn 0.40059438 -0.79319674 -0.45865363
vn 0.45760256 -0.7932423 -0.4017044
vn 0.1945808 -0.79319835 -0.5770397
vn 0.26904142 -0.79324675 -0.5462383
vn -0.041054294 -0.79319566 -0.6075814
vn 0.0395255 -0.7932455 -0.6076177
vn -0.27044138 -0.7931942 -0.545623
vn -0.196009 -0.7932438 -0.57649356
vn -0.45865685 -0.79319346 -0.40059707
vn -0.401704 -0.7932429 -0.45760208
vn -0.5770502 -0.7931899 -0.19458391
vn -0.5462447 -0.7932415 -0.26904416
vn -0.67421186 -0.004057876 -0.7385268
vn -0.9055126 -0.0040492825 -0.4243002
vn -0.8360799 0.36067554 -0.4133807
vn -0.61425084 0.3606438 -0.70187753
vn 0.6742127 -0.0040629995 0.7385261
vn 0.905513 -0.0040598027 0.42429915
vn 0.8361012 0.36061567 0.4133899
vn 0.61425173 0.36064044 0.7018784
vn -0.9989572 -0.0040523023 -0.04547558
vn -0.9306314 0.36067468 -0.06196007
vn 0.3402695 -0.0040590395 0.9403192
vn 0.29889786 0.36063847 0.8835156
vn 0.99895716 -0.004058435 0.045476947
vn 0.9403192 -0.004059893 -0.34026957
vn 0.8835229 0.3606178 -0.29890147
vn 0.9306433 0.36064363 0.06196236
vn 0.19487233 0.047261644 0.9796893
vn 0.18236221 0.355284 0.9167973
vn 0.7385265 -0.0040591387 -0.6742122
vn 0.7018799 0.36063793 -0.6142515
vn -0.42429918 -0.0040630545 0.905513
vn -0.194963 -0.03614994 0.98014414
vn -0.18236269 0.35527205 0.9168018
vn -0.41338915 0.36062488 0.83609754
vn 0.42429897 -0.004063047 -0.90551305
vn 0.4133876 0.3606339 -0.8360944
vn -0.73852503 -0.0040612477 0.6742139
vn -0.7018726 0.36066055 0.61424655
vn 0.045477133 -0.0040597697 -0.9989571
vn 0.06196127 0.3606439 -0.9306432
vn -0.94031966 -0.0040493584 0.34026834
vn -0.8835012 0.36067834 0.2988925
vn -0.34026918 -0.004060159 -0.9403193
vn -0.29889852 0.36063302 -0.8835177
vn 0.22620595 0.9414119 0.25014895
vn 0.30471316 0.9414126 0.14454143
vn 0.0900739 0.994932 0.044688676
vn 0.0661149 0.9949321 0.07575612
vn 0.31766933 0.9414132 -0.11325791
vn 0.25014877 0.9414121 -0.2262056
vn 0.075756185 0.99493206 -0.06611482
vn 0.09529091 0.99493206 -0.032091744
vn 0.11325829 0.94141275 0.31767076
vn 0.032091647 0.99493206 0.0952906
vn 0.14454181 0.9414123 -0.30471364
vn 0.044688653 0.99493194 -0.09007354
vn 0.05254328 0.9630484 0.26415327
vn 0.01995089 0.9947571 0.10029997
vn 0.016930398 0.941413 -0.33683094
vn 0.0068173315 0.99493206 -0.100317955
vn -0.14454103 0.9414128 0.3047125
vn -0.07942954 0.9133646 0.3993195
vn -0.019950863 0.9947573 0.10029987
vn -0.04468836 0.9949321 0.090072855
vn -0.113258004 0.9414129 -0.31767017
vn -0.032091767 0.99493206 -0.09529091
vn -0.25014517 0.94141364 0.22620296
vn -0.075756036 0.99493206 0.06611509
vn -0.22620179 0.9414137 -0.25014567
vn -0.06611491 0.9949321 -0.075756304
vn -0.31766903 0.9414134 0.11325735
vn -0.0952909 0.99493194 0.032091554
vn -0.30471078 0.9414136 -0.14454015
vn -0.09007345 0.99493206 -0.044688646
vn -0.33682737 0.9414142 -0.016930025
vn -0.100317456 0.9949321 -0.006817194
vn 0.33682716 0.9414143 0.016930463
vn 0.10031747 0.9949321 0.0068173776
vn 0.98625445 -0.15165201 -0.06560358
vn 0.8860714 -0.15167901 -0.43803096
vn 0.92246026 0.093134634 -0.37469053
vn 0.99563164 0.09311747 0.006840578
vn -0.93628114 -0.15168492 -0.3168112
vn -0.9862485 -0.15169045 0.06560317
vn -0.99563164 0.09311719 -0.0068404037
vn -0.9172252 0.093123004 -0.387332
vn 0.9362841 -0.15166451 0.31681225
vn 0.9172268 0.093111455 0.38733095
vn -0.8860706 -0.15167947 0.43803224
vn -0.92246175 0.0931149 0.37469178
vn -0.7437723 -0.15167871 -0.6509963
vn -0.6991809 0.093113765 -0.7088554
vn -0.65099496 -0.1516802 0.74377334
vn -0.7088538 0.09311726 0.699182
vn -0.43803185 -0.15167625 -0.8860714
vn -0.37469125 0.093124524 -0.92246103
vn -0.31681257 -0.1516686 0.93628335
vn -0.38733137 0.093130305 0.9172247
vn -0.06560332 -0.15167442 -0.986251
vn 0.0068409992 0.09313018 -0.99563044
vn -0.19290856 -0.14913914 0.9698164
vn -0.19508682 0.00601959 0.98076755
vn 0.31681326 -0.15166046 -0.93628436
vn 0.38733146 0.093128845 -0.91722476
vn 0.19290917 -0.14913367 0.9698171
vn 0.4380325 -0.1516587 0.88607395
vn 0.37469116 0.093136 0.9224599
vn 0.19188385 0.18057893 0.96466154
vn 0.65099645 -0.15166731 -0.7437747
vn 0.7088542 0.09312657 -0.69918036
vn 0.7437736 -0.15168162 0.6509943
vn 0.69917923 0.09313678 0.70885396
vn 0.88066715 0.36846137 -0.29776084
vn 0.9275855 0.36844376 0.06192248
vn -0.92756975 0.36848342 -0.06192143
vn -0.8332706 0.36847106 -0.4121761
vn 0.8332641 0.3684892 0.41217306
vn -0.8806606 0.36848024 0.29775697
vn -0.6121089 0.36846897 -0.69968086
vn -0.6996801 0.36846635 0.6121114
vn -0.29775587 0.36848935 -0.8806572
vn -0.4121736 0.36848244 0.83326685
vn 0.06192223 0.36848158 -0.92757046
vn -0.18177983 0.36304313 0.91386867
vn 0.41217482 0.36847627 -0.83326894
vn 0.2977592 0.36847383 0.88066256
vn 0.18177988 0.3630429 0.9138687
vn 0.69967407 0.36849225 -0.61210275
vn 0.61210304 0.36849016 0.69967484
vn 0.35047027 -0.8852356 0.30582425
vn 0.440828 -0.8852346 0.14842619
vn 0.41729572 -0.88527703 0.20530185
vn 0.30695975 -0.88528174 0.34935942
vn 0.41666773 -0.8852334 -0.20676017
vn 0.3058203 -0.8852384 -0.35046673
vn 0.3493639 -0.8852787 -0.30696338
vn 0.44024202 -0.8852775 -0.14990197
vn 0.20675652 -0.88523847 0.41665903
vn 0.14989972 -0.885282 0.4402338
vn 0.14842384 -0.8852383 -0.44082156
vn 0.2052976 -0.8852817 -0.41728798
vn 0.09196325 -0.881926 0.4623303
vn 0.09196324 -0.881926 0.46233025
vn -0.03156954 -0.88523626 -0.46406922
vn 0.029981486 -0.8852802 -0.46409068
vn -0.14842504 -0.8852362 0.44082516
vn -0.09196274 -0.8819261 0.4623302
vn -0.09196338 -0.881925 0.4623321
vn -0.20530011 -0.88527924 0.41729194
vn -0.20675822 -0.88523626 -0.41666263
vn -0.14990109 -0.8852791 -0.44023922
vn -0.30582315 -0.8852365 0.35046893
vn -0.34935918 -0.8852817 0.3069601
vn -0.35046583 -0.8852388 -0.30582026
vn -0.3069614 -0.88528043 -0.3493612
vn -0.41665605 -0.8852399 0.20675607
vn -0.440236 -0.8852807 0.14990073
vn -0.44082355 -0.8852371 -0.14842471
vn -0.41728526 -0.8852832 -0.20529668
vn -0.46407354 -0.88523394 0.03156956
vn -0.46409652 -0.8852771 -0.029982204
vn 0.46406746 -0.8852371 -0.031569973
vn 0.46408996 -0.88528055 0.029980965
vn 0.50797194 0.8607482 -0.0328203
vn 0.45675254 0.8607434 -0.22471751
vn -0.48186612 0.8607473 -0.16407064
vn -0.50797206 0.8607481 0.032819428
vn 0.48186487 0.8607477 0.16407205
vn -0.45674703 0.860747 0.22471483
vn -0.38239795 0.8607475 -0.33598447
vn -0.33598465 0.86074626 0.3824006
vn -0.224715 0.86074615 -0.4567486
vn -0.16407347 0.8607431 0.48187268
vn -0.032820232 0.86074346 -0.50797975
vn -0.100585416 0.85683924 0.50567687
vn 0.16407304 0.86074466 -0.48186997
vn 0.100585476 0.85683876 0.50567764
vn 0.22471862 0.860742 0.45675468
vn 0.33599046 0.86074144 -0.38240644
vn 0.38240606 0.86074173 0.33598992
vn 0.75100255 -0.061141286 0.6574624
vn 0.9454353 -0.061153654 0.32001922
vn 0.89490783 -0.061150104 0.4420414
vn 0.65762454 -0.06113948 0.75086075
vn 0.995935 -0.06114515 -0.06614276
vn 0.89481205 -0.061147332 -0.44223565
vn 0.94536567 -0.061152704 -0.320225
vn 0.99594903 -0.061146487 0.06592818
vn -0.9454344 -0.06116892 -0.32001898
vn -0.99593276 -0.06118142 0.0661426
vn -0.995947 -0.0611818 -0.06592607
vn -0.89490634 -0.061162602 -0.44204262
vn -0.8948113 -0.061163567 0.44223514
vn -0.9453652 -0.061171666 0.3202228
vn -0.75100064 -0.06116511 -0.6574625
vn -0.65762323 -0.061175503 -0.750859
vn -0.65746063 -0.061174624 0.7510015
vn -0.75085884 -0.061167262 0.6576242
vn -0.44223478 -0.061173715 -0.8948107
vn -0.3202234 -0.061171923 -0.945365
vn -0.32001898 -0.061168723 0.9454345
vn -0.44204068 -0.06117461 0.8949065
vn -0.06614262 -0.061162423 -0.9959339
vn 0.065927334 -0.061159655 -0.99594826
vn -0.19473827 -0.060113117 0.97901136
vn -0.19473736 -0.060121097 0.9790111
vn 0.32001975 -0.0611571 -0.94543487
vn 0.44204253 -0.06115029 -0.89490724
vn 0.19473796 -0.060115755 0.9790113
vn 0.4422357 -0.06114946 0.8948119
vn 0.32022446 -0.061155584 0.9453656
vn 0.19473776 -0.060113188 0.97901154
vn 0.65746325 -0.06113847 -0.7510022
vn 0.75086105 -0.061140686 -0.65762424
vn -0.43927395 0.03175392 -0.89779174
vn -0.7494051 0.03175425 -0.66134995
vn -0.6554432 0.031737514 -0.75457734
vn -0.3167862 0.031737324 -0.9479659
vn -0.6613488 0.03175405 0.749406
vn -0.32422096 0.03175388 0.9454483
vn -0.4463116 0.0317374 0.8943147
vn -0.75457734 0.03173776 0.65544313
vn -0.062265575 0.0317539 -0.99755436
vn 0.07009883 0.031737402 -0.997035
vn -0.19499518 0.031205028 0.98030764
vn -0.19499461 0.031204946 0.9803078
vn 0.3242214 0.03175391 -0.9454481
vn 0.44631174 0.03173745 -0.8943145
vn 0.19499461 0.031204946 0.9803078
vn 0.4392739 0.031753916 0.89779174
vn 0.31678593 0.031737354 0.9479659
vn 0.19499396 0.031205038 0.98030794
vn 0.6613497 0.031754073 -0.74940515
vn 0.75457823 0.031737503 -0.6554422
vn 0.749406 0.031754073 0.6613489
vn 0.6554433 0.03173751 0.75457716
vn 0.89779216 0.031753894 -0.4392732
vn 0.94796616 0.03173738 -0.31678516
vn 0.94544876 0.031753954 0.32421944
vn 0.89431536 0.031737424 0.44631022
vn 0.99755436 0.03175407 -0.062264353
vn 0.997035 0.03173754 0.070098594
vn -0.9454482 0.03175412 -0.3242211
vn -0.99755424 0.031753793 0.062266283
vn -0.99703526 0.031737268 -0.07009671
vn -0.8943139 0.031737853 -0.4463133
vn -0.89779216 0.031754438 0.43927306
vn -0.94796616 0.03173763 0.3167851
vn -0.7516819 -0.04584651 -0.6579304
vn -0.94624126 -0.045856174 -0.32019487
vn -0.89568424 -0.04585475 -0.44232005
vn -0.658235 -0.045840953 -0.75141555
vn -0.99674624 -0.045852024 0.06629135
vn -0.89550537 -0.0458542 0.44268227
vn -0.9461113 -0.04585809 0.3205782
vn -0.9967727 -0.045853056 -0.06589098
vn 0.94624174 -0.0458442 0.32019502
vn 0.99674654 -0.045844942 -0.06629138
vn 0.9967731 -0.045846354 0.06588922
vn 0.89568454 -0.04584876 0.44232023
vn 0.8955064 -0.04584636 -0.44268104
vn 0.94611293 -0.045844708 -0.32057527
vn 0.7516816 -0.04585123 0.65793043
vn 0.65823543 -0.04585569 0.75141424
vn 0.6579316 -0.04585252 -0.75168043
vn 0.75141627 -0.045850717 -0.65823346
vn 0.44268274 -0.04585203 0.8955052
vn 0.3205752 -0.045850914 0.9461127
vn 0.3201943 -0.04584808 -0.9462418
vn 0.4423213 -0.045850895 -0.8956838
vn 0.19489154 -0.045067795 0.97978884
vn 0.1948912 -0.045066442 0.9797889
vn -0.066290036 -0.045845065 -0.99674666
vn 0.0658888 -0.045847695 -0.9967731
vn -0.32019338 -0.045844335 0.9462423
vn -0.19489086 -0.04506646 0.979789
vn -0.19489104 -0.045065746 0.9797891
vn -0.44232145 -0.045843888 0.8956841
vn -0.4426821 -0.045841027 -0.89550614
vn -0.3205748 -0.04584392 -0.94611317
vn -0.6579332 -0.045840487 0.75167984
vn -0.7514165 -0.045848243 0.6582334
vn -0.6890185 -0.63811904 0.34359497
vn -0.50507617 -0.6381278 0.5811118
vn -0.5773166 -0.63830703 0.5091853
vn -0.72823316 -0.63830024 0.24949814
vn -0.34359366 -0.63812584 -0.68901294
vn -0.58111465 -0.63812476 -0.50507677
vn -0.509185 -0.6383107 -0.5773127
vn -0.24949619 -0.6383066 -0.7282283
vn -0.24424839 -0.63812345 0.7301651
vn -0.33851376 -0.63830733 0.69135535
vn -0.053765044 -0.63812405 -0.768054
vn 0.048175793 -0.6383065 -0.76827335
vn -0.15123516 -0.6316981 0.76031935
vn -0.15123567 -0.6316972 0.76031995
vn 0.24424884 -0.6381241 -0.7301644
vn 0.338514 -0.6383061 -0.69135636
vn 0.15123683 -0.6316985 0.7603187
vn 0.34359416 -0.6381245 0.68901384
vn 0.24949704 -0.63830733 0.7282273
vn 0.15123671 -0.6316979 0.7603191
vn 0.5050783 -0.6381236 -0.58111465
vn 0.57731766 -0.6383053 -0.50918627
vn 0.5811149 -0.6381232 0.5050784
vn 0.509186 -0.6383062 0.5773169
vn 0.6890153 -0.6381226 -0.3435949
vn 0.72823 -0.6383036 -0.24949864
vn 0.7301662 -0.63812155 0.24425039
vn 0.6913571 -0.63830525 0.33851397
vn 0.76805705 -0.63812035 -0.053766225
vn 0.7682764 -0.63830274 0.048176862
vn -0.7301682 -0.6381184 -0.24425256
vn -0.7680544 -0.63812333 0.053767487
vn -0.76827383 -0.638306 -0.048175234
vn -0.69135946 -0.6383014 -0.3385166
vn 0.39803928 0.8963197 -0.19538647
vn 0.2929688 0.89631987 -0.33283606
vn 0.33445546 0.89625907 -0.29130608
vn 0.42047837 0.8962569 -0.14114325
vn 0.19538714 0.8963192 0.39804003
vn 0.33283535 0.8963205 0.29296786
vn 0.2913064 0.89625907 0.33445504
vn 0.1411428 0.8962571 0.42047817
vn 0.14329804 0.8963182 -0.4196182
vn 0.19751935 0.8962578 -0.3971246
vn 0.08771677 0.8932184 0.4409837
vn 0.08771691 0.8932182 0.44098407
vn -0.028190704 0.896318 -0.44251478
vn 0.03051132 0.8962572 -0.44248408
vn -0.14329778 0.8963182 0.41961822
vn -0.08771677 0.8932182 0.4409841
vn -0.08771679 0.8932184 0.44098377
vn -0.19752014 0.8962565 0.39712715
vn -0.1953883 0.89631736 -0.3980433
vn -0.14114287 0.8962566 -0.42047912
vn -0.29297227 0.89631695 0.33284122
vn -0.3344572 0.89625776 0.2913081
vn -0.33283746 0.89631915 -0.29296973
vn -0.29131052 0.8962559 -0.33445984
vn -0.39803597 0.89632154 0.19538468
vn -0.42046812 0.8962624 0.14113897
vn -0.4196077 0.8963235 -0.14329511
vn -0.3971199 0.8962605 -0.19751698
vn -0.44250444 0.896323 0.0281905
vn -0.44247428 0.8962621 -0.030510413
vn 0.4196184 0.8963181 0.14329804
vn 0.442516 0.8963174 -0.028191233
vn 0.44248578 0.8962563 0.030511225
vn 0.39712316 0.8962587 0.19751862
vn 0.7516717 -0.04367713 0.65808964
vn 0.9462937 -0.043697376 0.32034174
vn 0.89571625 -0.043682445 0.44247514
vn 0.6582045 -0.043677725 0.7515712
vn 0.99685055 -0.04370767 -0.06617154
vn 0.8956492 -0.043681953 -0.44261086
vn 0.94624466 -0.043697808 -0.3204864
vn 0.9968607 -0.043708112 0.06601884
vn -0.94629216 -0.043711383 -0.32034436
vn -0.9968512 -0.043692593 0.066171534
vn -0.99686104 -0.043693013 -0.066022106
vn -0.89571446 -0.043712102 -0.4424759
vn -0.8956462 -0.043711696 0.4426141
vn -0.94624263 -0.043711953 0.32049048
vn -0.7516704 -0.043690674 -0.6580902
vn -0.65820354 -0.04367601 -0.75157195
vn -0.65809035 -0.043677434 0.7516711
vn -0.7515705 -0.043691263 0.65820426
vn -0.44261253 -0.0436795 -0.89564854
vn -0.32048777 -0.043682694 -0.9462449
vn -0.3203433 -0.043686066 0.94629365
vn -0.44247612 -0.043683905 0.89571565
vn -0.06617129 -0.043682538 -0.99685156
vn 0.06602018 -0.043682996 -0.99686164
vn -0.19491015 -0.042938594 0.97988075
vn -0.1949098 -0.042941887 0.9798807
vn 0.3203439 -0.04368227 -0.94629365
vn 0.44247636 -0.043680076 -0.8957157
vn 0.1949098 -0.042941924 0.9798807
vn 0.44261262 -0.04368323 0.89564824
vn 0.3204877 -0.043686423 0.9462447
vn 0.1949095 -0.042938687 0.97988087
vn 0.6580901 -0.043675624 -0.7516714
vn 0.75157154 -0.04367763 -0.658204
vn 0.16348785 -0.9831805 -0.08141093
vn 0.11988959 -0.9831802 -0.13777913
vn 0.1369849 -0.98319376 -0.12068657
vn 0.17274 -0.9831941 -0.059077874
vn 0.58985066 -0.75267607 -0.29249793
vn 0.43301544 -0.75267726 -0.49595824
vn 0.49465734 -0.75274086 -0.43439078
vn 0.62325156 -0.7527285 -0.21203125
vn 0.081411794 -0.9831803 0.16348903
vn 0.13777952 -0.9831802 0.11988928
vn 0.1206878 -0.98319346 0.13698559
vn 0.059078168 -0.9831938 0.17274141
vn 0.29249945 -0.7526742 0.5898522
vn 0.4959562 -0.7526805 0.43301228
vn 0.4343908 -0.75274175 0.494656
vn 0.21203104 -0.7527313 0.6232483
vn 0.058037035 -0.9831805 -0.1731698
vn 0.08037229 -0.9831938 -0.16392149
vn 0.21026202 -0.75267 -0.6239213
vn 0.29077235 -0.75273496 -0.59062797
vn 0.03622047 -0.9826139 0.1820929
vn 0.036220457 -0.9826141 0.18209232
vn 0.12968905 -0.74705327 0.651991
vn 0.1296891 -0.7470523 0.651992
vn -0.012649925 -0.9831805 -0.18219793
vn 0.01152429 -0.9831939 -0.18220037
vn -0.04450749 -0.7526708 -0.65689105
vn 0.04261551 -0.752733 -0.6569452
vn -0.058037058 -0.9831805 0.17316999
vn -0.036220245 -0.9826141 0.18209234
vn -0.03622047 -0.9826139 0.1820929
vn -0.08037249 -0.98319376 0.16392183
vn -0.21026218 -0.75266916 0.62392217
vn -0.12968941 -0.7470522 0.65199196
vn -0.12968905 -0.74705327 0.651991
vn -0.29077226 -0.752735 0.590628
vn -0.08141141 -0.98318046 -0.16348842
vn -0.059078034 -0.9831939 -0.17274128
vn -0.29249978 -0.75267285 -0.5898537
vn -0.21203062 -0.75273216 -0.6232474
vn -0.11988959 -0.9831802 0.1377794
vn -0.13698581 -0.9831935 0.120687686
vn -0.43301547 -0.75267726 0.49595824
vn -0.4946578 -0.7527404 0.43439105
vn -0.13777994 -0.9831801 -0.11988989
vn -0.12068727 -0.9831936 -0.136985
vn -0.49595818 -0.75267816 -0.43301398
vn -0.4343924 -0.7527395 -0.49465805
vn -0.16349043 -0.9831799 0.08141252
vn -0.17274451 -0.9831932 0.059079394
vn -0.5898514 -0.75267535 0.29249814
vn -0.6232382 -0.75274026 0.21202877
vn -0.1731729 -0.98317987 -0.058038294
vn -0.16392347 -0.9831934 -0.080373235
vn -0.623912 -0.7526781 -0.21026035
vn -0.59062535 -0.7527374 -0.29077157
vn -0.18220185 -0.9831798 0.012650366
vn -0.1822043 -0.98319316 -0.01152465
vn -0.6568743 -0.7526853 0.044508126
vn -0.6569285 -0.75274765 -0.04261451
vn 0.17316864 -0.9831807 0.058036547
vn 0.18219684 -0.9831807 -0.012650021
vn 0.18219931 -0.98319405 0.011524335
vn 0.16392113 -0.9831938 0.08037184
vn 0.62392604 -0.7526658 0.21026304
vn 0.65690297 -0.75266033 -0.044507906
vn 0.6569575 -0.7527222 0.042616393
vn 0.59062505 -0.7527385 0.29076943
vn 0.37818724 -0.52321 0.7636922
vn 0.6416519 -0.52321225 0.5608313
vn 0.5619678 -0.5232527 0.64062375
vn 0.27403474 -0.52325624 0.8069126
vn 0.56083417 -0.52320534 -0.641655
vn 0.2725923 -0.52320945 -0.80743134
vn 0.37680098 -0.52325404 -0.7643469
vn 0.64062274 -0.52325445 -0.5619674
vn 0.16702926 -0.5167044 0.839713
vn 0.16702928 -0.5167027 0.839714
vn -0.05714798 -0.5232065 -0.8502876
vn 0.05561756 -0.52325183 -0.8503612
vn -0.2725917 -0.52321094 0.8074306
vn -0.16702966 -0.51670265 0.83971393
vn -0.16702926 -0.5167043 0.839713
vn -0.37680063 -0.5232552 0.76434624
vn -0.3781874 -0.5232099 -0.76369214
vn -0.2740352 -0.5232547 -0.80691344
vn -0.5608327 -0.52320737 0.6416547
vn -0.64062595 -0.52324605 0.5619715
vn -0.64165616 -0.5232016 -0.56083655
vn -0.5619678 -0.5232527 -0.64062375
vn -0.7636999 -0.5231961 0.37819085
vn -0.8069237 -0.52323747 0.27403754
vn -0.807441 -0.52319324 -0.27259484
vn -0.7643534 -0.5232424 -0.37680402
vn -0.8502966 -0.5231918 0.057148587
vn -0.85037017 -0.5232374 -0.055617422
vn 0.80742806 -0.5232155 0.27259046
vn 0.8502893 -0.52320373 -0.05714812
vn 0.8503628 -0.5232492 0.05561832
vn 0.7643416 -0.52326477 0.37679675
vn 0.76368815 -0.5232173 -0.3781851
vn 0.8069104 -0.5232597 -0.27403447
vn 0.26451913 -0.95538425 -0.13141698
vn 0.19409001 -0.9553854 -0.22263849
vn 0.22173388 -0.95540947 -0.19500469
vn 0.27948663 -0.9554075 -0.09530899
vn 0.22263874 -0.9553853 0.19408979
vn 0.27997196 -0.95538336 0.09411876
vn 0.26501843 -0.9554082 0.1302321
vn 0.19500528 -0.9554093 0.22173417
vn 0.294676 -0.95538396 -0.020187216
vn 0.29468352 -0.95540804 0.018900957
vn -0.2799658 -0.9553854 -0.09411566
vn -0.2946725 -0.955385 0.020186475
vn -0.29468003 -0.95540905 -0.01890073
vn -0.2650153 -0.95540935 -0.13023005
vn -0.26451623 -0.9553853 0.13141552
vn -0.2794801 -0.95540965 0.09530678
vn -0.2226402 -0.9553846 -0.19409159
vn -0.19500843 -0.95540756 -0.22173886
vn -0.19409439 -0.9553833 0.22264329
vn -0.22173624 -0.9554086 0.19500665
vn -0.1314185 -0.95538324 -0.26452234
vn -0.09530901 -0.9554073 -0.27948707
vn -0.094118185 -0.9553832 0.27997273
vn -0.13023345 -0.95540714 0.26502162
vn -0.02018672 -0.95538384 -0.2946764
vn 0.018900918 -0.95540804 -0.29468334
vn -0.058526114 -0.95394045 0.2942316
vn -0.058526415 -0.9539403 0.29423246
vn 0.094118156 -0.9553836 -0.27997142
vn 0.13023213 -0.9554082 -0.26501828
vn 0.05852643 -0.95394015 0.2942325
vn 0.13141766 -0.95538396 0.26452005
vn 0.09530911 -0.9554072 0.27948755
vn 0.05852637 -0.95394045 0.2942316
vn -0.9978091 0.0 0.06615861
vn -0.8965383 0.0 0.4429662
vn -0.9471737 0.0 0.32072097
vn -0.9978091 0.0 -0.06615861
vn 0.9471737 0.0 0.32072097
vn 0.9978091 0.0 -0.06615861
vn 0.9978091 0.0 0.06615861
vn 0.8965383 0.0 0.4429662
vn -0.9471737 0.0 -0.32072097
vn -0.8965383 0.0 -0.4429662
vn 0.89653826 0.0 -0.44296637
vn 0.9471737 0.0 -0.32072103
vn 0.75233924 0.0 0.6587759
vn 0.6587754 0.0 0.7523397
vn 0.65877527 0.0 -0.7523398
vn 0.752339 0.0 -0.6587761
vn 0.4429669 0.0 0.896538
vn 0.32072183 0.0 0.9471735
vn 0.32072222 0.0 -0.94717336
vn 0.44296706 0.0 -0.89653784
vn 0.19509009 0.0 0.98078537
vn 0.19509009 0.0 0.98078537
vn -0.06615856 0.0 -0.99780905
vn 0.066159196 0.0 -0.99780905
vn -0.3207218 0.0 0.9471735
vn -0.19509009 0.0 0.98078537
vn -0.19509009 0.0 0.98078537
vn -0.44296694 0.0 0.896538
vn -0.44296694 0.0 -0.896538
vn -0.3207218 0.0 -0.9471735
vn -0.6587754 0.0 0.7523397
vn -0.75233924 0.0 0.658776
vn -0.75233924 0.0 -0.658776
vn -0.6587754 0.0 -0.7523397
vn -8.251648E-6 1.0 -2.0385464E-4
vn -9.496995E-5 1.0 -1.8014692E-4
vn -6.751232E-5 1.0 -1.926859E-4
vn 2.2375647E-5 1.0 -2.0271241E-4
vn -9.400254E-5 1.0 -8.060494E-5
vn -1.3972698E-4 1.0 -1.5112454E-4
vn -7.622066E-5 1.0 -2.9321682E-5
vn -2.0385452E-4 1.0 8.251808E-6
vn -2.0271198E-4 1.0 -2.2375863E-5
vn -1.8171487E-4 1.0 -9.581371E-5
vn 7.3334377E-4 0.9999996 -5.587298E-4
vn 7.6220684E-5 1.0 2.9321334E-5
vn 1.8171496E-4 1.0 9.5813295E-5
vn 0.0022136522 0.9999957 -0.001924659
vn 0.0019556447 0.99999523 -0.0023710534
vn 8.026997E-4 0.9999979 -0.0018937069
vn -1.801479E-4 1.0 9.497084E-5
vn -8.060519E-5 1.0 9.400271E-5
vn -1.5112513E-4 1.0 1.3972756E-4
vn -1.926866E-4 1.0 6.7513014E-5
vn 8.06051E-5 1.0 -9.4002615E-5
vn 2.9321529E-5 1.0 -7.622064E-5
vn 9.5813426E-5 1.0 -1.8171445E-4
vn 1.5112432E-4 1.0 -1.3972657E-4
vn -0.0010432341 0.99999946 -3.4429322E-4
vn -0.0016140355 0.9999976 -0.001442368
vn -0.0028603023 0.9999949 -0.0014421777
vn -0.0013237442 0.9999991 -3.269255E-4
vn 2.0385353E-4 1.0 -8.251785E-6
vn 2.0271215E-4 1.0 2.2374905E-5
vn 1.8014623E-4 1.0 -9.496921E-5
vn 1.9268485E-4 1.0 -6.751157E-5
vn -0.07806393 0.0 -0.99694836
vn -0.42028227 0.0 -0.9073934
vn -0.30939436 0.0 -0.9509339
vn 0.041045852 0.0 -0.99915725
vn 0.9969484 0.0 -0.07806313
vn 0.90739334 0.0 -0.4202825
vn 0.9509339 0.0 -0.30939418
vn 0.9991572 0.0 0.041047063
vn 0.6676765 0.0 -0.7444515
vn 0.29675943 0.0 -0.95495224
vn 0.43227208 0.0 -0.90174323
vn 0.76869506 0.0 -0.63961554
vn -0.29675972 0.0 0.9549522
vn 0.07806328 0.0 0.9969484
vn -0.041046176 0.0 0.99915725
vn -0.43227258 0.0 0.901743
vn -0.99694824 0.0 0.07806583
vn -0.90739506 0.0 0.42027876
vn -0.9509345 0.0 0.30939224
vn -0.99915737 0.0 -0.041042015
vn -0.66767794 0.0 0.7444502
vn -0.76869744 0.0 0.6396126
vn 0.9549519 0.0 0.29676053
vn 0.90174276 0.0 0.43227306
vn -0.74445003 0.0 -0.6676782
vn -0.6396141 0.0 -0.7686961
vn 0.42028153 0.0 0.90739375
vn 0.7444502 0.0 0.66767794
vn 0.6396139 0.0 0.7686963
vn 0.30939347 0.0 0.9509342
vn -0.9549533 0.0 -0.29675606
vn -0.9017436 0.0 -0.43227127
vn -0.38268495 0.0 0.9238789
vn -0.38268495 0.0 0.9238789
vn -0.38268495 0.0 0.9238789
vn -0.38268495 0.0 0.9238789
vn 0.3207218 0.0 0.9471734
vn -0.06615878 0.0 0.9978091
vn 0.06615878 0.0 0.9978091
vn 0.4429669 0.0 0.8965379
vn -0.19509009 0.0 0.9807853
vn -0.19509009 0.0 0.9807853
vn 0.70710474 0.0 0.70710886
vn 0.70710474 0.0 0.70710886
vn 0.70710474 0.0 0.70710886
vn 0.70710474 0.0 0.70710886
vn 0.38268495 0.0 -0.9238789
vn 0.38268495 0.0 -0.9238789
vn 0.38268495 0.0 -0.9238789
vn 0.38268495 0.0 -0.9238789
vn -0.70710474 0.0 0.70710886
vn -0.70710474 0.0 0.70710886
vn -0.70710474 0.0 0.70710886
vn -0.70710474 0.0 0.70710886
vn -0.9509343 0.0 0.30939287
vn -0.9991573 0.0 -0.04104468
vn -0.9969484 0.0 0.07806365
vn -0.9073932 0.0 0.42028278
vn 0.9238821 0.0 0.38267708
vn 0.9238821 0.0 0.38267708
vn 0.9238821 0.0 0.38267708
vn 0.9238821 0.0 0.38267708
vn -0.3207218 0.0 -0.9471734
vn 0.06615919 0.0 -0.9978091
vn -0.06615857 0.0 -0.9978091
vn -0.4429669 0.0 -0.8965379
vn 0.5555685 0.0 0.8314707
vn 0.5555685 0.0 0.8314707
vn 0.94717366 0.0 -0.32072103
vn 0.9978091 0.0 0.06615862
vn 0.9978091 0.0 -0.06615862
vn 0.89653814 0.0 -0.44296637
vn 0.0 1.0 0.0
vn 0.0 1.0 0.0
vn 0.0 1.0 0.0
vn 0.0 1.0 0.0
vn 0.0 1.0 0.0
vn 0.0 1.0 0.0
vn 0.0 1.0 0.0
vn 0.0 1.0 0.0
vn 0.0 1.0 0.0
vn 0.0 1.0 0.0
vn 0.0 1.0 0.0
vn 0.0 1.0 0.0
vn -0.9978091 0.0 -0.06615862
vn -0.9807854 0.0 -0.19508965
vn -0.9807854 0.0 -0.19508965
vn -0.9978091 0.0 0.06615862
vn 0.0 1.0 0.0
vn 0.0 1.0 0.0
vn 0.0 1.0 0.0
vn 0.0 1.0 0.0
vn 0.42028305 0.0 0.90739304
vn 0.5232238 0.0 0.85219526
vn 0.52322376 0.0 0.8521953
vn 0.3093937 0.0 0.95093405
vn 0.0 1.0 0.0
vn 0.0 1.0 0.0
vn 0.0 1.0 0.0
vn 0.0 1.0 0.0
vn -0.3093932 0.0 -0.9509342
vn 0.04123678 0.0 -0.99914944
vn -0.07806345 0.0 -0.9969484
vn -0.42045593 0.0 -0.9073129
vn -0.9238823 0.0 -0.38267672
vn -0.9238823 0.0 -0.38267672
vn -0.9238823 0.0 -0.38267672
vn -0.9238823 0.0 -0.38267672
vn 0.0 1.0 0.0
vn 0.0 1.0 0.0
vn -0.8314707 0.0 0.55556846
vn -0.9471737 0.0 0.32072094
vn -0.89653826 0.0 0.44296625
vn -0.8314707 0.0 0.55556846
vn -0.8521955 0.0 0.5232236
vn -0.85219544 0.0 0.5232236
vn 0.70710474 0.0 -0.70710886
vn 0.70710474 0.0 -0.70710886
vn 0.70710474 0.0 -0.70710886
vn 0.70710474 0.0 -0.70710886
vn -0.041046456 0.0 0.99915725
vn -0.15727343 0.0 0.9875551
vn -0.15727343 0.0 0.9875551
vn 0.07806372 0.0 0.99694836
vn 0.0 1.0 0.0
vn 0.0 1.0 0.0
vn 0.0 1.0 0.0
vn 0.0 1.0 0.0
vn 0.19509067 0.0 -0.9807852
vn 0.19509067 0.0 -0.9807852
vn 0.0 1.0 0.0
vn 0.0 1.0 0.0
vn 0.0 1.0 0.0
vn 0.0 1.0 0.0
vn 0.98755467 0.0 0.15727602
vn 0.9969482 0.0 -0.07806578
vn 0.99915725 0.0 0.041046772
vn 0.9875547 0.0 0.15727603
vn 0.90739256 0.0 -0.42028418
vn 0.8521959 0.0 -0.52322286
vn 0.85219586 0.0 -0.5232228
vn 0.95093304 0.0 -0.30939665
vn -0.70710474 0.0 -0.70710886
vn -0.70710474 0.0 -0.70710886
vn -0.70710474 0.0 -0.70710886
vn -0.70710474 0.0 -0.70710886
vn 0.0 1.0 0.0
vn 0.0 1.0 0.0
vn 0.8314706 0.0 -0.55556875
vn 0.8314706 0.0 -0.55556875
vn 0.0 1.0 0.0
vn 0.0 1.0 0.0
vn -0.9875556 0.0 -0.15727001
vn -0.9875556 0.0 -0.15727001
vn 0.9807854 0.0 0.19508965
vn 0.9807854 0.0 0.19508965
vn 0.15727264 0.0 -0.98755527
vn 0.15727264 0.0 -0.9875552
vn 0.0 1.0 0.0
vn 0.0 1.0 0.0
vn -0.52322376 0.0 -0.85219526
vn -0.5232238 0.0 -0.85219526
vn -0.5555685 0.0 -0.8314707
vn -0.5555685 0.0 -0.8314707
vn 0.0 1.0 0.0
vn 0.0 1.0 0.0
vn 0.56372076 0.66153204 0.4945647
vn 0.7100719 0.6615314 0.24119344
vn 0.6720435 0.66148835 0.33285224
vn 0.493513 0.6614849 0.564697
vn 0.74833125 0.6615201 -0.048901923
vn 0.67264503 0.66153216 -0.3315477
vn 0.710574 0.66148144 -0.23984762
vn 0.74827725 0.6614737 0.05033558
vn -0.71006453 0.6615407 -0.24118938
vn -0.7483095 0.661545 0.048898995
vn -0.74825615 0.6614977 -0.050334144
vn -0.6720376 0.661496 -0.33284917
vn -0.6726357 0.66154325 0.33154455
vn -0.71056384 0.66149366 0.2398441
vn -0.5637096 0.6615477 -0.49455643
vn -0.49350342 0.6615013 -0.5646861
vn -0.49455702 0.66154706 0.56371
vn -0.56468666 0.66150045 0.4935039
vn -0.33154428 0.6615416 -0.67263734
vn -0.23984417 0.66149044 -0.71056676
vn -0.2411905 0.66153467 0.7100698
vn -0.3328505 0.66149133 0.6720415
vn -0.04889956 0.6615379 -0.7483158
vn 0.050334673 0.66149235 -0.74826086
vn -0.14739883 0.65509707 0.7410273
vn -0.1473991 0.6550925 0.7410312
vn 0.24119014 0.6615407 -0.71006423
vn 0.33285168 0.6614887 -0.67204344
vn 0.14739963 0.6550974 0.7410269
vn 0.3315458 0.6615373 0.67264086
vn 0.23984379 0.66149336 0.71056414
vn 0.14739975 0.655097 0.7410272
vn 0.4945663 0.6615296 -0.5637222
vn 0.56469977 0.66148067 -0.49351555
vn 0.51278156 -0.8199823 -0.25433117
vn 0.37641555 -0.81998616 -0.4312007
vn 0.42999986 -0.8200396 -0.37767082
vn 0.54179853 -0.8200382 -0.18436818
vn 0.25433144 -0.8199829 0.5127802
vn 0.4312004 -0.819987 0.37641403
vn 0.3776703 -0.82004064 0.4299982
vn 0.1843698 -0.82003623 0.54180104
vn 0.18275122 -0.81998205 -0.54243094
vn 0.2527411 -0.82003766 -0.5134786
vn 0.11295135 -0.8153487 0.56784564
vn 0.112951025 -0.815352 0.5678408
vn -0.03873917 -0.81998223 -0.5710766
vn 0.037002537 -0.82003695 -0.57111317
vn -0.18275118 -0.8199823 0.5424308
vn -0.11294975 -0.8153521 0.5678409
vn -0.11295135 -0.8153487 0.56784564
vn -0.25274166 -0.8200368 0.5134795
vn -0.25433156 -0.81998295 -0.51278013
vn -0.18437049 -0.82003474 -0.5418031
vn -0.37641522 -0.8199866 0.43120015
vn -0.42999232 -0.820046 0.37766522
vn -0.43119475 -0.81999165 -0.37641037
vn -0.37766972 -0.82004064 -0.4299987
vn -0.51276505 -0.81999433 0.2543252
vn -0.5417903 -0.820044 0.18436655
vn -0.54242104 -0.8199894 -0.18274766
vn -0.5134655 -0.82004786 -0.2527345
vn -0.5710731 -0.8199847 0.038738403
vn -0.571111 -0.8200384 -0.037002657
vn 0.5424271 -0.819985 0.1827497
vn 0.5710648 -0.81999034 -0.038738996
vn 0.5711021 -0.8200447 0.037000943
vn 0.5134793 -0.8200372 0.25274122
vn -0.89653856 0.0 0.4429657
vn -0.65877616 0.0 0.752339
vn -0.75234026 0.0 0.65877473
vn -0.94717336 0.0 0.32072192
vn -0.4429671 0.0 -0.8965379
vn -0.7523402 0.0 -0.6587748
vn -0.6587763 0.0 -0.7523388
vn -0.3207216 0.0 -0.9471735
vn -0.32072142 0.0 0.9471736
vn -0.44296676 0.0 0.8965381
vn -0.06615821 0.0 -0.9978092
vn 0.06615953 0.0 -0.99780905
vn -0.19508973 0.0 0.98078537
vn -0.19508973 0.0 0.98078537
vn 0.32072273 0.0 -0.9471731
vn 0.44296846 0.0 -0.8965372
vn 0.19508973 0.0 0.98078537
vn 0.4429688 0.0 0.896537
vn 0.32072234 0.0 0.94717324
vn 0.19508973 0.0 0.98078537
vn 0.6587768 0.0 -0.75233847
vn 0.75233907 0.0 -0.65877616
vn 0.75233924 0.0 0.65877587
vn 0.6587773 0.0 0.752338
vn 0.896537 0.0 -0.44296876
vn 0.9471728 0.0 -0.32072356
vn 0.9471728 0.0 0.32072356
vn 0.896537 0.0 0.44296876
vn 0.99780905 0.0 -0.06615953
vn 0.99780905 0.0 0.06615953
vn -0.94717336 0.0 -0.320722
vn -0.99780905 0.0 0.06615953
vn -0.99780905 0.0 -0.06615953
vn -0.89653844 0.0 -0.44296584
vn 0.94455636 -0.07558947 0.31953016
vn 0.9949347 -0.075593196 -0.066261485
vn -0.44196093 -0.07559562 -0.89384323
vn -0.7503771 -0.07559601 -0.656673
vn -0.9949348 -0.075593315 0.066259876
vn -0.89384335 -0.075590104 0.4419618
vn -0.0662597 -0.0755948 -0.9949347
vn -0.65667075 -0.07559675 0.750379
vn 0.31952912 -0.07559511 -0.9445563
vn -0.3195291 -0.07559295 0.9445564
vn 0.65667117 -0.07559737 -0.7503786
vn -0.19455129 -0.074311405 0.97807336
vn 0.89384407 -0.07558939 -0.44196042
vn 0.19455111 -0.074312165 0.97807336
vn 0.44196132 -0.07559488 0.8938432
vn 0.7503787 -0.075594775 0.65667135
vn -0.94455683 -0.07558951 -0.3195287
vn 0.09153175 0.8831044 0.46016133
vn 0.20363194 0.886453 0.41561404
vn 0.14699167 0.88636774 0.43902802
vn 0.09153183 0.88310444 0.4601615
vn 0.30605012 0.8864534 -0.34717977
vn 0.14989395 0.8864531 -0.43787292
vn 0.20650055 0.88636833 -0.4143775
vn 0.34935805 0.8863673 -0.30381224
vn 0.34718078 0.8864525 0.30605125
vn 0.3038101 0.8863685 0.34935683
vn 0.41561598 0.8864518 -0.20363325
vn 0.43902928 0.886367 -0.146992
vn 0.43787518 0.8864519 0.14989406
vn 0.41437986 0.8863671 0.20650132
vn 0.4619046 0.8864527 -0.029082663
vn 0.46186036 0.88636774 0.03220616
vn -0.43787798 0.8864503 -0.1498958
vn -0.46191078 0.88644946 0.029083844
vn -0.4618665 0.8863646 -0.032206587
vn -0.41437957 0.8863671 -0.20650196
vn -0.41561577 0.88645196 0.20363313
vn -0.4390322 0.88636535 0.14699379
vn -0.34718084 0.8864526 -0.30605122
vn -0.30381155 0.88636774 -0.34935763
vn -0.30605125 0.88645285 0.34718
vn -0.34935808 0.8863676 0.30381134
vn -0.203633 0.88645214 -0.41561544
vn -0.14699218 0.8863669 -0.43902966
vn -0.14989413 0.88645214 0.43787473
vn -0.20650119 0.8863676 0.4143787
vn -0.029082881 0.8864519 -0.46190608
vn 0.032206338 0.8863674 -0.46186107
vn -0.091531254 0.8831045 0.46016148
vn -0.091531254 0.88310456 0.46016127
vn 0.24459079 0.96617633 -0.08172261
vn 0.25729 0.9663342 0.0
vn 0.19469887 0.96617633 -0.16910255
vn 0.11516536 0.9661762 -0.23073885
vn 0.018099252 0.9661763 -0.25724682
vn -0.08172273 0.9661762 -0.24459147
vn -0.16910253 0.9661764 -0.1946985
vn -0.23073976 0.966176 -0.11516589
vn -0.25729075 0.96633404 1.0371349E-9
vn 0.24459073 0.96617645 0.08172258
vn 0.19469881 0.9661763 0.16910243
vn 0.115165465 0.96617615 0.23073913
vn 0.051110927 0.96507156 0.25695238
vn -0.051110312 0.9650718 0.2569517
vn -0.081722796 0.9661762 0.24459141
vn -0.16910225 0.9661765 0.19469832
vn -0.23073983 0.966176 0.1151659
vn 0.69949853 0.7132086 0.04511382
vn 0.6935234 0.7071036 0.13794869
vn 0.6935185 0.7071084 0.13794835
vn 0.69948024 0.71319616 -0.045593157
vn -0.58794767 0.7070955 0.392853
vn -0.6657197 0.7129733 0.22019592
vn -0.6296582 0.713242 0.3079225
vn -0.5879444 0.7070998 0.39285013
vn 0.69712317 0.7083033 0.11102142
vn 0.7002525 0.7114772 -0.05870762
vn 0.7011997 0.7124409 0.027332071
vn 0.6971172 0.7083092 0.111021526
vn -0.7011818 0.71245843 -0.027331358
vn -0.6971157 0.7083114 -0.11101693
vn -0.69710994 0.7083169 -0.11101702
vn -0.7002356 0.71149415 0.058704674
vn 0.21649937 0.711615 0.6683802
vn -0.027332116 0.71245754 0.7011827
vn 0.058704335 0.7114957 0.70023394
vn 0.29189968 0.7124914 0.6380836
vn -0.65327954 0.7071104 -0.2705934
vn -0.65327114 0.70711863 -0.27059212
vn -0.65327954 0.7071104 -0.2705934
vn -0.65328616 0.7071039 -0.27059442
vn -0.6995155 0.71319187 -0.045116074
vn -0.69352055 0.7071057 -0.13795176
vn -0.69353044 0.7070959 -0.13795246
vn -0.69950616 0.7131705 0.045594845
vn 0.04511468 0.71320564 -0.6995015
vn 0.13794994 0.70710677 -0.69351995
vn 0.13794993 0.70710677 -0.6935199
vn -0.04559357 0.71319073 -0.69948566
vn 0.5879281 0.70711875 -0.39284042
vn 0.66569614 0.7129977 -0.22018825
vn 0.6296362 0.7132661 -0.30791205
vn 0.5879239 0.7071245 -0.3928367
vn 0.39284348 0.70711225 0.5879338
vn 0.22018969 0.7129942 0.66569936
vn 0.3079142 0.7132613 0.62964046
vn 0.3928418 0.70711493 0.5879319
vn -0.04511431 0.7132067 0.6995003
vn 0.045593783 0.7131919 0.69948447
vn -0.13794929 0.70711005 0.6935167
vn -0.13794939 0.70710844 0.6935183
vn -0.3079156 0.71325827 -0.6296433
vn -0.22019023 0.7129922 -0.66570145
vn -0.3928434 0.70711195 -0.5879344
vn -0.39284515 0.70710933 -0.5879363
vn -0.21649885 0.71161616 -0.6683792
vn 0.027331553 0.712462 -0.7011782
vn -0.05870434 0.7114979 -0.70023173
vn -0.29189968 0.7124914 -0.6380836
vn 0.668393 0.71160126 -0.21650511
vn 0.63808614 0.712489 -0.29189977
vn -0.63808554 0.7124896 0.29189968
vn -0.6683851 0.7116099 0.21650109
vn -0.11101879 0.70831716 0.6971094
vn -0.11101875 0.708315 0.69711167
vn -0.6015585 0.7083199 0.36933753
vn -0.6015493 0.7083319 0.36932954
vn 0.3693409 0.70831656 0.60156035
vn 0.3693406 0.7083171 0.60156006
vn 0.60155946 0.7083191 -0.36933756
vn 0.60155094 0.7083302 -0.36933017
vn 0.11101713 0.70832235 -0.69710445
vn 0.11101712 0.70832187 -0.69710493
vn -0.3693409 0.70831656 -0.60156035
vn -0.3693406 0.7083171 -0.60156006
vn 0.49999544 0.7071109 -0.49999872
vn 0.49999624 0.7071095 -0.49999994
vn 0.49999544 0.7071109 -0.49999872
vn 0.4999949 0.70711195 -0.49999785
vn -0.49999866 0.70710874 -0.49999866
vn -0.5000084 0.70709753 -0.5000047
vn -0.49999866 0.70710874 -0.49999866
vn -0.49999097 0.7071175 -0.49999386
vn 0.49999052 0.70711845 0.4999929
vn 0.49999213 0.70711666 0.49999398
vn 0.49999052 0.70711845 0.4999929
vn 0.49998933 0.7071199 0.49999216
vn -0.49999478 0.70711213 0.49999765
vn -0.4999947 0.7071124 0.49999747
vn -0.49999478 0.70711213 0.49999765
vn -0.4999949 0.70711195 0.49999785
vn -0.2705988 0.70710576 0.65328234
vn -0.27059942 0.70710164 0.65328646
vn -0.2705988 0.70710576 0.65328234
vn -0.27059826 0.7071089 0.653279
vn 0.65328014 0.70710975 0.2705935
vn 0.65327406 0.70711577 0.27059257
vn 0.65328014 0.70710975 0.2705935
vn 0.65328497 0.70710504 0.2705942
vn 0.27059853 0.70710725 -0.65328074
vn 0.2705989 0.70710516 -0.65328294
vn 0.27059853 0.70710725 -0.65328074
vn 0.27059826 0.7071089 -0.653279
vn 0.0 1.0 0.0
vn 0.0 1.0 0.0
f 1/1/1 2/2/2 3/3/3
f 4/4/4 5/5/5 3/3/3
f 6/6/6 7/7/7 3/3/3
f 8/8/8 9/9/9 3/3/3
f 2/2/2 10/10/10 3/3/3
f 5/5/5 11/11/11 3/3/3
f 9/9/9 4/4/4 3/3/3
f 10/10/10 6/6/6 3/3/3
f 12/12/12 3/3/3 13/13/13
f 14/14/14 3/3/3 15/15/15
f 16/16/16 3/3/3 7/7/7
f 8/8/8 3/3/3 17/17/17
f 13/13/13 3/3/3 18/18/18
f 15/15/15 3/3/3 12/12/12
f 17/17/17 3/3/3 14/14/14
f 18/18/18 3/3/3 16/16/16
f 19/19/19 20/20/20 21/21/21
f 22/22/22 23/23/23 21/21/21
f 24/24/24 25/25/25 21/21/21
f 26/26/26 24/24/24 21/21/21
f 20/20/20 27/27/27 21/21/21
f 27/27/27 28/28/28 21/21/21
f 29/29/29 30/30/30 21/21/21
f 31/31/31 32/32/32 21/21/21
f 28/28/28 26/26/26 21/21/21
f 30/30/30 31/31/31 21/21/21
f 33/33/33 22/22/22 21/21/21
f 34/34/34 29/29/29 21/21/21
f 35/35/35 19/19/19 21/21/21
f 32/32/32 35/35/35 21/21/21
f 23/23/23 34/34/34 21/21/21
f 25/25/25 33/33/33 21/21/21
f 36/36/36 37/37/37 38/38/38
f 36/36/36 38/38/38 39/39/39
f 39/39/39 38/38/38 40/40/40
f 39/39/39 40/40/40 41/41/41
f 41/41/41 40/40/40 42/42/42
f 41/41/41 42/42/42 43/43/43
f 43/43/43 42/42/42 44/44/44
f 43/43/43 44/44/44 45/45/45
f 46/46/46 47/47/47 48/48/48
f 46/46/46 48/48/48 49/49/49
f 49/49/49 48/48/48 50/50/50
f 49/49/49 50/50/50 51/51/51
f 51/51/51 50/50/50 52/52/52
f 51/51/51 52/52/52 53/53/53
f 53/53/53 52/52/52 54/54/54
f 53/53/53 54/54/54 55/55/55
f 56/56/56 57/57/57 58/58/58
f 56/56/56 58/58/58 59/59/59
f 60/60/60 61/61/61 57/57/57
f 60/60/60 57/57/57 56/56/56
f 62/62/62 63/63/63 61/61/61
f 62/62/62 61/61/61 60/60/60
f 64/64/64 65/65/65 63/63/63
f 64/64/64 63/63/63 62/62/62
f 66/66/66 67/67/67 68/68/68
f 66/66/66 68/68/68 69/69/69
f 70/70/70 71/71/71 67/67/67
f 70/70/70 67/67/67 66/66/66
f 72/72/72 73/73/73 71/71/71
f 72/72/72 71/71/71 70/70/70
f 74/74/74 75/75/75 73/73/73
f 74/74/74 73/73/73 72/72/72
f 76/76/76 77/77/77 78/78/78
f 76/76/76 78/78/78 79/79/79
f 80/80/80 81/81/81 77/77/77
f 80/80/80 77/77/77 76/76/76
f 82/82/82 83/83/83 81/81/81
f 82/82/82 81/81/81 80/80/80
f 84/84/84 85/85/85 83/83/83
f 84/84/84 83/83/83 82/82/82
f 86/86/86 87/87/87 88/88/88
f 86/86/86 88/88/88 89/89/89
f 90/90/90 91/91/91 87/87/87
f 90/90/90 87/87/87 86/86/86
f 92/92/92 93/93/93 91/91/91
f 92/92/92 91/91/91 90/90/90
f 94/94/94 95/95/95 93/93/93
f 94/94/94 93/93/93 92/92/92
f 96/96/96 97/97/97 98/98/98
f 96/96/96 98/98/98 99/99/99
f 100/100/100 101/101/101 97/97/97
f 100/100/100 97/97/97 96/96/96
f 102/102/102 103/103/103 101/101/101
f 102/102/102 101/101/101 100/100/100
f 104/104/104 105/105/105 103/103/103
f 104/104/104 103/103/103 102/102/102
f 106/106/106 107/107/107 108/108/108
f 106/106/106 108/108/108 109/109/109
f 110/110/110 111/111/111 107/107/107
f 110/110/110 107/107/107 106/106/106
f 112/112/112 113/113/113 111/111/111
f 112/112/112 111/111/111 110/110/110
f 114/114/114 115/115/115 113/113/113
f 114/114/114 113/113/113 112/112/112
f 116/116/116 117/117/117 118/118/118
f 116/116/116 118/118/118 119/119/119
f 120/120/120 121/121/121 117/117/117
f 120/120/120 117/117/117 116/116/116
f 122/122/122 123/123/123 121/121/121
f 122/122/122 121/121/121 120/120/120
f 124/124/124 125/125/125 123/123/123
f 124/124/124 123/123/123 122/122/122
f 126/126/126 127/127/127 128/128/128
f 126/126/126 128/128/128 129/129/129
f 130/130/130 131/131/131 127/127/127
f 130/130/130 127/127/127 126/126/126
f 132/132/132 133/133/133 131/131/131
f 132/132/132 131/131/131 130/130/130
f 134/134/134 135/135/135 133/133/133
f 134/134/134 133/133/133 132/132/132
f 136/136/136 53/53/53 55/55/55
f 136/136/136 55/55/55 137/137/137
f 138/138/138 51/51/51 53/53/53
f 138/138/138 53/53/53 136/136/136
f 139/139/139 49/49/49 51/51/51
f 139/139/139 51/51/51 138/138/138
f 140/140/140 46/46/46 49/49/49
f 140/140/140 49/49/49 139/139/139
f 141/141/141 43/43/43 45/45/45
f 141/141/141 45/45/45 142/142/142
f 143/143/143 41/41/41 43/43/43
f 143/143/143 43/43/43 141/141/141
f 144/144/144 39/39/39 41/41/41
f 144/144/144 41/41/41 143/143/143
f 145/145/145 36/36/36 39/39/39
f 145/145/145 39/39/39 144/144/144
f 135/135/135 145/145/145 144/144/144
f 135/135/135 144/144/144 133/133/133
f 133/133/133 144/144/144 143/143/143
f 133/133/133 143/143/143 131/131/131
f 131/131/131 143/143/143 141/141/141
f 131/131/131 141/141/141 127/127/127
f 127/127/127 141/141/141 142/142/142
f 127/127/127 142/142/142 128/128/128
f 125/125/125 140/140/140 139/139/139
f 125/125/125 139/139/139 123/123/123
f 123/123/123 139/139/139 138/138/138
f 123/123/123 138/138/138 121/121/121
f 121/121/121 138/138/138 136/136/136
f 121/121/121 136/136/136 117/117/117
f 117/117/117 136/136/136 137/137/137
f 117/117/117 137/137/137 118/118/118
f 115/115/115 146/146/146 147/147/147
f 115/115/115 147/147/147 113/113/113
f 113/113/113 147/147/147 148/148/148
f 113/113/113 148/148/148 111/111/111
f 111/111/111 148/148/148 149/149/149
f 111/111/111 149/149/149 107/107/107
f 107/107/107 149/149/149 150/150/150
f 107/107/107 150/150/150 108/108/108
f 105/105/105 151/151/151 152/152/152
f 105/105/105 152/152/152 103/103/103
f 103/103/103 152/152/152 153/153/153
f 103/103/103 153/153/153 101/101/101
f 101/101/101 153/153/153 154/154/154
f 101/101/101 154/154/154 97/97/97
f 97/97/97 154/154/154 155/155/155
f 97/97/97 155/155/155 98/98/98
f 156/156/156 157/157/157 158/158/158
f 156/156/156 158/158/158 159/159/159
f 159/159/159 158/158/158 160/160/160
f 159/159/159 160/160/160 161/161/161
f 161/161/161 160/160/160 162/162/162
f 161/161/161 162/162/162 163/163/163
f 163/163/163 162/162/162 164/164/164
f 163/163/163 164/164/164 165/165/165
f 166/166/166 167/167/167 168/168/168
f 166/166/166 168/168/168 169/169/169
f 169/169/169 168/168/168 170/170/170
f 169/169/169 170/170/170 171/171/171
f 171/171/171 170/170/170 172/172/172
f 171/171/171 172/172/172 173/173/173
f 173/173/173 172/172/172 174/174/174
f 173/173/173 174/174/174 175/175/175
f 57/57/57 176/176/176 177/177/177
f 57/57/57 177/177/177 58/58/58
f 61/61/61 178/178/178 176/176/176
f 61/61/61 176/176/176 57/57/57
f 63/63/63 179/179/179 178/178/178
f 63/63/63 178/178/178 61/61/61
f 65/65/65 180/180/180 179/179/179
f 65/65/65 179/179/179 63/63/63
f 67/67/67 181/181/181 182/182/182
f 67/67/67 182/182/182 68/68/68
f 71/71/71 183/183/183 181/181/181
f 71/71/71 181/181/181 67/67/67
f 73/73/73 184/184/184 183/183/183
f 73/73/73 183/183/183 71/71/71
f 75/75/75 185/185/185 184/184/184
f 75/75/75 184/184/184 73/73/73
f 186/186/186 187/187/187 188/188/188
f 186/186/186 188/188/188 189/189/189
f 189/189/189 188/188/188 190/190/190
f 189/189/189 190/190/190 191/191/191
f 191/191/191 190/190/190 192/192/192
f 191/191/191 192/192/192 193/193/193
f 193/193/193 192/192/192 194/194/194
f 193/193/193 194/194/194 195/195/195
f 196/196/196 197/197/197 198/198/198
f 196/196/196 198/198/198 199/199/199
f 199/199/199 198/198/198 200/200/200
f 199/199/199 200/200/200 201/201/201
f 201/201/201 200/200/200 202/202/202
f 201/201/201 202/202/202 203/203/203
f 203/203/203 202/202/202 204/204/204
f 203/203/203 204/204/204 205/205/205
f 36/36/36 206/206/206 207/207/207
f 36/36/36 207/207/207 37/37/37
f 206/206/206 208/208/208 209/209/209
f 206/206/206 209/209/209 207/207/207
f 208/208/208 210/210/210 211/211/211
f 208/208/208 211/211/211 209/209/209
f 210/210/210 212/212/212 213/213/213
f 210/210/210 213/213/213 211/211/211
f 212/212/212 214/214/214 215/215/215
f 212/212/212 215/215/215 213/213/213
f 214/214/214 216/216/216 217/217/217
f 214/214/214 217/217/217 215/215/215
f 216/216/216 218/218/218 219/219/219
f 216/216/216 219/219/219 217/217/217
f 218/218/218 55/55/55 54/54/54
f 218/218/218 54/54/54 219/219/219
f 220/220/220 59/59/59 58/58/58
f 220/220/220 58/58/58 221/221/221
f 222/222/222 220/220/220 221/221/221
f 222/222/222 221/221/221 223/223/223
f 224/224/224 222/222/222 223/223/223
f 224/224/224 223/223/223 225/225/225
f 226/226/226 224/224/224 225/225/225
f 226/226/226 225/225/225 227/227/227
f 228/228/228 226/226/226 227/227/227
f 228/228/228 227/227/227 229/229/229
f 230/230/230 228/228/228 229/229/229
f 230/230/230 229/229/229 231/231/231
f 232/232/232 230/230/230 231/231/231
f 232/232/232 231/231/231 233/233/233
f 74/74/74 232/232/232 233/233/233
f 74/74/74 233/233/233 75/75/75
f 234/234/234 79/79/79 78/78/78
f 234/234/234 78/78/78 235/235/235
f 236/236/236 234/234/234 235/235/235
f 236/236/236 235/235/235 237/237/237
f 238/238/238 236/236/236 237/237/237
f 238/238/238 237/237/237 239/239/239
f 240/240/240 238/238/238 239/239/239
f 240/240/240 239/239/239 241/241/241
f 242/242/242 240/240/240 241/241/241
f 242/242/242 241/241/241 243/243/243
f 244/244/244 242/242/242 243/243/243
f 244/244/244 243/243/243 245/245/245
f 246/246/246 244/244/244 245/245/245
f 246/246/246 245/245/245 247/247/247
f 94/94/94 246/246/246 247/247/247
f 94/94/94 247/247/247 95/95/95
f 248/248/248 99/99/99 98/98/98
f 248/248/248 98/98/98 249/249/249
f 250/250/250 248/248/248 249/249/249
f 250/250/250 249/249/249 251/251/251
f 252/252/252 250/250/250 251/251/251
f 252/252/252 251/251/251 253/253/253
f 254/254/254 252/252/252 253/253/253
f 254/254/254 253/253/253 255/255/255
f 256/256/256 254/254/254 255/255/255
f 256/256/256 255/255/255 257/257/257
f 258/258/258 256/256/256 257/257/257
f 258/258/258 257/257/257 259/259/259
f 260/260/260 258/258/258 259/259/259
f 260/260/260 259/259/259 261/261/261
f 114/114/114 260/260/260 261/261/261
f 114/114/114 261/261/261 115/115/115
f 262/262/262 119/119/119 118/118/118
f 262/262/262 118/118/118 263/263/263
f 264/264/264 262/262/262 263/263/263
f 264/264/264 263/263/263 265/265/265
f 266/266/266 264/264/264 265/265/265
f 266/266/266 265/265/265 267/267/267
f 268/268/268 266/266/266 267/267/267
f 268/268/268 267/267/267 269/269/269
f 270/270/270 268/268/268 269/269/269
f 270/270/270 269/269/269 271/271/271
f 272/272/272 270/270/270 271/271/271
f 272/272/272 271/271/271 273/273/273
f 274/274/274 272/272/272 273/273/273
f 274/274/274 273/273/273 275/275/275
f 134/134/134 274/274/274 275/275/275
f 134/134/134 275/275/275 135/135/135
f 276/276/276 137/137/137 55/55/55
f 276/276/276 55/55/55 218/218/218
f 277/277/277 276/276/276 218/218/218
f 277/277/277 218/218/218 216/216/216
f 278/278/278 277/277/277 216/216/216
f 278/278/278 216/216/216 214/214/214
f 279/279/279 278/278/278 214/214/214
f 279/279/279 214/214/214 212/212/212
f 280/280/280 279/279/279 212/212/212
f 280/280/280 212/212/212 210/210/210
f 281/281/281 280/280/280 210/210/210
f 281/281/281 210/210/210 208/208/208
f 282/282/282 281/281/281 208/208/208
f 282/282/282 208/208/208 206/206/206
f 145/145/145 282/282/282 206/206/206
f 145/145/145 206/206/206 36/36/36
f 135/135/135 275/275/275 282/282/282
f 135/135/135 282/282/282 145/145/145
f 275/275/275 273/273/273 281/281/281
f 275/275/275 281/281/281 282/282/282
f 273/273/273 271/271/271 280/280/280
f 273/273/273 280/280/280 281/281/281
f 271/271/271 269/269/269 279/279/279
f 271/271/271 279/279/279 280/280/280
f 269/269/269 267/267/267 278/278/278
f 269/269/269 278/278/278 279/279/279
f 267/267/267 265/265/265 277/277/277
f 267/267/267 277/277/277 278/278/278
f 265/265/265 263/263/263 276/276/276
f 265/265/265 276/276/276 277/277/277
f 263/263/263 118/118/118 137/137/137
f 263/263/263 137/137/137 276/276/276
f 115/115/115 261/261/261 283/283/283
f 115/115/115 283/283/283 146/146/146
f 261/261/261 259/259/259 284/284/284
f 261/261/261 284/284/284 283/283/283
f 259/259/259 257/257/257 285/285/285
f 259/259/259 285/285/285 284/284/284
f 257/257/257 255/255/255 286/286/286
f 257/257/257 286/286/286 285/285/285
f 255/255/255 253/253/253 287/287/287
f 255/255/255 287/287/287 286/286/286
f 253/253/253 251/251/251 288/288/288
f 253/253/253 288/288/288 287/287/287
f 251/251/251 249/249/249 289/289/289
f 251/251/251 289/289/289 288/288/288
f 249/249/249 98/98/98 155/155/155
f 249/249/249 155/155/155 289/289/289
f 156/156/156 290/290/290 291/291/291
f 156/156/156 291/291/291 157/157/157
f 290/290/290 292/292/292 293/293/293
f 290/290/290 293/293/293 291/291/291
f 292/292/292 294/294/294 295/295/295
f 292/292/292 295/295/295 293/293/293
f 294/294/294 296/296/296 297/297/297
f 294/294/294 297/297/297 295/295/295
f 296/296/296 298/298/298 299/299/299
f 296/296/296 299/299/299 297/297/297
f 298/298/298 300/300/300 301/301/301
f 298/298/298 301/301/301 299/299/299
f 300/300/300 302/302/302 303/303/303
f 300/300/300 303/303/303 301/301/301
f 302/302/302 175/175/175 174/174/174
f 302/302/302 174/174/174 303/303/303
f 221/221/221 58/58/58 177/177/177
f 221/221/221 177/177/177 304/304/304
f 223/223/223 221/221/221 304/304/304
f 223/223/223 304/304/304 305/305/305
f 225/225/225 223/223/223 305/305/305
f 225/225/225 305/305/305 306/306/306
f 227/227/227 225/225/225 306/306/306
f 227/227/227 306/306/306 307/307/307
f 229/229/229 227/227/227 307/307/307
f 229/229/229 307/307/307 308/308/308
f 231/231/231 229/229/229 308/308/308
f 231/231/231 308/308/308 309/309/309
f 233/233/233 231/231/231 309/309/309
f 233/233/233 309/309/309 310/310/310
f 75/75/75 233/233/233 310/310/310
f 75/75/75 310/310/310 185/185/185
f 186/186/186 311/311/311 312/312/312
f 186/186/186 312/312/312 187/187/187
f 311/311/311 313/313/313 314/314/314
f 311/311/311 314/314/314 312/312/312
f 313/313/313 315/315/315 316/316/316
f 313/313/313 316/316/316 314/314/314
f 315/315/315 317/317/317 318/318/318
f 315/315/315 318/318/318 316/316/316
f 317/317/317 319/319/319 320/320/320
f 317/317/317 320/320/320 318/318/318
f 319/319/319 321/321/321 322/322/322
f 319/319/319 322/322/322 320/320/320
f 321/321/321 323/323/323 324/324/324
f 321/321/321 324/324/324 322/322/322
f 323/323/323 205/205/205 204/204/204
f 323/323/323 204/204/204 324/324/324
f 325/325/325 326/326/326 327/327/327
f 325/325/325 327/327/327 328/328/328
f 329/329/329 330/330/330 331/331/331
f 329/329/329 331/331/331 332/332/332
f 326/326/326 333/333/333 334/334/334
f 326/326/326 334/334/334 327/327/327
f 335/335/335 329/329/329 332/332/332
f 335/335/335 332/332/332 336/336/336
f 337/337/337 338/338/338 339/339/339
f 337/337/337 339/339/339 340/340/340
f 341/341/341 335/335/335 336/336/336
f 341/341/341 336/336/336 342/342/342
f 338/338/338 343/343/343 344/344/344
f 338/338/338 344/344/344 339/339/339
f 345/345/345 346/346/346 347/347/347
f 345/345/345 347/347/347 348/348/348
f 343/343/343 349/349/349 350/350/350
f 343/343/343 350/350/350 344/344/344
f 351/351/351 345/345/345 348/348/348
f 351/351/351 348/348/348 352/352/352
f 349/349/349 353/353/353 354/354/354
f 349/349/349 354/354/354 350/350/350
f 355/355/355 351/351/351 352/352/352
f 355/355/355 352/352/352 356/356/356
f 353/353/353 357/357/357 358/358/358
f 353/353/353 358/358/358 354/354/354
f 333/333/333 355/355/355 356/356/356
f 333/333/333 356/356/356 334/334/334
f 357/357/357 325/325/325 328/328/328
f 357/357/357 328/328/328 358/358/358
f 330/330/330 337/337/337 340/340/340
f 330/330/330 340/340/340 331/331/331
f 359/359/359 360/360/360 361/361/361
f 359/359/359 361/361/361 362/362/362
f 363/363/363 364/364/364 365/365/365
f 363/363/363 365/365/365 366/366/366
f 367/367/367 359/359/359 362/362/362
f 367/367/367 362/362/362 368/368/368
f 364/364/364 369/369/369 370/370/370
f 364/364/364 370/370/370 365/365/365
f 371/371/371 367/367/367 368/368/368
f 371/371/371 368/368/368 372/372/372
f 369/369/369 373/373/373 374/374/374
f 369/369/369 374/374/374 370/370/370
f 375/375/375 376/376/376 377/377/377
f 375/375/375 377/377/377 378/378/378
f 373/373/373 379/379/379 380/380/380
f 373/373/373 380/380/380 374/374/374
f 381/381/381 375/375/375 378/378/378
f 381/381/381 378/378/378 382/382/382
f 379/379/379 383/383/383 384/384/384
f 379/379/379 384/384/384 380/380/380
f 385/385/385 381/381/381 382/382/382
f 385/385/385 382/382/382 386/386/386
f 383/383/383 387/387/387 388/388/388
f 383/383/383 388/388/388 384/384/384
f 389/389/389 385/385/385 386/386/386
f 389/389/389 386/386/386 390/390/390
f 360/360/360 391/391/391 392/392/392
f 360/360/360 392/392/392 361/361/361
f 387/387/387 389/389/389 390/390/390
f 387/387/387 390/390/390 388/388/388
f 391/391/391 363/363/363 366/366/366
f 391/391/391 366/366/366 392/392/392
f 393/393/393 394/394/394 395/395/395
f 393/393/393 395/395/395 396/396/396
f 397/397/397 398/398/398 399/399/399
f 397/397/397 399/399/399 400/400/400
f 401/401/401 393/393/393 396/396/396
f 401/401/401 396/396/396 402/402/402
f 398/398/398 403/403/403 404/404/404
f 398/398/398 404/404/404 399/399/399
f 405/405/405 397/397/397 400/400/400
f 405/405/405 400/400/400 406/406/406
f 403/403/403 407/407/407 408/408/408
f 403/403/403 408/408/408 404/404/404
f 409/409/409 405/405/405 406/406/406
f 409/409/409 406/406/406 410/410/410
f 407/407/407 411/411/411 412/412/412
f 407/407/407 412/412/412 408/408/408
f 413/413/413 409/409/409 410/410/410
f 413/413/413 410/410/410 414/414/414
f 411/411/411 415/415/415 416/416/416
f 411/411/411 416/416/416 412/412/412
f 417/417/417 413/413/413 414/414/414
f 417/417/417 414/414/414 418/418/418
f 419/419/419 420/420/420 421/421/421
f 419/419/419 421/421/421 422/422/422
f 423/423/423 417/417/417 418/418/418
f 423/423/423 418/418/418 424/424/424
f 420/420/420 425/425/425 426/426/426
f 420/420/420 426/426/426 421/421/421
f 394/394/394 423/423/423 424/424/424
f 394/394/394 424/424/424 395/395/395
f 425/425/425 401/401/401 402/402/402
f 425/425/425 402/402/402 426/426/426
f 396/396/396 395/395/395 427/427/427
f 396/396/396 427/427/427 428/428/428
f 400/400/400 399/399/399 429/429/429
f 400/400/400 429/429/429 430/430/430
f 402/402/402 396/396/396 428/428/428
f 402/402/402 428/428/428 431/431/431
f 399/399/399 404/404/404 432/432/432
f 399/399/399 432/432/432 429/429/429
f 406/406/406 400/400/400 430/430/430
f 406/406/406 430/430/430 433/433/433
f 404/404/404 408/408/408 434/434/434
f 404/404/404 434/434/434 432/432/432
f 410/410/410 406/406/406 433/433/433
f 410/410/410 433/433/433 435/435/435
f 408/408/408 412/412/412 436/436/436
f 408/408/408 436/436/436 434/434/434
f 414/414/414 410/410/410 435/435/435
f 414/414/414 435/435/435 437/437/437
f 412/412/412 416/416/416 438/438/438
f 412/412/412 438/438/438 436/436/436
f 418/418/418 414/414/414 437/437/437
f 418/418/418 437/437/437 439/439/439
f 422/422/422 421/421/421 440/440/440
f 422/422/422 440/440/440 441/441/441
f 424/424/424 418/418/418 439/439/439
f 424/424/424 439/439/439 442/442/442
f 421/421/421 426/426/426 443/443/443
f 421/421/421 443/443/443 440/440/440
f 395/395/395 424/424/424 442/442/442
f 395/395/395 442/442/442 427/427/427
f 426/426/426 402/402/402 431/431/431
f 426/426/426 431/431/431 443/443/443
f 444/444/444 445/445/445 446/446/446
f 444/444/444 446/446/446 447/447/447
f 448/448/448 449/449/449 450/450/450
f 448/448/448 450/450/450 451/451/451
f 452/452/452 444/444/444 447/447/447
f 452/452/452 447/447/447 453/453/453
f 449/449/449 454/454/454 455/455/455
f 449/449/449 455/455/455 450/450/450
f 456/456/456 452/452/452 453/453/453
f 456/456/456 453/453/453 457/457/457
f 454/454/454 458/458/458 459/459/459
f 454/454/454 459/459/459 455/455/455
f 460/460/460 461/461/461 462/462/462
f 460/460/460 462/462/462 463/463/463
f 458/458/458 464/464/464 465/465/465
f 458/458/458 465/465/465 459/459/459
f 466/466/466 460/460/460 463/463/463
f 466/466/466 463/463/463 467/467/467
f 464/464/464 468/468/468 469/469/469
f 464/464/464 469/469/469 465/465/465
f 470/470/470 466/466/466 467/467/467
f 470/470/470 467/467/467 471/471/471
f 468/468/468 472/472/472 473/473/473
f 468/468/468 473/473/473 469/469/469
f 474/474/474 470/470/470 471/471/471
f 474/474/474 471/471/471 475/475/475
f 445/445/445 476/476/476 477/477/477
f 445/445/445 477/477/477 446/446/446
f 472/472/472 474/474/474 475/475/475
f 472/472/472 475/475/475 473/473/473
f 476/476/476 448/448/448 451/451/451
f 476/476/476 451/451/451 477/477/477
f 478/478/478 479/479/479 363/363/363
f 478/478/478 363/363/363 391/391/391
f 480/480/480 481/481/481 389/389/389
f 480/480/480 389/389/389 387/387/387
f 482/482/482 478/478/478 391/391/391
f 482/482/482 391/391/391 360/360/360
f 481/481/481 483/483/483 385/385/385
f 481/481/481 385/385/385 389/389/389
f 484/484/484 480/480/480 387/387/387
f 484/484/484 387/387/387 383/383/383
f 483/483/483 485/485/485 381/381/381
f 483/483/483 381/381/381 385/385/385
f 486/486/486 484/484/484 383/383/383
f 486/486/486 383/383/383 379/379/379
f 485/485/485 487/487/487 375/375/375
f 485/485/485 375/375/375 381/381/381
f 488/488/488 486/486/486 379/379/379
f 488/488/488 379/379/379 373/373/373
f 487/487/487 489/489/489 376/376/376
f 487/487/487 376/376/376 375/375/375
f 490/490/490 488/488/488 373/373/373
f 490/490/490 373/373/373 369/369/369
f 491/491/491 492/492/492 367/367/367
f 491/491/491 367/367/367 371/371/371
f 493/493/493 490/490/490 369/369/369
f 493/493/493 369/369/369 364/364/364
f 492/492/492 494/494/494 359/359/359
f 492/492/492 359/359/359 367/367/367
f 479/479/479 493/493/493 364/364/364
f 479/479/479 364/364/364 363/363/363
f 494/494/494 482/482/482 360/360/360
f 494/494/494 360/360/360 359/359/359
f 495/495/495 496/496/496 497/497/497
f 495/495/495 497/497/497 498/498/498
f 499/499/499 500/500/500 501/501/501
f 499/499/499 501/501/501 502/502/502
f 503/503/503 504/504/504 505/505/505
f 503/503/503 505/505/505 506/506/506
f 496/496/496 499/499/499 502/502/502
f 496/496/496 502/502/502 497/497/497
f 504/504/504 507/507/507 508/508/508
f 504/504/504 508/508/508 505/505/505
f 509/509/509 503/503/503 506/506/506
f 509/509/509 506/506/506 510/510/510
f 507/507/507 511/511/511 512/512/512
f 507/507/507 512/512/512 508/508/508
f 513/513/513 509/509/509 510/510/510
f 513/513/513 510/510/510 514/514/514
f 511/511/511 515/515/515 516/516/516
f 511/511/511 516/516/516 512/512/512
f 517/517/517 513/513/513 514/514/514
f 517/517/517 514/514/514 518/518/518
f 515/515/515 519/519/519 520/520/520
f 515/515/515 520/520/520 516/516/516
f 521/521/521 517/517/517 518/518/518
f 521/521/521 518/518/518 522/522/522
f 523/523/523 524/524/524 525/525/525
f 523/523/523 525/525/525 526/526/526
f 527/527/527 521/521/521 522/522/522
f 527/527/527 522/522/522 528/528/528
f 524/524/524 495/495/495 498/498/498
f 524/524/524 498/498/498 525/525/525
f 500/500/500 527/527/527 528/528/528
f 500/500/500 528/528/528 501/501/501
f 529/529/529 530/530/530 531/531/531
f 529/529/529 531/531/531 532/532/532
f 533/533/533 534/534/534 535/535/535
f 533/533/533 535/535/535 536/536/536
f 537/537/537 529/529/529 532/532/532
f 537/537/537 532/532/532 538/538/538
f 534/534/534 539/539/539 540/540/540
f 534/534/534 540/540/540 535/535/535
f 541/541/541 537/537/537 538/538/538
f 541/541/541 538/538/538 542/542/542
f 543/543/543 544/544/544 545/545/545
f 543/543/543 545/545/545 546/546/546
f 547/547/547 541/541/541 542/542/542
f 547/547/547 542/542/542 548/548/548
f 544/544/544 549/549/549 550/550/550
f 544/544/544 550/550/550 545/545/545
f 551/551/551 547/547/547 548/548/548
f 551/551/551 548/548/548 552/552/552
f 549/549/549 553/553/553 554/554/554
f 549/549/549 554/554/554 550/550/550
f 555/555/555 551/551/551 552/552/552
f 555/555/555 552/552/552 556/556/556
f 557/557/557 558/558/558 559/559/559
f 557/557/557 559/559/559 560/560/560
f 553/553/553 555/555/555 556/556/556
f 553/553/553 556/556/556 554/554/554
f 558/558/558 561/561/561 562/562/562
f 558/558/558 562/562/562 559/559/559
f 530/530/530 557/557/557 560/560/560
f 530/530/530 560/560/560 531/531/531
f 561/561/561 533/533/533 536/536/536
f 561/561/561 536/536/536 562/562/562
f 563/563/563 564/564/564 565/565/565
f 563/563/563 565/565/565 566/566/566
f 567/567/567 568/568/568 569/569/569
f 567/567/567 569/569/569 570/570/570
f 571/571/571 572/572/572 573/573/573
f 571/571/571 573/573/573 574/574/574
f 564/564/564 567/567/567 570/570/570
f 564/564/564 570/570/570 565/565/565
f 572/572/572 575/575/575 576/576/576
f 572/572/572 576/576/576 573/573/573
f 577/577/577 571/571/571 574/574/574
f 577/577/577 574/574/574 578/578/578
f 575/575/575 579/579/579 580/580/580
f 575/575/575 580/580/580 576/576/576
f 581/581/581 577/577/577 578/578/578
f 581/581/581 578/578/578 582/582/582
f 579/579/579 583/583/583 584/584/584
f 579/579/579 584/584/584 580/580/580
f 585/585/585 581/581/581 582/582/582
f 585/585/585 582/582/582 586/586/586
f 583/583/583 587/587/587 588/588/588
f 583/583/583 588/588/588 584/584/584
f 589/589/589 590/590/590 591/591/591
f 589/589/589 591/591/591 592/592/592
f 587/587/587 593/593/593 594/594/594
f 587/587/587 594/594/594 588/588/588
f 595/595/595 589/589/589 592/592/592
f 595/595/595 592/592/592 596/596/596
f 593/593/593 563/563/563 566/566/566
f 593/593/593 566/566/566 594/594/594
f 568/568/568 595/595/595 596/596/596
f 568/568/568 596/596/596 569/569/569
f 597/597/597 598/598/598 599/599/599
f 597/597/597 599/599/599 600/600/600
f 601/601/601 602/602/602 603/603/603
f 601/601/601 603/603/603 604/604/604
f 598/598/598 605/605/605 606/606/606
f 598/598/598 606/606/606 599/599/599
f 607/607/607 601/601/601 604/604/604
f 607/607/607 604/604/604 608/608/608
f 605/605/605 609/609/609 610/610/610
f 605/605/605 610/610/610 606/606/606
f 611/611/611 607/607/607 608/608/608
f 611/611/611 608/608/608 612/612/612
f 613/613/613 614/614/614 615/615/615
f 613/613/613 615/615/615 616/616/616
f 617/617/617 611/611/611 612/612/612
f 617/617/617 612/612/612 618/618/618
f 614/614/614 619/619/619 620/620/620
f 614/614/614 620/620/620 615/615/615
f 621/621/621 617/617/617 618/618/618
f 621/621/621 618/618/618 622/622/622
f 619/619/619 623/623/623 624/624/624
f 619/619/619 624/624/624 620/620/620
f 625/625/625 621/621/621 622/622/622
f 625/625/625 622/622/622 626/626/626
f 627/627/627 628/628/628 629/629/629
f 627/627/627 629/629/629 630/630/630
f 623/623/623 625/625/625 626/626/626
f 623/623/623 626/626/626 624/624/624
f 628/628/628 597/597/597 600/600/600
f 628/628/628 600/600/600 629/629/629
f 602/602/602 627/627/627 630/630/630
f 602/602/602 630/630/630 603/603/603
f 631/631/631 632/632/632 633/633/633
f 631/631/631 633/633/633 634/634/634
f 635/635/635 636/636/636 637/637/637
f 635/635/635 637/637/637 638/638/638
f 632/632/632 639/639/639 640/640/640
f 632/632/632 640/640/640 633/633/633
f 641/641/641 635/635/635 638/638/638
f 641/641/641 638/638/638 642/642/642
f 639/639/639 643/643/643 644/644/644
f 639/639/639 644/644/644 640/640/640
f 645/645/645 646/646/646 647/647/647
f 645/645/645 647/647/647 648/648/648
f 643/643/643 649/649/649 650/650/650
f 643/643/643 650/650/650 644/644/644
f 651/651/651 645/645/645 648/648/648
f 651/651/651 648/648/648 652/652/652
f 649/649/649 653/653/653 654/654/654
f 649/649/649 654/654/654 650/650/650
f 655/655/655 651/651/651 652/652/652
f 655/655/655 652/652/652 656/656/656
f 653/653/653 657/657/657 658/658/658
f 653/653/653 658/658/658 654/654/654
f 659/659/659 655/655/655 656/656/656
f 659/659/659 656/656/656 660/660/660
f 661/661/661 662/662/662 663/663/663
f 661/661/661 663/663/663 664/664/664
f 657/657/657 659/659/659 660/660/660
f 657/657/657 660/660/660 658/658/658
f 662/662/662 631/631/631 634/634/634
f 662/662/662 634/634/634 663/663/663
f 636/636/636 661/661/661 664/664/664
f 636/636/636 664/664/664 637/637/637
f 665/665/665 666/666/666 667/667/667
f 665/665/665 667/667/667 668/668/668
f 669/669/669 670/670/670 671/671/671
f 669/669/669 671/671/671 672/672/672
f 673/673/673 674/674/674 675/675/675
f 673/673/673 675/675/675 676/676/676
f 666/666/666 669/669/669 672/672/672
f 666/666/666 672/672/672 667/667/667
f 674/674/674 677/677/677 678/678/678
f 674/674/674 678/678/678 675/675/675
f 679/679/679 673/673/673 676/676/676
f 679/679/679 676/676/676 680/680/680
f 677/677/677 681/681/681 682/682/682
f 677/677/677 682/682/682 678/678/678
f 683/683/683 679/679/679 680/680/680
f 683/683/683 680/680/680 684/684/684
f 681/681/681 685/685/685 686/686/686
f 681/681/681 686/686/686 682/682/682
f 687/687/687 683/683/683 684/684/684
f 687/687/687 684/684/684 688/688/688
f 685/685/685 689/689/689 690/690/690
f 685/685/685 690/690/690 686/686/686
f 691/691/691 687/687/687 688/688/688
f 691/691/691 688/688/688 692/692/692
f 693/693/693 694/694/694 695/695/695
f 693/693/693 695/695/695 696/696/696
f 697/697/697 691/691/691 692/692/692
f 697/697/697 692/692/692 698/698/698
f 694/694/694 665/665/665 668/668/668
f 694/694/694 668/668/668 695/695/695
f 670/670/670 697/697/697 698/698/698
f 670/670/670 698/698/698 671/671/671
f 699/699/699 700/700/700 701/701/701
f 699/699/699 701/701/701 702/702/702
f 703/703/703 704/704/704 705/705/705
f 703/703/703 705/705/705 706/706/706
f 707/707/707 708/708/708 709/709/709
f 707/707/707 709/709/709 710/710/710
f 711/711/711 712/712/712 713/713/713
f 711/711/711 713/713/713 714/714/714
f 700/700/700 715/715/715 716/716/716
f 700/700/700 716/716/716 701/701/701
f 704/704/704 717/717/717 718/718/718
f 704/704/704 718/718/718 705/705/705
f 719/719/719 707/707/707 710/710/710
f 719/719/719 710/710/710 720/720/720
f 721/721/721 711/711/711 714/714/714
f 721/721/721 714/714/714 722/722/722
f 715/715/715 723/723/723 724/724/724
f 715/715/715 724/724/724 716/716/716
f 717/717/717 725/725/725 726/726/726
f 717/717/717 726/726/726 718/718/718
f 727/727/727 728/728/728 729/729/729
f 727/727/727 729/729/729 730/730/730
f 731/731/731 732/732/732 733/733/733
f 731/731/731 733/733/733 734/734/734
f 723/723/723 735/735/735 736/736/736
f 723/723/723 736/736/736 724/724/724
f 725/725/725 737/737/737 738/738/738
f 725/725/725 738/738/738 726/726/726
f 739/739/739 727/727/727 730/730/730
f 739/739/739 730/730/730 740/740/740
f 741/741/741 731/731/731 734/734/734
f 741/741/741 734/734/734 742/742/742
f 735/735/735 743/743/743 744/744/744
f 735/735/735 744/744/744 736/736/736
f 737/737/737 745/745/745 746/746/746
f 737/737/737 746/746/746 738/738/738
f 747/747/747 739/739/739 740/740/740
f 747/747/747 740/740/740 748/748/748
f 749/749/749 741/741/741 742/742/742
f 749/749/749 742/742/742 750/750/750
f 743/743/743 751/751/751 752/752/752
f 743/743/743 752/752/752 744/744/744
f 745/745/745 753/753/753 754/754/754
f 745/745/745 754/754/754 746/746/746
f 755/755/755 747/747/747 748/748/748
f 755/755/755 748/748/748 756/756/756
f 757/757/757 749/749/749 750/750/750
f 757/757/757 750/750/750 758/758/758
f 759/759/759 760/760/760 761/761/761
f 759/759/759 761/761/761 762/762/762
f 763/763/763 764/764/764 765/765/765
f 763/763/763 765/765/765 766/766/766
f 751/751/751 755/755/755 756/756/756
f 751/751/751 756/756/756 752/752/752
f 753/753/753 757/757/757 758/758/758
f 753/753/753 758/758/758 754/754/754
f 760/760/760 699/699/699 702/702/702
f 760/760/760 702/702/702 761/761/761
f 764/764/764 703/703/703 706/706/706
f 764/764/764 706/706/706 765/765/765
f 708/708/708 759/759/759 762/762/762
f 708/708/708 762/762/762 709/709/709
f 712/712/712 763/763/763 766/766/766
f 712/712/712 766/766/766 713/713/713
f 767/767/767 768/768/768 769/769/769
f 767/767/767 769/769/769 770/770/770
f 771/771/771 772/772/772 773/773/773
f 771/771/771 773/773/773 774/774/774
f 775/775/775 767/767/767 770/770/770
f 775/775/775 770/770/770 776/776/776
f 772/772/772 777/777/777 778/778/778
f 772/772/772 778/778/778 773/773/773
f 779/779/779 780/780/780 781/781/781
f 779/779/779 781/781/781 782/782/782
f 777/777/777 783/783/783 784/784/784
f 777/777/777 784/784/784 778/778/778
f 785/785/785 779/779/779 782/782/782
f 785/785/785 782/782/782 786/786/786
f 783/783/783 787/787/787 788/788/788
f 783/783/783 788/788/788 784/784/784
f 789/789/789 785/785/785 786/786/786
f 789/789/789 786/786/786 790/790/790
f 787/787/787 791/791/791 792/792/792
f 787/787/787 792/792/792 788/788/788
f 793/793/793 789/789/789 790/790/790
f 793/793/793 790/790/790 794/794/794
f 795/795/795 796/796/796 797/797/797
f 795/795/795 797/797/797 798/798/798
f 791/791/791 793/793/793 794/794/794
f 791/791/791 794/794/794 792/792/792
f 796/796/796 799/799/799 800/800/800
f 796/796/796 800/800/800 797/797/797
f 768/768/768 795/795/795 798/798/798
f 768/768/768 798/798/798 769/769/769
f 799/799/799 771/771/771 774/774/774
f 799/799/799 774/774/774 800/800/800
f 801/801/801 802/802/802 803/803/803
f 801/801/801 803/803/803 804/804/804
f 805/805/805 806/806/806 807/807/807
f 805/805/805 807/807/807 808/808/808
f 809/809/809 801/801/801 804/804/804
f 809/809/809 804/804/804 810/810/810
f 811/811/811 812/812/812 813/813/813
f 811/811/811 813/813/813 814/814/814
f 806/806/806 809/809/809 810/810/810
f 806/806/806 810/810/810 807/807/807
f 812/812/812 815/815/815 816/816/816
f 812/812/812 816/816/816 813/813/813
f 817/817/817 811/811/811 814/814/814
f 817/817/817 814/814/814 818/818/818
f 815/815/815 819/819/819 820/820/820
f 815/815/815 820/820/820 816/816/816
f 821/821/821 817/817/817 818/818/818
f 821/821/821 818/818/818 822/822/822
f 819/819/819 823/823/823 824/824/824
f 819/819/819 824/824/824 820/820/820
f 825/825/825 821/821/821 822/822/822
f 825/825/825 822/822/822 826/826/826
f 823/823/823 827/827/827 828/828/828
f 823/823/823 828/828/828 824/824/824
f 829/829/829 825/825/825 826/826/826
f 829/829/829 826/826/826 830/830/830
f 831/831/831 832/832/832 833/833/833
f 831/831/831 833/833/833 834/834/834
f 802/802/802 829/829/829 830/830/830
f 802/802/802 830/830/830 803/803/803
f 832/832/832 805/805/805 808/808/808
f 832/832/832 808/808/808 833/833/833
f 835/835/835 836/836/836 837/837/837
f 835/835/835 837/837/837 838/838/838
f 839/839/839 840/840/840 841/841/841
f 839/839/839 841/841/841 842/842/842
f 843/843/843 835/835/835 838/838/838
f 843/843/843 838/838/838 844/844/844
f 840/840/840 845/845/845 846/846/846
f 840/840/840 846/846/846 841/841/841
f 847/847/847 839/839/839 842/842/842
f 847/847/847 842/842/842 848/848/848
f 845/845/845 849/849/849 850/850/850
f 845/845/845 850/850/850 846/846/846
f 851/851/851 847/847/847 848/848/848
f 851/851/851 848/848/848 852/852/852
f 849/849/849 853/853/853 854/854/854
f 849/849/849 854/854/854 850/850/850
f 855/855/855 851/851/851 852/852/852
f 855/855/855 852/852/852 856/856/856
f 853/853/853 857/857/857 858/858/858
f 853/853/853 858/858/858 854/854/854
f 859/859/859 860/860/860 861/861/861
f 859/859/859 861/861/861 862/862/862
f 857/857/857 863/863/863 864/864/864
f 857/857/857 864/864/864 858/858/858
f 865/865/865 859/859/859 862/862/862
f 865/865/865 862/862/862 866/866/866
f 863/863/863 867/867/867 868/868/868
f 863/863/863 868/868/868 864/864/864
f 836/836/836 865/865/865 866/866/866
f 836/836/836 866/866/866 837/837/837
f 867/867/867 843/843/843 844/844/844
f 867/867/867 844/844/844 868/868/868
f 869/869/869 870/870/870 871/871/871
f 869/869/869 871/871/871 872/872/872
f 870/870/870 873/873/873 874/874/874
f 870/870/870 874/874/874 871/871/871
f 875/875/875 876/876/876 877/877/877
f 875/875/875 877/877/877 878/878/878
f 879/879/879 880/880/880 881/881/881
f 879/879/879 881/881/881 882/882/882
f 883/883/883 879/879/879 882/882/882
f 883/883/883 882/882/882 884/884/884
f 885/885/885 886/886/886 887/887/887
f 885/885/885 887/887/887 888/888/888
f 889/889/889 890/890/890 891/891/891
f 889/889/889 891/891/891 892/892/892
f 890/890/890 869/869/869 872/872/872
f 890/890/890 872/872/872 891/891/891
f 893/893/893 894/894/894 895/895/895
f 893/893/893 895/895/895 896/896/896
f 886/886/886 893/893/893 896/896/896
f 886/886/886 896/896/896 887/887/887
f 880/880/880 897/897/897 898/898/898
f 880/880/880 898/898/898 881/881/881
f 894/894/894 883/883/883 884/884/884
f 894/894/894 884/884/884 895/895/895
f 873/873/873 875/875/875 878/878/878
f 873/873/873 878/878/878 874/874/874
f 897/897/897 899/899/899 900/900/900
f 897/897/897 900/900/900 898/898/898
f 899/899/899 889/889/889 892/892/892
f 899/899/899 892/892/892 900/900/900
f 876/876/876 885/885/885 888/888/888
f 876/876/876 888/888/888 877/877/877
f 901/901/901 902/902/902 903/903/903
f 901/901/901 903/903/903 904/904/904
f 905/905/905 906/906/906 907/907/907
f 905/905/905 907/907/907 908/908/908
f 909/909/909 910/910/910 911/911/911
f 909/909/909 911/911/911 912/912/912
f 913/913/913 914/914/914 915/915/915
f 913/913/913 915/915/915 916/916/916
f 906/906/906 909/909/909 912/912/912
f 906/906/906 912/912/912 907/907/907
f 917/917/917 918/918/918 919/919/919
f 917/917/917 919/919/919 920/920/920
f 921/921/921 913/913/913 916/916/916
f 921/921/921 916/916/916 922/922/922
f 923/923/923 905/905/905 908/908/908
f 923/923/923 908/908/908 924/924/924
f 902/902/902 925/925/925 926/926/926
f 902/902/902 926/926/926 903/903/903
f 927/927/927 928/928/928 929/929/929
f 927/927/927 929/929/929 930/930/930
f 928/928/928 923/923/923 924/924/924
f 928/928/928 924/924/924 929/929/929
f 918/918/918 921/921/921 922/922/922
f 918/918/918 922/922/922 919/919/919
f 910/910/910 901/901/901 904/904/904
f 910/910/910 904/904/904 911/911/911
f 925/925/925 931/931/931 932/932/932
f 925/925/925 932/932/932 926/926/926
f 931/931/931 917/917/917 920/920/920
f 931/931/931 920/920/920 932/932/932
f 914/914/914 927/927/927 930/930/930
f 914/914/914 930/930/930 915/915/915
f 933/933/933 934/934/934 935/935/935
f 933/933/933 935/935/935 936/936/936
f 937/937/937 938/938/938 939/939/939
f 937/937/937 939/939/939 940/940/940
f 938/938/938 941/941/941 942/942/942
f 938/938/938 942/942/942 939/939/939
f 943/943/943 944/944/944 945/945/945
f 943/943/943 945/945/945 946/946/946
f 947/947/947 948/948/948 949/949/949
f 947/947/947 949/949/949 950/950/950
f 951/951/951 952/952/952 953/953/953
f 951/951/951 953/953/953 954/954/954
f 955/955/955 956/956/956 957/957/957
f 955/955/955 957/957/957 958/958/958
f 959/959/959 960/960/960 961/961/961
f 959/959/959 961/961/961 962/962/962
f 963/963/963 964/964/964 965/965/965
f 963/963/963 965/965/965 966/966/966
f 967/967/967 937/937/937 940/940/940
f 967/967/967 940/940/940 968/968/968
f 969/969/969 970/970/970 971/971/971
f 969/969/969 971/971/971 972/972/972
f 973/973/973 974/974/974 975/975/975
f 973/973/973 975/975/975 976/976/976
f 977/977/977 978/978/978 880/880/880
f 977/977/977 880/880/880 879/879/879
f 979/979/979 980/980/980 875/875/875
f 979/979/979 875/875/875 873/873/873
f 981/981/981 982/982/982 893/893/893
f 981/981/981 893/893/893 886/886/886
f 983/983/983 984/984/984 890/890/890
f 983/983/983 890/890/890 889/889/889
f 985/985/985 986/986/986 987/987/987
f 985/985/985 987/987/987 988/988/988
f 989/989/989 990/990/990 991/991/991
f 989/989/989 991/991/991 992/992/992
f 993/993/993 994/994/994 995/995/995
f 993/993/993 995/995/995 996/996/996
f 997/997/997 998/998/998 999/999/999
f 997/997/997 999/999/999 1000/1000/1000
f 1001/1001/1001 1002/1002/1002 1003/1003/1003
f 1001/1001/1001 1003/1003/1003 1004/1004/1004
f 1005/1005/1005 1006/1006/1006 1007/1007/1007
f 1005/1005/1005 1007/1007/1007 1008/1008/1008
f 997/997/997 1009/1009/1009 1010/1010/1010
f 997/997/997 1010/1010/1010 998/998/998
f 1011/1011/1011 1012/1012/1012 1013/1013/1013
f 1011/1011/1011 1013/1013/1013 1014/1014/1014
f 958/958/958 1015/1015/1015 1016/1016/1016
f 958/958/958 1016/1016/1016 955/955/955
f 1012/1012/1012 985/985/985 988/988/988
f 1012/1012/1012 988/988/988 1013/1013/1013
f 1017/1017/1017 1018/1018/1018 1019/1019/1019
f 1017/1017/1017 1019/1019/1019 1020/1020/1020
f 1021/1021/1021 1022/1022/1022 1023/1023/1023
f 1021/1021/1021 1023/1023/1023 1024/1024/1024
f 1025/1025/1025 1026/1026/1026 1027/1027/1027
f 1025/1025/1025 1027/1027/1027 1028/1028/1028
f 964/964/964 1029/1029/1029 1030/1030/1030
f 964/964/964 1030/1030/1030 965/965/965
f 1025/1025/1025 1031/1031/1031 1032/1032/1032
f 1025/1025/1025 1032/1032/1032 1026/1026/1026
f 1031/1031/1031 1033/1033/1033 1034/1034/1034
f 1031/1031/1031 1034/1034/1034 1032/1032/1032
f 1035/1035/1035 1036/1036/1036 1037/1037/1037
f 1035/1035/1035 1037/1037/1037 1038/1038/1038
f 1039/1039/1039 1040/1040/1040 1041/1041/1041
f 1039/1039/1039 1041/1041/1041 1042/1042/1042
f 1043/1043/1043 1044/1044/1044 1045/1045/1045
f 1043/1043/1043 1045/1045/1045 1046/1046/1046
f 989/989/989 992/992/992 1047/1047/1047
f 989/989/989 1047/1047/1047 1048/1048/1048
f 996/996/996 1021/1021/1021 1024/1024/1024
f 996/996/996 1024/1024/1024 993/993/993
f 1049/1049/1049 969/969/969 972/972/972
f 1049/1049/1049 972/972/972 1050/1050/1050
f 990/990/990 1051/1051/1051 1052/1052/1052
f 990/990/990 1052/1052/1052 991/991/991
f 1053/1053/1053 957/957/957 956/956/956
f 1053/1053/1053 956/956/956 1054/1054/1054
f 970/970/970 1055/1055/1055 1056/1056/1056
f 970/970/970 1056/1056/1056 971/971/971
f 1057/1057/1057 1003/1003/1003 1002/1002/1002
f 1057/1057/1057 1002/1002/1002 1058/1058/1058
f 1042/1042/1042 1037/1037/1037 1036/1036/1036
f 1042/1042/1042 1036/1036/1036 1039/1039/1039
f 974/974/974 1059/1059/1059 1060/1060/1060
f 974/974/974 1060/1060/1060 975/975/975
f 1061/1061/1061 1001/1001/1001 1004/1004/1004
f 1061/1061/1061 1004/1004/1004 1062/1062/1062
f 1063/1063/1063 963/963/963 966/966/966
f 1063/1063/1063 966/966/966 1064/1064/1064
f 1009/1009/1009 1065/1065/1065 1066/1066/1066
f 1009/1009/1009 1066/1066/1066 1010/1010/1010
f 1067/1067/1067 1068/1068/1068 1069/1069/1069
f 1067/1067/1067 1069/1069/1069 1070/1070/1070
f 1071/1071/1071 1072/1072/1072 1073/1073/1073
f 1071/1071/1071 1073/1073/1073 1074/1074/1074
f 1075/1075/1075 1076/1076/1076 1077/1077/1077
f 1075/1075/1075 1077/1077/1077 1078/1078/1078
f 1068/1068/1068 1071/1071/1071 1074/1074/1074
f 1068/1068/1068 1074/1074/1074 1069/1069/1069
f 1076/1076/1076 1079/1079/1079 1080/1080/1080
f 1076/1076/1076 1080/1080/1080 1077/1077/1077
f 1081/1081/1081 1075/1075/1075 1078/1078/1078
f 1081/1081/1081 1078/1078/1078 1082/1082/1082
f 1079/1079/1079 1083/1083/1083 1084/1084/1084
f 1079/1079/1079 1084/1084/1084 1080/1080/1080
f 1085/1085/1085 1081/1081/1081 1082/1082/1082
f 1085/1085/1085 1082/1082/1082 1086/1086/1086
f 1083/1083/1083 1087/1087/1087 1088/1088/1088
f 1083/1083/1083 1088/1088/1088 1084/1084/1084
f 1089/1089/1089 1085/1085/1085 1086/1086/1086
f 1089/1089/1089 1086/1086/1086 1090/1090/1090
f 1087/1087/1087 1091/1091/1091 1092/1092/1092
f 1087/1087/1087 1092/1092/1092 1088/1088/1088
f 1093/1093/1093 1089/1089/1089 1090/1090/1090
f 1093/1093/1093 1090/1090/1090 1094/1094/1094
f 1095/1095/1095 1096/1096/1096 1097/1097/1097
f 1095/1095/1095 1097/1097/1097 1098/1098/1098
f 1099/1099/1099 1093/1093/1093 1094/1094/1094
f 1099/1099/1099 1094/1094/1094 1100/1100/1100
f 1096/1096/1096 1067/1067/1067 1070/1070/1070
f 1096/1096/1096 1070/1070/1070 1097/1097/1097
f 1072/1072/1072 1099/1099/1099 1100/1100/1100
f 1072/1072/1072 1100/1100/1100 1073/1073/1073
f 1101/1101/1101 1102/1102/1102 1103/1103/1103
f 1101/1101/1101 1103/1103/1103 1104/1104/1104
f 1105/1105/1105 1106/1106/1106 1107/1107/1107
f 1105/1105/1105 1107/1107/1107 1108/1108/1108
f 1102/1102/1102 1109/1109/1109 1110/1110/1110
f 1102/1102/1102 1110/1110/1110 1103/1103/1103
f 1111/1111/1111 1105/1105/1105 1108/1108/1108
f 1111/1111/1111 1108/1108/1108 1112/1112/1112
f 1109/1109/1109 1113/1113/1113 1114/1114/1114
f 1109/1109/1109 1114/1114/1114 1110/1110/1110
f 1115/1115/1115 1116/1116/1116 1117/1117/1117
f 1115/1115/1115 1117/1117/1117 1118/1118/1118
f 1113/1113/1113 1119/1119/1119 1120/1120/1120
f 1113/1113/1113 1120/1120/1120 1114/1114/1114
f 1121/1121/1121 1115/1115/1115 1118/1118/1118
f 1121/1121/1121 1118/1118/1118 1122/1122/1122
f 1119/1119/1119 1123/1123/1123 1124/1124/1124
f 1119/1119/1119 1124/1124/1124 1120/1120/1120
f 1125/1125/1125 1121/1121/1121 1122/1122/1122
f 1125/1125/1125 1122/1122/1122 1126/1126/1126
f 1123/1123/1123 1127/1127/1127 1128/1128/1128
f 1123/1123/1123 1128/1128/1128 1124/1124/1124
f 1129/1129/1129 1125/1125/1125 1126/1126/1126
f 1129/1129/1129 1126/1126/1126 1130/1130/1130
f 1131/1131/1131 1132/1132/1132 1133/1133/1133
f 1131/1131/1131 1133/1133/1133 1134/1134/1134
f 1127/1127/1127 1129/1129/1129 1130/1130/1130
f 1127/1127/1127 1130/1130/1130 1128/1128/1128
f 1132/1132/1132 1101/1101/1101 1104/1104/1104
f 1132/1132/1132 1104/1104/1104 1133/1133/1133
f 1106/1106/1106 1131/1131/1131 1134/1134/1134
f 1106/1106/1106 1134/1134/1134 1107/1107/1107
f 1135/1135/1135 1136/1136/1136 1137/1137/1137
f 1135/1135/1135 1137/1137/1137 1138/1138/1138
f 1139/1139/1139 1140/1140/1140 1141/1141/1141
f 1139/1139/1139 1141/1141/1141 1142/1142/1142
f 1136/1136/1136 1143/1143/1143 1144/1144/1144
f 1136/1136/1136 1144/1144/1144 1137/1137/1137
f 1145/1145/1145 1139/1139/1139 1142/1142/1142
f 1145/1145/1145 1142/1142/1142 1146/1146/1146
f 1143/1143/1143 1147/1147/1147 1148/1148/1148
f 1143/1143/1143 1148/1148/1148 1144/1144/1144
f 1149/1149/1149 1145/1145/1145 1146/1146/1146
f 1149/1149/1149 1146/1146/1146 1150/1150/1150
f 1151/1151/1151 1152/1152/1152 1153/1153/1153
f 1151/1151/1151 1153/1153/1153 1154/1154/1154
f 1155/1155/1155 1149/1149/1149 1150/1150/1150
f 1155/1155/1155 1150/1150/1150 1156/1156/1156
f 1152/1152/1152 1157/1157/1157 1158/1158/1158
f 1152/1152/1152 1158/1158/1158 1153/1153/1153
f 1159/1159/1159 1155/1155/1155 1156/1156/1156
f 1159/1159/1159 1156/1156/1156 1160/1160/1160
f 1157/1157/1157 1161/1161/1161 1162/1162/1162
f 1157/1157/1157 1162/1162/1162 1158/1158/1158
f 1163/1163/1163 1159/1159/1159 1160/1160/1160
f 1163/1163/1163 1160/1160/1160 1164/1164/1164
f 1165/1165/1165 1166/1166/1166 1167/1167/1167
f 1165/1165/1165 1167/1167/1167 1168/1168/1168
f 1161/1161/1161 1163/1163/1163 1164/1164/1164
f 1161/1161/1161 1164/1164/1164 1162/1162/1162
f 1166/1166/1166 1135/1135/1135 1138/1138/1138
f 1166/1166/1166 1138/1138/1138 1167/1167/1167
f 1140/1140/1140 1165/1165/1165 1168/1168/1168
f 1140/1140/1140 1168/1168/1168 1141/1141/1141
f 1169/1169/1169 1170/1170/1170 337/337/337
f 1169/1169/1169 337/337/337 330/330/330
f 1171/1171/1171 1172/1172/1172 325/325/325
f 1171/1171/1171 325/325/325 357/357/357
f 1173/1173/1173 1174/1174/1174 355/355/355
f 1173/1173/1173 355/355/355 333/333/333
f 1175/1175/1175 1171/1171/1171 357/357/357
f 1175/1175/1175 357/357/357 353/353/353
f 1174/1174/1174 1176/1176/1176 351/351/351
f 1174/1174/1174 351/351/351 355/355/355
f 1177/1177/1177 1175/1175/1175 353/353/353
f 1177/1177/1177 353/353/353 349/349/349
f 1176/1176/1176 1178/1178/1178 345/345/345
f 1176/1176/1176 345/345/345 351/351/351
f 1179/1179/1179 1177/1177/1177 349/349/349
f 1179/1179/1179 349/349/349 343/343/343
f 1178/1178/1178 1180/1180/1180 346/346/346
f 1178/1178/1178 346/346/346 345/345/345
f 1181/1181/1181 1179/1179/1179 343/343/343
f 1181/1181/1181 343/343/343 338/338/338
f 1182/1182/1182 1183/1183/1183 335/335/335
f 1182/1182/1182 335/335/335 341/341/341
f 1170/1170/1170 1181/1181/1181 338/338/338
f 1170/1170/1170 338/338/338 337/337/337
f 1183/1183/1183 1184/1184/1184 329/329/329
f 1183/1183/1183 329/329/329 335/335/335
f 1185/1185/1185 1173/1173/1173 333/333/333
f 1185/1185/1185 333/333/333 326/326/326
f 1184/1184/1184 1169/1169/1169 330/330/330
f 1184/1184/1184 330/330/330 329/329/329
f 1172/1172/1172 1185/1185/1185 326/326/326
f 1172/1172/1172 326/326/326 325/325/325
f 1186/1186/1186 1187/1187/1187 1188/1188/1188
f 1186/1186/1186 1188/1188/1188 1189/1189/1189
f 1190/1190/1190 1191/1191/1191 1192/1192/1192
f 1190/1190/1190 1192/1192/1192 1193/1193/1193
f 1187/1187/1187 1194/1194/1194 1195/1195/1195
f 1187/1187/1187 1195/1195/1195 1188/1188/1188
f 1196/1196/1196 1190/1190/1190 1193/1193/1193
f 1196/1196/1196 1193/1193/1193 1197/1197/1197
f 1194/1194/1194 1198/1198/1198 1199/1199/1199
f 1194/1194/1194 1199/1199/1199 1195/1195/1195
f 1200/1200/1200 1196/1196/1196 1197/1197/1197
f 1200/1200/1200 1197/1197/1197 1201/1201/1201
f 1202/1202/1202 1203/1203/1203 1204/1204/1204
f 1202/1202/1202 1204/1204/1204 1205/1205/1205
f 1198/1198/1198 1200/1200/1200 1201/1201/1201
f 1198/1198/1198 1201/1201/1201 1199/1199/1199
f 1203/1203/1203 1206/1206/1206 1207/1207/1207
f 1203/1203/1203 1207/1207/1207 1204/1204/1204
f 1208/1208/1208 1202/1202/1202 1205/1205/1205
f 1208/1208/1208 1205/1205/1205 1209/1209/1209
f 1206/1206/1206 1210/1210/1210 1211/1211/1211
f 1206/1206/1206 1211/1211/1211 1207/1207/1207
f 1212/1212/1212 1208/1208/1208 1209/1209/1209
f 1212/1212/1212 1209/1209/1209 1213/1213/1213
f 1210/1210/1210 1214/1214/1214 1215/1215/1215
f 1210/1210/1210 1215/1215/1215 1211/1211/1211
f 1216/1216/1216 1212/1212/1212 1213/1213/1213
f 1216/1216/1216 1213/1213/1213 1217/1217/1217
f 1214/1214/1214 1218/1218/1218 1219/1219/1219
f 1214/1214/1214 1219/1219/1219 1215/1215/1215
f 1191/1191/1191 1216/1216/1216 1217/1217/1217
f 1191/1191/1191 1217/1217/1217 1192/1192/1192
f 157/157/157 291/291/291 1220/1220/1220
f 157/157/157 1220/1220/1220 1221/1221/1221
f 291/291/291 293/293/293 1222/1222/1222
f 291/291/291 1222/1222/1222 1220/1220/1220
f 293/293/293 295/295/295 1223/1223/1223
f 293/293/293 1223/1223/1223 1222/1222/1222
f 295/295/295 297/297/297 1224/1224/1224
f 295/295/295 1224/1224/1224 1223/1223/1223
f 297/297/297 299/299/299 1225/1225/1225
f 297/297/297 1225/1225/1225 1224/1224/1224
f 299/299/299 301/301/301 1226/1226/1226
f 299/299/299 1226/1226/1226 1225/1225/1225
f 301/301/301 303/303/303 1227/1227/1227
f 301/301/301 1227/1227/1227 1226/1226/1226
f 303/303/303 174/174/174 1228/1228/1228
f 303/303/303 1228/1228/1228 1227/1227/1227
f 157/157/157 1221/1221/1221 1229/1229/1229
f 157/157/157 1229/1229/1229 158/158/158
f 158/158/158 1229/1229/1229 1230/1230/1230
f 158/158/158 1230/1230/1230 160/160/160
f 160/160/160 1230/1230/1230 1231/1231/1231
f 160/160/160 1231/1231/1231 162/162/162
f 162/162/162 1231/1231/1231 1232/1232/1232
f 162/162/162 1232/1232/1232 164/164/164
f 167/167/167 1233/1233/1233 1234/1234/1234
f 167/167/167 1234/1234/1234 168/168/168
f 168/168/168 1234/1234/1234 1235/1235/1235
f 168/168/168 1235/1235/1235 170/170/170
f 170/170/170 1235/1235/1235 1236/1236/1236
f 170/170/170 1236/1236/1236 172/172/172
f 172/172/172 1236/1236/1236 1228/1228/1228
f 172/172/172 1228/1228/1228 174/174/174
f 1237/1237/1237 1238/1238/1238 1239/1239/1239
f 1237/1237/1237 1239/1239/1239 1240/1240/1240
f 1241/1241/1241 1242/1242/1242 1243/1243/1243
f 1241/1241/1241 1243/1243/1243 1244/1244/1244
f 1245/1245/1245 1246/1246/1246 1247/1247/1247
f 1245/1245/1245 1247/1247/1247 1248/1248/1248
f 1249/1249/1249 1250/1250/1250 1251/1251/1251
f 1249/1249/1249 1251/1251/1251 1252/1252/1252
f 1253/1253/1253 1254/1254/1254 1255/1255/1255
f 1253/1253/1253 1255/1255/1255 1256/1256/1256
f 1257/1257/1257 1258/1258/1258 1259/1259/1259
f 1257/1257/1257 1259/1259/1259 1260/1260/1260
f 1261/1261/1261 1262/1262/1262 1263/1263/1263
f 1261/1261/1261 1263/1263/1263 1264/1264/1264
f 1265/1265/1265 1266/1266/1266 1267/1267/1267
f 1265/1265/1265 1267/1267/1267 1268/1268/1268
f 1269/1269/1269 1270/1270/1270 1271/1271/1271
f 1269/1269/1269 1271/1271/1271 1272/1272/1272
f 1273/1273/1273 1274/1274/1274 1275/1275/1275
f 1273/1273/1273 1275/1275/1275 1276/1276/1276
f 1274/1274/1274 1277/1277/1277 1278/1278/1278
f 1274/1274/1274 1278/1278/1278 1275/1275/1275
f 1277/1277/1277 1279/1279/1279 1280/1280/1280
f 1277/1277/1277 1280/1280/1280 1278/1278/1278
f 1242/1242/1242 1261/1261/1261 1264/1264/1264
f 1242/1242/1242 1264/1264/1264 1243/1243/1243
f 1240/1240/1240 1271/1271/1271 1270/1270/1270
f 1240/1240/1240 1270/1270/1270 1237/1237/1237
f 1268/1268/1268 1281/1281/1281 1282/1282/1282
f 1268/1268/1268 1282/1282/1282 1265/1265/1265
f 1281/1281/1281 1283/1283/1283 1284/1284/1284
f 1281/1281/1281 1284/1284/1284 1282/1282/1282
f 1285/1285/1285 1286/1286/1286 1287/1287/1287
f 1285/1285/1285 1287/1287/1287 1288/1288/1288
f 1289/1289/1289 1247/1247/1247 1246/1246/1246
f 1289/1289/1289 1246/1246/1246 1290/1290/1290
f 1252/1252/1252 1291/1291/1291 1292/1292/1292
f 1252/1252/1252 1292/1292/1292 1249/1249/1249
f 1293/1293/1293 1255/1255/1255 1254/1254/1254
f 1293/1293/1293 1254/1254/1254 1294/1294/1294
f 1295/1295/1295 1292/1292/1292 1291/1291/1291
f 1295/1295/1295 1291/1291/1291 1296/1296/1296
f 1297/1297/1297 1253/1253/1253 1256/1256/1256
f 1297/1297/1297 1256/1256/1256 1298/1298/1298
f 1299/1299/1299 1289/1289/1289 1290/1290/1290
f 1299/1299/1299 1290/1290/1290 1300/1300/1300
f 1301/1301/1301 1287/1287/1287 1286/1286/1286
f 1301/1301/1301 1286/1286/1286 1302/1302/1302
f 1303/1303/1303 1285/1285/1285 1288/1288/1288
f 1303/1303/1303 1288/1288/1288 1304/1304/1304
f 1305/1305/1305 1306/1306/1306 1307/1307/1307
f 1305/1305/1305 1307/1307/1307 1308/1308/1308
f 1309/1309/1309 1310/1310/1310 1311/1311/1311
f 1309/1309/1309 1311/1311/1311 1312/1312/1312
f 1313/1313/1313 1314/1314/1314 1315/1315/1315
f 1313/1313/1313 1315/1315/1315 1316/1316/1316
f 1317/1317/1317 1318/1318/1318 1319/1319/1319
f 1317/1317/1317 1319/1319/1319 1320/1320/1320
f 1321/1321/1321 1322/1322/1322 1323/1323/1323
f 1321/1321/1321 1323/1323/1323 1324/1324/1324
f 1325/1325/1325 1326/1326/1326 1327/1327/1327
f 1325/1325/1325 1327/1327/1327 1328/1328/1328
f 1329/1329/1329 1330/1330/1330 1331/1331/1331
f 1329/1329/1329 1331/1331/1331 1332/1332/1332
f 973/973/973 976/976/976 1333/1333/1333
f 973/973/973 1333/1333/1333 1334/1334/1334
